8.573892116546630859e-01 nan nan
8.575130105018615723e-01 nan nan
8.576368689537048340e-01 nan nan
8.577606678009033203e-01 nan nan
8.578844666481018066e-01 nan nan
8.580083250999450684e-01 nan nan
8.581321239471435547e-01 nan nan
8.582559823989868164e-01 nan nan
8.583797812461853027e-01 nan nan
8.585036396980285645e-01 nan nan
8.586274385452270508e-01 nan nan
8.587512373924255371e-01 nan nan
8.588750958442687988e-01 nan nan
8.589988946914672852e-01 nan nan
8.591227531433105469e-01 nan nan
8.592465519905090332e-01 nan nan
8.593704104423522949e-01 nan nan
8.594942092895507812e-01 nan nan
8.596180677413940430e-01 nan nan
8.597418665885925293e-01 nan nan
8.598656654357910156e-01 nan nan
8.599895238876342773e-01 nan nan
8.601133227348327637e-01 nan nan
8.602371811866760254e-01 nan nan
8.603609800338745117e-01 nan nan
8.604848384857177734e-01 nan nan
8.606086373329162598e-01 nan nan
8.607324361801147461e-01 nan nan
8.608562946319580078e-01 nan nan
8.609800934791564941e-01 nan nan
8.611039519309997559e-01 nan nan
8.612277507781982422e-01 nan nan
8.613516092300415039e-01 nan nan
8.614754080772399902e-01 nan nan
8.615992069244384766e-01 nan nan
8.617230653762817383e-01 nan nan
8.618468642234802246e-01 nan nan
8.619707226753234863e-01 nan nan
8.620945215225219727e-01 nan nan
8.622183799743652344e-01 nan nan
8.623421788215637207e-01 nan nan
8.624660372734069824e-01 nan nan
8.625898361206054688e-01 nan nan
8.627136349678039551e-01 nan nan
8.628374934196472168e-01 nan nan
8.629612922668457031e-01 nan nan
8.630851507186889648e-01 nan nan
8.632089495658874512e-01 nan nan
8.633328080177307129e-01 nan nan
8.634566068649291992e-01 nan nan
8.635804057121276855e-01 nan nan
8.637042641639709473e-01 nan nan
8.638280630111694336e-01 nan nan
8.639519214630126953e-01 nan nan
8.640757203102111816e-01 nan nan
8.641995787620544434e-01 nan nan
8.643233776092529297e-01 nan nan
8.644471764564514160e-01 nan nan
8.645710349082946777e-01 nan nan
8.646948337554931641e-01 nan nan
8.648186922073364258e-01 nan nan
8.649424910545349121e-01 nan nan
8.650663495063781738e-01 nan nan
8.651901483535766602e-01 nan nan
8.653140068054199219e-01 nan nan
8.654378056526184082e-01 nan nan
8.655616044998168945e-01 nan nan
8.656854629516601562e-01 nan nan
8.658092617988586426e-01 nan nan
8.659331202507019043e-01 nan nan
8.660569190979003906e-01 nan nan
8.661807775497436523e-01 nan nan
8.663045763969421387e-01 nan nan
8.664283752441406250e-01 nan nan
8.665522336959838867e-01 nan nan
8.666760325431823730e-01 nan nan
8.667998909950256348e-01 nan nan
8.669236898422241211e-01 nan nan
8.670475482940673828e-01 nan nan
8.671713471412658691e-01 nan nan
8.672951459884643555e-01 nan nan
8.674190044403076172e-01 nan nan
8.675428032875061035e-01 nan nan
8.676666617393493652e-01 nan nan
8.677904605865478516e-01 nan nan
8.679143190383911133e-01 nan nan
8.680381178855895996e-01 nan nan
8.681619167327880859e-01 nan nan
8.682857751846313477e-01 nan nan
8.684095740318298340e-01 nan nan
8.685334324836730957e-01 nan nan
8.686572313308715820e-01 nan nan
8.687810897827148438e-01 nan nan
8.689048886299133301e-01 nan nan
8.690287470817565918e-01 nan nan
8.691525459289550781e-01 nan nan
8.692763447761535645e-01 nan nan
8.694002032279968262e-01 nan nan
8.695240020751953125e-01 nan nan
8.696478605270385742e-01 nan nan
8.697716593742370605e-01 nan nan
8.698955178260803223e-01 nan nan
8.700193166732788086e-01 nan nan
8.701431155204772949e-01 nan nan
8.702669739723205566e-01 nan nan
8.703907728195190430e-01 nan nan
8.705146312713623047e-01 nan nan
8.706384301185607910e-01 nan nan
8.707622885704040527e-01 nan nan
8.708860874176025391e-01 nan nan
8.710098862648010254e-01 nan nan
8.711337447166442871e-01 nan nan
8.712575435638427734e-01 nan nan
8.713814020156860352e-01 nan nan
8.715052008628845215e-01 nan nan
8.716290593147277832e-01 nan nan
8.717528581619262695e-01 nan nan
8.718767166137695312e-01 nan nan
8.720005154609680176e-01 nan nan
8.721243143081665039e-01 nan nan
8.722481727600097656e-01 nan nan
8.723719716072082520e-01 nan nan
8.724958300590515137e-01 nan nan
8.726196289062500000e-01 nan nan
8.727434873580932617e-01 nan nan
8.728672862052917480e-01 nan nan
8.729910850524902344e-01 nan nan
8.731149435043334961e-01 nan nan
8.732387423515319824e-01 nan nan
8.733626008033752441e-01 nan nan
8.734863996505737305e-01 nan nan
8.736102581024169922e-01 nan nan
8.737340569496154785e-01 nan nan
8.738578557968139648e-01 nan nan
8.739817142486572266e-01 nan nan
8.741055130958557129e-01 nan nan
8.742293715476989746e-01 nan nan
8.743531703948974609e-01 nan nan
8.744770288467407227e-01 nan nan
8.746008276939392090e-01 nan nan
8.747246265411376953e-01 nan nan
8.748484849929809570e-01 nan nan
8.749722838401794434e-01 nan nan
8.750961422920227051e-01 nan nan
8.752199411392211914e-01 nan nan
8.753437995910644531e-01 nan nan
8.754675984382629395e-01 nan nan
8.755914568901062012e-01 nan nan
8.757152557373046875e-01 nan nan
8.758390545845031738e-01 nan nan
8.759629130363464355e-01 nan nan
8.760867118835449219e-01 nan nan
8.762105703353881836e-01 nan nan
8.763343691825866699e-01 nan nan
8.764582276344299316e-01 nan nan
8.765820264816284180e-01 nan nan
8.767058253288269043e-01 nan nan
8.768296837806701660e-01 nan nan
8.769534826278686523e-01 nan nan
8.770773410797119141e-01 nan nan
8.772011399269104004e-01 nan nan
8.773249983787536621e-01 nan nan
8.774487972259521484e-01 nan nan
8.775725960731506348e-01 nan nan
8.776964545249938965e-01 nan nan
8.778202533721923828e-01 nan nan
8.779441118240356445e-01 nan nan
8.780679106712341309e-01 nan nan
8.781917691230773926e-01 nan nan
8.783155679702758789e-01 nan nan
8.784394264221191406e-01 nan nan
8.785632252693176270e-01 nan nan
8.786870241165161133e-01 nan nan
8.788108825683593750e-01 nan nan
8.789346814155578613e-01 nan nan
8.790585398674011230e-01 nan nan
8.791823387145996094e-01 nan nan
8.793061971664428711e-01 nan nan
8.794299960136413574e-01 nan nan
8.795537948608398438e-01 nan nan
8.796776533126831055e-01 nan nan
8.798014521598815918e-01 nan nan
8.799253106117248535e-01 nan nan
8.800491094589233398e-01 nan nan
8.801729679107666016e-01 nan nan
8.802967667579650879e-01 nan nan
8.804205656051635742e-01 nan nan
8.805444240570068359e-01 nan nan
8.806682229042053223e-01 nan nan
8.807920813560485840e-01 nan nan
8.809158802032470703e-01 nan nan
8.810397386550903320e-01 nan nan
8.811635375022888184e-01 nan nan
8.812873959541320801e-01 nan nan
8.814111948013305664e-01 nan nan
8.815349936485290527e-01 nan nan
8.816588521003723145e-01 nan nan
8.817826509475708008e-01 nan nan
8.819065093994140625e-01 nan nan
8.820303082466125488e-01 nan nan
8.821541666984558105e-01 nan nan
8.822779655456542969e-01 nan nan
8.824017643928527832e-01 nan nan
8.825256228446960449e-01 nan nan
8.826494216918945312e-01 nan nan
8.827732801437377930e-01 nan nan
8.828970789909362793e-01 nan nan
8.830209374427795410e-01 nan nan
8.831447362899780273e-01 nan nan
8.832685351371765137e-01 nan nan
8.833923935890197754e-01 nan nan
8.835161924362182617e-01 nan nan
8.836400508880615234e-01 nan nan
8.837638497352600098e-01 nan nan
8.838877081871032715e-01 nan nan
8.840115070343017578e-01 nan nan
8.841353058815002441e-01 nan nan
8.842591643333435059e-01 nan nan
8.843829631805419922e-01 nan nan
8.845068216323852539e-01 nan nan
8.846306204795837402e-01 nan nan
8.847544789314270020e-01 nan nan
8.848782777786254883e-01 nan nan
8.850021362304687500e-01 nan nan
8.851259350776672363e-01 nan nan
8.852497339248657227e-01 nan nan
8.853735923767089844e-01 nan nan
8.854973912239074707e-01 nan nan
8.856212496757507324e-01 nan nan
8.857450485229492188e-01 nan nan
8.858689069747924805e-01 nan nan
8.859927058219909668e-01 nan nan
8.861165046691894531e-01 nan nan
8.862403631210327148e-01 nan nan
8.863641619682312012e-01 nan nan
8.864880204200744629e-01 nan nan
8.866118192672729492e-01 nan nan
8.867356777191162109e-01 nan nan
8.868594765663146973e-01 nan nan
8.869832754135131836e-01 nan nan
8.871071338653564453e-01 nan nan
8.872309327125549316e-01 nan nan
8.873547911643981934e-01 nan nan
8.874785900115966797e-01 nan nan
8.876024484634399414e-01 nan nan
8.877262473106384277e-01 nan nan
8.878501057624816895e-01 nan nan
8.879739046096801758e-01 nan nan
8.880977034568786621e-01 nan nan
8.882215619087219238e-01 nan nan
8.883453607559204102e-01 nan nan
8.884692192077636719e-01 nan nan
8.885930180549621582e-01 nan nan
8.887168765068054199e-01 nan nan
8.888406753540039062e-01 nan nan
8.889644742012023926e-01 nan nan
8.890883326530456543e-01 nan nan
8.892121315002441406e-01 nan nan
8.893359899520874023e-01 nan nan
8.894597887992858887e-01 nan nan
8.895836472511291504e-01 nan nan
8.897074460983276367e-01 nan nan
8.898312449455261230e-01 nan nan
8.899551033973693848e-01 nan nan
8.900789022445678711e-01 nan nan
8.902027606964111328e-01 nan nan
8.903265595436096191e-01 nan nan
8.904504179954528809e-01 nan nan
8.905742168426513672e-01 nan nan
8.906980752944946289e-01 nan nan
8.908218741416931152e-01 nan nan
8.909456729888916016e-01 nan nan
8.910695314407348633e-01 nan nan
8.911933302879333496e-01 nan nan
8.913171887397766113e-01 nan nan
8.914409875869750977e-01 nan nan
8.915648460388183594e-01 nan nan
8.916886448860168457e-01 nan nan
8.918124437332153320e-01 nan nan
8.919363021850585938e-01 nan nan
8.920601010322570801e-01 nan nan
8.921839594841003418e-01 nan nan
8.923077583312988281e-01 nan nan
8.924316167831420898e-01 nan nan
8.925554156303405762e-01 nan nan
8.926792144775390625e-01 nan nan
8.928030729293823242e-01 nan nan
8.929268717765808105e-01 nan nan
8.930507302284240723e-01 nan nan
8.931745290756225586e-01 nan nan
8.932983875274658203e-01 nan nan
8.934221863746643066e-01 nan nan
8.935459852218627930e-01 nan nan
8.936698436737060547e-01 nan nan
8.937936425209045410e-01 nan nan
8.939175009727478027e-01 nan nan
8.940412998199462891e-01 nan nan
8.941651582717895508e-01 nan nan
8.942889571189880371e-01 nan nan
8.944128155708312988e-01 nan nan
8.945366144180297852e-01 nan nan
8.946604132652282715e-01 nan nan
8.947842717170715332e-01 nan nan
8.949080705642700195e-01 nan nan
8.950319290161132812e-01 nan nan
8.951557278633117676e-01 nan nan
8.952795863151550293e-01 nan nan
8.954033851623535156e-01 nan nan
8.955271840095520020e-01 nan nan
8.956510424613952637e-01 nan nan
8.957748413085937500e-01 nan nan
8.958986997604370117e-01 nan nan
8.960224986076354980e-01 nan nan
8.961463570594787598e-01 nan nan
8.962701559066772461e-01 nan nan
8.963939547538757324e-01 nan nan
8.965178132057189941e-01 nan nan
8.966416120529174805e-01 nan nan
8.967654705047607422e-01 nan nan
8.968892693519592285e-01 nan nan
8.970131278038024902e-01 nan nan
8.971369266510009766e-01 nan nan
8.972607851028442383e-01 nan nan
8.973845839500427246e-01 nan nan
8.975083827972412109e-01 nan nan
8.976322412490844727e-01 nan nan
8.977560400962829590e-01 nan nan
8.978798985481262207e-01 nan nan
8.980036973953247070e-01 nan nan
8.981275558471679688e-01 nan nan
8.982513546943664551e-01 nan nan
8.983751535415649414e-01 nan nan
8.984990119934082031e-01 nan nan
8.986228108406066895e-01 nan nan
8.987466692924499512e-01 nan nan
8.988704681396484375e-01 nan nan
8.989943265914916992e-01 nan nan
8.991181254386901855e-01 nan nan
8.992419242858886719e-01 nan nan
8.993657827377319336e-01 nan nan
8.994895815849304199e-01 nan nan
8.996134400367736816e-01 nan nan
8.997372388839721680e-01 nan nan
8.998610973358154297e-01 nan nan
8.999848961830139160e-01 nan nan
9.001086950302124023e-01 nan nan
9.002325534820556641e-01 nan nan
9.003563523292541504e-01 nan nan
9.004802107810974121e-01 nan nan
9.006040096282958984e-01 nan nan
9.007278680801391602e-01 nan nan
9.008516669273376465e-01 nan nan
9.009755253791809082e-01 nan nan
9.010993242263793945e-01 nan nan
9.012231230735778809e-01 nan nan
9.013469815254211426e-01 nan nan
9.014707803726196289e-01 nan nan
9.015946388244628906e-01 nan nan
9.017184376716613770e-01 nan nan
9.018422961235046387e-01 nan nan
9.019660949707031250e-01 nan nan
9.020898938179016113e-01 nan nan
9.022137522697448730e-01 nan nan
9.023375511169433594e-01 nan nan
9.024614095687866211e-01 nan nan
9.025852084159851074e-01 nan nan
9.027090668678283691e-01 nan nan
9.028328657150268555e-01 nan nan
9.029566645622253418e-01 nan nan
9.030805230140686035e-01 nan nan
9.032043218612670898e-01 nan nan
9.033281803131103516e-01 nan nan
9.034519791603088379e-01 nan nan
9.035758376121520996e-01 nan nan
9.036996364593505859e-01 nan nan
9.038234949111938477e-01 nan nan
9.039472937583923340e-01 nan nan
9.040710926055908203e-01 nan nan
9.041949510574340820e-01 nan nan
9.043187499046325684e-01 nan nan
9.044426083564758301e-01 nan nan
9.045664072036743164e-01 nan nan
9.046902656555175781e-01 nan nan
9.048140645027160645e-01 nan nan
9.049378633499145508e-01 nan nan
9.050617218017578125e-01 nan nan
9.051855206489562988e-01 nan nan
9.053093791007995605e-01 nan nan
9.054331779479980469e-01 nan nan
9.055570363998413086e-01 nan nan
9.056808352470397949e-01 nan nan
9.058046340942382812e-01 nan nan
9.059284925460815430e-01 nan nan
9.060522913932800293e-01 nan nan
9.061761498451232910e-01 nan nan
9.062999486923217773e-01 nan nan
9.064238071441650391e-01 nan nan
9.065476059913635254e-01 nan nan
9.066714644432067871e-01 nan nan
9.067952632904052734e-01 nan nan
9.069190621376037598e-01 nan nan
9.070429205894470215e-01 nan nan
9.071667194366455078e-01 nan nan
9.072905778884887695e-01 nan nan
9.074143767356872559e-01 nan nan
9.075382351875305176e-01 nan nan
9.076620340347290039e-01 nan nan
9.077858328819274902e-01 nan nan
9.079096913337707520e-01 nan nan
9.080334901809692383e-01 nan nan
9.081573486328125000e-01 nan nan
9.082811474800109863e-01 nan nan
9.084050059318542480e-01 nan nan
9.085288047790527344e-01 nan nan
9.086526036262512207e-01 nan nan
9.087764620780944824e-01 nan nan
9.089002609252929688e-01 nan nan
9.090241193771362305e-01 nan nan
9.091479182243347168e-01 nan nan
9.092717766761779785e-01 nan nan
9.093955755233764648e-01 nan nan
9.095193743705749512e-01 nan nan
9.096432328224182129e-01 nan nan
9.097670316696166992e-01 nan nan
9.098908901214599609e-01 nan nan
9.100146889686584473e-01 nan nan
9.101385474205017090e-01 nan nan
9.102623462677001953e-01 nan nan
9.103862047195434570e-01 nan nan
9.105100035667419434e-01 nan nan
9.106338024139404297e-01 nan nan
9.107576608657836914e-01 nan nan
9.108814597129821777e-01 nan nan
9.110053181648254395e-01 nan nan
9.111291170120239258e-01 nan nan
9.112529754638671875e-01 nan nan
9.113767743110656738e-01 nan nan
9.115005731582641602e-01 nan nan
9.116244316101074219e-01 nan nan
9.117482304573059082e-01 nan nan
9.118720889091491699e-01 nan nan
9.119958877563476562e-01 nan nan
9.121197462081909180e-01 nan nan
9.122435450553894043e-01 nan nan
9.123673439025878906e-01 nan nan
9.124912023544311523e-01 nan nan
9.126150012016296387e-01 nan nan
9.127388596534729004e-01 nan nan
9.128626585006713867e-01 nan nan
9.129865169525146484e-01 nan nan
9.131103157997131348e-01 nan nan
9.132341742515563965e-01 nan nan
9.133579730987548828e-01 nan nan
9.134817719459533691e-01 nan nan
9.136056303977966309e-01 nan nan
9.137294292449951172e-01 nan nan
9.138532876968383789e-01 nan nan
9.139770865440368652e-01 nan nan
9.141009449958801270e-01 nan nan
9.142247438430786133e-01 nan nan
9.143485426902770996e-01 nan nan
9.144724011421203613e-01 nan nan
9.145961999893188477e-01 nan nan
9.147200584411621094e-01 nan nan
9.148438572883605957e-01 nan nan
9.149677157402038574e-01 nan nan
9.150915145874023438e-01 nan nan
9.152153134346008301e-01 nan nan
9.153391718864440918e-01 nan nan
9.154629707336425781e-01 nan nan
9.155868291854858398e-01 nan nan
9.157106280326843262e-01 nan nan
9.158344864845275879e-01 nan nan
9.159582853317260742e-01 nan nan
9.160821437835693359e-01 nan nan
9.162059426307678223e-01 nan nan
9.163297414779663086e-01 nan nan
9.164535999298095703e-01 nan nan
9.165773987770080566e-01 nan nan
9.167012572288513184e-01 nan nan
9.168250560760498047e-01 nan nan
9.169489145278930664e-01 nan nan
9.170727133750915527e-01 nan nan
9.171965122222900391e-01 nan nan
9.173203706741333008e-01 nan nan
9.174441695213317871e-01 nan nan
9.175680279731750488e-01 nan nan
9.176918268203735352e-01 nan nan
9.178156852722167969e-01 nan nan
9.179394841194152832e-01 nan nan
9.180632829666137695e-01 nan nan
9.181871414184570312e-01 nan nan
9.183109402656555176e-01 nan nan
9.184347987174987793e-01 nan nan
9.185585975646972656e-01 nan nan
9.186824560165405273e-01 nan nan
9.188062548637390137e-01 nan nan
9.189300537109375000e-01 nan nan
9.190539121627807617e-01 nan nan
9.191777110099792480e-01 nan nan
9.193015694618225098e-01 nan nan
9.194253683090209961e-01 nan nan
9.195492267608642578e-01 nan nan
9.196730256080627441e-01 nan nan
9.197968840599060059e-01 nan nan
9.199206829071044922e-01 nan nan
9.200444817543029785e-01 nan nan
9.201683402061462402e-01 nan nan
9.202921390533447266e-01 nan nan
9.204159975051879883e-01 nan nan
9.205397963523864746e-01 nan nan
9.206636548042297363e-01 nan nan
9.207874536514282227e-01 nan nan
9.209112524986267090e-01 nan nan
9.210351109504699707e-01 nan nan
9.211589097976684570e-01 nan nan
9.212827682495117188e-01 nan nan
9.214065670967102051e-01 nan nan
9.215304255485534668e-01 nan nan
9.216542243957519531e-01 nan nan
9.217780232429504395e-01 nan nan
9.219018816947937012e-01 nan nan
9.220256805419921875e-01 nan nan
9.221495389938354492e-01 nan nan
9.222733378410339355e-01 nan nan
9.223971962928771973e-01 nan nan
9.225209951400756836e-01 nan nan
9.226448535919189453e-01 nan nan
9.227686524391174316e-01 nan nan
9.228924512863159180e-01 nan nan
9.230163097381591797e-01 nan nan
9.231401085853576660e-01 nan nan
9.232639670372009277e-01 nan nan
9.233877658843994141e-01 nan nan
9.235116243362426758e-01 nan nan
9.236354231834411621e-01 nan nan
9.237592220306396484e-01 nan nan
9.238830804824829102e-01 nan nan
9.240068793296813965e-01 nan nan
9.241307377815246582e-01 nan nan
9.242545366287231445e-01 nan nan
9.243783950805664062e-01 nan nan
9.245021939277648926e-01 nan nan
9.246259927749633789e-01 nan nan
9.247498512268066406e-01 nan nan
9.248736500740051270e-01 nan nan
9.249975085258483887e-01 nan nan
9.251213073730468750e-01 nan nan
9.252451658248901367e-01 nan nan
9.253689646720886230e-01 nan nan
9.254928231239318848e-01 nan nan
9.256166219711303711e-01 nan nan
9.257404208183288574e-01 nan nan
9.258642792701721191e-01 nan nan
9.259880781173706055e-01 nan nan
9.261119365692138672e-01 nan nan
9.262357354164123535e-01 nan nan
9.263595938682556152e-01 nan nan
9.264833927154541016e-01 nan nan
9.266071915626525879e-01 nan nan
9.267310500144958496e-01 nan nan
9.268548488616943359e-01 nan nan
9.269787073135375977e-01 nan nan
9.271025061607360840e-01 nan nan
9.272263646125793457e-01 nan nan
9.273501634597778320e-01 nan nan
9.274739623069763184e-01 nan nan
9.275978207588195801e-01 nan nan
9.277216196060180664e-01 nan nan
9.278454780578613281e-01 nan nan
9.279692769050598145e-01 nan nan
9.280931353569030762e-01 nan nan
9.282169342041015625e-01 nan nan
9.283407330513000488e-01 nan nan
9.284645915031433105e-01 nan nan
9.285883903503417969e-01 nan nan
9.287122488021850586e-01 nan nan
9.288360476493835449e-01 nan nan
9.289599061012268066e-01 nan nan
9.290837049484252930e-01 nan nan
9.292075634002685547e-01 nan nan
9.293313622474670410e-01 nan nan
9.294551610946655273e-01 nan nan
9.295790195465087891e-01 nan nan
9.297028183937072754e-01 nan nan
9.298266768455505371e-01 nan nan
9.299504756927490234e-01 nan nan
9.300743341445922852e-01 nan nan
9.301981329917907715e-01 nan nan
9.303219318389892578e-01 nan nan
9.304457902908325195e-01 nan nan
9.305695891380310059e-01 nan nan
9.306934475898742676e-01 nan nan
9.308172464370727539e-01 nan nan
9.309411048889160156e-01 nan nan
9.310649037361145020e-01 nan nan
9.311887025833129883e-01 nan nan
9.313125610351562500e-01 nan nan
9.314363598823547363e-01 nan nan
9.315602183341979980e-01 nan nan
9.316840171813964844e-01 nan nan
9.318078756332397461e-01 nan nan
9.319316744804382324e-01 nan nan
9.320555329322814941e-01 nan nan
9.321793317794799805e-01 nan nan
9.323031306266784668e-01 nan nan
9.324269890785217285e-01 nan nan
9.325507879257202148e-01 nan nan
9.326746463775634766e-01 nan nan
9.327984452247619629e-01 nan nan
9.329223036766052246e-01 nan nan
9.330461025238037109e-01 nan nan
9.331699013710021973e-01 nan nan
9.332937598228454590e-01 nan nan
9.334175586700439453e-01 nan nan
9.335414171218872070e-01 nan nan
9.336652159690856934e-01 nan nan
9.337890744209289551e-01 nan nan
9.339128732681274414e-01 nan nan
9.340366721153259277e-01 nan nan
9.341605305671691895e-01 nan nan
9.342843294143676758e-01 nan nan
9.344081878662109375e-01 nan nan
9.345319867134094238e-01 nan nan
9.346558451652526855e-01 nan nan
9.347796440124511719e-01 nan nan
9.349034428596496582e-01 nan nan
9.350273013114929199e-01 nan nan
9.351511001586914062e-01 nan nan
9.352749586105346680e-01 nan nan
9.353987574577331543e-01 nan nan
9.355226159095764160e-01 nan nan
9.356464147567749023e-01 nan nan
9.357702732086181641e-01 nan nan
9.358940720558166504e-01 nan nan
9.360178709030151367e-01 nan nan
9.361417293548583984e-01 nan nan
9.362655282020568848e-01 nan nan
9.363893866539001465e-01 nan nan
9.365131855010986328e-01 nan nan
9.366370439529418945e-01 nan nan
9.367608428001403809e-01 nan nan
9.368846416473388672e-01 nan nan
9.370085000991821289e-01 nan nan
9.371322989463806152e-01 nan nan
9.372561573982238770e-01 nan nan
9.373799562454223633e-01 nan nan
9.375038146972656250e-01 nan nan
9.376276135444641113e-01 nan nan
9.377514123916625977e-01 nan nan
9.378752708435058594e-01 nan nan
9.379990696907043457e-01 nan nan
9.381229281425476074e-01 nan nan
9.382467269897460938e-01 nan nan
9.383705854415893555e-01 nan nan
9.384943842887878418e-01 nan nan
9.386182427406311035e-01 nan nan
9.387420415878295898e-01 nan nan
9.388658404350280762e-01 nan nan
9.389896988868713379e-01 nan nan
9.391134977340698242e-01 nan nan
9.392373561859130859e-01 nan nan
9.393611550331115723e-01 nan nan
9.394850134849548340e-01 nan nan
9.396088123321533203e-01 nan nan
9.397326111793518066e-01 nan nan
9.398564696311950684e-01 nan nan
9.399802684783935547e-01 nan nan
9.401041269302368164e-01 nan nan
9.402279257774353027e-01 nan nan
9.403517842292785645e-01 nan nan
9.404755830764770508e-01 nan nan
9.405993819236755371e-01 nan nan
9.407232403755187988e-01 nan nan
9.408470392227172852e-01 nan nan
9.409708976745605469e-01 nan nan
9.410946965217590332e-01 nan nan
9.412185549736022949e-01 nan nan
9.413423538208007812e-01 nan nan
9.414662122726440430e-01 nan nan
9.415900111198425293e-01 nan nan
9.417138099670410156e-01 nan nan
9.418376684188842773e-01 nan nan
9.419614672660827637e-01 nan nan
9.420853257179260254e-01 nan nan
9.422091245651245117e-01 nan nan
9.423329830169677734e-01 nan nan
9.424567818641662598e-01 nan nan
9.425805807113647461e-01 nan nan
9.427044391632080078e-01 nan nan
9.428282380104064941e-01 nan nan
9.429520964622497559e-01 nan nan
9.430758953094482422e-01 nan nan
9.431997537612915039e-01 nan nan
9.433235526084899902e-01 nan nan
9.434473514556884766e-01 nan nan
9.435712099075317383e-01 nan nan
9.436950087547302246e-01 nan nan
9.438188672065734863e-01 nan nan
9.439426660537719727e-01 nan nan
9.440665245056152344e-01 nan nan
9.441903233528137207e-01 nan nan
9.443141222000122070e-01 nan nan
9.444379806518554688e-01 nan nan
9.445617794990539551e-01 nan nan
9.446856379508972168e-01 nan nan
9.448094367980957031e-01 nan nan
9.449332952499389648e-01 nan nan
9.450570940971374512e-01 nan nan
9.451809525489807129e-01 nan nan
9.453047513961791992e-01 nan nan
9.454285502433776855e-01 nan nan
9.455524086952209473e-01 nan nan
9.456762075424194336e-01 nan nan
9.458000659942626953e-01 nan nan
9.459752440452575684e-01 nan nan
9.461194276809692383e-01 nan nan
9.462636113166809082e-01 nan nan
9.464077949523925781e-01 nan nan
9.465519785881042480e-01 nan nan
9.466961622238159180e-01 nan nan
9.468403458595275879e-01 nan nan
9.469845294952392578e-01 nan nan
9.471286535263061523e-01 nan nan
9.472728371620178223e-01 nan nan
9.474170207977294922e-01 nan nan
9.475612044334411621e-01 nan nan
9.477053880691528320e-01 nan nan
9.478495717048645020e-01 nan nan
9.479937553405761719e-01 nan nan
9.481379389762878418e-01 nan nan
9.482821226119995117e-01 nan nan
9.484263062477111816e-01 nan nan
9.485704898834228516e-01 nan nan
9.487146735191345215e-01 nan nan
9.488588571548461914e-01 nan nan
9.490030407905578613e-01 nan nan
9.491472244262695312e-01 nan nan
9.492914080619812012e-01 nan nan
9.494355916976928711e-01 nan nan
9.495797753334045410e-01 nan nan
9.497239589691162109e-01 nan nan
9.498681426048278809e-01 nan nan
9.500123262405395508e-01 nan nan
9.501565098762512207e-01 nan nan
9.503006935119628906e-01 nan nan
9.504448771476745605e-01 nan nan
9.505890011787414551e-01 nan nan
9.507331848144531250e-01 nan nan
9.508773684501647949e-01 nan nan
9.510215520858764648e-01 nan nan
9.511657357215881348e-01 nan nan
9.513099193572998047e-01 nan nan
9.514541029930114746e-01 nan nan
9.515982866287231445e-01 nan nan
9.517424702644348145e-01 nan nan
9.518866539001464844e-01 nan nan
9.520308375358581543e-01 nan nan
9.521750211715698242e-01 nan nan
9.523192048072814941e-01 nan nan
9.524633884429931641e-01 nan nan
9.526075720787048340e-01 nan nan
9.527517557144165039e-01 nan nan
9.528959393501281738e-01 nan nan
9.530401229858398438e-01 nan nan
9.531843066215515137e-01 nan nan
9.533284902572631836e-01 nan nan
9.534726738929748535e-01 nan nan
9.536168575286865234e-01 nan nan
9.537610411643981934e-01 nan nan
9.539052248001098633e-01 nan nan
9.540493488311767578e-01 nan nan
9.541935324668884277e-01 nan nan
9.543377161026000977e-01 nan nan
9.544818997383117676e-01 nan nan
9.546260833740234375e-01 nan nan
9.547702670097351074e-01 nan nan
9.549144506454467773e-01 nan nan
9.550586342811584473e-01 nan nan
9.552028179168701172e-01 nan nan
9.553470015525817871e-01 nan nan
9.554911851882934570e-01 nan nan
9.556353688240051270e-01 nan nan
9.557795524597167969e-01 nan nan
9.559237360954284668e-01 nan nan
9.560679197311401367e-01 nan nan
9.562121033668518066e-01 nan nan
9.563562870025634766e-01 nan nan
9.565004706382751465e-01 nan nan
9.566446542739868164e-01 nan nan
9.567888379096984863e-01 nan nan
9.569330215454101562e-01 nan nan
9.570772051811218262e-01 nan nan
9.572213888168334961e-01 nan nan
9.573655724525451660e-01 nan nan
9.575096964836120605e-01 nan nan
9.576538801193237305e-01 nan nan
9.577980637550354004e-01 nan nan
9.579422473907470703e-01 nan nan
9.580864310264587402e-01 nan nan
9.582306146621704102e-01 nan nan
9.583747982978820801e-01 nan nan
9.585189819335937500e-01 nan nan
9.586631655693054199e-01 nan nan
9.588073492050170898e-01 nan nan
9.589515328407287598e-01 nan nan
9.590957164764404297e-01 nan nan
9.592399001121520996e-01 nan nan
9.593840837478637695e-01 nan nan
9.595282673835754395e-01 nan nan
9.596724510192871094e-01 nan nan
9.598166346549987793e-01 nan nan
9.599608182907104492e-01 nan nan
9.601050019264221191e-01 nan nan
9.602491855621337891e-01 nan nan
9.603933691978454590e-01 nan nan
9.605375528335571289e-01 nan nan
9.606817364692687988e-01 nan nan
9.608259201049804688e-01 nan nan
9.609701037406921387e-01 nan nan
9.611142277717590332e-01 nan nan
9.612584114074707031e-01 nan nan
9.614025950431823730e-01 nan nan
9.615467786788940430e-01 nan nan
9.616909623146057129e-01 nan nan
9.618351459503173828e-01 nan nan
9.619793295860290527e-01 nan nan
9.621235132217407227e-01 nan nan
9.622676968574523926e-01 nan nan
9.624118804931640625e-01 nan nan
9.625560641288757324e-01 nan nan
9.627002477645874023e-01 nan nan
9.628444314002990723e-01 nan nan
9.629886150360107422e-01 nan nan
9.631327986717224121e-01 nan nan
9.632769823074340820e-01 nan nan
9.634211659431457520e-01 nan nan
9.635653495788574219e-01 nan nan
9.637095332145690918e-01 nan nan
9.638537168502807617e-01 nan nan
9.639979004859924316e-01 nan nan
9.641420841217041016e-01 nan nan
9.642862677574157715e-01 nan nan
9.644304513931274414e-01 nan nan
9.645745754241943359e-01 nan nan
9.647187590599060059e-01 nan nan
9.648629426956176758e-01 nan nan
9.650071263313293457e-01 nan nan
9.651513099670410156e-01 3.529389567806669702e-15 1.444333450133941199e-16
9.652954936027526855e-01 3.537405675861247586e-15 1.451252253475130739e-16
9.654396772384643555e-01 3.425041037935570680e-15 1.399450762445711926e-16
9.655838608741760254e-01 3.326574516608442333e-15 1.321283518048430895e-16
9.657280445098876953e-01 3.358504694104614066e-15 1.268540232260783707e-16
9.658722281455993652e-01 3.420467483536871085e-15 1.255680286887993300e-16
9.660164117813110352e-01 3.550202226111891929e-15 1.295472571261020245e-16
9.661605954170227051e-01 3.521745095457699641e-15 1.423226050832854077e-16
9.663047790527343750e-01 3.301355381153366422e-15 1.396001353116916796e-16
9.664489626884460449e-01 3.437687028079840570e-15 1.351109665703622946e-16
9.665931463241577148e-01 3.799735591274167046e-15 1.355103029003232947e-16
9.667373299598693848e-01 3.805044370271083373e-15 1.316597308267746479e-16
9.668815135955810547e-01 3.904165859824676107e-15 1.333348046544190310e-16
9.670256972312927246e-01 3.973873706768389635e-15 1.534411036560801760e-16
9.671698808670043945e-01 3.707007929922923398e-15 1.531488640543876415e-16
9.673140645027160645e-01 3.468944661415892389e-15 1.311425245682472916e-16
9.674582481384277344e-01 3.659813795200755546e-15 1.226815786325730897e-16
9.676024317741394043e-01 3.723186682731954161e-15 1.203142406590055279e-16
9.677466154098510742e-01 3.607564567849374029e-15 1.175406445081111223e-16
9.678907990455627441e-01 3.420904129021180677e-15 1.196030373857773351e-16
9.680349230766296387e-01 3.289210199239160637e-15 1.263353346598933193e-16
9.681791067123413086e-01 3.247688008890044394e-15 1.301271438227261990e-16
9.683232903480529785e-01 3.555539380712541275e-15 1.455165280993649590e-16
9.684674739837646484e-01 4.183132772871090907e-15 1.529952466884691937e-16
9.686116576194763184e-01 3.851425353363887097e-15 1.375293118092223263e-16
9.687558412551879883e-01 3.596367215803145806e-15 1.234625562448313555e-16
9.689000248908996582e-01 3.642957839550394969e-15 1.176392841417968457e-16
9.690442085266113281e-01 3.307580014524501462e-15 1.099130731134167452e-16
9.691883921623229980e-01 3.240829371357889510e-15 1.116190371738563086e-16
9.693325757980346680e-01 3.249128388416850331e-15 1.132316687914202888e-16
9.694767594337463379e-01 3.486335941888917683e-15 1.114673785716283863e-16
9.696209430694580078e-01 3.637174298586542606e-15 1.127845942139476284e-16
9.697651267051696777e-01 3.583477068411829863e-15 1.144899097647869503e-16
9.699093103408813477e-01 3.788999448667718789e-15 1.139562260684575377e-16
9.700534939765930176e-01 3.744756800250258547e-15 1.351299056976673087e-16
9.701976776123046875e-01 3.637704964727997425e-15 1.476860971146384425e-16
9.703418612480163574e-01 3.598686392012728080e-15 1.337598034357038762e-16
9.704860448837280273e-01 3.788471747141579360e-15 1.178820649603036096e-16
9.706302285194396973e-01 3.801984887265600840e-15 1.161871520328477546e-16
9.707744121551513672e-01 3.467341863321450439e-15 1.006787397747850642e-16
9.709185957908630371e-01 3.229908152052466189e-15 9.427003555629982442e-17
9.710627794265747070e-01 3.341908565810823746e-15 9.439396044695006881e-17
9.712069630622863770e-01 3.759100456179062869e-15 1.021351467531398294e-16
9.713511466979980469e-01 3.868519325272426132e-15 1.223478873560242979e-16
9.714952707290649414e-01 3.763157743996410967e-15 1.256595347168823961e-16
9.716394543647766113e-01 3.848043997838447930e-15 1.037760282429837206e-16
9.717836380004882812e-01 3.961668385514928795e-15 9.583502157058075024e-17
9.719278216361999512e-01 4.076521394481402022e-15 9.878881736355860782e-17
9.720720052719116211e-01 4.024059561860259676e-15 1.211125824466825068e-16
9.722161889076232910e-01 3.837045275018350840e-15 1.500986719415453043e-16
9.723603725433349609e-01 3.792003874531629792e-15 1.364516344374086402e-16
9.725045561790466309e-01 3.438862709810629539e-15 1.020248670338742597e-16
9.726487398147583008e-01 3.551569337288760370e-15 9.446482004694381138e-17
9.727929234504699707e-01 3.887558931860808295e-15 9.388825530765964981e-17
9.729371070861816406e-01 3.709817114692492285e-15 9.393967285453594602e-17
9.730812907218933105e-01 3.318060564939115734e-15 9.602111735607048019e-17
9.732254743576049805e-01 3.325000305875970216e-15 9.939787375730385231e-17
9.733696579933166504e-01 3.426103640767901200e-15 9.606416383514773975e-17
9.735138416290283203e-01 3.542876873425799926e-15 9.347467161882803640e-17
9.736580252647399902e-01 3.261639700322506788e-15 9.088308167247489858e-17
9.738022089004516602e-01 3.330409246518899365e-15 9.489466941534066753e-17
9.739463925361633301e-01 3.575698764857193623e-15 1.140612713888068718e-16
9.740905761718750000e-01 3.929114368253104270e-15 1.299635208801183097e-16
9.742347598075866699e-01 3.988958093009567843e-15 1.037619463202356178e-16
9.743789434432983398e-01 3.618871187145798057e-15 8.619697115346398831e-17
9.745231270790100098e-01 3.124031362986283596e-15 8.178747644873571093e-17
9.746673107147216797e-01 3.290754552060242040e-15 8.970096116779781694e-17
9.748114943504333496e-01 3.698597316273161822e-15 1.023489034583133326e-16
9.749556183815002441e-01 3.663622902364558134e-15 1.016174838909143438e-16
9.750998020172119141e-01 3.288803199908004946e-15 8.931341712464937284e-17
9.752439856529235840e-01 3.318451894160747220e-15 8.625597229219617067e-17
9.753881692886352539e-01 3.692047210492044318e-15 8.505300021863785231e-17
9.755323529243469238e-01 3.601587479857074059e-15 8.228745088074236255e-17
9.756765365600585938e-01 3.541745449166504994e-15 8.499647400429842861e-17
9.758207201957702637e-01 3.667565840734026902e-15 9.298363735488185790e-17
9.759649038314819336e-01 3.491676272863119233e-15 8.889936359722982930e-17
9.761090874671936035e-01 3.709272048990934142e-15 8.656628413591176368e-17
9.762532711029052734e-01 3.781864890152995817e-15 8.236674110553924557e-17
9.763974547386169434e-01 3.545115369747156228e-15 7.834812563618922610e-17
9.765416383743286133e-01 3.468711727355397456e-15 8.118798888031647986e-17
9.766858220100402832e-01 3.754785246829275835e-15 8.875254896466901753e-17
9.768300056457519531e-01 3.919927872423657755e-15 8.808472966020800595e-17
9.769741892814636230e-01 3.967186805166290561e-15 8.120479057291865696e-17
9.771183729171752930e-01 3.667383305133893601e-15 7.668937704511418949e-17
9.772625565528869629e-01 3.444115161116553456e-15 7.536580865569054012e-17
9.774067401885986328e-01 3.526872821162140362e-15 7.814992654397662024e-17
9.775509238243103027e-01 3.641688560678934400e-15 8.388975928426168098e-17
9.776951074600219727e-01 3.659553756085948475e-15 8.363113630266330156e-17
9.778392910957336426e-01 3.834476224089328547e-15 7.862085701031530996e-17
9.779834747314453125e-01 3.702299697285610369e-15 7.508449445552860604e-17
9.781276583671569824e-01 3.824422366521893629e-15 7.489821338158166421e-17
9.782718420028686523e-01 3.664379726302929852e-15 7.829478903029180687e-17
9.784160256385803223e-01 3.502972092489465769e-15 8.271231069568429884e-17
9.785601496696472168e-01 3.247040663960105294e-15 8.292377776492225526e-17
9.787043333053588867e-01 3.330990734637189442e-15 7.704161040227396995e-17
9.788485169410705566e-01 3.471901865192993965e-15 7.329484618687827791e-17
9.789927005767822266e-01 3.570398456189749839e-15 7.614569438954023588e-17
9.791368842124938965e-01 3.285947004809863445e-15 1.009417832095769270e-16
9.792810678482055664e-01 3.490917331342379380e-15 1.564362121575713820e-16
9.794252514839172363e-01 3.716321480694458057e-15 1.647939656574683685e-16
9.795694351196289062e-01 3.926563952048921571e-15 1.023698212016435735e-16
9.797136187553405762e-01 4.094724132517896936e-15 8.069175330467856793e-17
9.798578023910522461e-01 4.193472927574697778e-15 8.051571603543748279e-17
9.800019860267639160e-01 3.836928807988103374e-15 8.389016294840060685e-17
9.801461696624755859e-01 3.843234968280411640e-15 1.061251351558506137e-16
9.802903532981872559e-01 3.721229613107323100e-15 1.132427066895141964e-16
9.804345369338989258e-01 3.822358570745908526e-15 8.656645618947917471e-17
9.805787205696105957e-01 3.934014877369444024e-15 7.699987417728699438e-17
9.807229042053222656e-01 4.029023174931169876e-15 7.429209513337220808e-17
9.808670878410339355e-01 3.856726932580751763e-15 7.541025803308668961e-17
9.810112714767456055e-01 3.787627255293166822e-15 8.210572260888691258e-17
9.811554551124572754e-01 3.844146799248130894e-15 8.430117906861085567e-17
9.812996387481689453e-01 3.844341193309525756e-15 8.567893771432407899e-17
9.814438223838806152e-01 3.970798977169856525e-15 8.677161021628212643e-17
9.815880060195922852e-01 3.695909680731523927e-15 8.027295506926542023e-17
9.817321896553039551e-01 3.694737387132523976e-15 7.205438628795905634e-17
9.818763732910156250e-01 3.653129858213971862e-15 7.801889451750332024e-17
9.820204973220825195e-01 3.817921812168190501e-15 8.461687089503049358e-17
9.821646809577941895e-01 3.874535800296773427e-15 7.731941073919377876e-17
9.823088645935058594e-01 3.657156229328745178e-15 7.068342375815856869e-17
9.824530482292175293e-01 3.653974773578858026e-15 6.872247631081585917e-17
9.825972318649291992e-01 3.577351749653760390e-15 7.084013147084551468e-17
9.827414155006408691e-01 3.708130672094508973e-15 7.412324440929298364e-17
9.828855991363525391e-01 3.950168219190057159e-15 8.070850867516644205e-17
9.830297827720642090e-01 3.897708504151282949e-15 7.945815569612108627e-17
9.831739664077758789e-01 3.688082249265946938e-15 7.263080544345540857e-17
9.833181500434875488e-01 3.562911955485442705e-15 6.905126406069343661e-17
9.834623336791992188e-01 3.675630017908361469e-15 6.983854148049690623e-17
9.836065173149108887e-01 3.893454281173698225e-15 7.351694087262631563e-17
9.837507009506225586e-01 3.759751400999027798e-15 7.692051116059620670e-17
9.838948845863342285e-01 3.677194064245466534e-15 7.125356957588931876e-17
9.840390682220458984e-01 3.737264370315320633e-15 6.796578472134215030e-17
9.841832518577575684e-01 3.852168201258629118e-15 6.642163042360775993e-17
9.843274354934692383e-01 3.856887445324256453e-15 6.788624303363905116e-17
9.844716191291809082e-01 3.902859735020009976e-15 7.119414492068350925e-17
9.846158027648925781e-01 3.746057419340767525e-15 7.499653537791216729e-17
9.847599864006042480e-01 3.719274237548586548e-15 7.361900834277045882e-17
9.849041700363159180e-01 3.868984769876942370e-15 8.007349866252173377e-17
9.850483536720275879e-01 3.745135847494154846e-15 9.662435039830335136e-17
9.851925373077392578e-01 3.639113157002807700e-15 9.669042558563408721e-17
9.853367209434509277e-01 3.717614052971968119e-15 7.998714100657119768e-17
9.854808449745178223e-01 3.611779827311385055e-15 7.345859486093927527e-17
9.856250286102294922e-01 3.877975177579099514e-15 7.201654112057353022e-17
9.857692122459411621e-01 3.901107647368614456e-15 6.792962038496133193e-17
9.859133958816528320e-01 3.936688960383925850e-15 6.556298386055321508e-17
9.860575795173645020e-01 3.986704138336924150e-15 6.615255187906671024e-17
9.862017631530761719e-01 3.934233835386309261e-15 7.004965120771023974e-17
9.863459467887878418e-01 3.919983353081702912e-15 7.387576520490691861e-17
9.864901304244995117e-01 4.026544756527503793e-15 7.137427177087305656e-17
9.866343140602111816e-01 4.025644360504572472e-15 6.722960721105975652e-17
9.867784976959228516e-01 4.064022152795243939e-15 6.590699835114666866e-17
9.869226813316345215e-01 4.087758980592624825e-15 6.661021436838004939e-17
9.870668649673461914e-01 3.752365697215443927e-15 6.873673690457627336e-17
9.872110486030578613e-01 3.719190804803281999e-15 8.106221110509411669e-17
9.873552322387695312e-01 3.817349217895846594e-15 1.292114350322952961e-16
9.874994158744812012e-01 3.958279830209437966e-15 1.412106758166671258e-16
9.876435995101928711e-01 4.167770559823213289e-15 1.040269220489384045e-16
9.877877831459045410e-01 4.145172567823415810e-15 6.925856875708902619e-17
9.879319667816162109e-01 4.109661982059200150e-15 6.829590257764471301e-17
9.880761504173278809e-01 3.908266769838807803e-15 7.076465951175617644e-17
9.882203340530395508e-01 3.768688445625507921e-15 6.955984117107063972e-17
9.883645176887512207e-01 3.695518351509892441e-15 6.571314692023364152e-17
9.885087013244628906e-01 3.944564672727496335e-15 6.569756945493804290e-17
9.886528849601745605e-01 4.225373035401241983e-15 6.763622934785612365e-17
9.887970685958862305e-01 4.140423254088160948e-15 7.019620775991993497e-17
9.889411926269531250e-01 4.160221378680809337e-15 7.391138029336100177e-17
9.890853762626647949e-01 4.002371706762286943e-15 7.148571616044110087e-17
9.892295598983764648e-01 4.162477874452294793e-15 6.729013036211903644e-17
9.893737435340881348e-01 3.977955135024734482e-15 6.466315693788333031e-17
9.895179271697998047e-01 3.920046880552746985e-15 7.379939989075602310e-17
9.896621108055114746e-01 3.734085455664275244e-15 9.705658866430926066e-17
9.898062944412231445e-01 3.394602061943040143e-15 1.049885889942027536e-16
9.899504780769348145e-01 3.182419249864653840e-15 7.641524939011411612e-17
9.900946617126464844e-01 3.118762394537888220e-15 6.356947858430041839e-17
9.902388453483581543e-01 3.192129000297266699e-15 6.238178619101717956e-17
9.903830289840698242e-01 3.248932723806034588e-15 6.162684160699718268e-17
9.905272126197814941e-01 2.898087653646803930e-15 6.108328468287633714e-17
9.906713962554931641e-01 2.738819201541630582e-15 6.267039281545938112e-17
9.908155798912048340e-01 2.640721986579505111e-15 6.333524088716010222e-17
9.909597635269165039e-01 2.456646268789858256e-15 5.922790533403009521e-17
9.911039471626281738e-01 2.573925815391978240e-15 5.777527691671347225e-17
9.912481307983398438e-01 2.688092515912938671e-15 5.834343750097409505e-17
9.913923144340515137e-01 2.832346885511555917e-15 6.248118021342155136e-17
9.915364980697631836e-01 2.688023694485974259e-15 9.394624397732206727e-17
9.916806817054748535e-01 2.510720428626099163e-15 1.403072490039714102e-16
9.918248653411865234e-01 2.481614894250783708e-15 1.219867998575877499e-16
9.919690489768981934e-01 2.454301893350095166e-15 7.208005535672780189e-17
9.921132326126098633e-01 2.542393743381016029e-15 5.704187211584435622e-17
9.922574162483215332e-01 3.011281325069605982e-15 5.895481661787938844e-17
9.924015998840332031e-01 2.875410040549964547e-15 6.069151209243652196e-17
9.925457239151000977e-01 2.558240882791196734e-15 6.263305057388628724e-17
9.926899075508117676e-01 2.549382188712337634e-15 6.151098338168055541e-17
9.928340911865234375e-01 2.637335760614619232e-15 5.961905588464927051e-17
9.929782748222351074e-01 2.813178741673427914e-15 5.715565246346225028e-17
9.931224584579467773e-01 3.006965692203345322e-15 5.820387558802414822e-17
9.932666420936584473e-01 3.078485977895946239e-15 6.208910983796121709e-17
9.934108257293701172e-01 3.263331013359936812e-15 6.481336631967805971e-17
9.935550093650817871e-01 2.978778129784616716e-15 6.126912238801495054e-17
9.936991930007934570e-01 2.686011144203298041e-15 5.788202953784711579e-17
9.938433766365051270e-01 2.995040738855425655e-15 5.937753238067358728e-17
9.939875602722167969e-01 3.432591066110921886e-15 6.554129849361452491e-17
9.941317439079284668e-01 3.415183903770135573e-15 6.914877872874608793e-17
9.942759275436401367e-01 3.411087228920740150e-15 8.629128297818483432e-17
9.944201111793518066e-01 3.424985557277525523e-15 1.058934584098867617e-16
9.945642948150634766e-01 3.333502610842272069e-15 9.743430580178057479e-17
9.947084784507751465e-01 3.171757434399327148e-15 1.036685741726906321e-16
9.948526620864868164e-01 3.228892347790471469e-15 1.241103114563542808e-16
9.949968457221984863e-01 3.488683493702232977e-15 1.238266348283628953e-16
9.951410293579101562e-01 3.446683365012628494e-15 9.652956873499457524e-17
9.952852129936218262e-01 3.437326192044310239e-15 7.279967601986933427e-17
9.954293966293334961e-01 3.647517841421938495e-15 6.250588313523483498e-17
9.955735802650451660e-01 3.686990000280462518e-15 6.003654386597213422e-17
9.957177639007568359e-01 3.569303666105423656e-15 7.632120888063418751e-17
9.958619475364685059e-01 3.353342240049335919e-15 1.107554606143509477e-16
9.960060715675354004e-01 3.148056393743967757e-15 1.119972903243645571e-16
9.961502552032470703e-01 3.379722234158623849e-15 8.445797942552640760e-17
9.962944388389587402e-01 3.502249785143694664e-15 9.907248737410509292e-17
9.964386224746704102e-01 3.489648475987392438e-15 1.120962475954055009e-16
9.965828061103820801e-01 3.707573747931689270e-15 9.823567176177704758e-17
9.967269897460937500e-01 3.920733400756496595e-15 7.148411473877519821e-17
9.968711733818054199e-01 3.857697632338305191e-15 6.430086506447490503e-17
9.970153570175170898e-01 3.572979365580033692e-15 6.147217206733956735e-17
9.971595406532287598e-01 3.162274900554815256e-15 5.833629727792653732e-17
9.973037242889404297e-01 2.905025912276000717e-15 6.399581408945514928e-17
9.974479079246520996e-01 2.947517531833249507e-15 7.486798489327652637e-17
9.975920915603637695e-01 3.067970063855784101e-15 7.639048029385182826e-17
9.977362751960754395e-01 3.122050576439129414e-15 6.868681490024747304e-17
9.978804588317871094e-01 3.267118309425347603e-15 6.311130655172974657e-17
9.980246424674987793e-01 3.449337754511086658e-15 6.331866418768453955e-17
9.981688261032104492e-01 3.393082273077429115e-15 6.073686805978402957e-17
9.983130097389221191e-01 3.364960143953875903e-15 5.960308137265964644e-17
9.984571933746337891e-01 3.501118572642636546e-15 6.157361749766307067e-17
9.986013770103454590e-01 3.182497812170511677e-15 6.046915932633736769e-17
9.987455606460571289e-01 3.119567711112490246e-15 6.000323826578829911e-17
9.988897442817687988e-01 3.310711495330500610e-15 5.733014786804153658e-17
9.990339279174804688e-01 3.365246229331811043e-15 5.595808684238757851e-17
9.991781115531921387e-01 3.142911727380581950e-15 5.536745010652266484e-17
9.993222951889038086e-01 2.919062730519662169e-15 5.579457639634299642e-17
9.994664192199707031e-01 3.134319001647160700e-15 5.828906195622730923e-17
9.996106028556823730e-01 3.325158701037106770e-15 5.945294478275882171e-17
9.997547864913940430e-01 3.132187019718921626e-15 5.594573207275848649e-17
9.998989701271057129e-01 2.980193098323005024e-15 5.518946069103595456e-17
1.000043153762817383e+00 3.012528581084437940e-15 5.853964474227167322e-17
1.000187397003173828e+00 3.676730313706844805e-15 7.392963782384127220e-17
1.000331521034240723e+00 3.723515331515488830e-15 7.952307283059424788e-17
1.000475764274597168e+00 3.709815844143071403e-15 6.716332688293710751e-17
1.000619888305664062e+00 3.640228275877867986e-15 5.911712930639699375e-17
1.000764131546020508e+00 3.637001080348829102e-15 5.656813585286788663e-17
1.000908255577087402e+00 3.629295621627656732e-15 5.619307231080164261e-17
1.001052498817443848e+00 3.339828041134130371e-15 5.642529830469222981e-17
1.001196622848510742e+00 3.230055324027051623e-15 6.349112803667939561e-17
1.001340746879577637e+00 3.375434976896096208e-15 9.710922382104723491e-17
1.001484990119934082e+00 3.264270584656678645e-15 1.481272689312599245e-16
1.001629114151000977e+00 3.376477250937692624e-15 1.420046368558200238e-16
1.001773357391357422e+00 3.493626142707698633e-15 9.448852373457713094e-17
1.001917481422424316e+00 3.742821753482256097e-15 6.383833213571485365e-17
1.002061724662780762e+00 3.728677573812530163e-15 6.085554531662823756e-17
1.002205848693847656e+00 3.299019052526602248e-15 6.023314815396373784e-17
1.002350091934204102e+00 3.245149027630649628e-15 6.096207956208016710e-17
1.002494215965270996e+00 3.489282345995941767e-15 6.163243334793804115e-17
1.002638459205627441e+00 3.818343211059449516e-15 7.464501670480163265e-17
1.002782583236694336e+00 3.786197463678201564e-15 9.640852243287601538e-17
1.002926826477050781e+00 3.566062494532755076e-15 9.165482133165217212e-17
1.003070950508117676e+00 3.468579801973862599e-15 6.484584473924934179e-17
1.003215193748474121e+00 3.534013308907494114e-15 5.827837478271312411e-17
1.003359317779541016e+00 3.665596912648134281e-15 5.668363673615989099e-17
1.003503561019897461e+00 3.482349804839138946e-15 5.515924543762061756e-17
1.003647685050964355e+00 3.415853271556703284e-15 5.582661144710595008e-17
1.003791928291320801e+00 3.274445779693807741e-15 5.888807306861370975e-17
1.003936052322387695e+00 3.149795140626444022e-15 6.163411417894274890e-17
1.004080295562744141e+00 3.384219979108544184e-15 6.031184280871958268e-17
1.004224419593811035e+00 3.522126260283964076e-15 5.765565336524850360e-17
1.004368662834167480e+00 3.706853346410049488e-15 5.961241858741414502e-17
1.004512786865234375e+00 3.974322634230434415e-15 7.082841859337176381e-17
1.004656910896301270e+00 4.201986879244024378e-15 7.761120697207798480e-17
1.004801154136657715e+00 3.978494695012135471e-15 6.890057160542097624e-17
1.004945278167724609e+00 3.919863921436140056e-15 6.022963429072161257e-17
1.005089521408081055e+00 4.160551298013764887e-15 5.935149273499041797e-17
1.005233645439147949e+00 4.242621167306181301e-15 5.867639424113893975e-17
1.005377888679504395e+00 3.709072572731855755e-15 5.750532486944556656e-17
1.005522012710571289e+00 3.453890133086104895e-15 5.793952851658690185e-17
1.005666255950927734e+00 3.177890799970395537e-15 5.833529142630167284e-17
1.005810379981994629e+00 3.000708024547267365e-15 5.716127729162761087e-17
1.005954623222351074e+00 3.281685582052227060e-15 5.847302692445910258e-17
1.006098747253417969e+00 3.516458762833885553e-15 6.704991711223363721e-17
1.006242990493774414e+00 3.294870920425661126e-15 8.093540762591218776e-17
1.006387114524841309e+00 3.261945902732939218e-15 8.525207281357731416e-17
1.006531357765197754e+00 3.303116574408944926e-15 7.227423104244094982e-17
1.006675481796264648e+00 3.135165399319704560e-15 6.245150097304314873e-17
1.006819725036621094e+00 3.410933492440813494e-15 6.357655925034387230e-17
1.006963849067687988e+00 3.836069916579587513e-15 6.759767611386625213e-17
1.007108092308044434e+00 3.868263944838828960e-15 6.812715773268389536e-17
1.007252216339111328e+00 3.832536518640116199e-15 7.167396923296836912e-17
1.007396459579467773e+00 3.583963688840027459e-15 7.511292961626572892e-17
1.007540583610534668e+00 3.439322648700988624e-15 6.444949287693843305e-17
1.007684826850891113e+00 3.765634891850656168e-15 5.821450982197912995e-17
1.007828950881958008e+00 3.902299422725401257e-15 5.731239326337369839e-17
1.007973194122314453e+00 3.792597221111181430e-15 5.734625472892916913e-17
1.008117318153381348e+00 3.779011236153696079e-15 5.930134573753500322e-17
1.008261442184448242e+00 3.783125275178510216e-15 7.148733081699680438e-17
1.008405685424804688e+00 3.891797061212395187e-15 1.118753572846293404e-16
1.008549809455871582e+00 3.929774206919015370e-15 1.176948045045114050e-16
1.008694052696228027e+00 4.152033534696175643e-15 8.650732270184898387e-17
1.008838176727294922e+00 4.070556164950363612e-15 6.014467291564506600e-17
1.008982419967651367e+00 3.800421264444969402e-15 5.839293598882926823e-17
1.009126543998718262e+00 3.570508993989366525e-15 5.988870352945175669e-17
1.009270787239074707e+00 3.381151178740641854e-15 5.920713317448766358e-17
1.009414911270141602e+00 3.557296974078093948e-15 5.720553476312164806e-17
1.009559154510498047e+00 3.741217049563682825e-15 5.564839703849262537e-17
1.009703278541564941e+00 3.754626851668139281e-15 5.619663249615807084e-17
1.009847521781921387e+00 3.822835026778739070e-15 5.833367676974596933e-17
1.009991645812988281e+00 4.004416020780485197e-15 6.146238486633183993e-17
1.010135889053344727e+00 4.217388479323949321e-15 6.157911659437532320e-17
1.010280013084411621e+00 4.290149456526040975e-15 6.002249503044853360e-17
1.010424256324768066e+00 4.504840544919484074e-15 7.015991769208600854e-17
1.010568380355834961e+00 4.213220653706984536e-15 8.564618797951187952e-17
1.010712623596191406e+00 3.931641067534763848e-15 8.599765371306321076e-17
1.010856747627258301e+00 3.909241704761097502e-15 6.921777882672281129e-17
1.011000990867614746e+00 4.032858963632810975e-15 5.924393940302382310e-17
1.011145114898681641e+00 3.869644185026379843e-15 5.610981823650940548e-17
1.011289358139038086e+00 3.670924749886363830e-15 5.391458346118962661e-17
1.011433482170104980e+00 3.412548996029464259e-15 5.259378447245680478e-17
1.011577725410461426e+00 3.521538842935043219e-15 5.423750815488542819e-17
1.011721849441528320e+00 3.644631153137695839e-15 5.632991445389751509e-17
1.011865973472595215e+00 3.508486912250801705e-15 5.701905516582769350e-17
1.012010216712951660e+00 3.381796829604686444e-15 5.484380507410719578e-17
1.012154340744018555e+00 3.542586764641365328e-15 5.419871338415669119e-17
1.012298583984375000e+00 3.785491885233138731e-15 5.642087123405384601e-17
1.012442708015441895e+00 4.129724804447865508e-15 7.506514504663976562e-17
1.012586951255798340e+00 4.239890756600707064e-15 1.188489001300351900e-16
1.012731075286865234e+00 4.174965257677191316e-15 1.244174535439625706e-16
1.012875318527221680e+00 4.158607357399816268e-15 8.148874513359586030e-17
1.013019442558288574e+00 3.908840634660572591e-15 5.756977878277569848e-17
1.013163685798645020e+00 3.914996023088269592e-15 5.623260492663677691e-17
1.013307809829711914e+00 4.182453452447392958e-15 5.881199892203843290e-17
1.013452053070068359e+00 4.077827942802541780e-15 6.273609080843079279e-17
1.013596177101135254e+00 3.778274317489584838e-15 6.394612369569786380e-17
1.013740420341491699e+00 3.502441849864484577e-15 5.884695226600247363e-17
1.013884544372558594e+00 3.239503341278962903e-15 5.569144351756988493e-17
1.014028787612915039e+00 3.195618776039954416e-15 5.467942443405820791e-17
1.014172911643981934e+00 3.340752365837821626e-15 5.599991571160316001e-17
1.014317154884338379e+00 3.567073004838829456e-15 5.813593428123149274e-17
1.014461278915405273e+00 3.692861209154355701e-15 6.234411307719906446e-17
1.014605522155761719e+00 3.804273146772608333e-15 6.410081970513508082e-17
1.014749646186828613e+00 3.725597762016313527e-15 6.267740068960893037e-17
1.014893889427185059e+00 3.497749499094932567e-15 5.968426418669805079e-17
1.015038013458251953e+00 3.377525665968156635e-15 6.104274621541633836e-17
1.015182137489318848e+00 3.662913088754759031e-15 6.411312815264986987e-17
1.015326380729675293e+00 4.007384447744137893e-15 7.023112801665947359e-17
1.015470504760742188e+00 4.109016966469866000e-15 8.761617485658856853e-17
1.015614748001098633e+00 3.870348916438495421e-15 8.695126722788374361e-17
1.015758872032165527e+00 3.650966112550210751e-15 6.902830814433386498e-17
1.015903115272521973e+00 3.452621277731117953e-15 5.887190665072197337e-17
1.016047239303588867e+00 3.153155320328201831e-15 6.791491642239258931e-17
1.016191482543945312e+00 3.526327967218819033e-15 7.177708887685167976e-17
1.016335606575012207e+00 3.736344492534602463e-15 6.082713000822581595e-17
1.016479849815368652e+00 3.595839514277006377e-15 5.689241712276827518e-17
1.016623973846435547e+00 3.651609434073650393e-15 6.167108584360141903e-17
1.016768217086791992e+00 3.659719774543610318e-15 6.267030678867567561e-17
1.016912341117858887e+00 3.929688233074869058e-15 6.134804203589740981e-17
1.017056584358215332e+00 3.979426007737641574e-15 6.205755124323109398e-17
1.017200708389282227e+00 3.607969026081687958e-15 7.652313359432573220e-17
1.017344951629638672e+00 3.261617253949404549e-15 1.196219368084129467e-16
1.017489075660705566e+00 3.459977123603311111e-15 1.306126657550703242e-16
1.017633318901062012e+00 3.988044991492427707e-15 1.014507375143134543e-16
1.017777442932128906e+00 4.287071762312192474e-15 6.165204745462289854e-17
1.017921686172485352e+00 4.174137282971250237e-15 5.794394235233548481e-17
1.018065810203552246e+00 3.946769499489199279e-15 5.730935585616440367e-17
1.018210053443908691e+00 3.595160617369782055e-15 6.442450540499443119e-17
1.018354177474975586e+00 3.562164872425964413e-15 7.234098782659642937e-17
1.018498420715332031e+00 3.637816349560561366e-15 6.840217874274552600e-17
1.018642544746398926e+00 3.427990406657910154e-15 5.839315436451098223e-17
1.018786668777465820e+00 3.326666207924982611e-15 5.694542947386557362e-17
1.018930912017822266e+00 3.470668796980028517e-15 6.032489902750811967e-17
1.019075036048889160e+00 3.848107101793018375e-15 8.976347616977212456e-17
1.019219279289245605e+00 3.900053091349282852e-15 1.123466120057681509e-16
1.019363403320312500e+00 3.800568648177791650e-15 1.006275736908149841e-16
1.019507646560668945e+00 3.752581267100520146e-15 6.741745661944809889e-17
1.019651770591735840e+00 3.642306471213956412e-15 5.732928098275958100e-17
1.019796013832092285e+00 3.753157673021126697e-15 5.724141454937174819e-17
1.019940137863159180e+00 3.929628940768561257e-15 5.516808303528513411e-17
1.020084381103515625e+00 3.800380183347027568e-15 5.406138816758308775e-17
1.020228505134582520e+00 3.716542132777217802e-15 5.526721566861593916e-17
1.020372748374938965e+00 3.633242795161861771e-15 6.407386685205565297e-17
1.020516872406005859e+00 3.752287346667822904e-15 8.381813867810438963e-17
1.020661115646362305e+00 3.907448112495286521e-15 8.225509819262418853e-17
1.020805239677429199e+00 3.962121548141709845e-15 6.356634191541761731e-17
1.020949482917785645e+00 3.864146094165752179e-15 6.348479514190968963e-17
1.021093606948852539e+00 3.924600953193659730e-15 8.014759419307178378e-17
1.021237850189208984e+00 3.806090032444468807e-15 1.105524043175814305e-16
1.021381974220275879e+00 3.719542746992866161e-15 1.256764489060478805e-16
1.021526217460632324e+00 3.544860836346506311e-15 9.745053839412131541e-17
1.021670341491699219e+00 3.441437478212045799e-15 5.988995422653793687e-17
1.021814584732055664e+00 3.377116125538159180e-15 5.191859664309917083e-17
1.021958708763122559e+00 3.498642271821338599e-15 5.255133025469813318e-17
1.022102952003479004e+00 3.283929160571266888e-15 5.360282239704084069e-17
1.022247076034545898e+00 3.259412215429464792e-15 5.525259111538600163e-17
1.022391200065612793e+00 3.357347011823954251e-15 5.581847860732332871e-17
1.022535443305969238e+00 3.577582142615413560e-15 5.626848471288687704e-17
1.022679567337036133e+00 3.856467316982418320e-15 7.475562729631222351e-17
1.022823810577392578e+00 4.166866775668492950e-15 9.335819797113566968e-17
1.022967934608459473e+00 3.747863717100787320e-15 8.751938149003006344e-17
1.023112177848815918e+00 3.614969753390744750e-15 6.903804240578238901e-17
1.023256301879882812e+00 3.837163436114492815e-15 8.337785359909956448e-17
1.023400545120239258e+00 3.657713577008038508e-15 8.341608919573421563e-17
1.023544669151306152e+00 3.349467276073884309e-15 6.287253590483263981e-17
1.023688912391662598e+00 3.750220586276522411e-15 5.429348181257566647e-17
1.023833036422729492e+00 4.020139493380366774e-15 5.433847051173120053e-17
1.023977279663085938e+00 3.922546898296568052e-15 5.412657330857471654e-17
1.024121403694152832e+00 3.895462172775164544e-15 5.499040794843119398e-17
1.024265646934509277e+00 3.967844102733359898e-15 5.434108440246686810e-17
1.024409770965576172e+00 4.275638088073680301e-15 5.349570581643767382e-17
1.024554014205932617e+00 4.263727110769390330e-15 5.323822103536216736e-17
1.024698138236999512e+00 3.816948571311795310e-15 5.210247889326970888e-17
1.024842381477355957e+00 3.652638579104564368e-15 5.220423203478108192e-17
1.024986505508422852e+00 3.803258401301797681e-15 5.434606402975443733e-17
1.025130748748779297e+00 3.870279036220346941e-15 5.332041300974788641e-17
1.025274872779846191e+00 3.666412605376340172e-15 5.132983264414107722e-17
1.025419116020202637e+00 3.409661672470511162e-15 5.021753280060837154e-17
1.025563240051269531e+00 3.447658088176681380e-15 5.095628449695703034e-17
1.025707364082336426e+00 3.632103112331331110e-15 5.322159801377230172e-17
1.025851607322692871e+00 3.763837487936582543e-15 5.496879206466395826e-17
1.025995731353759766e+00 3.713482649771735269e-15 5.334935109629744153e-17
1.026139974594116211e+00 3.338258912599341779e-15 5.038748202054106639e-17
1.026284098625183105e+00 3.168768255128466722e-15 4.911741898185979706e-17
1.026428341865539551e+00 3.245706375309942958e-15 5.043386038312568955e-17
1.026572465896606445e+00 3.340070292557045101e-15 5.163633945703892630e-17
1.026716709136962891e+00 3.393982245583886809e-15 5.345837019230948036e-17
1.026860833168029785e+00 3.517852767306829317e-15 5.404409016661337883e-17
1.027005076408386230e+00 3.888771883041276453e-15 5.414780538053772766e-17
1.027149200439453125e+00 4.054371482910702068e-15 5.677133773342521320e-17
1.027293443679809570e+00 3.792527340893032950e-15 6.392461699977148508e-17
1.027437567710876465e+00 3.777918987168211659e-15 6.656187393338245046e-17
1.027581810951232910e+00 3.580951639679591167e-15 6.071252909744026928e-17
1.027725934982299805e+00 3.445108942521919564e-15 5.389705384964840285e-17
1.027870178222656250e+00 3.475233034016308314e-15 5.308592384970135412e-17
1.028014302253723145e+00 3.601493882716402459e-15 5.963194004987039647e-17
1.028158545494079590e+00 3.490268715863019400e-15 6.160886200920273007e-17
1.028302669525146484e+00 3.308611065379546759e-15 5.519604173998942645e-17
1.028446912765502930e+00 3.273497314551119738e-15 5.535876471009085805e-17
1.028591036796569824e+00 3.170600387393377774e-15 7.274354685222393603e-17
1.028735280036926270e+00 3.223116853639618022e-15 1.312121400885997544e-16
1.028879404067993164e+00 3.412674992180368336e-15 1.814399233113588830e-16
1.029023647308349609e+00 4.045054120490904764e-15 1.743797845819860821e-16
1.029167771339416504e+00 3.847871203117208053e-15 1.091446554115794846e-16
1.029311895370483398e+00 3.673261290271364818e-15 6.067312221305824304e-17
1.029456138610839844e+00 3.623878845929965481e-15 6.169933571588133003e-17
1.029600262641906738e+00 3.614132037805910247e-15 6.771520855274268673e-17
1.029744505882263184e+00 3.765994457336765619e-15 9.622807794533124771e-17
1.029888629913330078e+00 3.772293417849022223e-15 1.118602562753665723e-16
1.030032873153686523e+00 3.497215656579925544e-15 9.432948006384033520e-17
1.030176997184753418e+00 3.581304428902122583e-15 6.249749221510109707e-17
1.030321240425109863e+00 3.509092540808088530e-15 5.369041089774285568e-17
1.030465364456176758e+00 3.454302638131417739e-15 5.233171380206530434e-17
1.030609607696533203e+00 3.603882515627659586e-15 5.334669750089237141e-17
1.030753731727600098e+00 3.944294469217322213e-15 5.515607237279086415e-17
1.030897974967956543e+00 4.114994054462165970e-15 5.693732972130745437e-17
1.031042098999023438e+00 3.815128721024619446e-15 6.440816693353528378e-17
1.031186342239379883e+00 3.425152846284608248e-15 7.645279015503422273e-17
1.031330466270446777e+00 3.555984073009849783e-15 7.146483812178026245e-17
1.031474709510803223e+00 3.848107525309492002e-15 5.783011568260328777e-17
1.031618833541870117e+00 4.021948755755701960e-15 5.228549756688074157e-17
1.031763076782226562e+00 3.888250534262241431e-15 5.240640821137884273e-17
1.031907200813293457e+00 3.690944373594719219e-15 5.236283895415444966e-17
1.032051444053649902e+00 3.490964976945662435e-15 5.092851438943240010e-17
1.032195568084716797e+00 3.520771642843067636e-15 5.012483563244322904e-17
1.032339811325073242e+00 3.720538010705889964e-15 5.101678779568160900e-17
1.032483935356140137e+00 3.709286025034563838e-15 5.105768360516623069e-17
1.032628059387207031e+00 3.373934669788272028e-15 5.121478836454720213e-17
1.032772302627563477e+00 3.480789358392059711e-15 5.411433103550893173e-17
1.032916426658630371e+00 3.767600008288286145e-15 6.025208066382385153e-17
1.033060669898986816e+00 4.049384999950216002e-15 6.125132146123280939e-17
1.033204793930053711e+00 4.319323388811847214e-15 5.692983877368017415e-17
1.033349037170410156e+00 4.343005159467656570e-15 5.325686568636911261e-17
1.033493161201477051e+00 4.310500270116772795e-15 5.259236172180321357e-17
1.033637404441833496e+00 4.165881252834362572e-15 5.238049098842633127e-17
1.033781528472900391e+00 3.763374160914434441e-15 5.198998563868494733e-17
1.033925771713256836e+00 3.428882544109605746e-15 5.015462075194003846e-17
1.034069895744323730e+00 3.453685362871106168e-15 5.191407692823218109e-17
1.034214138984680176e+00 3.541667098618883971e-15 5.747837201636613871e-17
1.034358263015747070e+00 3.674506005187355012e-15 5.872808310325615335e-17
1.034502506256103516e+00 3.650035646857651903e-15 5.481236890210773051e-17
1.034646630287170410e+00 3.435149740886340314e-15 5.309940689368596847e-17
1.034790873527526855e+00 3.591539975036743548e-15 6.727596903003212861e-17
1.034934997558593750e+00 3.828139147094445499e-15 9.317571531056157135e-17
1.035079240798950195e+00 4.039722471604412571e-15 9.348494851075839522e-17
1.035223364830017090e+00 3.636953222987309234e-15 7.004552853953727545e-17
1.035367608070373535e+00 3.292232412794963980e-15 5.285154387749567884e-17
1.035511732101440430e+00 3.617498146738298836e-15 5.854534236233093847e-17
1.035655975341796875e+00 3.929439628904849921e-15 6.415044392444336206e-17
1.035800099372863770e+00 3.669507240249133759e-15 6.022861520420694724e-17
1.035944342613220215e+00 3.605833656021659867e-15 5.222106681460776114e-17
1.036088466644287109e+00 3.919484874192243756e-15 5.102402397168022288e-17
1.036232590675354004e+00 4.240129196375359150e-15 5.252787141252612932e-17
1.036376833915710449e+00 4.205580416522750747e-15 5.388157895474876080e-17
1.036520957946777344e+00 4.038278703945817616e-15 5.294187861783136988e-17
1.036665201187133789e+00 4.051322164300586587e-15 5.199395610562520186e-17
1.036809325218200684e+00 4.114886904794338301e-15 5.152260874025778542e-17
1.036953568458557129e+00 4.210670237502801838e-15 5.207416615526324385e-17
1.037097692489624023e+00 4.149612291016449225e-15 5.289188051288621468e-17
1.037241935729980469e+00 4.268026226493179531e-15 6.018775909939172810e-17
1.037386059761047363e+00 4.512269870899851543e-15 1.081023879874279685e-16
1.037530303001403809e+00 4.571762076983204581e-15 1.537390474952768761e-16
1.037674427032470703e+00 4.559937920556008176e-15 1.397307901438056554e-16
1.037818670272827148e+00 4.256459144565474806e-15 8.687003809173103630e-17
1.037962794303894043e+00 3.883756177444110114e-15 5.942198837551463720e-17
1.038107037544250488e+00 3.695129139870629090e-15 5.278427424136041641e-17
1.038251161575317383e+00 3.558021187247996375e-15 5.086117527012568322e-17
1.038395404815673828e+00 3.377969934748991515e-15 4.931076748696039196e-17
1.038539528846740723e+00 3.638847612173843477e-15 5.019371330768929455e-17
1.038683772087097168e+00 4.108990708448501117e-15 5.109515157819243263e-17
1.038827896118164062e+00 4.113549863287097388e-15 5.140714425291273339e-17
1.038972139358520508e+00 3.989487912118075408e-15 5.221080315756720317e-17
1.039116263389587402e+00 3.859471319329855696e-15 5.166957557405130695e-17
1.039260506629943848e+00 3.838241285539873912e-15 5.054073542698999093e-17
1.039404630661010742e+00 3.772233702026240795e-15 5.087608437348633899e-17
1.039548873901367188e+00 3.699928005033298328e-15 5.133515306984101829e-17
1.039692997932434082e+00 3.891975785164265844e-15 6.271120259816029730e-17
1.039837121963500977e+00 3.796841703209872729e-15 9.566170407119373945e-17
1.039981365203857422e+00 3.640805528831421792e-15 1.037837441837376152e-16
1.040125489234924316e+00 3.824549421463981774e-15 7.608007580590762930e-17
1.040269732475280762e+00 3.969727904008053462e-15 5.321916610277139582e-17
1.040413856506347656e+00 4.067950691604609384e-15 5.116996510151417866e-17
1.040558099746704102e+00 4.155730833510940664e-15 5.240256016716924605e-17
1.040702223777770996e+00 4.170697905688924151e-15 5.356326992887100512e-17
1.040846467018127441e+00 4.190146629190830141e-15 5.351405268242409997e-17
1.040990591049194336e+00 4.159223573868943771e-15 5.368349566782191237e-17
1.041134834289550781e+00 4.321937756003547612e-15 5.462073762395879570e-17
1.041278958320617676e+00 4.160845218446462129e-15 5.316305678746069885e-17
1.041423201560974121e+00 3.693941176162104933e-15 5.093407635187120665e-17
1.041567325592041016e+00 3.575940169247161099e-15 5.059577271622681918e-17
1.041711568832397461e+00 3.881883811114204483e-15 5.488698059336001361e-17
1.041855692863464355e+00 4.038083462851475500e-15 7.618865484183378993e-17
1.041999936103820801e+00 4.396384328770675323e-15 1.362850601143751617e-16
1.042144060134887695e+00 4.500452067219759544e-15 1.571688294824973475e-16
1.042288303375244141e+00 4.219933389813974867e-15 1.231057700855800832e-16
1.042432427406311035e+00 4.070324924955763188e-15 6.570182447200901567e-17
1.042576670646667480e+00 3.858943194287242640e-15 5.702468661143795452e-17
1.042720794677734375e+00 3.873430845817080193e-15 5.433535038646065051e-17
1.042865037918090820e+00 3.482988467681368688e-15 5.084096559339978765e-17
1.043009161949157715e+00 3.310500795884871103e-15 5.232730327503917159e-17
1.043153285980224609e+00 3.396421912230216007e-15 5.534297548655844586e-17
1.043297529220581055e+00 3.725624867070625665e-15 5.454263853924398904e-17
1.043441653251647949e+00 4.182254399704788198e-15 5.286620482667256870e-17
1.043585896492004395e+00 4.428801973727991906e-15 5.222645010603425625e-17
1.043730020523071289e+00 4.375413487062553355e-15 5.122807950262970418e-17
1.043874263763427734e+00 4.135894592435665831e-15 5.036816569887672809e-17
1.044018387794494629e+00 4.261442239394171855e-15 5.075318518679566035e-17
1.044162631034851074e+00 4.382614537663635790e-15 5.178686647618887607e-17
1.044306755065917969e+00 4.336885346423744250e-15 5.253343337496493588e-17
1.044450998306274414e+00 4.124974220163189764e-15 5.111732663605375419e-17
1.044595122337341309e+00 4.220267967828140315e-15 5.092736626274217649e-17
1.044739365577697754e+00 4.183275074406229629e-15 5.142446541493959379e-17
1.044883489608764648e+00 4.082653489503049529e-15 5.177531241739273538e-17
1.045027732849121094e+00 4.127982457675363412e-15 5.458737577549330699e-17
1.045171856880187988e+00 4.196565444865123229e-15 7.788037816084764043e-17
1.045316100120544434e+00 4.675803980927397546e-15 9.713788397491097222e-17
1.045460224151611328e+00 4.726855503691361482e-15 8.651420484454542506e-17
1.045604467391967773e+00 5.029211961026782904e-15 6.197875070935684235e-17
1.045748591423034668e+00 5.069491765800513902e-15 5.546451147959963711e-17
1.045892834663391113e+00 4.963775277719599185e-15 5.583031059880528722e-17
1.046036958694458008e+00 4.769340558743269051e-15 5.565234103565327821e-17
1.046181201934814453e+00 4.399466258149260095e-15 5.311034222138391950e-17
1.046325325965881348e+00 3.781135171268936238e-15 5.049132627464097349e-17
1.046469569206237793e+00 3.605607074708269341e-15 4.937506258161291370e-17
1.046613693237304688e+00 3.982020046138607869e-15 5.085457767755996027e-17
1.046757817268371582e+00 4.015531634147303380e-15 5.236409295996308005e-17
1.046902060508728027e+00 3.720559610046044949e-15 6.363204652583392940e-17
1.047046184539794922e+00 3.716924568152903119e-15 1.100758291707426789e-16
1.047190427780151367e+00 3.860827842594883458e-15 1.315740613850937559e-16
1.047334551811218262e+00 3.615483478873254483e-15 1.064739936161111778e-16
1.047478795051574707e+00 3.596596338215378094e-15 6.312669872856813331e-17
1.047622919082641602e+00 3.942625390794757614e-15 5.086473214675966124e-17
1.047767162322998047e+00 3.987161959644915099e-15 5.079772389969796557e-17
1.047911286354064941e+00 3.691886697748539628e-15 4.906256036363528027e-17
1.048055529594421387e+00 3.586769061961333702e-15 4.848068512481852827e-17
1.048199653625488281e+00 3.575224002890257588e-15 4.839152828967511273e-17
1.048343896865844727e+00 3.474797870839656418e-15 4.797381531522563461e-17
1.048488020896911621e+00 3.594118343328185639e-15 4.825500709265691083e-17
1.048632264137268066e+00 3.905682472316734932e-15 4.970608371914438431e-17
1.048776388168334961e+00 3.932960744866586048e-15 5.088013424976539861e-17
1.048920631408691406e+00 3.834153504536424659e-15 5.253033971947398755e-17
1.049064755439758301e+00 3.710456624567669282e-15 5.240385718636972920e-17
1.049208998680114746e+00 3.781358364450537746e-15 5.058005628458831166e-17
1.049353122711181641e+00 3.856155185341355110e-15 4.968184070975168018e-17
1.049497365951538086e+00 3.799194337220871548e-15 4.954637830391754615e-17
1.049641489982604980e+00 3.800267527965042746e-15 4.923693334548390871e-17
1.049785733222961426e+00 3.688395651456431029e-15 4.854138694689011965e-17
1.049929857254028320e+00 3.429191075860643124e-15 4.792580575247305688e-17
1.050073981285095215e+00 3.440546611309771088e-15 4.909319582480179420e-17
1.050218224525451660e+00 3.840448229883944992e-15 5.058418226148372616e-17
1.050362348556518555e+00 4.049392199730267664e-15 5.112786822578012998e-17
1.050506591796875000e+00 3.851937808296975949e-15 4.962334911427683049e-17
1.050650715827941895e+00 3.864894871291124981e-15 4.911380254822171523e-17
1.050794959068298340e+00 3.824938209586771498e-15 4.931023478264590781e-17
1.050939083099365234e+00 3.681168766350457339e-15 5.324622814369168067e-17
1.051083326339721680e+00 3.619463263175928813e-15 7.089017258918252264e-17
1.051227450370788574e+00 3.632406350126448150e-15 8.043370604078652541e-17
1.051371693611145020e+00 3.561481740354003819e-15 6.857239266047423783e-17
1.051515817642211914e+00 3.401121674538056493e-15 5.293709420516836317e-17
1.051660060882568359e+00 3.391701397615167791e-15 5.071525399262642871e-17
1.051804184913635254e+00 3.542734783648898017e-15 5.145956434269144386e-17
1.051948428153991699e+00 3.576230701548069324e-15 5.032744194295951743e-17
1.052092552185058594e+00 3.566677440452461698e-15 4.882075892697377922e-17
1.052236795425415039e+00 3.543188369792152695e-15 4.786738694889211185e-17
1.052380919456481934e+00 3.607049148300969788e-15 4.877153837180442386e-17
1.052525162696838379e+00 3.586745345038810581e-15 6.189492091735826831e-17
1.052669286727905273e+00 3.696528861815966821e-15 9.065750621070923772e-17
1.052813529968261719e+00 3.774811223284735631e-15 9.922310703748364862e-17
1.052957653999328613e+00 3.724958252141136530e-15 7.789141605894154803e-17
1.053101897239685059e+00 3.597857570273839747e-15 5.174627837789212410e-17
1.053246021270751953e+00 3.518970639038968180e-15 4.764837930119012203e-17
1.053390264511108398e+00 3.561027307177801887e-15 4.704655577472104122e-17
1.053534388542175293e+00 3.563885196341837897e-15 4.705367614543389768e-17
1.053678512573242188e+00 3.680977336904377867e-15 4.796202964585797907e-17
1.053822755813598633e+00 3.842027946330574262e-15 4.873826585884509087e-17
1.053966879844665527e+00 3.672230451174556334e-15 4.824729446062546640e-17
1.054111123085021973e+00 3.475832945101201173e-15 4.752036152086896526e-17
1.054255247116088867e+00 3.455543964915618917e-15 4.703304956967927538e-17
1.054399490356445312e+00 3.653752427430203772e-15 4.731282521390186083e-17
1.054543614387512207e+00 3.796581240578592031e-15 4.791043673669182163e-17
1.054687857627868652e+00 3.646060097719713844e-15 4.811460145548215992e-17
1.054831981658935547e+00 3.402201853304042539e-15 4.744062461854130360e-17
1.054976224899291992e+00 3.258699860720823925e-15 4.664997561056106784e-17
1.055120348930358887e+00 3.420976338579934106e-15 4.647593680967991082e-17
1.055264592170715332e+00 3.612945768163280599e-15 4.761823022222378928e-17
1.055408716201782227e+00 3.730841319476291273e-15 4.908249872512025845e-17
1.055552959442138672e+00 3.632317411666986448e-15 4.943551624950073917e-17
1.055697083473205566e+00 3.541068881599885622e-15 4.829184640841757247e-17
1.055841326713562012e+00 3.518988638489097334e-15 4.663739915652781161e-17
1.055985450744628906e+00 3.341820474384309299e-15 4.609081475136502198e-17
1.056129693984985352e+00 3.353554421802623121e-15 4.582483317103737083e-17
1.056273818016052246e+00 3.274186799370184739e-15 4.562406981892585059e-17
1.056418061256408691e+00 3.312073312551448712e-15 4.594074764463565170e-17
1.056562185287475586e+00 3.345856374619739226e-15 4.651516502304962560e-17
1.056706428527832031e+00 3.327957297894834979e-15 4.575056558691990979e-17
1.056850552558898926e+00 3.485587164763544882e-15 4.617250379993830878e-17
1.056994795799255371e+00 3.340223182004024502e-15 4.585566715555089749e-17
1.057138919830322266e+00 3.359098675958876144e-15 4.602592408667146207e-17
1.057283043861389160e+00 3.255431372335606394e-15 4.817386729201035924e-17
1.057427287101745605e+00 3.321884495179495272e-15 5.761133633675036259e-17
1.057571411132812500e+00 3.508283624343460673e-15 6.191378063532447735e-17
1.057715654373168945e+00 3.679717375395337095e-15 5.591483522251840580e-17
1.057859778404235840e+00 3.552745019019549338e-15 5.367267283668726856e-17
1.058004021644592285e+00 3.545914968849364288e-15 4.883281260285990194e-17
1.058148145675659180e+00 3.448932449245825475e-15 4.720472263400853075e-17
1.058292388916015625e+00 3.464362001413009810e-15 4.720878905389984143e-17
1.058436512947082520e+00 3.650228770369625883e-15 4.746086076504680087e-17
1.058580756187438965e+00 3.692866291352039226e-15 5.031143434374539124e-17
1.058724880218505859e+00 3.460155635796944955e-15 6.257816548588216875e-17
1.058869123458862305e+00 3.188188179510166066e-15 7.229442748427704455e-17
1.059013247489929199e+00 3.257248893282177309e-15 6.729214206536876541e-17
1.059157490730285645e+00 3.381540390379905205e-15 6.368613090300509656e-17
1.059301614761352539e+00 3.376276504129193355e-15 5.872697137251288208e-17
1.059445858001708984e+00 3.326789239460571299e-15 4.787627417739338158e-17
1.059589982032775879e+00 3.455217010197978757e-15 4.624181822654780229e-17
1.059734225273132324e+00 3.539220655708976739e-15 4.754548134171097560e-17
1.059878349304199219e+00 3.558540841961136889e-15 4.833120697068529574e-17
1.060022592544555664e+00 3.457226172348865957e-15 4.832992980381951387e-17
1.060166716575622559e+00 3.400257912690093920e-15 4.832695857105922339e-17
1.060310959815979004e+00 3.368820496610987376e-15 4.776295043347361679e-17
1.060455083847045898e+00 3.444907772196946667e-15 4.751718514731676163e-17
1.060599207878112793e+00 3.602235883578197226e-15 4.728726533297397227e-17
1.060743451118469238e+00 3.416425865829047191e-15 4.675701939927033005e-17
1.060887575149536133e+00 3.250771208818050047e-15 4.627430326356398479e-17
1.061031818389892578e+00 3.133777535835628389e-15 4.570035903246039122e-17
1.061175942420959473e+00 3.217735229809237825e-15 4.564299902006351407e-17
1.061320185661315918e+00 3.198815901899365773e-15 4.582207700523634414e-17
1.061464309692382812e+00 3.362550123460700605e-15 4.628114570159102344e-17
1.061608552932739258e+00 3.602573426207678065e-15 4.688845508988255593e-17
1.061752676963806152e+00 3.705263889084526793e-15 4.730429532742521401e-17
1.061896920204162598e+00 3.475375123793210223e-15 4.618825662752376864e-17
1.062041044235229492e+00 3.426162721315972187e-15 4.568384519871138258e-17
1.062185287475585938e+00 3.572540602513355965e-15 4.652406217771824597e-17
1.062329411506652832e+00 3.530013195814085680e-15 4.652132255552947034e-17
1.062473654747009277e+00 3.417283910204615797e-15 4.616195559276703257e-17
1.062617778778076172e+00 3.478593001959829310e-15 4.639343712410632205e-17
1.062762022018432617e+00 3.706553920263195093e-15 4.738679501299880277e-17
1.062906146049499512e+00 3.791261873669835025e-15 4.739913654773809395e-17
1.063050389289855957e+00 3.732188948895372865e-15 4.733463631229365906e-17
1.063194513320922852e+00 3.685955773051865017e-15 4.625187674279644711e-17
1.063338756561279297e+00 3.839555033641065332e-15 4.728603448822249337e-17
1.063482880592346191e+00 3.641317983764510643e-15 4.812755510387474033e-17
1.063627123832702637e+00 3.653930304349127176e-15 4.797689242710433187e-17
1.063771247863769531e+00 3.896310476271839726e-15 4.903327486122845288e-17
1.063915491104125977e+00 3.792642960890333162e-15 4.861387443832936657e-17
1.064059615135192871e+00 3.855716422274677382e-15 4.896704416394255706e-17
1.064203739166259766e+00 4.043293986026510328e-15 5.277696858219034807e-17
1.064347982406616211e+00 3.920122266485052617e-15 5.538096292900933110e-17
1.064492106437683105e+00 3.765811921736632317e-15 5.331149600274456477e-17
1.064636349678039551e+00 3.756406044373846939e-15 4.901841538870455029e-17
1.064780473709106445e+00 3.909857074197277751e-15 4.841504338012877020e-17
1.064924716949462891e+00 3.897442959322318726e-15 4.830219940096428617e-17
1.065068840980529785e+00 3.796219557510114445e-15 4.812834919726279124e-17
1.065213084220886230e+00 3.926180669640289000e-15 4.959537386596028709e-17
1.065357208251953125e+00 3.902601813487571042e-15 5.442216795483176609e-17
1.065501451492309570e+00 3.753263552139533485e-15 5.845932219607032402e-17
1.065645575523376465e+00 3.618202031117467160e-15 5.584057425584584519e-17
1.065789818763732910e+00 3.642990026802390632e-15 4.977690361446872433e-17
1.065933942794799805e+00 3.549688924145855823e-15 4.677600153996719693e-17
1.066078186035156250e+00 3.605651120421526565e-15 4.676366000522790575e-17
1.066222310066223145e+00 3.675169231985055129e-15 4.749162526638887308e-17
1.066366553306579590e+00 3.555451712802500455e-15 4.767425020202833053e-17
1.066510677337646484e+00 3.403741547443914044e-15 4.700014101618946573e-17
1.066654920578002930e+00 3.482008027044921836e-15 4.642235204959872569e-17
1.066799044609069824e+00 3.501576817467101123e-15 4.759507578251720493e-17
1.066943287849426270e+00 3.566284840681409329e-15 4.814513434625271727e-17
1.067087411880493164e+00 3.441706411172799039e-15 4.719913751051257270e-17
1.067231655120849609e+00 3.374209108463182422e-15 4.619879159980524400e-17
1.067375779151916504e+00 3.486215874968644386e-15 4.645377498670839010e-17
1.067520022392272949e+00 3.607549321256323452e-15 4.719737727016905986e-17
1.067664146423339844e+00 3.821819010758507537e-15 4.771086121593992753e-17
1.067808270454406738e+00 3.840014125498477163e-15 4.786705938536954085e-17
1.067952513694763184e+00 3.673218091591054849e-15 4.767051796310449127e-17
1.068096637725830078e+00 3.781315165770227776e-15 4.761428291634068623e-17
1.068240880966186523e+00 3.848232039152738385e-15 4.831056716004087260e-17
1.068385004997253418e+00 3.813682835783656355e-15 4.968180100508227763e-17
1.068529248237609863e+00 4.000928786136639242e-15 5.515011336365803214e-17
1.068673372268676758e+00 4.184049262520020060e-15 6.016001877036914977e-17
1.068817615509033203e+00 4.060153753325133549e-15 6.071385920386525455e-17
1.068961739540100098e+00 4.096304272480999834e-15 6.202756760038727183e-17
1.069105982780456543e+00 4.128394115687729002e-15 6.324255695388476058e-17
1.069250106811523438e+00 4.204148507325417353e-15 6.277447198885325328e-17
1.069394350051879883e+00 4.200599439276421834e-15 6.055074580451469792e-17
1.069538474082946777e+00 4.046204814749749731e-15 5.854095499636195721e-17
1.069682717323303223e+00 3.983971610049081777e-15 5.435898128220006541e-17
1.069826841354370117e+00 3.688880577818734116e-15 6.046657852282620225e-17
1.069971084594726562e+00 3.743814052579964510e-15 7.254825943576751683e-17
1.070115208625793457e+00 3.908248982146915462e-15 7.117422641153323235e-17
1.070259451866149902e+00 3.895482078049425020e-15 5.816713553393699295e-17
1.070403575897216797e+00 3.734628403783465250e-15 5.495515020200173373e-17
1.070547819137573242e+00 3.619367971969362704e-15 6.063353004021900493e-17
1.070691943168640137e+00 3.667711106884481015e-15 6.223091506473240773e-17
1.070836186408996582e+00 3.772476800482102779e-15 5.590175253395026711e-17
1.070980310440063477e+00 4.198602559103269821e-15 5.193166940549995888e-17
1.071124434471130371e+00 4.010545574703290941e-15 5.982240334899440641e-17
1.071268677711486816e+00 3.744553512342917514e-15 8.793588347206276394e-17
1.071412801742553711e+00 3.768684210460771650e-15 9.661719032292109236e-17
1.071557044982910156e+00 4.131170266172354971e-15 7.852346145627086627e-17
1.071701169013977051e+00 4.331684987644076473e-15 5.879128631950010508e-17
1.071845412254333496e+00 4.111471667951008963e-15 5.624010249170895755e-17
1.071989536285400391e+00 3.973303653594887491e-15 5.310332772978946982e-17
1.072133779525756836e+00 4.080781546689617525e-15 5.837425494187537065e-17
1.072277903556823730e+00 4.132091414502494023e-15 7.284260338493838620e-17
1.072422146797180176e+00 3.927504158620373845e-15 7.404558207594160498e-17
1.072566270828247070e+00 3.736562603518520445e-15 6.052199962386725510e-17
1.072710514068603516e+00 3.941770734550978025e-15 5.440488318875185802e-17
1.072854638099670410e+00 3.846953019402384391e-15 5.598869914249694096e-17
1.072998881340026855e+00 3.901009815063206584e-15 8.968241246974192784e-17
1.073143005371093750e+00 4.162120426548553478e-15 1.230890411848718107e-16
1.073287248611450195e+00 4.274269282830917352e-15 1.145970859023942210e-16
1.073431372642517090e+00 3.897328186357965768e-15 7.025765073582037386e-17
1.073575615882873535e+00 3.768078581903484825e-15 4.898354476280176485e-17
1.073719739913940430e+00 3.864241808888791915e-15 4.986861147462125340e-17
1.073863983154296875e+00 3.956205023005138557e-15 5.117492156774459640e-17
1.074008107185363770e+00 3.832738535998036350e-15 5.151289433114396266e-17
1.074152350425720215e+00 4.064659121571579173e-15 5.063745269293214114e-17
1.074296474456787109e+00 4.203063881636458221e-15 5.147638588762832223e-17
1.074440717697143555e+00 4.102476601567641920e-15 6.900663601228497566e-17
1.074584841728210449e+00 4.114850482377606367e-15 8.781254753400865730e-17
1.074728965759277344e+00 4.262283766627269002e-15 8.371470801431075905e-17
1.074873208999633789e+00 4.108120805611670950e-15 6.140740051665421508e-17
1.075017333030700684e+00 4.214533131258755075e-15 5.354811267132658344e-17
1.075161576271057129e+00 4.248913351554859871e-15 7.494315244990044510e-17
1.075305700302124023e+00 4.044333718969264982e-15 1.196061872895499371e-16
1.075449943542480469e+00 3.806553782983090536e-15 1.282145169580463872e-16
1.075594067573547363e+00 3.738595482591930766e-15 9.316210984384629915e-17
1.075738310813903809e+00 3.929843663620690222e-15 5.373591906632307306e-17
1.075882434844970703e+00 4.023990528675058451e-15 4.853854806302783766e-17
1.076026678085327148e+00 4.246257056232270385e-15 4.898012023506579532e-17
1.076170802116394043e+00 4.361889335510217569e-15 4.922968393459549398e-17
1.076315045356750488e+00 4.249738785161959187e-15 4.924624078173635538e-17
1.076459169387817383e+00 4.239546014191174564e-15 5.048054976562063264e-17
1.076603412628173828e+00 4.140935709021249800e-15 5.084578640200974669e-17
1.076747536659240723e+00 4.099947784703614206e-15 4.937387475025328755e-17
1.076891779899597168e+00 4.140341515408750908e-15 4.853299933547883195e-17
1.077035903930664062e+00 4.205170452576279666e-15 4.830474380852849928e-17
1.077180147171020508e+00 4.191527716411328278e-15 4.970735095984281555e-17
1.077324271202087402e+00 4.369794270490468327e-15 6.588625927882873915e-17
1.077468514442443848e+00 4.181635642136818931e-15 8.505726847059862593e-17
1.077612638473510742e+00 4.086726023913448205e-15 8.205016254150295082e-17
1.077756881713867188e+00 3.954026877781274124e-15 5.972950104003735077e-17
1.077901005744934082e+00 3.962235050556641922e-15 4.773051502729418747e-17
1.078045129776000977e+00 4.036089123777165250e-15 4.761343919211588214e-17
1.078189373016357422e+00 4.207571367465271980e-15 4.824457799949384226e-17
1.078333497047424316e+00 4.140588001996401910e-15 4.863995047995948822e-17
1.078477740287780762e+00 4.216432179126499216e-15 4.842311335418483754e-17
1.078621864318847656e+00 4.332064034887972773e-15 4.827810859280429179e-17
1.078766107559204102e+00 4.282732836039882321e-15 4.822304483378786184e-17
1.078910231590270996e+00 4.259153556370690735e-15 4.908916910957988606e-17
1.079054474830627441e+00 4.021597237082591425e-15 4.821466383982147457e-17
1.079198598861694336e+00 3.909564424314001391e-15 4.715032392820459343e-17
1.079342842102050781e+00 4.001933367212082843e-15 4.754935585570017398e-17
1.079486966133117676e+00 3.857990282221581552e-15 4.880315321481620058e-17
1.079631209373474121e+00 3.776467172696617788e-15 4.985070797744315567e-17
1.079775333404541016e+00 3.864244773504107305e-15 4.914118553521967065e-17
1.079919576644897461e+00 4.015359686459010757e-15 4.786943173936634294e-17
1.080063700675964355e+00 4.035351781596580381e-15 4.746025196011596184e-17
1.080207943916320801e+00 4.088238401240770759e-15 4.869992438309203293e-17
1.080352067947387695e+00 4.027773801333969783e-15 4.962642291743307754e-17
1.080496311187744141e+00 4.237598685445436927e-15 5.033363918010876471e-17
1.080640435218811035e+00 4.283813226564105181e-15 4.930110270868332239e-17
1.080784678459167480e+00 4.129607490384670787e-15 4.762276648070303008e-17
1.080928802490234375e+00 4.151804835800416982e-15 4.771281336218555268e-17
1.081073045730590820e+00 4.289261765997318468e-15 4.872009435514852596e-17
1.081217169761657715e+00 4.324309024739386026e-15 4.988414261780254905e-17
1.081361413002014160e+00 4.250965712386057041e-15 4.987149998932028858e-17
1.081505537033081055e+00 4.274247259974288740e-15 4.985121752070048834e-17
1.081649661064147949e+00 4.368930296884268941e-15 4.941554810951370909e-17
1.081793904304504395e+00 4.419920409759556940e-15 4.902834817350008704e-17
1.081938028335571289e+00 4.412654984654483178e-15 4.879322704746556424e-17
1.082082271575927734e+00 4.618100284912171963e-15 4.960368206803276970e-17
1.082226395606994629e+00 4.469894083098139778e-15 4.904740310609085859e-17
1.082370638847351074e+00 4.201343134204111110e-15 4.838822949339225126e-17
1.082514762878417969e+00 4.276302161904327673e-15 4.851422233557387822e-17
1.082659006118774414e+00 4.311774631185916890e-15 4.901575517585457975e-17
1.082803130149841309e+00 4.202593354834258457e-15 4.966913521554286567e-17
1.082947373390197754e+00 4.413515993645367175e-15 5.459611742020676738e-17
1.083091497421264648e+00 5.065316316887023829e-15 7.708807148291984841e-17
1.083235740661621094e+00 5.964135587987031209e-15 1.349513273295844607e-16
1.083379864692687988e+00 6.712038575358266271e-15 1.967561451171785528e-16
1.083524107933044434e+00 5.987326503049906698e-15 1.903543362762795551e-16
1.083668231964111328e+00 5.089899754115185387e-15 1.161096749879535878e-16
1.083812475204467773e+00 4.454552198840996263e-15 5.601521524421294081e-17
1.083956599235534668e+00 4.410158778558924755e-15 5.720578622602786418e-17
1.084100842475891113e+00 4.422562729038516730e-15 6.085408286130524380e-17
1.084244966506958008e+00 4.336024760949333881e-15 7.475858529418271314e-17
1.084389209747314453e+00 4.253068048161142214e-15 1.114297517799245742e-16
1.084533333778381348e+00 4.597444539460428595e-15 1.215299049918828599e-16
1.084677577018737793e+00 4.524180848204141514e-15 9.100110380227396456e-17
1.084821701049804688e+00 4.195700200709502961e-15 5.280124798753000454e-17
1.084965944290161133e+00 4.051129040788612606e-15 4.805756238916295334e-17
1.085110068321228027e+00 4.340954916218827536e-15 4.866151673288997075e-17
1.085254192352294922e+00 4.462357607449944641e-15 4.990959000216713039e-17
1.085398435592651367e+00 4.288289795690344158e-15 5.167573310653115169e-17
1.085542559623718262e+00 4.151795094921523557e-15 5.159428559469673038e-17
1.085686802864074707e+00 4.223468481819340689e-15 5.313396649967843397e-17
1.085830926895141602e+00 4.279570438531308391e-15 6.845644840837390504e-17
1.085975170135498047e+00 4.462684562167584801e-15 8.060477360890739196e-17
1.086119294166564941e+00 4.510358541054372214e-15 7.352217527154255119e-17
1.086263537406921387e+00 4.526165869916031967e-15 5.591914979659348239e-17
1.086407661437988281e+00 4.755878664112556456e-15 5.056609016712596634e-17
1.086551904678344727e+00 4.776313757481540079e-15 4.953556870767270319e-17
1.086696028709411621e+00 4.461338626814397718e-15 4.775861600706383893e-17
1.086840271949768066e+00 4.356211673664771994e-15 4.745066328245524715e-17
1.086984395980834961e+00 4.499328478015226715e-15 4.858039347585567022e-17
1.087128639221191406e+00 4.711763494153657986e-15 5.016369326889852007e-17
1.087272763252258301e+00 4.948183095226542025e-15 5.266938216299925108e-17
1.087417006492614746e+00 4.745364020621815199e-15 5.582941062629882953e-17
1.087561130523681641e+00 4.745458464795434053e-15 5.231629184672486569e-17
1.087705373764038086e+00 4.410221882513495201e-15 5.272980605238502465e-17
1.087849497795104980e+00 4.304619743880459815e-15 5.764047956409183086e-17
1.087993741035461426e+00 4.482693597964099511e-15 5.917440990945506581e-17
1.088137865066528320e+00 4.674632534361344849e-15 5.442370320204866451e-17
1.088282108306884766e+00 4.476660605797280756e-15 4.804723917511829155e-17
1.088426232337951660e+00 4.286500015072795822e-15 4.677530339953020217e-17
1.088570356369018555e+00 4.528460058653670239e-15 4.884740076014288713e-17
1.088714599609375000e+00 4.665434180070636774e-15 4.993568920485440352e-17
1.088858723640441895e+00 4.599381280294325552e-15 4.989901532521625249e-17
1.089002966880798340e+00 4.537519076024554981e-15 4.872576550542818952e-17
1.089147090911865234e+00 4.382383297669035366e-15 4.738612334234140972e-17
1.089291334152221680e+00 4.438526758995418528e-15 4.763731493331661274e-17
1.089435458183288574e+00 4.607887185150653236e-15 4.836263652523986058e-17
1.089579701423645020e+00 4.337638782230326950e-15 5.134623729004922886e-17
1.089723825454711914e+00 4.254832417790272922e-15 7.943976581674280736e-17
1.089868068695068359e+00 4.493414070461023563e-15 1.000127667374512710e-16
1.090012192726135254e+00 4.874973614078879219e-15 9.061616041497138718e-17
1.090156435966491699e+00 4.884249895400734690e-15 5.955724894927930829e-17
1.090300559997558594e+00 4.849789206974640735e-15 5.144914517569572593e-17
1.090444803237915039e+00 4.628637798292489086e-15 5.089715431804928971e-17
1.090588927268981934e+00 4.632598524353850195e-15 4.972689889207866870e-17
1.090733170509338379e+00 4.918369229549085161e-15 4.916527303465721482e-17
1.090877294540405273e+00 4.660086014041673122e-15 4.784418618707122453e-17
1.091021537780761719e+00 4.327429070600597241e-15 4.666013007976076881e-17
1.091165661811828613e+00 4.386145818020738968e-15 4.694405817065837045e-17
1.091309905052185059e+00 4.273814002621768166e-15 4.645641203850120915e-17
1.091454029083251953e+00 4.149992608809766406e-15 4.579167977208624548e-17
1.091598272323608398e+00 4.547089277779107694e-15 4.771985763228205426e-17
1.091742396354675293e+00 4.815615239201192360e-15 4.999629176525248854e-17
1.091886639595031738e+00 4.902539030797849542e-15 5.028325395463693469e-17
1.092030763626098633e+00 4.914197592283857732e-15 4.989186848472379433e-17
1.092174887657165527e+00 4.635538999230243498e-15 4.978728638551748993e-17
1.092319130897521973e+00 4.771913844837027616e-15 5.601194622643213125e-17
1.092463254928588867e+00 4.764269796004531182e-15 1.100805077042872789e-16
1.092607498168945312e+00 4.449129070396200605e-15 1.691122455016891984e-16
1.092751622200012207e+00 4.611777183960918611e-15 1.619877587381046724e-16
1.092895865440368652e+00 4.812763702784260758e-15 9.524473886801800926e-17
1.093039989471435547e+00 4.781467952965582496e-15 5.347734902428389703e-17
1.093184232711791992e+00 4.773821363034244300e-15 5.040542853111101688e-17
1.093328356742858887e+00 4.794950599903502822e-15 5.011891632797979958e-17
1.093472599983215332e+00 4.651704199512118193e-15 4.952353157539883153e-17
1.093616724014282227e+00 4.698784831819353969e-15 4.913020719412986687e-17
1.093760967254638672e+00 4.722164635229467167e-15 4.871391035288907953e-17
1.093905091285705566e+00 4.904975097554152910e-15 4.902863272363080528e-17
1.094049334526062012e+00 5.451951705441300880e-15 5.216962610667431346e-17
1.094193458557128906e+00 6.357239767159489352e-15 5.574787047023580227e-17
1.094337701797485352e+00 6.047765268451816417e-15 5.457690036021593544e-17
1.094481825828552246e+00 5.311000764336975405e-15 5.184140083961327207e-17
1.094626069068908691e+00 4.780938980890022186e-15 5.048018249742865910e-17
1.094770193099975586e+00 4.577821327171388219e-15 5.101573231321999133e-17
1.094914436340332031e+00 4.473681590921787382e-15 6.944780782890645765e-17
1.095058560371398926e+00 4.519381983041472275e-15 1.060661538694531326e-16
1.095202803611755371e+00 4.607344237031463230e-15 1.121723217419807778e-16
1.095346927642822266e+00 4.901474310383150887e-15 8.476490975489788383e-17
1.095491170883178711e+00 5.096313064075321322e-15 5.543973907461489904e-17
1.095635294914245605e+00 5.160311061921593612e-15 5.158070990648351008e-17
1.095779418945312500e+00 4.896035935345304652e-15 5.087593878969852966e-17
1.095923662185668945e+00 4.680830274436404564e-15 5.041700244224185884e-17
1.096067786216735840e+00 4.888803544525173808e-15 5.056664934122005219e-17
1.096212029457092285e+00 4.751873045304990870e-15 5.010240911167569136e-17
1.096356153488159180e+00 4.593875566137172600e-15 4.926891545668765898e-17
1.096500396728515625e+00 4.817341068831222997e-15 4.990660222579458886e-17
1.096644520759582520e+00 5.089477931707452746e-15 5.105428885593231306e-17
1.096788763999938965e+00 4.997137364413104313e-15 5.146287968258655640e-17
1.096932888031005859e+00 4.783600358410295197e-15 5.218962733388584567e-17
1.097077131271362305e+00 4.587347059696210080e-15 5.297419821872504178e-17
1.097221255302429199e+00 4.321562096891440330e-15 5.945809315489135175e-17
1.097365498542785645e+00 4.292309814058013068e-15 1.186232849636001266e-16
1.097509622573852539e+00 4.422211633881879822e-15 1.727848083074164337e-16
1.097653865814208984e+00 4.500129347666855656e-15 1.643674183940768241e-16
1.097797989845275879e+00 4.395782935378124770e-15 9.755825054476552046e-17
1.097942233085632324e+00 4.708055607427052286e-15 5.518167526711060546e-17
1.098086357116699219e+00 4.816734593240988918e-15 5.189733148391165759e-17
1.098230600357055664e+00 4.875285322203468802e-15 5.057483181183942674e-17
1.098374724388122559e+00 4.840594240815721677e-15 5.076117244279047239e-17
1.098518967628479004e+00 4.806072566017425413e-15 5.318224076022702866e-17
1.098663091659545898e+00 4.573619196720059635e-15 5.427836425970064733e-17
1.098807334899902344e+00 4.541412886483083000e-15 5.143361403251443028e-17
1.098951458930969238e+00 4.601601353649079074e-15 4.852227576601769450e-17
1.099095582962036133e+00 4.564199343313644561e-15 4.814045250398566714e-17
1.099239826202392578e+00 4.361149875747264565e-15 4.719694051880563186e-17
1.099383950233459473e+00 4.523701004039521953e-15 4.767777068271535621e-17
1.099528193473815918e+00 4.755035442813564800e-15 4.930205231202653326e-17
1.099672317504882812e+00 4.901628046863077542e-15 5.019504341411427982e-17
1.099816560745239258e+00 4.828023848361994233e-15 4.960663013973590869e-17
1.099960684776306152e+00 4.635978185813394853e-15 4.800490407136782760e-17
1.100104928016662598e+00 4.594321105467428362e-15 4.761667843139463980e-17
1.100249052047729492e+00 4.675576552581059767e-15 4.809812401768010360e-17
1.100393295288085938e+00 4.483790929147267457e-15 4.796223809537234243e-17
1.100537419319152832e+00 4.417951481673664318e-15 4.817667970609303954e-17
1.100681662559509277e+00 4.545756047920129425e-15 5.839102354725304563e-17
1.100825786590576172e+00 4.431820799152006232e-15 9.064210741642595055e-17
1.100970029830932617e+00 4.564577120008119979e-15 1.069147286813692318e-16
1.101114153861999512e+00 4.596306550695792442e-15 8.760890890208790274e-17
1.101258397102355957e+00 4.523242335698583749e-15 5.398848046839266389e-17
1.101402521133422852e+00 4.519188859529498295e-15 4.720077532812542770e-17
1.101546764373779297e+00 4.767137002530986989e-15 4.788261368960798799e-17
1.101690888404846191e+00 4.897043481036063642e-15 4.865563382437349362e-17
1.101835131645202637e+00 4.786391331971498117e-15 4.922999826322826413e-17
1.101979255676269531e+00 4.660964387207975831e-15 4.950329542889333426e-17
1.102123498916625977e+00 4.625120917495489231e-15 4.955474937171658279e-17
1.102267622947692871e+00 4.491863576651074566e-15 4.817456212372490379e-17
1.102411866188049316e+00 4.491348157102670324e-15 4.795387695374065643e-17
1.102555990219116211e+00 4.392843731051152348e-15 4.845256760143662575e-17
1.102700114250183105e+00 4.268537410876847502e-15 6.103970880820704364e-17
1.102844357490539551e+00 4.544193695648918868e-15 1.149899636061324070e-16
1.102988481521606445e+00 4.745101440408166366e-15 1.520420699250120888e-16
1.103132724761962891e+00 4.784700230692304906e-15 1.338440038046168740e-16
1.103276848793029785e+00 4.523207183831272696e-15 7.483704172092214271e-17
1.103421092033386230e+00 4.417010428069264791e-15 4.841698229148459450e-17
1.103565216064453125e+00 4.073967166628956679e-15 4.592095817566093307e-17
1.103709459304809570e+00 3.848921523971803385e-15 4.481040864630438960e-17
1.103853583335876465e+00 3.910323365834741244e-15 4.518725889849374816e-17
1.103997826576232910e+00 4.129430460498694638e-15 4.687823775495630093e-17
1.104141950607299805e+00 4.228801401255253764e-15 4.838446085852145966e-17
1.104286193847656250e+00 4.208229088548814945e-15 4.882376324695857181e-17
1.104430317878723145e+00 4.192024077718419298e-15 4.856606009020135136e-17
1.104574561119079590e+00 4.301761431199950178e-15 4.730490744107850325e-17
1.104718685150146484e+00 4.169850449225196223e-15 4.558400119005378193e-17
1.104862928390502930e+00 4.259423336364391230e-15 4.572252416415436215e-17
1.105007052421569824e+00 4.406938359293463905e-15 4.598342354679848751e-17
1.105151295661926270e+00 4.410276516138593103e-15 4.575184937123059209e-17
1.105295419692993164e+00 4.221444496591876538e-15 4.770893223075145387e-17
1.105439662933349609e+00 4.097739993326595873e-15 5.051907322110845225e-17
1.105583786964416504e+00 3.970792624422752118e-15 4.970751970468777637e-17
1.105728030204772949e+00 3.808275377448384902e-15 4.601906841375462257e-17
1.105872154235839844e+00 3.913656440482186916e-15 4.502952879056968663e-17
1.106016278266906738e+00 4.125639564543258017e-15 4.590401751671584706e-17
1.106160521507263184e+00 4.196099576744133364e-15 4.698685318682941389e-17
1.106304645538330078e+00 4.152841604127856245e-15 4.819838161664398077e-17
1.106448888778686523e+00 4.075146660008008292e-15 4.828206913357719569e-17
1.106593012809753418e+00 4.007167607309640792e-15 4.726832620566895815e-17
1.106737256050109863e+00 4.257746634645301342e-15 4.683221342567385048e-17
1.106881380081176758e+00 4.358758701737165675e-15 4.703297016034047029e-17
1.107025623321533203e+00 4.081537523595041989e-15 5.575851793908058484e-17
1.107169747352600098e+00 3.756209532730083941e-15 7.695653653063411616e-17
1.107313990592956543e+00 3.900950522756898783e-15 8.273387033116988095e-17
1.107458114624023438e+00 4.185339293698688359e-15 6.598757897769913440e-17
1.107602357864379883e+00 4.218953796210475268e-15 4.721928432151191425e-17
1.107746481895446777e+00 4.187840581991930308e-15 4.541817463829405136e-17
1.107890725135803223e+00 4.226939622837188812e-15 4.602387929619723098e-17
1.108034849166870117e+00 3.964996801481164568e-15 4.598131258187525218e-17
1.108179092407226562e+00 3.947317529806072811e-15 4.753589266405026091e-17
1.108323216438293457e+00 4.163701413544603630e-15 5.098338293382426753e-17
1.108467459678649902e+00 4.328628045737435703e-15 5.257806473209584704e-17
1.108611583709716797e+00 4.372454800977794084e-15 5.151362225008300933e-17
1.108755826950073242e+00 4.608350512172801339e-15 6.430616563784014483e-17
1.108899950981140137e+00 4.576134037540457652e-15 9.978708539656720332e-17
1.109044194221496582e+00 4.277994533732941765e-15 1.130139283844167303e-16
1.109188318252563477e+00 4.266997504978739184e-15 9.324991010278512772e-17
1.109332561492919922e+00 4.321039901079458054e-15 5.679203048362883974e-17
1.109476685523986816e+00 4.337341473665840691e-15 4.692851048386482374e-17
1.109620809555053711e+00 4.426077068736674822e-15 5.144871504177719835e-17
1.109765052795410156e+00 4.485129664720402878e-15 4.947544591202989893e-17
1.109909176826477051e+00 4.575063811411601844e-15 4.650648293534026903e-17
1.110053420066833496e+00 4.495031479873805649e-15 4.582864812802246539e-17
1.110197544097900391e+00 4.491692475995729197e-15 4.568363344047456900e-17
1.110341787338256836e+00 4.411847762255749830e-15 4.632760678223690190e-17
1.110485911369323730e+00 4.080118743408391035e-15 4.689028812211997344e-17
1.110630154609680176e+00 3.867717185071376310e-15 4.762307088316844960e-17
1.110774278640747070e+00 4.098018667166242537e-15 4.732058416804760823e-17
1.110918521881103516e+00 4.131728460884595555e-15 4.662660941261766992e-17
1.111062645912170410e+00 4.186338792576448434e-15 4.647769705002342366e-17
1.111206889152526855e+00 4.190258014023394081e-15 4.706124650239998299e-17
1.111351013183593750e+00 3.965143338181039562e-15 4.798787076819413565e-17
1.111495256423950195e+00 3.727135126815580082e-15 4.788919142983900966e-17
1.111639380455017090e+00 3.823216191605003506e-15 4.747509158030516316e-17
1.111783623695373535e+00 4.059080562580962351e-15 4.425843764099265465e-17
1.111927747726440430e+00 4.079408082765644677e-15 4.375778161216125933e-17
1.112071990966796875e+00 4.177224294547518535e-15 4.466211170608588279e-17
1.112216114997863770e+00 4.238164079937729173e-15 4.681561687386358653e-17
1.112360358238220215e+00 4.045591139379463991e-15 5.335154808800438237e-17
1.112504482269287109e+00 3.852756889156970857e-15 5.014166710354745805e-17
1.112648725509643555e+00 4.080265703624739657e-15 4.550908509633607932e-17
1.112792849540710449e+00 4.472872674457159525e-15 4.704146365087016478e-17
1.112937092781066895e+00 4.418655366052832642e-15 5.002108733129437810e-17
1.113081216812133789e+00 4.364506667317233357e-15 5.333036895560057465e-17
1.113225340843200684e+00 4.268515388020218890e-15 5.383470097507415562e-17
1.113369584083557129e+00 4.461745626145553409e-15 5.298508060686378941e-17
1.113513708114624023e+00 4.560776483173789933e-15 5.128739496999465668e-17
1.113657951354980469e+00 4.364194112159696520e-15 5.227797353202895923e-17
1.113802075386047363e+00 4.210554193989027999e-15 5.491649108889345543e-17
1.113946318626403809e+00 4.023179071111588831e-15 6.533692532530982326e-17
1.114090442657470703e+00 4.021181343905489564e-15 7.069824683473551895e-17
1.114234685897827148e+00 4.221465248899084269e-15 6.351938452640420703e-17
1.114378809928894043e+00 4.331336010069807702e-15 5.003828937931303086e-17
1.114523053169250488e+00 4.526865095613990392e-15 4.612445784123877872e-17
1.114667177200317383e+00 4.740171285138672710e-15 4.735124940771617407e-17
1.114811420440673828e+00 4.760858794325938115e-15 4.880558843453955669e-17
1.114955544471740723e+00 4.757514708250178137e-15 5.306436421421577201e-17
1.115099787712097168e+00 4.237831195989458233e-15 5.928106988636010341e-17
1.115243911743164062e+00 4.220846914847588630e-15 6.114253066706983519e-17
1.115388154983520508e+00 4.313745676854177646e-15 6.840389266097473588e-17
1.115532279014587402e+00 4.481877481719419992e-15 8.698761685272177386e-17
1.115676522254943848e+00 4.647023495445590929e-15 8.860627034514514011e-17
1.115820646286010742e+00 4.416570394453166182e-15 6.993957662923658324e-17
1.115964889526367188e+00 4.404403613198805412e-15 5.249343753798677188e-17
1.116109013557434082e+00 4.534521849940695640e-15 5.216406414423550690e-17
1.116253256797790527e+00 4.507468464638340541e-15 5.960434530463562747e-17
1.116397380828857422e+00 4.375873425952912441e-15 7.206050742449194874e-17
1.116541504859924316e+00 4.130270717182370904e-15 8.262134068063816707e-17
1.116685748100280762e+00 3.997261133475028122e-15 8.128357787190310774e-17
1.116829872131347656e+00 4.039236698209162230e-15 7.143686618218616927e-17
1.116974115371704102e+00 4.418215332436734033e-15 6.198630121398822639e-17
1.117118239402770996e+00 4.185410444466257721e-15 5.731109624417321524e-17
1.117262482643127441e+00 3.804276958420870977e-15 5.971343388381912076e-17
1.117406606674194336e+00 3.634111003932797429e-15 6.099995119924529492e-17
1.117550849914550781e+00 3.863680226044762314e-15 5.570410930710929689e-17
1.117694973945617676e+00 4.148304472145888586e-15 4.849541886588932280e-17
1.117839217185974121e+00 4.073768537402825546e-15 4.505275933089262586e-17
1.117983341217041016e+00 4.026349091916688050e-15 4.590027535162465716e-17
1.118127584457397461e+00 4.361788538589494307e-15 5.009904083222137543e-17
1.118271708488464355e+00 4.394298510138061609e-15 5.707841364658449877e-17
1.118415951728820801e+00 4.228617595105699581e-15 5.856807328556389567e-17
1.118560075759887695e+00 4.511745557505501131e-15 5.311128520728222995e-17
1.118704319000244141e+00 4.662110422785610900e-15 5.115785848606885255e-17
1.118848443031311035e+00 4.546279514281532583e-15 5.908218257987785343e-17
1.118992686271667480e+00 4.255770506779357060e-15 6.544388308723537995e-17
1.119136810302734375e+00 4.324476313746468750e-15 6.632990601984297980e-17
1.119281053543090820e+00 4.058142473591878213e-15 6.750527011327672831e-17
1.119425177574157715e+00 3.917978426095551983e-15 6.555445397407656826e-17
1.119569420814514160e+00 4.170574662395098650e-15 5.554619721945047370e-17
1.119713544845581055e+00 4.214770724000459906e-15 4.883459269553811605e-17
1.119857788085937500e+00 4.146100068900659269e-15 5.067866944849443341e-17
1.120001912117004395e+00 4.013814274846745286e-15 5.467866011917220891e-17
1.120146036148071289e+00 4.336424560500437911e-15 5.899258237592610947e-17
1.120290279388427734e+00 4.186426884002962881e-15 6.474013105696506485e-17
1.120434403419494629e+00 3.861109481049845513e-15 6.504549966934004097e-17
1.120578646659851074e+00 4.231175634606407568e-15 5.600387956109851412e-17
1.120722770690917969e+00 4.393718292569192413e-15 5.013504965864703383e-17
1.120867013931274414e+00 4.800872630754231263e-15 5.010804055728595237e-17
1.121011137962341309e+00 4.646965050172230383e-15 4.878005502339126983e-17
1.121155381202697754e+00 4.537489853387874708e-15 5.255002992677519982e-17
1.121299505233764648e+00 3.991652504814783772e-15 6.333950913912087585e-17
1.121443748474121094e+00 4.055528953433125069e-15 7.080239218257839535e-17
1.121587872505187988e+00 4.562337141379105981e-15 6.149745070685918788e-17
1.121732115745544434e+00 4.507662435183261776e-15 5.686991781010683283e-17
1.121876239776611328e+00 4.212089864722400046e-15 7.014981947116796118e-17
1.122020483016967773e+00 3.740768545618111673e-15 8.065979104580951894e-17
1.122164607048034668e+00 4.276522390470613791e-15 7.395190552593119970e-17
1.122308850288391113e+00 4.098257106940894623e-15 7.504664928814307992e-17
1.122452974319458008e+00 3.781375305109482832e-15 8.861846629609662195e-17
1.122597217559814453e+00 4.016998695211947829e-15 9.636627666463170715e-17
1.122741341590881348e+00 3.876669476290907010e-15 9.348387648468452649e-17
1.122885584831237793e+00 4.558417072899213079e-15 8.254688119061859373e-17
1.123029708862304688e+00 4.747565459251729125e-15 6.123261394449931012e-17
1.123173952102661133e+00 4.751101821806515829e-15 5.033804639841244725e-17
1.123318076133728027e+00 4.534798829714447796e-15 4.917765096534345833e-17
1.123462200164794922e+00 4.584208379110159270e-15 5.855551999258779092e-17
1.123606443405151367e+00 4.358387701306268291e-15 9.199691014577960225e-17
1.123750567436218262e+00 3.404067231612133322e-15 1.074176478763565722e-16
1.123894810676574707e+00 4.659521466582328131e-15 8.439588132258082670e-17
1.124038934707641602e+00 4.607949018555802800e-15 5.552797939363960582e-17
1.124183177947998047e+00 4.615323287394598739e-15 4.965861678687364137e-17
1.124327301979064941e+00 4.509289585474937287e-15 5.229027867082129807e-17
1.124471545219421387e+00 4.379947654429205625e-15 5.399683499257944947e-17
1.124615669250488281e+00 4.668832476255021027e-15 5.135984606548695127e-17
1.124759912490844727e+00 4.764192716006331041e-15 4.940057944914894950e-17
1.124904036521911621e+00 4.780717058257841559e-15 5.113087585448737279e-17
1.125048279762268066e+00 4.528061106135513464e-15 5.390225516134013628e-17
1.125192403793334961e+00 4.347951408363148057e-15 6.215636954792912888e-17
1.125336647033691406e+00 4.350143529630642186e-15 9.349678050224035373e-17
1.125480771064758301e+00 3.377577970252649588e-15 1.451798060330517729e-16
1.125625014305114746e+00 3.922719269501334302e-15 1.455317879273053372e-16
1.125769138336181641e+00 4.655337547339365514e-15 9.168386529732013403e-17
1.125913381576538086e+00 4.780282106839426476e-15 6.210341013639103383e-17
1.126057505607604980e+00 4.859660528941942351e-15 6.018951272229034052e-17
1.126201748847961426e+00 4.289988096749589030e-15 6.755781262578609662e-17
1.126345872879028320e+00 4.150245871660995442e-15 6.765565816608376916e-17
1.126490116119384766e+00 4.564834618024085286e-15 5.852547017529496453e-17
1.126634240150451660e+00 4.603530471186450743e-15 5.332823482962018784e-17
1.126778483390808105e+00 4.269446700745724993e-15 5.213165851655812949e-17
1.126922607421875000e+00 4.480627684605746272e-15 5.163419540489118885e-17
1.127066731452941895e+00 4.677264265728463960e-15 5.144604159403742697e-17
1.127210974693298340e+00 4.637961513459390797e-15 5.865817641532807187e-17
1.127355098724365234e+00 4.200781974876555136e-15 6.881258605802493579e-17
1.127499341964721680e+00 4.590046553699109536e-15 6.871730146890372743e-17
1.127643465995788574e+00 4.866392323290245903e-15 6.542293225668063686e-17
1.127787709236145020e+00 4.355601809942748898e-15 7.595331203139510292e-17
1.127931833267211914e+00 4.147045357669795068e-15 7.954153550186643146e-17
1.128076076507568359e+00 4.728289953987536640e-15 6.265812407261399462e-17
1.128220200538635254e+00 4.600026719400133329e-15 5.343986119892299381e-17
1.128364443778991699e+00 4.555270345500163354e-15 5.832398883041174827e-17
1.128508567810058594e+00 4.163747576840228989e-15 6.355788482083487515e-17
1.128652811050415039e+00 4.634475549364965724e-15 6.403648490581315654e-17
1.128796935081481934e+00 4.538655794239770253e-15 6.597909541333679055e-17
1.128941178321838379e+00 3.883044246251942874e-15 8.192409359870496898e-17
1.129085302352905273e+00 4.292024787471261996e-15 9.578726347073438863e-17
1.129229545593261719e+00 4.472018018213379936e-15 8.890694718908571546e-17
1.129373669624328613e+00 4.650669548767047065e-15 7.905944802342562651e-17
1.129517912864685059e+00 4.727159165002952149e-15 8.371990932600249249e-17
1.129662036895751953e+00 4.464224468065693119e-15 1.121814802857229649e-16
1.129806280136108398e+00 4.440460535214000096e-15 1.557904421795185839e-16
1.129950404167175293e+00 5.123371108058886320e-15 1.334107067474268968e-16
1.130094647407531738e+00 4.603718936017214824e-15 1.054394090454890541e-16
1.130238771438598633e+00 4.261562941589155593e-15 7.544108870887776606e-17
1.130383014678955078e+00 4.349722130739383172e-15 6.238695441548441087e-17
1.130527138710021973e+00 4.466723215260093305e-15 6.875566941443638706e-17
1.130671262741088867e+00 4.329990498233094245e-15 7.257653577782702953e-17
1.130815505981445312e+00 4.135022995532941156e-15 6.565563470660405461e-17
1.130959630012512207e+00 4.242763892357793651e-15 5.463363171534727229e-17
1.131103873252868652e+00 4.220564429359679320e-15 7.372447717959342006e-17
1.131247997283935547e+00 4.084456399131280308e-15 1.055607200454036310e-16
1.131392240524291992e+00 4.378711409842687974e-15 1.123481075483156468e-16
1.131536364555358887e+00 4.178427081332619641e-15 8.029542129470236046e-17
1.131680607795715332e+00 4.382312993934413259e-15 5.238858081481709988e-17
1.131824731826782227e+00 4.393292658513197127e-15 4.830970358348136724e-17
1.131968975067138672e+00 4.449455178080893511e-15 4.924161187902850864e-17
1.132113099098205566e+00 4.611095322438378899e-15 5.734163575238867302e-17
1.132257342338562012e+00 4.921353326622262062e-15 8.300548335710779312e-17
1.132401466369628906e+00 4.593343629446296900e-15 1.024983385990547123e-16
1.132545709609985352e+00 4.398434572019504357e-15 8.522441851133844134e-17
1.132689833641052246e+00 4.447604834607616492e-15 5.621378491333997043e-17
1.132834076881408691e+00 4.353705726690320146e-15 5.569395814663204614e-17
1.132978200912475586e+00 4.169882212960718260e-15 1.045218870751554350e-16
1.133122444152832031e+00 4.227626143040938422e-15 1.614336668417023514e-16
1.133266568183898926e+00 4.045606385972514568e-15 1.724603549839486341e-16
1.133410811424255371e+00 4.658322914961963296e-15 1.097244626988648540e-16
1.133554935455322266e+00 4.328237140032277844e-15 8.350009765874510112e-17
1.133771181106567383e+00 4.367499658236356427e-15 6.880488335216084200e-17
1.133943915367126465e+00 4.237271307211323140e-15 6.013022041598253950e-17
1.134116768836975098e+00 3.613212160025192077e-15 6.130535289884477316e-17
1.134289503097534180e+00 3.848364599808983683e-15 6.292640190632209298e-17
1.134462237358093262e+00 3.950000083150027180e-15 8.053443678706078291e-17
1.134634971618652344e+00 2.884721261980894257e-15 1.568537729307881504e-16
1.134807705879211426e+00 3.369244860117561781e-15 3.064247301113042247e-16
1.134980559349060059e+00 4.700048181460183758e-15 1.673780381864146244e-16
1.135153293609619141e+00 4.284242248751889484e-15 1.189596232181090881e-16
1.135326027870178223e+00 4.798885914976446301e-15 1.807094368036908541e-16
1.135498762130737305e+00 4.856205905066565687e-15 1.384604127764916160e-16
1.135671496391296387e+00 4.370947929364628684e-15 7.599688790606439642e-17
1.135844349861145020e+00 4.060269373322433761e-15 5.503080083210338343e-17
1.136017084121704102e+00 3.374097300114144854e-15 6.550331435988608988e-17
1.136189818382263184e+00 4.307361589530721985e-15 7.676960032964203233e-17
1.136362552642822266e+00 4.671815726295250673e-15 5.710804656484859843e-17
1.136535286903381348e+00 4.468546877195531813e-15 4.534630256923054389e-17
1.136708021163940430e+00 4.276610481897128238e-15 4.055190749059154188e-17
1.136880874633789062e+00 4.066836843278969979e-15 3.964268379616305471e-17
1.137053608894348145e+00 4.128572839639599659e-15 4.049808450249394148e-17
1.137226343154907227e+00 4.008411898709157359e-15 4.273884729872863900e-17
1.137399077415466309e+00 3.935665744583642656e-15 4.343456244216738888e-17
1.137571811676025391e+00 3.829998384413668688e-15 5.286282662105090213e-17
1.137744665145874023e+00 4.165880405801415318e-15 6.153297315108466510e-17
1.137917399406433105e+00 4.228970384328230997e-15 5.476823716206680138e-17
1.138090133666992188e+00 3.842517107857613620e-15 4.823466506703300678e-17
1.138262867927551270e+00 3.376080839518377612e-15 4.502601161860511115e-17
1.138435602188110352e+00 2.860570870347016459e-15 4.856042533586864014e-17
1.138608455657958984e+00 3.077768964506095474e-15 5.425442896149581292e-17
1.138781189918518066e+00 3.705332922269728019e-15 5.427636579134071922e-17
1.138953924179077148e+00 3.936958316861152718e-15 5.194204555910382406e-17
1.139126658439636230e+00 4.070740818132865049e-15 4.530735228854664693e-17
1.139299392700195312e+00 4.274974014243032930e-15 4.059820313511490974e-17
1.139472126960754395e+00 4.123955239527642841e-15 3.927396307503386731e-17
1.139644980430603027e+00 4.072220584691718312e-15 4.101624036436450865e-17
1.139817714691162109e+00 3.695262547559821642e-15 4.751818769021917590e-17
1.139990448951721191e+00 3.657220180316262878e-15 5.295753549246577359e-17
1.140163183212280273e+00 4.239187295738012368e-15 4.671926025866850944e-17
1.140335917472839355e+00 4.104844482171691317e-15 4.041080702170224642e-17
1.140508770942687988e+00 3.490098038724147658e-15 3.991555744535449769e-17
1.140681505203247070e+00 2.634057319592271462e-15 4.336120144800128596e-17
1.140854239463806152e+00 2.333772916604070873e-15 5.217608142417467728e-17
1.141026973724365234e+00 3.271953385246511962e-15 4.933758468241936112e-17
1.141199707984924316e+00 3.634476922166011287e-15 4.165167389348284409e-17
1.141372561454772949e+00 3.664801125194188866e-15 4.354120256673772520e-17
1.141545295715332031e+00 3.875719952357034939e-15 5.202967045575279139e-17
1.141718029975891113e+00 4.351642354430808671e-15 4.837944814400938832e-17
1.141890764236450195e+00 4.389891397713497484e-15 4.262950394791647937e-17
1.142063498497009277e+00 4.241888907323279959e-15 4.284435914894345299e-17
1.142236232757568359e+00 4.183945077467507781e-15 4.705534374154880458e-17
1.142409086227416992e+00 4.568011838609236167e-15 5.037509416368747225e-17
1.142581820487976074e+00 4.328891896500505418e-15 4.734742783328617908e-17
1.142754554748535156e+00 4.289902969938389973e-15 4.360415101135301061e-17
1.142927289009094238e+00 4.405712702618786933e-15 4.246752874908879571e-17
1.143100023269653320e+00 4.268414167583022001e-15 4.222454609851256893e-17
1.143272876739501953e+00 4.224694138494017662e-15 4.355271030341956293e-17
1.143445611000061035e+00 4.231549599652620341e-15 4.429218991870726839e-17
1.143618345260620117e+00 4.040179022362982639e-15 5.110424063876316530e-17
1.143791079521179199e+00 4.083866017167044060e-15 1.156859996956488275e-16
1.143963813781738281e+00 4.270776542472914244e-15 1.997659311114588997e-16
1.144136667251586914e+00 3.799777095888582507e-15 2.135169419098710292e-16
1.144309401512145996e+00 3.641482731672751605e-15 1.287995387919132909e-16
1.144482135772705078e+00 4.607752930428513430e-15 7.010149227106016309e-17
1.144654870033264160e+00 4.588244067587352384e-15 5.725300831283729143e-17
1.144827604293823242e+00 3.993755264106342573e-15 6.306479253152466472e-17
1.145000338554382324e+00 3.870182897980833578e-15 1.014324071919392792e-16
1.145173192024230957e+00 4.458101690406465409e-15 1.407554882517465453e-16
1.145345926284790039e+00 4.318809663329337481e-15 1.155333617115756424e-16
1.145518660545349121e+00 4.220444574197642837e-15 6.616306038156858390e-17
1.145691394805908203e+00 4.474074614209313377e-15 4.929923658922140276e-17
1.145864129066467285e+00 4.099675887127545576e-15 5.087002610268000062e-17
1.146036982536315918e+00 4.079087480795108925e-15 5.308741608352639978e-17
1.146209716796875000e+00 4.252217203565625270e-15 4.905216435769671382e-17
1.146382451057434082e+00 4.321878040180766184e-15 4.924828557221058647e-17
1.146555185317993164e+00 4.057409790092503243e-15 6.198785631353982608e-17
1.146727919578552246e+00 4.302845633372435682e-15 9.972742251334497854e-17
1.146900773048400879e+00 4.791431601524134831e-15 1.061809599210305924e-16
1.147073507308959961e+00 4.710257469573439840e-15 7.785116214161226750e-17
1.147246241569519043e+00 4.463199981715989043e-15 5.711698011546417113e-17
1.147418975830078125e+00 3.997347954352121688e-15 5.589095948131767521e-17
1.147591710090637207e+00 4.249128074406988836e-15 6.089033984191466811e-17
1.147764444351196289e+00 4.659213993622474820e-15 5.487242883202398075e-17
1.147937297821044922e+00 4.572007293021434701e-15 4.570700294714041714e-17
1.148110032081604004e+00 4.425983471596003221e-15 4.133913858828070853e-17
1.148282766342163086e+00 4.443029162626548761e-15 4.003520084915416762e-17
1.148455500602722168e+00 4.477913367526269867e-15 4.259608915989178727e-17
1.148628234863281250e+00 4.212108922963713267e-15 4.793735981126919757e-17
1.148801088333129883e+00 3.917423195998626789e-15 5.422683752498349413e-17
1.148973822593688965e+00 4.721373929973205277e-15 6.006509814071746473e-17
1.149146556854248047e+00 5.072931566599313616e-15 5.355621904132960311e-17
1.149319291114807129e+00 4.698684034898630707e-15 4.766274577406894302e-17
1.149492025375366211e+00 4.215916759578094974e-15 4.780072611768768846e-17
1.149664878845214844e+00 3.943310640449086343e-15 5.473649658760191660e-17
1.149837613105773926e+00 4.247427232248902201e-15 6.095129312689247562e-17
1.150010347366333008e+00 4.818703944843355166e-15 5.883320121549939210e-17
1.150183081626892090e+00 4.820098161074535745e-15 5.217277601044691539e-17
1.150355815887451172e+00 4.659776423499451675e-15 4.655415831712537533e-17
1.150528550148010254e+00 4.567783563229951133e-15 4.203052592275458097e-17
1.150701403617858887e+00 4.385173847713764658e-15 4.268839920753025494e-17
1.150874137878417969e+00 4.351022326313418523e-15 4.753979695654151120e-17
1.151046872138977051e+00 4.711769423384288766e-15 5.049160089860434109e-17
1.151219606399536133e+00 4.399655146496497804e-15 5.179831465586660997e-17
1.151392340660095215e+00 4.546241397798906139e-15 4.910269185823390296e-17
1.151565194129943848e+00 4.764137235348285884e-15 4.395855158171768000e-17
1.151737928390502930e+00 4.604519382152370138e-15 4.273537644887836649e-17
1.151910662651062012e+00 4.217544756902717740e-15 4.860672098039200799e-17
1.152083396911621094e+00 4.260050564261833039e-15 5.673794610645767258e-17
1.152256131172180176e+00 4.671431173337197221e-15 4.804794724172263695e-17
1.152428984642028809e+00 4.513947419651888684e-15 4.464007561456747014e-17
1.152601718902587891e+00 3.590463819677256960e-15 5.256093878469354915e-17
1.152774453163146973e+00 3.995190984951938612e-15 6.467740429675394366e-17
1.152947187423706055e+00 4.711492443610536610e-15 5.314437904922925148e-17
1.153119921684265137e+00 4.523849234805291455e-15 4.233558351521923716e-17
1.153292655944824219e+00 4.406740153583806399e-15 3.950144436093085034e-17
1.153465509414672852e+00 4.254762114055650815e-15 4.137002882107588880e-17
1.153638243675231934e+00 4.115984235977506248e-15 6.887140852574480669e-17
1.153810977935791016e+00 4.062051107126983182e-15 1.541538421765252672e-16
1.153983712196350098e+00 3.987610463590486251e-15 1.757622747008031087e-16
1.154156446456909180e+00 4.455542803872810168e-15 1.016370053533705953e-16
1.154329299926757812e+00 4.528043741960094751e-15 5.033289140883501678e-17
1.154502034187316895e+00 4.518108892521749062e-15 4.840148754425025119e-17
1.154674768447875977e+00 4.608712618757752552e-15 4.764141774915487575e-17
1.154847502708435059e+00 4.354003882287753660e-15 4.288128780021027036e-17
1.155020236968994141e+00 4.235810598893783099e-15 4.186881542172291428e-17
1.155193090438842773e+00 4.503699168023058905e-15 4.134666593185494109e-17
1.155365824699401855e+00 4.500554134689903688e-15 4.227451111623322202e-17
1.155538558959960938e+00 4.439774015010250485e-15 4.603289225615160877e-17
1.155711293220520020e+00 4.236860919748378432e-15 4.821338005551079227e-17
1.155884027481079102e+00 4.478386858943785021e-15 4.700904147958053631e-17
1.156056761741638184e+00 4.764622585227062598e-15 4.198361816457792388e-17
1.156229615211486816e+00 4.638363007076389335e-15 4.306600715716071208e-17
1.156402349472045898e+00 4.253253124860117279e-15 6.412772623610020570e-17
1.156575083732604980e+00 4.289304117644681183e-15 8.193906225906972857e-17
1.156747817993164062e+00 4.652024801482653946e-15 6.113016927999584274e-17
1.156920552253723145e+00 4.615731133758701685e-15 4.298768638804174121e-17
1.157093405723571777e+00 4.263732192967073856e-15 4.093216572690461892e-17
1.157266139984130859e+00 4.032344814633827615e-15 4.317966177332549808e-17
1.157438874244689941e+00 4.283458743275679256e-15 4.437062318438954648e-17
1.157611608505249023e+00 4.487212518737701203e-15 4.512033006077085758e-17
1.157784342765808105e+00 4.175667871506938758e-15 4.771309129487137049e-17
1.157957196235656738e+00 4.268232479015835953e-15 4.949977494820630858e-17
1.158129930496215820e+00 4.641986614024743232e-15 4.697302272698752727e-17
1.158302664756774902e+00 4.493911278801061837e-15 4.194070403439867280e-17
1.158475399017333984e+00 4.421945665536441972e-15 3.993100917919698825e-17
1.158648133277893066e+00 4.522437230882218537e-15 4.003464167506008177e-17
1.158820867538452148e+00 4.440930214983252605e-15 4.638895049646383443e-17
1.158993721008300781e+00 4.102491424644218870e-15 1.001967978801320686e-16
1.159166455268859863e+00 4.186287970599613176e-15 1.625651308056666857e-16
1.159339189529418945e+00 4.304048420157536789e-15 1.242337135688573917e-16
1.159511923789978027e+00 4.093982978689049423e-15 6.426120009974176225e-17
1.159684658050537109e+00 4.013676631992816463e-15 4.327239864616004312e-17
1.159857511520385742e+00 4.093136369258268750e-15 4.356892304342560227e-17
1.160030245780944824e+00 4.249840852632103330e-15 4.179308538228245949e-17
1.160202980041503906e+00 4.134685029386986690e-15 4.071207612696140974e-17
1.160375714302062988e+00 3.988572693018567136e-15 4.162892311791518561e-17
1.160548448562622070e+00 4.367324322416274787e-15 4.311661075831425610e-17
1.160721302032470703e+00 4.500461384582179342e-15 4.420748000653693794e-17
1.160894036293029785e+00 4.443276496247147017e-15 4.643417080619088335e-17
1.161066770553588867e+00 4.253641912982907003e-15 4.411197373301156536e-17
1.161239504814147949e+00 4.150423748579918845e-15 3.964511239844151040e-17
1.161412239074707031e+00 4.284619178413417648e-15 3.985558685094440319e-17
1.161584973335266113e+00 4.548246748301530695e-15 4.282988017950132480e-17
1.161757826805114746e+00 4.801321134699802415e-15 4.252258258193787502e-17
1.161930561065673828e+00 4.095523308103631369e-15 3.725099362536193177e-17
1.162103295326232910e+00 4.377475165256170322e-15 3.842419712303569177e-17
1.162276029586791992e+00 4.311363820206498554e-15 4.033575196164163490e-17
1.162448763847351074e+00 4.214293844451155735e-15 4.588200789497703610e-17
1.162621617317199707e+00 4.421473868184821326e-15 6.780854761306317037e-17
1.162794351577758789e+00 4.457158519219697745e-15 8.529431858182162239e-17
1.162967085838317871e+00 4.542816420076683376e-15 7.180329395865735968e-17
1.163139820098876953e+00 4.476618677666391669e-15 4.636687139155356901e-17
1.163312554359436035e+00 4.610525269264876755e-15 4.130362276150013174e-17
1.163485407829284668e+00 4.575610147662580868e-15 4.255902815972696142e-17
1.163658142089843750e+00 4.457866638763602340e-15 4.067447249631474910e-17
1.163830876350402832e+00 4.288387204479278403e-15 3.976577819747829587e-17
1.164003610610961914e+00 4.278329111747107213e-15 4.001433935410558026e-17
1.164176344871520996e+00 4.181365015110171182e-15 4.122454760366251250e-17
1.164349079132080078e+00 4.125371478615452031e-15 4.087666521652476097e-17
1.164521932601928711e+00 4.323950306286223830e-15 3.861514018691498246e-17
1.164694666862487793e+00 4.678342538670318684e-15 4.028190250376443280e-17
1.164867401123046875e+00 4.646879923361031325e-15 6.299794310314057923e-17
1.165040135383605957e+00 4.381888630427838854e-15 1.157992771174542893e-16
1.165212869644165039e+00 4.406596157982773168e-15 1.199279009908289610e-16
1.165385723114013672e+00 4.505188251944331965e-15 6.526666791280201930e-17
1.165558457374572754e+00 4.297310273062128830e-15 3.972800251326422420e-17
1.165731191635131836e+00 4.008273408822281281e-15 3.860492946943362789e-17
1.165903925895690918e+00 3.961600199362674823e-15 4.042423712612765738e-17
1.166076660156250000e+00 4.331006514253325779e-15 4.098251124770704639e-17
1.166249513626098633e+00 4.520799069162228720e-15 3.841084642794908590e-17
1.166422247886657715e+00 4.481446341949267553e-15 3.729745801473026044e-17
1.166594982147216797e+00 4.481579749638460106e-15 3.835878368019499834e-17
1.166767716407775879e+00 4.481810142600113275e-15 4.059515911046071459e-17
1.166940450668334961e+00 4.565078139996420897e-15 4.147259259958756381e-17
1.167113184928894043e+00 4.318887166844011249e-15 3.879322224663029868e-17
1.167286038398742676e+00 4.258047754858050246e-15 3.793563778348227192e-17
1.167458772659301758e+00 4.403029725758358937e-15 3.803433697417209919e-17
1.167631506919860840e+00 4.336201367318836403e-15 3.918316842227759678e-17
1.167804241180419922e+00 4.173809481220662823e-15 4.159013496463134904e-17
1.167976975440979004e+00 4.339362070761515824e-15 4.132010681674708847e-17
1.168149828910827637e+00 4.524114779634255679e-15 4.079106194929287325e-17
1.168322563171386719e+00 4.252488677625220273e-15 4.217214916979100995e-17
1.168495297431945801e+00 4.006747478967802659e-15 4.222752725744021004e-17
1.168668031692504883e+00 3.981355548791486870e-15 3.920420197089359517e-17
1.168840765953063965e+00 3.866486869715489438e-15 3.586178018252607412e-17
1.169013619422912598e+00 3.673992279704845279e-15 3.419325100788821051e-17
1.169186353683471680e+00 3.259167211149471485e-15 3.396185219461017634e-17
1.169359087944030762e+00 2.650252377785536871e-15 3.869485723690794284e-17
1.169531822204589844e+00 2.709450663436192668e-15 5.979831584955686225e-17
1.169704556465148926e+00 3.327366915930598731e-15 7.007268653340861645e-17
1.169877409934997559e+00 3.689206685503427022e-15 5.216114254231196960e-17
1.170050144195556641e+00 3.777499282342847153e-15 3.609547524918455550e-17
1.170222878456115723e+00 4.078910450909132776e-15 3.733824132765157491e-17
1.170395612716674805e+00 4.232297106228572262e-15 4.009981688988435993e-17
1.170568346977233887e+00 4.285040153788203035e-15 3.801283358696817068e-17
1.170741081237792969e+00 4.286318326505609774e-15 3.633336908463235604e-17
1.170913934707641602e+00 4.263474694951108548e-15 3.629390926069112641e-17
1.171086668968200684e+00 4.308980693009398580e-15 3.875683953456776631e-17
1.171259403228759766e+00 4.355081308196661130e-15 4.523423944856430992e-17
1.171432137489318848e+00 4.288155540968204352e-15 6.843173225167082058e-17
1.171604871749877930e+00 4.296633070220799017e-15 9.134218014733162978e-17
1.171777725219726562e+00 4.181751262134119143e-15 8.554699909789942086e-17
1.171950459480285645e+00 4.073223471701267404e-15 5.543804500872039044e-17
1.172123193740844727e+00 4.213927926217941877e-15 3.975369143436767103e-17
1.172295928001403809e+00 4.154506023869210946e-15 3.751449697257437405e-17
1.172468662261962891e+00 4.215078620476786844e-15 3.640786166187643150e-17
1.172641515731811523e+00 4.308656279390600183e-15 3.621394405651440012e-17
1.172814249992370605e+00 4.157591341379584735e-15 3.703419951297913385e-17
1.172986984252929688e+00 4.307050304922606029e-15 3.954421290732229209e-17
1.173159718513488770e+00 4.388771196640753672e-15 3.769211581114666058e-17
1.173332452774047852e+00 4.334101149126119365e-15 3.583149544593928267e-17
1.173505187034606934e+00 4.282673120217100893e-15 3.572616557545923034e-17
1.173678040504455566e+00 4.059443516198860819e-15 3.701407586303694379e-17
1.173850774765014648e+00 3.888449587004846192e-15 3.919360082416311556e-17
1.174023509025573730e+00 4.061077866270587991e-15 3.943761579614380852e-17
1.174196243286132812e+00 4.066727152512300547e-15 3.825863196034952796e-17
1.174368977546691895e+00 4.393335010160559842e-15 3.784604419697542839e-17
1.174541831016540527e+00 4.316537497448327820e-15 3.723186590087725555e-17
1.174714565277099609e+00 4.205425833009876838e-15 3.797448880249266253e-17
1.174887299537658691e+00 4.283605279975554250e-15 3.679459837674702385e-17
1.175060033798217773e+00 4.380391923210040506e-15 3.589541665495493044e-17
1.175232768058776855e+00 4.235321013850270114e-15 3.579759427571440938e-17
1.175405621528625488e+00 3.924465427922099042e-15 3.648656955152207719e-17
1.175578355789184570e+00 3.988061932151372793e-15 3.919156926857868533e-17
1.175751090049743652e+00 4.232436443148395594e-15 4.008865987778224469e-17
1.175923824310302734e+00 4.238751920803123657e-15 3.757162868312218656e-17
1.176096558570861816e+00 4.279421784249065261e-15 3.545298752380236784e-17
1.176269292831420898e+00 4.056979073838824432e-15 3.548487037333261174e-17
1.176442146301269531e+00 3.900951369789846038e-15 3.666412552436780969e-17
1.176614880561828613e+00 4.000972408333422839e-15 3.600219243714572546e-17
1.176787614822387695e+00 3.967083043630251910e-15 3.608854678437381134e-17
1.176960349082946777e+00 3.808131381847351671e-15 4.892263779993826032e-17
1.177133083343505859e+00 3.342661154584459192e-15 5.694210089908066023e-17
1.177305936813354492e+00 2.737280354434706332e-15 4.796595048196148042e-17
1.177478671073913574e+00 2.321474421726412059e-15 3.511342326490444956e-17
1.177651405334472656e+00 2.208790240621383467e-15 3.247383037324363443e-17
1.177824139595031738e+00 2.525650019596166647e-15 3.309236625680873661e-17
1.177996873855590820e+00 3.078716794374073036e-15 3.463591174961228795e-17
1.178169727325439453e+00 3.533402386394286950e-15 3.714707327064566979e-17
1.178342461585998535e+00 3.578585029624962652e-15 3.874843207082177734e-17
1.178515195846557617e+00 3.707250604862311755e-15 4.082713364144508568e-17
1.178687930107116699e+00 3.925159994938847569e-15 5.668300146144945027e-17
1.178860664367675781e+00 3.985023624969571618e-15 6.778254105460450318e-17
1.179033398628234863e+00 4.085623610532596733e-15 5.803562043398596197e-17
1.179206252098083496e+00 4.076583227886551586e-15 4.076308339225387964e-17
1.179378986358642578e+00 3.951847885524462436e-15 3.623298906293782103e-17
1.179551720619201660e+00 3.846842905119241332e-15 3.548540969509199631e-17
1.179724454879760742e+00 3.995572996811150301e-15 3.703358078188094418e-17
1.179897189140319824e+00 4.009147546823847719e-15 3.792871924483887840e-17
1.180070042610168457e+00 3.973406568097978889e-15 3.633590025730676831e-17
1.180242776870727539e+00 4.001460299311041316e-15 3.416766134845827005e-17
1.180415511131286621e+00 3.988798427299010407e-15 3.429908049545824487e-17
1.180588245391845703e+00 4.135271176186486666e-15 3.610096111100700718e-17
1.180760979652404785e+00 4.181493340601680209e-15 3.824421916535640400e-17
1.180933833122253418e+00 4.136244417042881857e-15 3.789668088535347453e-17
1.181106567382812500e+00 4.008151436077876661e-15 3.612463502013827483e-17
1.181279301643371582e+00 4.040785921469690345e-15 3.515726714609221024e-17
1.181452035903930664e+00 3.998956893435431231e-15 3.553367733819569059e-17
1.181624770164489746e+00 3.833425479718259588e-15 3.655816037917731663e-17
1.181797504425048828e+00 3.639689986439887878e-15 3.839683729709488782e-17
1.181970357894897461e+00 3.824344015974272606e-15 3.845059411074348398e-17
1.182143092155456543e+00 3.871450059269926011e-15 3.736962786881428699e-17
1.182315826416015625e+00 4.153226580602383325e-15 3.779444797908682074e-17
1.182488560676574707e+00 4.129736239392653441e-15 3.766376998591569342e-17
1.182661294937133789e+00 4.079029882554695632e-15 3.703832879859699856e-17
1.182834148406982422e+00 3.909425934427125313e-15 3.462597896481675120e-17
1.183006882667541504e+00 3.853394281449779718e-15 3.351600515316654463e-17
1.183179616928100586e+00 3.977455809102328071e-15 3.450430069671020083e-17
1.183352351188659668e+00 4.141145773192168866e-15 3.729805358477129862e-17
1.183525085449218750e+00 4.099680122292281848e-15 3.675270995052733853e-17
1.183697938919067383e+00 3.881289193985231964e-15 3.460819789036931131e-17
1.183870673179626465e+00 3.736679070548767911e-15 3.393085277397413907e-17
1.184043407440185547e+00 3.657110489549593446e-15 3.347078815216194593e-17
1.184216141700744629e+00 3.677586664016518903e-15 3.580171694388737367e-17
1.184388875961303711e+00 3.978075413703244592e-15 3.852951706734839346e-17
1.184561610221862793e+00 4.226510600649404509e-15 3.702593432429850400e-17
1.184734463691711426e+00 4.184274573283989704e-15 3.580802998632237838e-17
1.184907197952270508e+00 3.931945152362828141e-15 3.806284823552557694e-17
1.185079932212829590e+00 3.779879021408158110e-15 4.506514057030131957e-17
1.185252666473388672e+00 3.694675130210900785e-15 4.615320733060867175e-17
1.185425400733947754e+00 3.668339605331343706e-15 3.757529474759702158e-17
1.185598254203796387e+00 3.828856584000769891e-15 3.382986394734876503e-17
1.185770988464355469e+00 3.954461829199689207e-15 3.436203886624088091e-17
1.185943722724914551e+00 3.964009584581139681e-15 3.622835354278507386e-17
1.186116456985473633e+00 4.003889589803766649e-15 3.665514234291548381e-17
1.186289191246032715e+00 3.945154207658785328e-15 3.571686806537413431e-17
1.186462044715881348e+00 3.888259851624661229e-15 4.047392751988494286e-17
1.186634778976440430e+00 4.020612561281408301e-15 4.842609782183492887e-17
1.186807513236999512e+00 3.980597454303694271e-15 4.963961810256452343e-17
1.186980247497558594e+00 3.866250971039679116e-15 4.168125387218774036e-17
1.187152981758117676e+00 3.863628557034979802e-15 3.620415023806177227e-17
1.187325716018676758e+00 3.853247744749904724e-15 3.453151493886319544e-17
1.187498569488525391e+00 3.871250583010847623e-15 3.489468031499847671e-17
1.187671303749084473e+00 3.998983574973269742e-15 3.741841829006511478e-17
1.187844038009643555e+00 4.128447055246932396e-15 3.882656424276108612e-17
1.188016772270202637e+00 3.833361952247215515e-15 3.612719928003718921e-17
1.188189506530761719e+00 3.724920982691457341e-15 3.542724566313971762e-17
1.188362360000610352e+00 3.874589163372450448e-15 3.637797397198366551e-17
1.188535094261169434e+00 3.602222754567514784e-15 3.714419137339153504e-17
1.188707828521728516e+00 3.319784700503251862e-15 3.763501057037844976e-17
1.188880562782287598e+00 3.497389298334112676e-15 3.585495097938883632e-17
1.189053297042846680e+00 3.833610132900761025e-15 3.488575669055025464e-17
1.189226150512695312e+00 3.945822093137695344e-15 3.531455057648549313e-17
1.189398884773254395e+00 4.044232922048541720e-15 3.645017029584729376e-17
1.189571619033813477e+00 3.957680977915729176e-15 3.659286226023514125e-17
1.189744353294372559e+00 3.878919195798814432e-15 3.450063463223536581e-17
1.189917087554931641e+00 4.045744452342917019e-15 3.493933483318653935e-17
1.190089821815490723e+00 4.113860724378739717e-15 3.630511921235244504e-17
1.190262675285339355e+00 3.999390150787951806e-15 3.767678650003482787e-17
1.190435409545898438e+00 3.990719074506909533e-15 3.869262715797649988e-17
1.190608143806457520e+00 3.999772586163637123e-15 3.728534478184003390e-17
1.190780878067016602e+00 3.993329206533873660e-15 3.671553314507675525e-17
1.190953612327575684e+00 3.850907816233114719e-15 3.631911510831684227e-17
1.191126465797424316e+00 3.860750339080209689e-15 3.709650275671662789e-17
1.191299200057983398e+00 4.022938090238094982e-15 3.812226958200893624e-17
1.191471934318542480e+00 4.129563868187887191e-15 3.671830254576758279e-17
1.191644668579101562e+00 3.987781140729357993e-15 3.526212056053943202e-17
1.191817402839660645e+00 3.875764421586765790e-15 3.474565876456337345e-17
1.191990256309509277e+00 3.844105294633715433e-15 3.553334646595066937e-17
1.192162990570068359e+00 3.929922437684784872e-15 3.697159848422112071e-17
1.192335724830627441e+00 4.005449400976135443e-15 3.531718431955586197e-17
1.192508459091186523e+00 3.940969864899349084e-15 3.373370916422315088e-17
1.192681193351745605e+00 3.954608365899564201e-15 3.379094344516691997e-17
1.192853927612304688e+00 3.901597655928601069e-15 3.487967856740921500e-17
1.193026781082153320e+00 4.022665345629079098e-15 3.648083222679340939e-17
1.193199515342712402e+00 4.000426072082443815e-15 3.574186877220793701e-17
1.193372249603271484e+00 4.007293815218781682e-15 3.633589033113941767e-17
1.193544983863830566e+00 4.156640546896291782e-15 3.823669182178217145e-17
1.193717718124389648e+00 4.005717910420415057e-15 3.991722173274695439e-17
1.193890571594238281e+00 3.879343559305388836e-15 4.189868656800342921e-17
1.194063305854797363e+00 3.763358914321383863e-15 3.769284373008570724e-17
1.194236040115356445e+00 3.692146313346873071e-15 3.386241515881395177e-17
1.194408774375915527e+00 3.678830108383088215e-15 3.353875262001175289e-17
1.194581508636474609e+00 3.883930666231244500e-15 3.504307982561294008e-17
1.194754362106323242e+00 3.871025695763351607e-15 3.620396164088211018e-17
1.194927096366882324e+00 3.703427521654879470e-15 3.666760960910788304e-17
1.195099830627441406e+00 3.428201106103539661e-15 3.918084239039509766e-17
1.195272564888000488e+00 3.420707829135654493e-15 4.045292374977099638e-17
1.195445299148559570e+00 3.610571111295653168e-15 3.839020661730466275e-17
1.195618033409118652e+00 3.788204931763194255e-15 3.717390700971689001e-17
1.195790886878967285e+00 3.945242299085299775e-15 3.637156828532005486e-17
1.195963621139526367e+00 3.888948065894305348e-15 3.464776028470649752e-17
1.196136355400085449e+00 3.738225329193980637e-15 3.397685063347698783e-17
1.196309089660644531e+00 3.625381905894868237e-15 3.458126819834703494e-17
1.196481823921203613e+00 3.588396635769482840e-15 3.657171290633338544e-17
1.196654677391052246e+00 3.561773119687859299e-15 4.229189845270908666e-17
1.196827411651611328e+00 3.697624075416766631e-15 5.140653213925944415e-17
1.197000145912170410e+00 3.673556481253482942e-15 5.272410512360330918e-17
1.197172880172729492e+00 3.647517417905464868e-15 4.873154915227116029e-17
1.197345614433288574e+00 3.671655315803370664e-15 5.445266775837782132e-17
1.197518467903137207e+00 3.297980166616794849e-15 6.288985375813705000e-17
1.197691202163696289e+00 3.044563790666069206e-15 5.574310590990749683e-17
1.197863936424255371e+00 3.369645506701613065e-15 4.245620630086416986e-17
1.198036670684814453e+00 3.354860758365526066e-15 3.668382565783637260e-17
1.198209404945373535e+00 3.492616691192808320e-15 4.557004830748123746e-17
1.198382139205932617e+00 3.512957763904646716e-15 5.404435155568694559e-17
1.198554992675781250e+00 3.437221159958850705e-15 5.125810946758782929e-17
1.198727726936340332e+00 3.494125256871868229e-15 6.671556409119480300e-17
1.198900461196899414e+00 3.949058182512680398e-15 8.667027728252193032e-17
1.199073195457458496e+00 3.775538401069953448e-15 7.362929185214571806e-17
1.199245929718017578e+00 3.576927386147185986e-15 4.223914749068535498e-17
1.199418783187866211e+00 3.473543838561246426e-15 3.572892835870515745e-17
1.199591517448425293e+00 3.474354025575295164e-15 3.518309834226101618e-17
1.199764251708984375e+00 3.536441117092561752e-15 3.964685940389522240e-17
1.199936985969543457e+00 3.593987476737834849e-15 5.750774685427912183e-17
1.200109720230102539e+00 3.454474797577947176e-15 6.452691036482849601e-17
1.200282573699951172e+00 3.601860224466089944e-15 5.171391576360659945e-17
1.200455307960510254e+00 3.384103088561823090e-15 5.016550314007878610e-17
1.200628042221069336e+00 3.225052323924094098e-15 8.557707538497184895e-17
1.200800776481628418e+00 3.595964028120252759e-15 1.015242374748224661e-16
1.200973510742187500e+00 3.839447460456764036e-15 6.803737885771983995e-17
1.201146245002746582e+00 3.769090786275453714e-15 4.040718397061926416e-17
1.201319098472595215e+00 3.467857918144565121e-15 3.597120294267703883e-17
1.201491832733154297e+00 3.476696495190926932e-15 3.649260796999371430e-17
1.201664566993713379e+00 3.680753296689829104e-15 3.773892761637226152e-17
1.201837301254272461e+00 3.681839616444682745e-15 3.858776381736192746e-17
1.202010035514831543e+00 3.659706645532927877e-15 3.759185159473788299e-17
1.202182888984680176e+00 3.684755950882079301e-15 4.272407716171089213e-17
1.202355623245239258e+00 3.617219896415125799e-15 6.343872449051293620e-17
1.202528357505798340e+00 3.436070889216479365e-15 7.247687705762664075e-17
1.202701091766357422e+00 3.634385866124181449e-15 5.765591806304452057e-17
1.202873826026916504e+00 3.711422242127539184e-15 6.584427820838044789e-17
1.203046679496765137e+00 3.176640367582011376e-15 9.697672272180604073e-17
1.203219413757324219e+00 3.289444192090839637e-15 1.005406469346030115e-16
1.203392148017883301e+00 3.535703351395503256e-15 6.753637210430872215e-17
1.203564882278442383e+00 3.672111866561940732e-15 4.402979499351564717e-17
1.203737616539001465e+00 3.548829609220866335e-15 3.980518839058277232e-17
1.203910350799560547e+00 3.911353357898602473e-15 4.003431411153751077e-17
1.204083204269409180e+00 4.088866476171159822e-15 3.960023950457173376e-17
1.204255938529968262e+00 3.962161782206704425e-15 4.086770519612958658e-17
1.204428672790527344e+00 3.921800238753563386e-15 4.185712239658386468e-17
1.204601407051086426e+00 3.868336789672292830e-15 3.845648694542731175e-17
1.204774141311645508e+00 3.739307837300571632e-15 3.544826266814346495e-17
1.204946994781494141e+00 3.448121415198829483e-15 3.500579052359904960e-17
1.205119729042053223e+00 3.640290532799491177e-15 3.734884909182695494e-17
1.205292463302612305e+00 4.099529350427670582e-15 4.290341984467973917e-17
1.205465197563171387e+00 4.112971339784122701e-15 5.935818297178474686e-17
1.205637931823730469e+00 3.793258753842987038e-15 6.741399569576517702e-17
1.205810785293579102e+00 3.904840945083637785e-15 5.913561844744877902e-17
1.205983519554138184e+00 4.092062331481150297e-15 4.488400125104200736e-17
1.206156253814697266e+00 4.074085751241572281e-15 3.962545858708725046e-17
1.206328988075256348e+00 3.929711102964444924e-15 3.717390370099443980e-17
1.206501722335815430e+00 3.999067854751521545e-15 3.706322693503484470e-17
1.206674456596374512e+00 3.987914124902076918e-15 3.742145900599685971e-17
1.206847310066223145e+00 3.850613895800417477e-15 3.696027603599649487e-17
1.207020044326782227e+00 3.729906618618996153e-15 3.668576456919219689e-17
1.207192778587341309e+00 3.754226205084087997e-15 3.579783912117572508e-17
1.207365512847900391e+00 3.791859455414122934e-15 3.542938971528745507e-17
1.207538247108459473e+00 4.001650458207699906e-15 3.602921477339660777e-17
1.207711100578308105e+00 4.109924985789322610e-15 3.682063802243019316e-17
1.207883834838867188e+00 4.110682656760641582e-15 3.730606069310081192e-17
1.208056569099426270e+00 4.110618282256650255e-15 3.662581713583925387e-17
1.208229303359985352e+00 4.136886468016900617e-15 3.685352010614040112e-17
1.208402037620544434e+00 4.043340572838609315e-15 3.657228200659482192e-17
1.208574891090393066e+00 3.994404091343939367e-15 3.645218861654192315e-17
1.208747625350952148e+00 4.244674798686799352e-15 3.786974788460874795e-17
1.208920359611511230e+00 4.177740984645343658e-15 3.682912158679253702e-17
1.209093093872070312e+00 3.665012883431002441e-15 3.549373774949918020e-17
1.209265828132629395e+00 3.505937978354276702e-15 3.550358119878856123e-17
1.209438562393188477e+00 3.643049742625172061e-15 3.678426854525746164e-17
1.209611415863037109e+00 3.858285049687226048e-15 3.942322616220783605e-17
1.209784150123596191e+00 3.961834827489064265e-15 3.937653016226799253e-17
1.209956884384155273e+00 4.060334594859372342e-15 3.794951787416091173e-17
1.210129618644714355e+00 4.365975845964245941e-15 3.767817285474146674e-17
1.210302352905273438e+00 4.276531284316559961e-15 3.749299358537044554e-17
1.210475206375122070e+00 3.958911293271616047e-15 3.725164875240707376e-17
1.210647940635681152e+00 3.788379844066802268e-15 3.608973792445588770e-17
1.210820674896240234e+00 3.679965556048882605e-15 3.542532991284104481e-17
1.210993409156799316e+00 3.578628228305272621e-15 3.522904326220466155e-17
1.211166143417358398e+00 3.492591491962627505e-15 3.589174066431274478e-17
1.211338996887207031e+00 3.449664497470490004e-15 3.770092363030912521e-17
1.211511731147766113e+00 3.713486461419997914e-15 3.828354664039962515e-17
1.211684465408325195e+00 3.788727127575176531e-15 3.907014246337835108e-17
1.211857199668884277e+00 3.657941852387323542e-15 4.944488655147973987e-17
1.212029933929443359e+00 3.543021927818017225e-15 8.719932214997614555e-17
1.212202668190002441e+00 3.621937446414858625e-15 1.442432655260743346e-16
1.212375521659851074e+00 3.805008794887298693e-15 1.503320824580730674e-16
1.212548255920410156e+00 4.062145127784128409e-15 9.259955423541633567e-17
1.212720990180969238e+00 4.172713420586915758e-15 4.323396121745592903e-17
1.212893724441528320e+00 4.082728875435355162e-15 4.150397914075027589e-17
1.213066458702087402e+00 3.881011790695006181e-15 4.784260461774002314e-17
1.213239312171936035e+00 3.624532331848772174e-15 5.130586094998929047e-17
1.213412046432495117e+00 3.618263864522616724e-15 6.777023260708971413e-17
1.213584780693054199e+00 3.714851455014498219e-15 9.361935543413091158e-17
1.213757514953613281e+00 3.872187401450510880e-15 9.090216638356772203e-17
1.213930249214172363e+00 4.117561411325293755e-15 5.794600699514441716e-17
1.214103102684020996e+00 4.310093694302090730e-15 4.289905894849035961e-17
1.214275836944580078e+00 4.283201668776187576e-15 4.334358911839880689e-17
1.214448571205139160e+00 4.225417081114499207e-15 4.219937664683380541e-17
1.214621305465698242e+00 4.169075414078458539e-15 4.062104986363362436e-17
1.214794039726257324e+00 4.084331038255086671e-15 4.191535260298514761e-17
1.214966773986816406e+00 4.049631063021393376e-15 4.211275760180970256e-17
1.215139627456665039e+00 4.198203606585113046e-15 4.083346984493724187e-17
1.215312361717224121e+00 4.243712569258718467e-15 4.890922423912510042e-17
1.215485095977783203e+00 4.246319313153893577e-15 6.390465216850690520e-17
1.215657830238342285e+00 4.119451565347091726e-15 6.303220161539007543e-17
1.215830564498901367e+00 3.979825807288745604e-15 4.546370596793142022e-17
1.216003417968750000e+00 3.956337583661383855e-15 3.758975055598199830e-17
1.216176152229309082e+00 3.896989373179064048e-15 3.697162826272317262e-17
1.216348886489868164e+00 4.054234263573246871e-15 3.800607717572483755e-17
1.216521620750427246e+00 4.094750814055735447e-15 3.877117953766698560e-17
1.216694355010986328e+00 3.963947327659516490e-15 3.789904000446047577e-17
1.216867208480834961e+00 3.952998579783307403e-15 3.715632776733891307e-17
1.217039942741394043e+00 4.044636109731434767e-15 3.679415169921624522e-17
1.217212677001953125e+00 4.233060282914048386e-15 3.785298589667597340e-17
1.217385411262512207e+00 4.248389461676983087e-15 3.893306870971096375e-17
1.217558145523071289e+00 4.103248248582590588e-15 3.769651972072789290e-17
1.217730879783630371e+00 4.013575411555619574e-15 3.846524844247547342e-17
1.217903733253479004e+00 3.946576375977225298e-15 4.460833504010258536e-17
1.218076467514038086e+00 4.034096478768749508e-15 4.812042480699453323e-17
1.218249201774597168e+00 4.182029088940818554e-15 4.461743733556311888e-17
1.218421936035156250e+00 4.351324717075588308e-15 3.913554598005169387e-17
1.218594670295715332e+00 4.359392705898185519e-15 3.703867621445427083e-17
1.218767523765563965e+00 4.282049703967921728e-15 3.665126452020383522e-17
1.218940258026123047e+00 4.246368441064834326e-15 3.690460016332677568e-17
1.219112992286682129e+00 4.120468428400270514e-15 3.769457419192716817e-17
1.219285726547241211e+00 4.096456314895031980e-15 3.975581894290315741e-17
1.219458460807800293e+00 4.189003981744984090e-15 5.802130690066634438e-17
1.219631314277648926e+00 4.233072141375309946e-15 8.028402605458382995e-17
1.219804048538208008e+00 4.485645931301754374e-15 7.718013337637455017e-17
1.219976782798767090e+00 4.139810849267296089e-15 4.841527829942273526e-17
1.220149517059326172e+00 3.987464773923558511e-15 3.731825664405229376e-17
1.220322251319885254e+00 4.038239316913770291e-15 3.688407615796810996e-17
1.220494985580444336e+00 4.268899093945325088e-15 3.692441610208109602e-17
1.220667839050292969e+00 4.242708835216222121e-15 3.716167135409600563e-17
1.220840573310852051e+00 4.214279868407526039e-15 3.829406837779129966e-17
1.221013307571411133e+00 4.168886102214747202e-15 4.027529829375380943e-17
1.221186041831970215e+00 4.312394659303307037e-15 4.083043905517284757e-17
1.221358776092529297e+00 3.974456888952574221e-15 3.854231189706336369e-17
1.221531629562377930e+00 3.792090271892249731e-15 3.669888365370728791e-17
1.221704363822937012e+00 3.930861373706816264e-15 3.752987591452295994e-17
1.221877098083496094e+00 4.060339677057055868e-15 3.797138522083436357e-17
1.222049832344055176e+00 3.804395966549960206e-15 3.762260616991260455e-17
1.222222566604614258e+00 4.086238979968776983e-15 3.699145081892239338e-17
1.222395420074462891e+00 4.099471752187257290e-15 3.791888572171684801e-17
1.222568154335021973e+00 3.870428537535537325e-15 4.232450591245592701e-17
1.222740888595581055e+00 3.865372174356902779e-15 8.230564223677362874e-17
1.222913622856140137e+00 4.055146094540966126e-15 1.316401167200897905e-16
1.223086357116699219e+00 3.945411282158277008e-15 1.345092290706769193e-16
1.223259091377258301e+00 4.213940208195677065e-15 7.172453312945251060e-17
1.223431944847106934e+00 4.658468604628891035e-15 4.172626904112287612e-17
1.223604679107666016e+00 4.618415381168550563e-15 4.043638013751993583e-17
1.223777413368225098e+00 4.453237180190383962e-15 4.036717820747374953e-17
1.223950147628784180e+00 4.366559028148430527e-15 4.061192771583838957e-17
1.224122881889343262e+00 4.390644410003606557e-15 4.034540350502890363e-17
1.224295735359191895e+00 4.508026659350581125e-15 3.942170084115828826e-17
1.224468469619750977e+00 4.378572072922864641e-15 3.881853728209687154e-17
1.224641203880310059e+00 4.265629970285397116e-15 3.877864732423711434e-17
1.224813938140869141e+00 4.268150740336425913e-15 3.991776105450633896e-17
1.224986672401428223e+00 4.357688052091836239e-15 4.148089418421514599e-17
1.225159525871276855e+00 4.452638751413148799e-15 4.129492413017852410e-17
1.225332260131835938e+00 4.373776595891984420e-15 4.055697314466281663e-17
1.225504994392395020e+00 4.303508436653662172e-15 4.866849151981501788e-17
1.225677728652954102e+00 4.320101388573900289e-15 7.882391992452972762e-17
1.225850462913513184e+00 4.531954069561094228e-15 9.083218690374573589e-17
1.226023197174072266e+00 4.127876578556956624e-15 6.939710496607940727e-17
1.226196050643920898e+00 4.123135735151174305e-15 4.330579027312758374e-17
1.226368784904479980e+00 4.300567114744321615e-15 3.775252977436508351e-17
1.226541519165039062e+00 4.394631394086332549e-15 3.708917393648940807e-17
1.226714253425598145e+00 4.382930904469435271e-15 3.707192556635645233e-17
1.226886987686157227e+00 4.413351245737126213e-15 3.769187758313024530e-17
1.227059841156005859e+00 4.543977702247369022e-15 3.913746503907281689e-17
1.227232575416564941e+00 4.549319515529228267e-15 3.847184603504119637e-17
1.227405309677124023e+00 4.338226199579247808e-15 3.763077209691972804e-17
1.227578043937683105e+00 4.156365261188434135e-15 3.712950064571259327e-17
1.227750778198242188e+00 4.326093299642777210e-15 3.765827419792589111e-17
1.227923631668090820e+00 4.481740262381964796e-15 3.890121232996032155e-17
1.228096365928649902e+00 4.591230282242897420e-15 3.876008539129142440e-17
1.228269100189208984e+00 4.561398628873548217e-15 4.040969198223652494e-17
1.228441834449768066e+00 4.451026424198050238e-15 6.329547666075345308e-17
1.228614568710327148e+00 4.360141059507084693e-15 1.215709596200450918e-16
1.228787302970886230e+00 4.354241051512984864e-15 1.415424083295253920e-16
1.228960156440734863e+00 4.302220523057362009e-15 9.259811163242804319e-17
1.229132890701293945e+00 4.362997254605226194e-15 4.993637411040159743e-17
1.229305624961853027e+00 4.329705895162816801e-15 3.954689958995186432e-17
1.229478359222412109e+00 4.191959703214427971e-15 3.926527106115716009e-17
1.229651093482971191e+00 4.027679357160350929e-15 4.015264726124689670e-17
1.229823946952819824e+00 4.091976357637003986e-15 4.024270737761922014e-17
1.229996681213378906e+00 4.127306525383454480e-15 3.887981151315234962e-17
1.230169415473937988e+00 4.095436487226537803e-15 3.801974881688911399e-17
1.230342149734497070e+00 4.208281181075071084e-15 3.888071810310370774e-17
1.230514883995056152e+00 4.412663454983955721e-15 3.969670530760766784e-17
1.230687737464904785e+00 4.592516925289776702e-15 3.877307212690850693e-17
1.230860471725463867e+00 4.529476074673901773e-15 3.815879787785927794e-17
1.231033205986022949e+00 4.418732869567506411e-15 3.769820386045505086e-17
1.231205940246582031e+00 4.259167532414320431e-15 3.795857384750714227e-17
1.231378674507141113e+00 4.224408264874319335e-15 4.047711381960449712e-17
1.231551408767700195e+00 4.337829364643459168e-15 4.074884926827306714e-17
1.231724262237548828e+00 4.302176900860578412e-15 3.845712883758265290e-17
1.231896996498107910e+00 4.275723638401352986e-15 3.699512680956457903e-17
1.232069730758666992e+00 4.240536619222988468e-15 3.737312187972171098e-17
1.232242465019226074e+00 4.193748213282555426e-15 4.110858349922747845e-17
1.232415199279785156e+00 4.257265519931260900e-15 6.482220722606502647e-17
1.232588052749633789e+00 4.195111936327634850e-15 8.378601760055773046e-17
1.232760787010192871e+00 4.250668403821570782e-15 7.740326038352705407e-17
1.232933521270751953e+00 4.336269129954616747e-15 5.345342365224641326e-17
1.233106255531311035e+00 4.419526962955557317e-15 3.923834798657978415e-17
1.233278989791870117e+00 4.343220729352732790e-15 3.770744181353604307e-17
1.233451843261718750e+00 4.147923730836097778e-15 3.662886446921589923e-17
1.233624577522277832e+00 4.050903306508169335e-15 3.675216732004550374e-17
1.233797311782836914e+00 4.264873146347025398e-15 3.729250816594474312e-17
1.233970046043395996e+00 4.367115952311250229e-15 3.795135090639832924e-17
1.234142780303955078e+00 4.291242976060946276e-15 3.805722340736021636e-17
1.234315514564514160e+00 4.226641890756228925e-15 3.815305062696325951e-17
1.234488368034362793e+00 4.350075343478388215e-15 3.775254962669978478e-17
1.234661102294921875e+00 4.149545375413616136e-15 3.804516311402919321e-17
1.234833836555480957e+00 3.942148087728979816e-15 4.926182155575440421e-17
1.235006570816040039e+00 4.122415757146008150e-15 9.137537325095215768e-17
1.235179305076599121e+00 4.356245554982662166e-15 1.206272458027955936e-16
1.235352158546447754e+00 4.311210083726571898e-15 1.045992053013719916e-16
1.235524892807006836e+00 4.314593133317905574e-15 6.320277949258831058e-17
1.235697627067565918e+00 4.417523306518827270e-15 4.146485680649896789e-17
1.235870361328125000e+00 4.211363110453655856e-15 3.813743345699825834e-17
1.236043095588684082e+00 4.024250567789865521e-15 3.740523964854591994e-17
1.236215949058532715e+00 4.171429318638878239e-15 3.923926450269849290e-17
1.236388683319091797e+00 4.373133697885018406e-15 4.081315098037048930e-17
1.236561417579650879e+00 4.350939317084587601e-15 4.054338422155979549e-17
1.236734151840209961e+00 4.247710564769758765e-15 3.853561835154658459e-17
1.236906886100769043e+00 4.333675938586597706e-15 3.719147963464996653e-17
1.237079620361328125e+00 4.501148328302402579e-15 3.700188322080791216e-17
1.237252473831176758e+00 4.536099025288483147e-15 3.705819767691052229e-17
1.237425208091735840e+00 4.399796177482215645e-15 3.733404917630715617e-17
1.237597942352294922e+00 4.069319920363845960e-15 3.645024970518609886e-17
1.237770676612854004e+00 3.943417366600440385e-15 3.568816820684099446e-17
1.237943410873413086e+00 4.093038536952860879e-15 3.569844179004890306e-17
1.238116264343261719e+00 4.215319177833807066e-15 3.632955081892481127e-17
1.238288998603820801e+00 4.423624061321426368e-15 3.752932335787377452e-17
1.238461732864379883e+00 4.459948222231479784e-15 3.761344762617041743e-17
1.238634467124938965e+00 4.376811514941996578e-15 3.681483452325252112e-17
1.238807201385498047e+00 4.313882896191632843e-15 3.940897549461477248e-17
1.238980054855346680e+00 4.019810421080358478e-15 3.898878428705008549e-17
1.239152789115905762e+00 3.794915550287816450e-15 4.018784545067225313e-17
1.239325523376464844e+00 3.559419638643913225e-15 4.190490365748737777e-17
1.239498257637023926e+00 3.527609104551541162e-15 4.135797845391221629e-17
1.239670991897583008e+00 3.869891942163451726e-15 4.064940892375439236e-17
1.239843726158142090e+00 4.028636927907221915e-15 5.097398285334321492e-17
1.240016579627990723e+00 3.920262026921349577e-15 7.179585595058928286e-17
1.240189313888549805e+00 3.796207699048852885e-15 7.731727330449094174e-17
1.240362048149108887e+00 4.016035195234446062e-15 6.150514017783348083e-17
1.240534782409667969e+00 4.044746224014577826e-15 4.064877364904395164e-17
1.240707516670227051e+00 3.885949145744551497e-15 3.787646789990512875e-17
1.240880370140075684e+00 3.700117316897009664e-15 3.704193530606772976e-17
1.241053104400634766e+00 3.758498215753565061e-15 3.717813886573071130e-17
1.241225838661193848e+00 4.051232378808177631e-15 3.785118926038550822e-17
1.241398572921752930e+00 4.276287762344224350e-15 3.859516542948305195e-17
1.241571307182312012e+00 4.190677718848758587e-15 3.830381587412962454e-17
1.241744160652160645e+00 4.009986109441629476e-15 3.771564744521256911e-17
1.241916894912719727e+00 3.917234731167862707e-15 4.005896740251404121e-17
1.242089629173278809e+00 3.741138699016061803e-15 5.891795083233912511e-17
1.242262363433837891e+00 3.711947826071310477e-15 9.403014656121454597e-17
1.242435097694396973e+00 3.775348665689768485e-15 1.029507468371171147e-16
1.242607831954956055e+00 3.677376176329126209e-15 7.875937336697098976e-17
1.242780685424804688e+00 3.832259962382837670e-15 4.620375137475811196e-17
1.242953419685363770e+00 3.649674810822121571e-15 4.054589223317705627e-17
1.243126153945922852e+00 3.681213659096661817e-15 3.721294000846204228e-17
1.243298888206481934e+00 3.540100934699410770e-15 3.622446579390607463e-17
1.243471622467041016e+00 3.076787676836701367e-15 3.455434843249210921e-17
1.243644475936889648e+00 2.732122982577111711e-15 3.313641858751086066e-17
1.243817210197448730e+00 2.970503888439363083e-15 3.392422871162881443e-17
1.243989944458007812e+00 3.482596503185026761e-15 3.565427365406102160e-17
1.244162678718566895e+00 3.594553718263074349e-15 3.572580492471215722e-17
1.244335412979125977e+00 3.708335230551270886e-15 3.570048988924558436e-17
1.244508266448974609e+00 3.744363776962732551e-15 3.611611836855142886e-17
1.244681000709533691e+00 3.793260871425355174e-15 3.702369101047726018e-17
1.244853734970092773e+00 3.955895008946443483e-15 3.829838295186637626e-17
1.245026469230651855e+00 4.030027332490139849e-15 3.882731863147973448e-17
1.245199203491210938e+00 4.083659764644387638e-15 3.969172568032009862e-17
1.245371937751770020e+00 4.275788012905344312e-15 4.009528394012756933e-17
1.245544791221618652e+00 4.094875751415455456e-15 3.878644929177471449e-17
1.245717525482177734e+00 4.077533175336897284e-15 3.832081939880126458e-17
1.245890259742736816e+00 4.033272739227544701e-15 3.814437184797635314e-17
1.246062994003295898e+00 4.114590443262799296e-15 3.737200353153353929e-17
1.246235728263854980e+00 4.011912685880159382e-15 3.657456171636301807e-17
1.246408581733703613e+00 3.685907492173871522e-15 3.562077614797507419e-17
1.246581315994262695e+00 3.765866131845256592e-15 3.595707800653708333e-17
1.246754050254821777e+00 3.898836752037025677e-15 3.637980369549863281e-17
1.246926784515380859e+00 3.996328550200101137e-15 3.631069771840350266e-17
1.247099518775939941e+00 4.122681725491446000e-15 3.714023414134108136e-17
1.247272372245788574e+00 4.174964410644244062e-15 3.874863721161369049e-17
1.247445106506347656e+00 4.015188162287191762e-15 4.045582880808228261e-17
1.247617840766906738e+00 4.151940361071977670e-15 4.148847777607103215e-17
1.247790575027465820e+00 4.012759718827413682e-15 4.058053786595322728e-17
1.247963309288024902e+00 4.099201125160609541e-15 4.110996654521166711e-17
1.248136043548583984e+00 4.006230365353503908e-15 5.371744646888353884e-17
1.248308897018432617e+00 4.090113308669518152e-15 6.365876115089694198e-17
1.248481631278991699e+00 4.150469064842596950e-15 5.810426980738296284e-17
1.248654365539550781e+00 4.004670130664661487e-15 4.263630006382921505e-17
1.248827099800109863e+00 3.965704921025069163e-15 3.873209359936262994e-17
1.248999834060668945e+00 4.031845912227894832e-15 3.731643684670467710e-17
1.249172687530517578e+00 4.131938525055514622e-15 3.654767503773259445e-17
1.249345421791076660e+00 4.224063098948313208e-15 3.718394567363083355e-17
1.249518156051635742e+00 4.155010008472827254e-15 3.892272895205405091e-17
1.249690890312194824e+00 4.002180277316207471e-15 3.936683229676642083e-17
1.249863624572753906e+00 4.025026449969550460e-15 3.930889325794075656e-17
1.250036478042602539e+00 4.223879716315232652e-15 5.255701794859004780e-17
1.250209212303161621e+00 4.035322558959900108e-15 7.274914521060969492e-17
1.250381946563720703e+00 3.952176110791523478e-15 7.287187234373296253e-17
1.250554680824279785e+00 4.107979351109479482e-15 5.138091270132745178e-17
1.250727415084838867e+00 4.185125417879506649e-15 3.808971837054374949e-17
1.250900149345397949e+00 4.106098937966574935e-15 3.792133748505245518e-17
1.251073002815246582e+00 3.936132883254053402e-15 4.083017435737683061e-17
1.251245737075805664e+00 3.953403038015621332e-15 4.096024685433956910e-17
1.251418471336364746e+00 3.997937065766937054e-15 3.798776670568536373e-17
1.251591205596923828e+00 3.869740746782366833e-15 3.630461297781756259e-17
1.251763939857482910e+00 3.887284069669424275e-15 3.596464836350316864e-17
1.251936793327331543e+00 3.898662686766364918e-15 3.565331743327291030e-17
1.252109527587890625e+00 3.774402106371211804e-15 3.522771315577967628e-17
1.252282261848449707e+00 3.539266183729891657e-15 3.469473752605460907e-17
1.252454996109008789e+00 2.935009184542908441e-15 3.691321607658712802e-17
1.252627730369567871e+00 2.461245657693449107e-15 4.048479336441143943e-17
1.252800583839416504e+00 2.910574825113463639e-15 4.067214977315470020e-17
1.252973318099975586e+00 3.529276277149974439e-15 3.660900882579217635e-17
1.253146052360534668e+00 3.742677757881222866e-15 3.608340502968618172e-17
1.253318786621093750e+00 3.983127965233616494e-15 3.663608741032471226e-17
1.253491520881652832e+00 4.134746439275662627e-15 3.674759797434176082e-17
1.253664255142211914e+00 4.116594523216002971e-15 3.889314235590425421e-17
1.253837108612060547e+00 4.037409648141934704e-15 3.846500690573660794e-17
1.254009842872619629e+00 4.116811787166973699e-15 3.977780540358481689e-17
1.254182577133178711e+00 4.244973377800706493e-15 4.524275610015115589e-17
1.254355311393737793e+00 4.472106109639894383e-15 4.591168713535543873e-17
1.254528045654296875e+00 4.381371516813540104e-15 4.017009415472686516e-17
1.254700899124145508e+00 4.151793400855629049e-15 3.733142866812658818e-17
1.254873633384704590e+00 4.206695535397811034e-15 3.694591287184012410e-17
1.255046367645263672e+00 4.106502549165941610e-15 3.658380959561136092e-17
1.255219101905822754e+00 4.140034889481844851e-15 3.648579531046872756e-17
1.255391836166381836e+00 4.152258421943671660e-15 3.653403979251527035e-17
1.255564689636230469e+00 4.170519605253527121e-15 3.829268202308466079e-17
1.255737423896789551e+00 4.354917407321367423e-15 4.465186790138002610e-17
1.255910158157348633e+00 4.583036932544106573e-15 4.718717978757750614e-17
1.256082892417907715e+00 4.430172473036649364e-15 4.162450928216660266e-17
1.256255626678466797e+00 4.198941795798645168e-15 3.756010440282809778e-17
1.256428360939025879e+00 4.303450414896775253e-15 3.700279973692662092e-17
1.256601214408874512e+00 4.311535767894791177e-15 3.678547953767423927e-17
1.256773948669433594e+00 4.287631651090327567e-15 3.730758601415035971e-17
1.256946682929992676e+00 4.087572209827755251e-15 4.161212142531300852e-17
1.257119417190551758e+00 3.998931482447013602e-15 4.865136557241272000e-17
1.257292151451110840e+00 4.152647633582935011e-15 5.205841994512268442e-17
1.257465004920959473e+00 4.352986172201627618e-15 4.912718963925527343e-17
1.257637739181518555e+00 4.339450585704503899e-15 4.381104211744232368e-17
1.257810473442077637e+00 4.155337386706941041e-15 3.816551127571075831e-17
1.257983207702636719e+00 4.048454110741183526e-15 3.693157617746335502e-17
1.258155941963195801e+00 4.177375066412129800e-15 3.734684069729967619e-17
1.258328795433044434e+00 4.176788919612629825e-15 3.760246928508061365e-17
1.258501529693603516e+00 4.310018308369785098e-15 3.916864313072116561e-17
1.258674263954162598e+00 4.364906466868337387e-15 4.654817945565784204e-17
1.258846998214721680e+00 4.256799228293797407e-15 5.719885114377221960e-17
1.259019732475280762e+00 4.041499546727752093e-15 6.148001373954657006e-17
1.259192466735839844e+00 4.092084777854252536e-15 5.569573162186535983e-17
1.259365320205688477e+00 4.089196819020588999e-15 4.645200151147507641e-17
1.259538054466247559e+00 3.939295280762627333e-15 4.917955348075233029e-17
1.259710788726806641e+00 3.851010730736206117e-15 5.092430238575328008e-17
1.259883522987365723e+00 4.029459396899005841e-15 4.472027573803816149e-17
1.260056257247924805e+00 4.129673982471030250e-15 4.496276208024685645e-17
1.260229110717773438e+00 4.161762555128338537e-15 4.581852343732481633e-17
1.260401844978332520e+00 4.068295434014141884e-15 4.795065425807414983e-17
1.260574579238891602e+00 4.068926897076319965e-15 5.124157578150411937e-17
1.260747313499450684e+00 4.145031113321224342e-15 5.554263041664914504e-17
1.260920047760009766e+00 4.388282458630187940e-15 5.818795401559372755e-17
1.261092901229858398e+00 4.341603319939950703e-15 5.576868895189253687e-17
1.261265635490417480e+00 4.486686087760982655e-15 5.446615741980733610e-17
1.261438369750976562e+00 4.535202017397340843e-15 5.386396331642383153e-17
1.261611104011535645e+00 4.471651252947218824e-15 5.318463958400343244e-17
1.261783838272094727e+00 4.300210937390001181e-15 5.193870374942910983e-17
1.261956572532653809e+00 4.201743780788162394e-15 5.116028377962485803e-17
1.262129426002502441e+00 4.179592175151567932e-15 4.918532720142795042e-17
1.262302160263061523e+00 4.092161434335979051e-15 4.929541832351385798e-17
1.262474894523620605e+00 4.092616714545128237e-15 5.227150497963879456e-17
1.262647628784179688e+00 4.326573990840344025e-15 5.416125202857538967e-17
1.262820363044738770e+00 4.527368656701133073e-15 5.027190172791025694e-17
1.262993216514587402e+00 4.440641800264712516e-15 4.585952181720539460e-17
1.263165950775146484e+00 4.277295308034983340e-15 4.427134496727093210e-17
1.263338685035705566e+00 4.229317667836605260e-15 4.508918505634701098e-17
1.263511419296264648e+00 4.244452876054618726e-15 4.518587916123200971e-17
1.263684153556823730e+00 4.382156292839171213e-15 4.393111234643807097e-17
1.263857007026672363e+00 4.307799505564452458e-15 4.303316808684235688e-17
1.264029741287231445e+00 4.125594248280579912e-15 4.518287153252476690e-17
1.264202475547790527e+00 4.029669037553451280e-15 5.097959775534122487e-17
1.264375209808349609e+00 4.186231219392147138e-15 5.289314444486219570e-17
1.264547944068908691e+00 4.400764336140927310e-15 4.739376649120139969e-17
1.264720678329467773e+00 4.181607266533085912e-15 4.248659691656936810e-17
1.264893531799316406e+00 4.035467401593880593e-15 4.275603942057994112e-17
1.265066266059875488e+00 4.123169192952590850e-15 4.314318972575680998e-17
1.265239000320434570e+00 4.412864201792454991e-15 4.271633475117739579e-17
1.265411734580993652e+00 4.547796550290065035e-15 4.218301832303995673e-17
1.265584468841552734e+00 4.292889608110408636e-15 4.296451540472290579e-17
1.265757322311401367e+00 4.211629502315567333e-15 4.581879475256573373e-17
1.265930056571960449e+00 4.174609503839344510e-15 5.136794250932262031e-17
1.266102790832519531e+00 4.254382219778807261e-15 5.581762495693117399e-17
1.266275525093078613e+00 4.259545732625269476e-15 5.238553017271800432e-17
1.266448259353637695e+00 4.142240139760021422e-15 4.969960854930931921e-17
1.266621112823486328e+00 4.271909449039866871e-15 5.443027101611233555e-17
1.266793847084045410e+00 4.402989915209837984e-15 5.530746296850031927e-17
1.266966581344604492e+00 4.404894468791739279e-15 4.980897836990108053e-17
1.267139315605163574e+00 4.363856993046689309e-15 4.670959548039143986e-17
1.267312049865722656e+00 4.395614375821621164e-15 5.419191065079905509e-17
1.267484903335571289e+00 4.421238393025484631e-15 6.144865366816345967e-17
1.267657637596130371e+00 4.379128997085684344e-15 5.704561758965799633e-17
1.267830371856689453e+00 4.427886754628483634e-15 4.761229768287055897e-17
1.268003106117248535e+00 4.392191092165292909e-15 4.660071535072230994e-17
1.268175840377807617e+00 4.167814182019996885e-15 6.370187380442320579e-17
1.268348574638366699e+00 4.037521880007445899e-15 9.355365082371459948e-17
1.268521428108215332e+00 3.925077832742963901e-15 1.200821139267884471e-16
1.268694162368774414e+00 3.882792253950134720e-15 1.296735047399123178e-16
1.268866896629333496e+00 4.415559037114144547e-15 1.243955630362319673e-16
1.269039630889892578e+00 4.793897314433592100e-15 1.129056537509559891e-16
1.269212365150451660e+00 4.705242611009220755e-15 1.010803128011224076e-16
1.269385218620300293e+00 4.506724346194177638e-15 9.227011797593851665e-17
1.269557952880859375e+00 4.520784246085651770e-15 9.038135361756963453e-17
1.269730687141418457e+00 4.536720747471767803e-15 9.152466942535062854e-17
1.269903421401977539e+00 4.382371862724247433e-15 8.839474371890307988e-17
1.270076155662536621e+00 4.240166889341511966e-15 7.941204534005493029e-17
1.270249009132385254e+00 4.322218547425562413e-15 6.724990291456935760e-17
1.270421743392944336e+00 4.324405162978899389e-15 5.633634661034072743e-17
1.270594477653503418e+00 4.099725015038486325e-15 5.460761523072125447e-17
1.270767211914062500e+00 4.149294653661228863e-15 5.973259800425074931e-17
1.270939946174621582e+00 4.234628987932363350e-15 6.380942051894490023e-17
1.271112680435180664e+00 4.337435070806512291e-15 6.230224450331408041e-17
1.271285533905029297e+00 4.416856691589338135e-15 5.294377782451779163e-17
1.271458268165588379e+00 4.384602100474368006e-15 4.380991384308680135e-17
1.271631002426147461e+00 4.268874106473381086e-15 4.650020628885221665e-17
1.271803736686706543e+00 4.281809570127375134e-15 5.249918809760524053e-17
1.271976470947265625e+00 4.406430986558058580e-15 5.698882006007765524e-17
1.272149324417114258e+00 4.368450029203175752e-15 5.477908977170349710e-17
1.272322058677673340e+00 4.350965998622426112e-15 5.286220788995271247e-17
1.272494792938232422e+00 4.270432223579855371e-15 5.896829635314155258e-17
1.272667527198791504e+00 4.295756814636864443e-15 6.314934362501738500e-17
1.272840261459350586e+00 4.422872743097211803e-15 5.922539070496793401e-17
1.273013114929199219e+00 4.368743102602925740e-15 5.571501485630519601e-17
1.273185849189758301e+00 4.367149833629140401e-15 5.206376684060222719e-17
1.273358583450317383e+00 4.381101736819839609e-15 4.466354438290682464e-17
1.273531317710876465e+00 4.358397865701635343e-15 4.178149161881691625e-17
1.273704051971435547e+00 4.160863429654828097e-15 4.676026856471643834e-17
1.273876786231994629e+00 4.243138704436953679e-15 5.270244291772177049e-17
1.274049639701843262e+00 4.253700781772741177e-15 5.624163112148095555e-17
1.274222373962402344e+00 4.175139746464325702e-15 5.817473236068267995e-17
1.274395108222961426e+00 4.124807354672580667e-15 6.342537048670388012e-17
1.274567842483520508e+00 4.096872631588607469e-15 6.669712127225732069e-17
1.274740576744079590e+00 4.162026405891408251e-15 6.953978369557745390e-17
1.274913430213928223e+00 4.268755098344291857e-15 7.336837261716689144e-17
1.275086164474487305e+00 4.433499194936990628e-15 8.289281474023317033e-17
1.275258898735046387e+00 4.548926492241702271e-15 9.197787837424598219e-17
1.275431632995605469e+00 4.570023965375438757e-15 8.296605000294616518e-17
1.275604367256164551e+00 4.216977668344530986e-15 5.791377342103445078e-17
1.275777220726013184e+00 4.144223890922490994e-15 5.077047657032046884e-17
1.275949954986572266e+00 4.436304568058296871e-15 6.848534017280915719e-17
1.276122689247131348e+00 4.535070727290516426e-15 8.520475808253928098e-17
1.276295423507690430e+00 4.436122032458163569e-15 1.019139785096778510e-16
1.276468157768249512e+00 4.343930119446058266e-15 1.110664275851116828e-16
1.276640892028808594e+00 4.388444665439587139e-15 9.164879945679278608e-17
1.276813745498657227e+00 4.300205008159370401e-15 5.379974432238766467e-17
1.276986479759216309e+00 4.170979544143886206e-15 5.120524270027834019e-17
1.277159214019775391e+00 4.325218314608263517e-15 6.229481973013580444e-17
1.277331948280334473e+00 4.533124669094199671e-15 6.709079968682845805e-17
1.277504682540893555e+00 4.543723168846719104e-15 6.953925429998541997e-17
1.277677536010742188e+00 4.480866971413345612e-15 7.671944671474171715e-17
1.277850270271301270e+00 4.612148607908289621e-15 7.061581994105583485e-17
1.278023004531860352e+00 4.381296977914181726e-15 7.237622572069118835e-17
1.278195738792419434e+00 4.161884104356269529e-15 1.057856469975690503e-16
1.278368473052978516e+00 4.109287169980040122e-15 1.217499615046015670e-16
1.278541326522827148e+00 4.359584135344264991e-15 1.021460390674459276e-16
1.278714060783386230e+00 4.436323626299610093e-15 6.463380195230504846e-17
1.278886795043945312e+00 4.188739707465440748e-15 4.564896795536369672e-17
1.279059529304504395e+00 4.344671696791379406e-15 3.798253561549157838e-17
1.279232263565063477e+00 4.470180380234311732e-15 3.982305218309146750e-17
1.279404997825622559e+00 4.429073447787586909e-15 4.604546209273996458e-17
1.279577851295471191e+00 4.431194841803985304e-15 5.076926888662614142e-17
1.279750585556030273e+00 4.586985800144206121e-15 5.360021181502762334e-17
1.279923319816589355e+00 4.500347458650773638e-15 5.994370773146408282e-17
1.280096054077148438e+00 4.385505037596141090e-15 7.663261922020325094e-17
1.280268788337707520e+00 4.475191003633794545e-15 8.357599975175296694e-17
1.280441641807556152e+00 4.555035293857300285e-15 8.644056591769350433e-17
1.280614376068115234e+00 4.222319905142863858e-15 1.055841391829062323e-16
1.280787110328674316e+00 4.176202349296656222e-15 1.090575764541348023e-16
1.280959844589233398e+00 4.376801774063103154e-15 8.416603760885439222e-17
1.281132578849792480e+00 4.326644294574966132e-15 4.648801695534563524e-17
1.281305432319641113e+00 4.538845529619955216e-15 4.042364486480906941e-17
1.281478166580200195e+00 4.547569968976674509e-15 3.848135199464065577e-17
1.281650900840759277e+00 4.424314393173438623e-15 3.794921347169549221e-17
1.281823635101318359e+00 4.472159049199097777e-15 3.883428680095988119e-17
1.281996369361877441e+00 4.675994139824056137e-15 4.068246967847691177e-17
1.282169103622436523e+00 5.559966193908116514e-15 4.674250072515879931e-17
1.282341957092285156e+00 6.076129013723573918e-15 5.852701203995676338e-17
1.282514691352844238e+00 5.358818738824796049e-15 6.545619153475016900e-17
1.282687425613403320e+00 4.826501730155778255e-15 5.711046193223725327e-17
1.282860159873962402e+00 4.746781953775518897e-15 4.191947196243566169e-17
1.283032894134521484e+00 4.770004632573916423e-15 4.170402780881255031e-17
1.283205747604370117e+00 4.639838114954032700e-15 5.060406768340950095e-17
1.283378481864929199e+00 4.422164623553307208e-15 6.955244948511686586e-17
1.283551216125488281e+00 4.299947510143405094e-15 7.263386932044430498e-17
1.283723950386047363e+00 4.480191886154383935e-15 5.690868941977841834e-17
1.283896684646606445e+00 4.594752668754054428e-15 3.777444675187528853e-17
1.284069538116455078e+00 4.453134265687292564e-15 3.625298367270445282e-17
1.284242272377014160e+00 4.380923859900916206e-15 3.803220615691416259e-17
1.284415006637573242e+00 4.567357082141008592e-15 4.823638229398466686e-17
1.284587740898132324e+00 4.426148219504244183e-15 5.614995303983047839e-17
1.284760475158691406e+00 4.537820196237303885e-15 5.198751733173708910e-17
1.284933209419250488e+00 4.488549560244942116e-15 3.957509652267257193e-17
1.285106062889099121e+00 4.426022435111576919e-15 3.647661360566938895e-17
1.285278797149658203e+00 4.430207201387486790e-15 3.580835424112249917e-17
1.285451531410217285e+00 4.660187234478870011e-15 3.632793947109155797e-17
1.285624265670776367e+00 4.628279079839326890e-15 3.638518698692512791e-17
1.285796999931335449e+00 4.256384605666116427e-15 3.613220206838190993e-17
1.285969853401184082e+00 4.173038257722187783e-15 3.515012361432220229e-17
1.286142587661743164e+00 4.143420480172020290e-15 3.500028811816434686e-17
1.286315321922302246e+00 4.189005252294404971e-15 3.571725187717835891e-17
1.286488056182861328e+00 4.189858637988763679e-15 4.104874856243784264e-17
1.286660790443420410e+00 4.238221678178142465e-15 4.843611994213662135e-17
1.286833643913269043e+00 4.185610767758283363e-15 4.694147736714720501e-17
1.287006378173828125e+00 4.324409821660109288e-15 3.892957800752598998e-17
1.287179112434387207e+00 4.474842449575999401e-15 3.844561779217836497e-17
1.287351846694946289e+00 4.580672016555372567e-15 3.892809239114584474e-17
1.287524580955505371e+00 4.735123392289510708e-15 3.775614289928071513e-17
1.287697315216064453e+00 4.612018164834412459e-15 3.603318193161441209e-17
1.287870168685913086e+00 4.191664512232309847e-15 3.753487870286768065e-17
1.288042902946472168e+00 4.148850384880393982e-15 4.078173796942817552e-17
1.288215637207031250e+00 4.076882654033405981e-15 3.936011889891494046e-17
1.288388371467590332e+00 4.165929957228829694e-15 4.065921266837437085e-17
1.288561105728149414e+00 4.308707948400382695e-15 4.012905937889933456e-17
1.288733959197998047e+00 4.187200225083806057e-15 4.301795788973873181e-17
1.288906693458557129e+00 4.084032035624705903e-15 4.379877668331938739e-17
1.289079427719116211e+00 4.364429163802559589e-15 4.026963376091904630e-17
1.289252161979675293e+00 4.519453133809041637e-15 3.902321485286699271e-17
1.289424896240234375e+00 4.650351064378879448e-15 4.237653888170796266e-17
1.289597749710083008e+00 4.400198941648635065e-15 4.371040401539667212e-17
1.289770483970642090e+00 4.358330950098802253e-15 4.224024929526127561e-17
1.289943218231201172e+00 4.566733665891829427e-15 4.152431454892927952e-17
1.290115952491760254e+00 4.378749526325314417e-15 4.702996584035567770e-17
1.290288686752319336e+00 4.063620659178245401e-15 7.792212762072441685e-17
1.290461421012878418e+00 3.851688357094009557e-15 1.428575328592561000e-16
1.290634274482727051e+00 4.219231623017174679e-15 1.624614354440770381e-16
1.290807008743286133e+00 4.486400637657757956e-15 1.247671722720601899e-16
1.290979743003845215e+00 4.399407389359425921e-15 5.287943640775096693e-17
1.291152477264404297e+00 4.192271411339017553e-15 4.158277305717962709e-17
1.291325211524963379e+00 4.285182455323341758e-15 3.949042962389409423e-17
1.291498064994812012e+00 4.294723434441214197e-15 4.509154417545401222e-17
1.291670799255371094e+00 4.552961333685948131e-15 4.820897614592955995e-17
1.291843533515930176e+00 4.532255189773843132e-15 5.456599481102003633e-17
1.292016267776489258e+00 4.148174876104958678e-15 9.219947013418158767e-17
1.292189002037048340e+00 3.976291562316327036e-15 1.040612798228614071e-16
1.292361855506896973e+00 4.570671522063614670e-15 7.921532855550001946e-17
1.292534589767456055e+00 4.693792843144710750e-15 4.210849265857137915e-17
1.292707324028015137e+00 4.607842715920922386e-15 3.772377035882783984e-17
1.292880058288574219e+00 4.372301911530814683e-15 3.671635039952195765e-17
1.293052792549133301e+00 4.254608377575724160e-15 3.725410051574268094e-17
1.293225526809692383e+00 4.425178790296111636e-15 3.765799957396252350e-17
1.293398380279541016e+00 4.299242778731289516e-15 3.779861696937408800e-17
1.293571114540100098e+00 4.199878614238308425e-15 3.982772409919116700e-17
1.293743848800659180e+00 4.235621710546545390e-15 3.953743333502180747e-17
1.293916583061218262e+00 4.417953599256032454e-15 3.754066565843310163e-17
1.294089317321777344e+00 4.681812832655219553e-15 4.639071404552979748e-17
1.294262170791625977e+00 4.504528413278420865e-15 6.559773206372534267e-17
1.294434905052185059e+00 4.282247486161105607e-15 6.758236996381157091e-17
1.294607639312744141e+00 4.439032437664929345e-15 5.015691038787558525e-17
1.294780373573303223e+00 4.338910178684155655e-15 3.633920567103453021e-17
1.294953107833862305e+00 4.340129059095254593e-15 3.559920327759969123e-17
1.295125961303710938e+00 4.706956582177989831e-15 3.678032123937435859e-17
1.295298695564270020e+00 4.736584947639998003e-15 3.799132689104179196e-17
1.295471429824829102e+00 4.551902966018353883e-15 3.820200979305904811e-17
1.295644164085388184e+00 4.272517618695995459e-15 3.695459495954948068e-17
1.295816898345947266e+00 4.402319065115612579e-15 3.611593308009421698e-17
1.295989632606506348e+00 4.379534302350945527e-15 3.578075618716527995e-17
1.296162486076354980e+00 4.199610104794028811e-15 3.533303971753727840e-17
1.296335220336914062e+00 4.215297578493652081e-15 3.612830108461310985e-17
1.296507954597473145e+00 4.371695435940580604e-15 3.678442074649017140e-17
1.296680688858032227e+00 4.465236672437662008e-15 3.610078905743959615e-17
1.296853423118591309e+00 4.505591439627225012e-15 3.612029728500604675e-17
1.297026276588439941e+00 4.347653676282188170e-15 4.154678077436621975e-17
1.297199010848999023e+00 4.251242692159809197e-15 4.799178829557518679e-17
1.297371745109558105e+00 4.213191431070304263e-15 4.692152577077242598e-17
1.297544479370117188e+00 4.522903946036155656e-15 4.066501616755204289e-17
1.297717213630676270e+00 4.678253600210856983e-15 3.707341449145904778e-17
1.297890067100524902e+00 4.374118373686201530e-15 3.590075362426712257e-17
1.298062801361083984e+00 4.387512929197607409e-15 3.544029526448335419e-17
1.298235535621643066e+00 4.342871751778464018e-15 3.767652511096126111e-17
1.298408269882202148e+00 4.394021106847835825e-15 6.324599140778808075e-17
1.298581004142761230e+00 4.214364571702251469e-15 8.079039955580919179e-17
1.298753738403320312e+00 4.485889029757616359e-15 7.296592608810269199e-17
1.298926591873168945e+00 4.671099559938347162e-15 4.360446203126333055e-17
1.299099326133728027e+00 4.724902669231466693e-15 3.624096308404283222e-17
1.299272060394287109e+00 4.514399311729248854e-15 3.503796123198246195e-17
1.299444794654846191e+00 4.349556959314668583e-15 3.487073839934874187e-17
1.299617528915405273e+00 4.454788097516806586e-15 3.552919071055320296e-17
1.299790382385253906e+00 4.578675136382220553e-15 3.614743211782023627e-17
1.299963116645812988e+00 4.702634596564624764e-15 3.706886168936755592e-17
1.300135850906372070e+00 4.489574046594646192e-15 3.834924463337103682e-17
1.300308585166931152e+00 4.225698719569461262e-15 3.902126270662136757e-17
1.300481319427490234e+00 4.109260064925727984e-15 3.865634039886502366e-17
1.300654172897338867e+00 4.337454976080772767e-15 3.924105121282160744e-17
1.300826907157897949e+00 4.451159831887242790e-15 4.039366453068769748e-17
1.300999641418457031e+00 4.292450421527257282e-15 3.967064911831224747e-17
1.301172375679016113e+00 4.273004662640666682e-15 4.035231873494984694e-17
1.301345109939575195e+00 4.182306492231044337e-15 4.051458179263069906e-17
1.301517844200134277e+00 4.191767426735401245e-15 4.045399577584486510e-17
1.301690697669982910e+00 4.387351569421155464e-15 3.953620579899277878e-17
1.301863431930541992e+00 4.623639456870741460e-15 5.092088778418466118e-17
1.302036166191101074e+00 4.536550493849369689e-15 1.103635622924580245e-16
1.302208900451660156e+00 4.381140276818939680e-15 1.349971597529647988e-16
1.302381634712219238e+00 3.943957350104315002e-15 1.094079900139469661e-16
1.302554488182067871e+00 4.031034031147951585e-15 5.214985649003429609e-17
1.302727222442626953e+00 4.348012818251823994e-15 3.687596978796509029e-17
1.302899956703186035e+00 4.459805920696341061e-15 3.611579742247375828e-17
1.303072690963745117e+00 4.555759507027202712e-15 3.568783733459597325e-17
1.303245425224304199e+00 4.367376414942530927e-15 3.471937096469643823e-17
1.303418278694152832e+00 4.161759166996549519e-15 3.466654390205635167e-17
1.303591012954711914e+00 4.464460790257977069e-15 3.579999640821326338e-17
1.303763747215270996e+00 4.530566629593491684e-15 3.545324891287593460e-17
1.303936481475830078e+00 4.284583179513159340e-15 3.470494493481351343e-17
1.304109215736389160e+00 4.269948144250499539e-15 3.516910244629661896e-17
1.304281949996948242e+00 4.174250361869708686e-15 3.673970336257555472e-17
1.304454803466796875e+00 4.361068137067854525e-15 3.788197030533983149e-17
1.304627537727355957e+00 4.363472440088635856e-15 3.674577486827169395e-17
1.304800271987915039e+00 4.360450226532832513e-15 3.627798768826070574e-17
1.304973006248474121e+00 4.411631768854199984e-15 4.407001582362042558e-17
1.305145740509033203e+00 4.389204453993274246e-15 7.881449006554662310e-17
1.305318593978881836e+00 4.390071815731262650e-15 9.389052509126049532e-17
1.305491328239440918e+00 4.483398329376215088e-15 7.886220184327868174e-17
1.305664062500000000e+00 4.719734074187320952e-15 4.775936377833758686e-17
1.305836796760559082e+00 4.649058915617843013e-15 3.759677828246624882e-17
1.306009531021118164e+00 4.483209017512503752e-15 3.615933690119609945e-17
1.306182384490966797e+00 4.312481903696874230e-15 3.556837591053106499e-17
1.306355118751525879e+00 4.286096827389902775e-15 3.468707783358236803e-17
1.306527853012084961e+00 4.114462541287763897e-15 3.454796590688565005e-17
1.306700587272644043e+00 4.408020443883581274e-15 3.673285761582606587e-17
1.306873321533203125e+00 4.610639195196282458e-15 3.752973694818005103e-17
1.307046055793762207e+00 4.373211201399692175e-15 3.551574075379309073e-17
1.307218909263610840e+00 4.476521692393931051e-15 3.589607178200007243e-17
1.307391643524169922e+00 4.538112422604106619e-15 3.608015917296252364e-17
1.307564377784729004e+00 4.458945335221930692e-15 3.536928677197935208e-17
1.307737112045288086e+00 4.507268141346314899e-15 3.538562855216094969e-17
1.307909846305847168e+00 4.360294372470537722e-15 3.551261401107764029e-17
1.308082699775695801e+00 3.953967585474966323e-15 3.743127598550663904e-17
1.308255434036254883e+00 4.291544943306642435e-15 6.974871628341854785e-17
1.308428168296813965e+00 4.534376583790241527e-15 1.329384991142224253e-16
1.308600902557373047e+00 4.268219773521627139e-15 1.454081078821164085e-16
1.308773636817932129e+00 4.568723346284929779e-15 1.050780899364809912e-16
1.308946490287780762e+00 4.514306985137998135e-15 5.227603462067313494e-17
1.309119224548339844e+00 4.574348915604119215e-15 3.655916953952463133e-17
1.309291958808898926e+00 4.599364339635380466e-15 3.548118776524552566e-17
1.309464693069458008e+00 4.397246608310980201e-15 3.486967629944222379e-17
1.309637427330017090e+00 4.210472455309617959e-15 3.539814214046765189e-17
1.309810161590576172e+00 4.256646762363291633e-15 3.684037124312325819e-17
1.309983015060424805e+00 4.232010809092400308e-15 3.718833965704471524e-17
1.310155749320983887e+00 4.376015727488051163e-15 3.693761128721254191e-17
1.310328483581542969e+00 4.253021461349043228e-15 3.582620810746384372e-17
1.310501217842102051e+00 4.311325280207398483e-15 3.749009183578160952e-17
1.310673952102661133e+00 4.496375297644624597e-15 3.965912814674060890e-17
1.310846805572509766e+00 4.439136199200967997e-15 3.789129097648207900e-17
1.311019539833068848e+00 4.356381080254222854e-15 3.556214889487976580e-17
1.311192274093627930e+00 4.289910593234915262e-15 3.428952490502203230e-17
1.311365008354187012e+00 4.351021479280471269e-15 3.392314345066514485e-17
1.311537742614746094e+00 4.282343624400618970e-15 3.352086566644590622e-17
1.311710596084594727e+00 4.428310694618584412e-15 3.374639480609726411e-17
1.311883330345153809e+00 4.415960954247616713e-15 3.408117134360972547e-17
1.312056064605712891e+00 4.252153676094581197e-15 3.409254342267110450e-17
1.312228798866271973e+00 4.085774382397207999e-15 3.546197401397714393e-17
1.312401533126831055e+00 4.141424447031815531e-15 4.048200411138591062e-17
1.312574267387390137e+00 4.205065844007293760e-15 6.407068386105854892e-17
1.312747120857238770e+00 4.044350236111736441e-15 8.825902654144027952e-17
1.312919855117797852e+00 4.059890749595011089e-15 8.983432253487606627e-17
1.313092589378356934e+00 4.052504622294953590e-15 6.127521705476824125e-17
1.313265323638916016e+00 4.365489649052521973e-15 4.193645563477260045e-17
1.313438057899475098e+00 4.500037444592078564e-15 3.720981326574659184e-17
1.313610911369323730e+00 4.164614091545270139e-15 3.640218720287431774e-17
1.313783645629882812e+00 4.505802350831091332e-15 4.014085828315679095e-17
1.313956379890441895e+00 4.749658054147920874e-15 4.180378579068644545e-17
1.314129114151000977e+00 4.542556804478349933e-15 4.088807369153309233e-17
1.314301848411560059e+00 4.437122378368870898e-15 3.996719336791250789e-17
1.314474701881408691e+00 4.403405384870466219e-15 3.819995507641746639e-17
1.314647436141967773e+00 4.165566580094457599e-15 3.546393277766766950e-17
1.314820170402526855e+00 4.033986364485606449e-15 3.523089614677678034e-17
1.314992904663085938e+00 4.432263373866946604e-15 3.697812990233783942e-17
1.315165638923645020e+00 4.528105575365244315e-15 3.696017015687808808e-17
1.315338373184204102e+00 4.277340624297661445e-15 4.225246178982500851e-17
1.315511226654052734e+00 4.078301857736530561e-15 8.516426593719358517e-17
1.315683960914611816e+00 4.178958170990548088e-15 1.174207761111848380e-16
1.315856695175170898e+00 4.397744240167492102e-15 1.074954359411610589e-16
1.316029429435729980e+00 4.324309871772333280e-15 6.158625681742288093e-17
1.316202163696289062e+00 4.370460038387010207e-15 3.757039783837070766e-17
1.316375017166137695e+00 4.536060908805856703e-15 3.521808477344955904e-17
1.316547751426696777e+00 4.600122010606699438e-15 3.489129880065435993e-17
1.316720485687255859e+00 4.359874244128699589e-15 3.411928451751371878e-17
1.316893219947814941e+00 4.093681011443353265e-15 3.457398570023411809e-17
1.317065954208374023e+00 4.356856689254106144e-15 3.717019462312775202e-17
1.317238807678222656e+00 4.457026805596399702e-15 3.681814986314763366e-17
1.317411541938781738e+00 4.315300405828862915e-15 3.491618039347995500e-17
1.317584276199340820e+00 4.418680777041250271e-15 3.425561049990735816e-17
1.317757010459899902e+00 4.515420409947163913e-15 3.424540309114845380e-17
1.317929744720458984e+00 4.303553752916340278e-15 3.389687219441046070e-17
1.318102478981018066e+00 4.048175013385063234e-15 3.339206041018159897e-17
1.318275332450866699e+00 4.144267513119274590e-15 3.450246104702788289e-17
1.318448066711425781e+00 4.605986019700540959e-15 3.652243610288237647e-17
1.318620800971984863e+00 4.623441674677557581e-15 3.595740557005965433e-17
1.318793535232543945e+00 4.571718454786420985e-15 3.587681501733983795e-17
1.318966269493103027e+00 4.978975283958077605e-15 3.698592525243053915e-17
1.319139122962951660e+00 4.813528150019157764e-15 3.558947232487361741e-17
1.319311857223510742e+00 4.450047254111024267e-15 3.466251387811199332e-17
1.319484591484069824e+00 4.524694150170177620e-15 3.575863076014071157e-17
1.319657325744628906e+00 4.637939490602762185e-15 3.554643246324125827e-17
1.319830060005187988e+00 4.506068742693002810e-15 3.408749431221208082e-17
1.320002913475036621e+00 4.161998877320622486e-15 3.419377047731289381e-17
1.320175647735595703e+00 4.064541807508384452e-15 3.713791472690348267e-17
1.320348381996154785e+00 4.259624506689364126e-15 3.821196243018928614e-17
1.320521116256713867e+00 4.497313386633708734e-15 3.729439413774136402e-17
1.320693850517272949e+00 4.547165087227886954e-15 3.733769869716974013e-17
1.320866584777832031e+00 4.399645405617604380e-15 5.358053484261621191e-17
1.321039438247680664e+00 4.164935540548753146e-15 7.404544972704359650e-17
1.321212172508239746e+00 4.134509693566905050e-15 7.480858009040541813e-17
1.321384906768798828e+00 4.123878583045916327e-15 5.371736375082228354e-17
1.321557641029357910e+00 4.600742038724089586e-15 4.030008393362834835e-17
1.321730375289916992e+00 4.744417461303258518e-15 3.779788574171259112e-17
1.321903228759765625e+00 4.628067745118986942e-15 3.622400588148549515e-17
1.322075963020324707e+00 4.434889176003434935e-15 3.630222408020850945e-17
1.322248697280883789e+00 4.324813009343002335e-15 3.737913382841374639e-17
1.322421431541442871e+00 4.261214387531360448e-15 3.687081148966520961e-17
1.322594165802001953e+00 4.522353798136913988e-15 3.648946468366601279e-17
1.322767019271850586e+00 4.704507386411004022e-15 3.708406857774873078e-17
1.322939753532409668e+00 4.630749874946467684e-15 3.793422826771848156e-17
1.323112487792968750e+00 4.321737856227995597e-15 3.776607568407625189e-17
1.323285222053527832e+00 4.190570145664457291e-15 4.416930396690639060e-17
1.323457956314086914e+00 4.393639094988624136e-15 8.135136697746305347e-17
1.323630690574645996e+00 4.434015461518342124e-15 1.040204369529359888e-16
1.323803544044494629e+00 4.171237465676325140e-15 9.648702518172974792e-17
1.323976278305053711e+00 3.635006317758045224e-15 6.266938034638961622e-17
1.324149012565612793e+00 3.798966061841586514e-15 3.992523876724381833e-17
1.324321746826171875e+00 4.566288550078047292e-15 3.783266041466432040e-17
1.324494481086730957e+00 5.074332135577598601e-15 3.836333317356403999e-17
1.324667334556579590e+00 4.774227938848926364e-15 3.811903034273017858e-17
1.324840068817138672e+00 4.522450783409374606e-15 3.707475783277383390e-17
1.325012803077697754e+00 4.172844287177266548e-15 3.373401025796612018e-17
1.325185537338256836e+00 3.991422111853130603e-15 3.195384478785809996e-17
1.325358271598815918e+00 3.968974044684997135e-15 3.242402417420059153e-17
1.325531125068664551e+00 3.964662223466999119e-15 3.276283073565741124e-17
1.325703859329223633e+00 4.286409806063913239e-15 3.354876150542364453e-17
1.325876593589782715e+00 4.394874916058668160e-15 3.353874269384440226e-17
1.326049327850341797e+00 4.535659415188858165e-15 3.310622318643022493e-17
1.326222062110900879e+00 4.368631717770361800e-15 3.253127972114666731e-17
1.326394796371459961e+00 4.316639988434945591e-15 3.290236287010530616e-17
1.326567649841308594e+00 4.455654188705374108e-15 3.457292029160514979e-17
1.326740384101867676e+00 4.367256983296968070e-15 3.549031322176321066e-17
1.326913118362426758e+00 4.130775125302460840e-15 3.597073641281155892e-17
1.327085852622985840e+00 4.041200967613844952e-15 3.589592950693471331e-17
1.327258586883544922e+00 4.224347702018590653e-15 3.513771590513390687e-17
1.327431440353393555e+00 4.389586465852485936e-15 3.462733554102133816e-17
1.327604174613952637e+00 4.599584568201666585e-15 3.621891044891216850e-17
1.327776908874511719e+00 4.334344247581981349e-15 3.695882350684085175e-17
1.327949643135070801e+00 4.374577465543613361e-15 3.735432171875960577e-17
1.328122377395629883e+00 4.125699703882513072e-15 3.591040847637684151e-17
1.328295230865478516e+00 3.762770226423042125e-15 3.410082846368643562e-17
1.328467965126037598e+00 4.198622887894003924e-15 3.621064526023153865e-17
1.328640699386596680e+00 4.283317288773487788e-15 3.565123624685172688e-17
1.328813433647155762e+00 4.322043211605480773e-15 3.595043409185705741e-17
1.328986167907714844e+00 4.396746435355626537e-15 3.623372690804421833e-17
1.329158902168273926e+00 3.867013300692207986e-15 3.449487414644954652e-17
1.329331755638122559e+00 4.050208739491420809e-15 3.558266628279353110e-17
1.329504489898681641e+00 4.222433831074269561e-15 3.488949223819654412e-17
1.329677224159240723e+00 3.924339643529431779e-15 3.394336967100329149e-17
1.329849958419799805e+00 3.653234466782957768e-15 3.440100238181457873e-17
1.330022692680358887e+00 3.524511928579905813e-15 4.146959158832522142e-17
1.330195546150207520e+00 3.773788854517399691e-15 5.098854123212414821e-17
1.330368280410766602e+00 4.245678109212822071e-15 4.857866632273665950e-17
1.330541014671325684e+00 4.028470062416612818e-15 3.632878319531636206e-17
1.330713748931884766e+00 3.806923936381040666e-15 3.210527839695940784e-17
1.330886483192443848e+00 3.917322399077903528e-15 3.301004855096990951e-17
1.331059336662292480e+00 3.961784852545176261e-15 3.390320508918016668e-17
1.331232070922851562e+00 3.602275694126718178e-15 3.416709555691928378e-17
1.331404805183410645e+00 3.757445353800127966e-15 3.795071894041033872e-17
1.331577539443969727e+00 4.258924433958458447e-15 3.865243610637377337e-17
1.331750273704528809e+00 3.853715730453262725e-15 3.525656190682307568e-17
1.331923007965087891e+00 3.406783030999267423e-15 3.493168506688164895e-17
1.332095861434936523e+00 3.711987213103357802e-15 3.944107341110428017e-17
1.332268595695495605e+00 3.378332041333942729e-15 5.564015170214669679e-17
1.332441329956054688e+00 2.931817140881180610e-15 7.352475607505371664e-17
1.332614064216613770e+00 3.302353821239942429e-15 7.432928517371259220e-17
1.332786798477172852e+00 3.793146521977475844e-15 4.822908986970439937e-17
1.332959651947021484e+00 3.847767441581169401e-15 3.405041676843500390e-17
1.333132386207580566e+00 4.010378285696208217e-15 3.294411232998208257e-17
1.333305120468139648e+00 3.882271752204046952e-15 3.194126171637994330e-17
1.333477854728698730e+00 3.326702206825240919e-15 3.012321799166189484e-17
1.333650588989257812e+00 3.221415587965057760e-15 3.260212939497305923e-17
1.333823442459106445e+00 3.818326270400504430e-15 3.844175320435651722e-17
1.333996176719665527e+00 3.992911619290877290e-15 3.955980691623014176e-17
1.334168910980224609e+00 3.674917663199720602e-15 3.864925973282156975e-17
1.334341645240783691e+00 3.546109362910759150e-15 3.413181134071022183e-17
1.334514379501342773e+00 3.335761012437888848e-15 2.999690089468014709e-17
1.334687113761901855e+00 2.908629402191857324e-15 2.896421883946689543e-17
1.334859967231750488e+00 2.548073946325303367e-15 2.940005368677618529e-17
1.335032701492309570e+00 2.819647744049845819e-15 3.151017488578670782e-17
1.335205435752868652e+00 3.078550352399937566e-15 3.158381381263862856e-17
1.335378170013427734e+00 3.060304839199606310e-15 3.009343287216508542e-17
1.335550904273986816e+00 3.065185443041685588e-15 2.898191057840817958e-17
1.335723757743835449e+00 2.858933343901737083e-15 2.808737099421373376e-17
1.335896492004394531e+00 2.314689687818905113e-15 2.929745682104000816e-17
1.336069226264953613e+00 2.995956804987881181e-15 3.972560038076537021e-17
1.336241960525512695e+00 4.107732864521828481e-15 4.191995834463584287e-17
1.336414694786071777e+00 3.900327530024193246e-15 3.408356685866367904e-17
1.336587548255920410e+00 3.180429145955079862e-15 2.873054362514311532e-17
1.336760282516479492e+00 2.922803228014737159e-15 2.747007588156746111e-17
1.336933016777038574e+00 3.049597072196891072e-15 2.918327280928318822e-17
1.337105751037597656e+00 2.910082275454635263e-15 3.091813856032535443e-17
1.337278485298156738e+00 2.771085439359625459e-15 3.142437640393025758e-17
1.337451219558715820e+00 2.548030112370282957e-15 3.143247946521082704e-17
1.337624073028564453e+00 3.165896389920801017e-15 3.412136901265735241e-17
1.337796807289123535e+00 3.203180239160093555e-15 3.242721709136504621e-17
1.337969541549682617e+00 2.907190716730945895e-15 3.168226815786714013e-17
1.338142275810241699e+00 3.467548327602343675e-15 3.398392468207554133e-17
1.338315010070800781e+00 3.535266494152956851e-15 3.181932867664472660e-17
1.338487863540649414e+00 3.203430749154244014e-15 2.906791420105654298e-17
1.338660597801208496e+00 2.894501951422839663e-15 2.872005828369839314e-17
1.338833332061767578e+00 3.389952274579087661e-15 3.226429890663905209e-17
1.339006066322326660e+00 3.546093692801234945e-15 3.244877010940572790e-17
1.339178800582885742e+00 2.908838195813355509e-15 3.008550848189682741e-17
1.339351654052734375e+00 2.914011873055184776e-15 3.290739874567452899e-17
1.339524388313293457e+00 3.104792068380586231e-15 3.282564683137468816e-17
1.339697122573852539e+00 3.496574876155327666e-15 3.178458378219504922e-17
1.339869856834411621e+00 3.581896081415779712e-15 3.474033833886343238e-17
1.340042591094970703e+00 2.923191592621053256e-15 4.120232291496443776e-17
1.340215325355529785e+00 2.693437929084823747e-15 4.817515769376594197e-17
1.340388178825378418e+00 3.013046118215210317e-15 4.466196612229807346e-17
1.340560913085937500e+00 3.223682459890147081e-15 4.094131765320190562e-17
1.340733647346496582e+00 3.827338700959290185e-15 3.768555130580543975e-17
1.340906381607055664e+00 3.442186467095655414e-15 3.178481870148901428e-17
1.341079115867614746e+00 3.068756957463783346e-15 2.905341868800216372e-17
1.341251969337463379e+00 2.785103622878447316e-15 3.014542613674771852e-17
1.341424703598022461e+00 2.885390206250988340e-15 3.445689663016601192e-17
1.341597437858581543e+00 3.039367031776427260e-15 3.764730578300343796e-17
1.341770172119140625e+00 3.115342710771585796e-15 3.783444712478743494e-17
1.341942906379699707e+00 2.842095175943268846e-15 4.619836808333161685e-17
1.342115759849548340e+00 2.790462588577488461e-15 5.686425989471697012e-17
1.342288494110107422e+00 2.842709698346501841e-15 5.571167304663048178e-17
1.342461228370666504e+00 2.778698359731310297e-15 4.174782536788600802e-17
1.342633962631225586e+00 2.714205271127367869e-15 3.249838109382420829e-17
1.342806696891784668e+00 2.840727641249926778e-15 3.287304097175152643e-17
1.342979431152343750e+00 2.758869318436087126e-15 3.061424563816317291e-17
1.343152284622192383e+00 2.515359839836447779e-15 2.880445055851350324e-17
1.343325018882751465e+00 2.664949034695109423e-15 2.930037180551864503e-17
1.343497753143310547e+00 2.975352305029446698e-15 2.934227015790568098e-17
1.343670487403869629e+00 2.868873910812476738e-15 2.896347768563804792e-17
1.343843221664428711e+00 2.450847269474718503e-15 3.125223680973552231e-17
1.344016075134277344e+00 2.304136080812590158e-15 3.680688366320466142e-17
1.344188809394836426e+00 2.921787211994505626e-15 4.291386879017750902e-17
1.344361543655395508e+00 2.982909956501323193e-15 4.116122858213280334e-17
1.344534277915954590e+00 2.525250643561536244e-15 3.983535070443890592e-17
1.344707012176513672e+00 2.459158356753177697e-15 4.193061904837042629e-17
1.344879865646362305e+00 2.716408192064939491e-15 3.938337921773993160e-17
1.345052599906921387e+00 3.319469392488636449e-15 3.425052830222383236e-17
1.345225334167480469e+00 3.239034720300894461e-15 2.970517414496739550e-17
1.345398068428039551e+00 2.620484887161942181e-15 2.807082407324022299e-17
1.345570802688598633e+00 2.545123095295306198e-15 3.252090687626525234e-17
1.345743536949157715e+00 3.024116415319350396e-15 3.638304293477739046e-17
1.345916390419006348e+00 3.149664909310803673e-15 3.540382983435956651e-17
1.346089124679565430e+00 3.612734856959414279e-15 3.546534229343145986e-17
1.346261858940124512e+00 3.509600125301730669e-15 3.317901508033489137e-17
1.346434593200683594e+00 2.469570297499064371e-15 3.079917675335042820e-17
1.346607327461242676e+00 2.495562985793220272e-15 3.779866660021084118e-17
1.346780180931091309e+00 nan nan
1.414863944053649902e+00 nan nan
1.415079712867736816e+00 2.419274116365814457e-15 1.172608192330517837e-16
1.415295481681823730e+00 2.398921396950951315e-15 1.078955597470652094e-16
1.415511250495910645e+00 2.781747890099662592e-15 8.448215295174765728e-17
1.415727019309997559e+00 2.642945236307810836e-15 6.462854108360921120e-17
1.415942668914794922e+00 2.605419982678550822e-15 1.057558354082926391e-16
1.416158437728881836e+00 2.750786718295149778e-15 1.589479163090865986e-16
1.416374206542968750e+00 2.854306426427360467e-15 1.730653085618556156e-16
1.416589975357055664e+00 2.747045585525364347e-15 1.254374929706935618e-16
1.416805744171142578e+00 2.413655535068439870e-15 7.141179268345846189e-17
1.417021393775939941e+00 2.410115996140100962e-15 5.771466773887048681e-17
1.417237162590026855e+00 2.633950381682680607e-15 6.084551327015919444e-17
1.417452931404113770e+00 2.325540815147943141e-15 7.113847235673624028e-17
1.417668700218200684e+00 2.550892024940818424e-15 7.300847625881241973e-17
1.417884469032287598e+00 2.330225542620969863e-15 6.156911763513078220e-17
1.418100118637084961e+00 2.499954639866497005e-15 6.792825057386694411e-17
1.418315887451171875e+00 2.428045354292869551e-15 1.558259381539644594e-16
1.418531656265258789e+00 2.836653624531870407e-15 3.157164697844470859e-16
1.418747425079345703e+00 3.458413077266206045e-15 6.735103070753764055e-16
1.418963193893432617e+00 3.198185074111898132e-15 7.637990429341197027e-16
1.419178843498229980e+00 2.786136579557623935e-15 5.168236113934341659e-16
1.419394612312316895e+00 2.831207626197498883e-15 3.009635381234413267e-16
1.419610381126403809e+00 3.033134563350530118e-15 1.355145115952799645e-16
1.419826149940490723e+00 2.651073999744373542e-15 8.612565494977211648e-17
1.420041918754577637e+00 2.805908446128907441e-15 7.002781363953883981e-17
1.420257568359375000e+00 2.726440238533982610e-15 6.799472942533660584e-17
1.420473337173461914e+00 2.376964820650462155e-15 7.360054567149827524e-17
1.420689105987548828e+00 2.771744007476115677e-15 7.057738582107417097e-17
1.420904874801635742e+00 2.732062843237856656e-15 5.794834957063916734e-17
1.421120643615722656e+00 2.919565868090331223e-15 5.565772763580222353e-17
1.421336293220520020e+00 2.714780406498553539e-15 5.369327625138473937e-17
1.421552062034606934e+00 2.656248312260913250e-15 4.964144782607949073e-17
1.421767830848693848e+00 2.596677543871702375e-15 4.402873620233157929e-17
1.421983599662780762e+00 2.520561892682010065e-15 4.134899527245989041e-17
1.422199368476867676e+00 2.714198071347316207e-15 4.279795100785677793e-17
1.422415018081665039e+00 2.750062293367010538e-15 5.230364921824260521e-17
1.422630786895751953e+00 2.643041374547324199e-15 6.777440159737698139e-17
1.422846555709838867e+00 2.924665853465749366e-15 7.543932846853425322e-17
1.423062324523925781e+00 2.834046245361984857e-15 8.044065435793197084e-17
1.423278093338012695e+00 2.448440425355095408e-15 7.838535538119901277e-17
1.423493742942810059e+00 2.556858948537751343e-15 7.189229859256806546e-17
1.423709511756896973e+00 2.279886374565646794e-15 8.049245571661249165e-17
1.423925280570983887e+00 2.396092095148885139e-15 7.964311989853284368e-17
1.424141049385070801e+00 2.915241976652834834e-15 5.672980664923015079e-17
1.424356818199157715e+00 2.780805565945842182e-15 4.220438605262342654e-17
1.424572467803955078e+00 2.808091250033981773e-15 4.097294242238103297e-17
1.424788236618041992e+00 2.749106416686034060e-15 4.301701490384042135e-17
1.425004005432128906e+00 2.529182782260927520e-15 4.578833134496663082e-17
1.425219774246215820e+00 2.417405985200645098e-15 5.162408394908334064e-17
1.425435543060302734e+00 2.368809587434297752e-15 6.234377558750914283e-17
1.425651192665100098e+00 2.190579455771889637e-15 6.686682564672869985e-17
1.425866961479187012e+00 2.427998979239007378e-15 5.742860221327004814e-17
1.426082730293273926e+00 2.431308548722166743e-15 4.530312374125527585e-17
1.426298499107360840e+00 2.548649928729436291e-15 5.660113705058630222e-17
1.426514267921447754e+00 2.695610568594531027e-15 7.359435836051637860e-17
1.426729917526245117e+00 2.693794318197380994e-15 7.866629900444652309e-17
1.426945686340332031e+00 2.584098892846739201e-15 7.005448194248754942e-17
1.427161455154418945e+00 2.445258969605208256e-15 5.646048987667268582e-17
1.427377223968505859e+00 2.473443143892147845e-15 5.815143895463318669e-17
1.427592992782592773e+00 2.500490599963872164e-15 5.900113211473745757e-17
1.427808642387390137e+00 2.630193155286897344e-15 6.006377465173737989e-17
1.428024411201477051e+00 2.576636109064955188e-15 6.333179319836698120e-17
1.428240180015563965e+00 2.190258642043117071e-15 6.680562089884467623e-17
1.428455948829650879e+00 2.157888007414373102e-15 6.518453218669795386e-17
1.428671717643737793e+00 2.233488450813897984e-15 6.447606191821363630e-17
1.428887367248535156e+00 2.357932202083894840e-15 9.160486624009886968e-17
1.429103136062622070e+00 2.634835954629034978e-15 1.066030470265592509e-16
1.429318904876708984e+00 2.720064409781762678e-15 9.996439321522916990e-17
1.429534673690795898e+00 2.929863671146575380e-15 8.738237391081168036e-17
1.429750442504882812e+00 2.563382161022793523e-15 5.688358945127110927e-17
1.429966092109680176e+00 2.548946602019212110e-15 4.442661669441448603e-17
1.430181860923767090e+00 2.781798288560024222e-15 3.679218631808081922e-17
1.430397629737854004e+00 2.992340186061342132e-15 3.463092881360226851e-17
1.430613398551940918e+00 3.214285688131544687e-15 3.818934400351963615e-17
1.430829167366027832e+00 3.206430728095181933e-15 4.946688955577365041e-17
1.431044816970825195e+00 2.788464861371389193e-15 6.639011153354703937e-17
1.431260585784912109e+00 2.607152588572159493e-15 7.940607640475474765e-17
1.431476354598999023e+00 2.507828022869462541e-15 8.711995251584045744e-17
1.431692123413085938e+00 2.232299640072426573e-15 8.500210544990868962e-17
1.431907892227172852e+00 2.461954412512064143e-15 7.231738340063661617e-17
1.432123541831970215e+00 2.572731922452823304e-15 7.662374522659178206e-17
1.432339310646057129e+00 2.166542990069417543e-15 9.870322733121652094e-17
1.432555079460144043e+00 2.724519167809609857e-15 8.672169482939822652e-17
1.432770848274230957e+00 2.521394526069161042e-15 5.278887667428866146e-17
1.432986617088317871e+00 2.503567447144773410e-15 4.217407153753458318e-17
1.433202266693115234e+00 2.774646577628119351e-15 3.947770758607302866e-17
1.433418035507202148e+00 2.800221043404568441e-15 4.079540630187000175e-17
1.433633804321289062e+00 2.504043479661130327e-15 4.707819377878996942e-17
1.433849573135375977e+00 2.378005400626164063e-15 7.455081075919919344e-17
1.434065341949462891e+00 2.373560806993683936e-15 1.464174799876679159e-16
1.434280991554260254e+00 2.099936766020312449e-15 1.913380591653970181e-16
1.434496760368347168e+00 3.023441541818625532e-15 1.146115119322771458e-16
1.434712529182434082e+00 2.954885024408467412e-15 5.162265458098484901e-17
1.434928297996520996e+00 2.726530024026391566e-15 5.382845410708815516e-17
1.435144066810607910e+00 2.465336826828687378e-15 7.415175236192401119e-17
1.435359716415405273e+00 2.531652518576884246e-15 1.230225226287327465e-16
1.435575485229492188e+00 2.778662149072815175e-15 1.700816614749319443e-16
1.435791254043579102e+00 2.729915826474803818e-15 1.981083273383516365e-16
1.436007022857666016e+00 2.243043194217163305e-15 1.480993830184495368e-16
1.436222791671752930e+00 2.556126053280139560e-15 6.241656748141380926e-17
1.436438441276550293e+00 2.664016239661945624e-15 4.798146177280807479e-17
1.436654210090637207e+00 2.605375936965293598e-15 5.144221340216253156e-17
1.436869978904724121e+00 2.525836155086325779e-15 6.660304105810798954e-17
1.437085747718811035e+00 2.629781709032768568e-15 1.007415525617798909e-16
1.437301516532897949e+00 2.786801500421218561e-15 1.491499685708408862e-16
1.437517166137695312e+00 2.779812419815186515e-15 2.269741778593737259e-16
1.437732934951782227e+00 2.094763724053193624e-15 1.493498154068336977e-16
1.437948703765869141e+00 2.632986246430468399e-15 7.638885901985122432e-17
1.438164472579956055e+00 2.554258980906154268e-15 4.377484138511455298e-17
1.438380241394042969e+00 2.592266619798875606e-15 3.870525324284650930e-17
1.438595890998840332e+00 2.793499201693395127e-15 4.001349562988077617e-17
1.438811659812927246e+00 3.038107705542096929e-15 4.113341215249387013e-17
1.439027428627014160e+00 2.857022861089205008e-15 4.618097412941085179e-17
1.439243197441101074e+00 2.601635651228455422e-15 6.180320313103838861e-17
1.439458966255187988e+00 1.909212263111192964e-15 7.197306450757774308e-17
1.439674615859985352e+00 2.703952360817328190e-15 7.479659589769074987e-17
1.439890384674072266e+00 2.614357662579741386e-15 6.020368728926704920e-17
1.440106153488159180e+00 3.013720356441224740e-15 6.860950990892071728e-17
1.440321922302246094e+00 2.737086807406258725e-15 7.026506889155374942e-17
1.440537691116333008e+00 2.723691828378379219e-15 5.437134928671895828e-17
1.440753340721130371e+00 2.573501663643640650e-15 4.086464131914069016e-17
1.440969109535217285e+00 2.561659296008078276e-15 4.048639147735489188e-17
1.441184878349304199e+00 2.483511189261449273e-15 4.984559600125757796e-17
1.441400647163391113e+00 2.056165914954472852e-15 5.672569721594698734e-17
1.441616415977478027e+00 2.789959451006819406e-15 5.088822076743371701e-17
1.441832065582275391e+00 2.727154287308517985e-15 3.926775922043971960e-17
1.442047834396362305e+00 2.558136062463974014e-15 3.944156641074936178e-17
1.442263603210449219e+00 2.485785472724827069e-15 4.108489966392886016e-17
1.442479372024536133e+00 2.773448661282464957e-15 4.503620248375176445e-17
1.442695140838623047e+00 2.708932702788946663e-15 6.049752831262548633e-17
1.442910790443420410e+00 2.459424113340378734e-15 6.254744730665439951e-17
1.443126559257507324e+00 3.087823457348240833e-15 4.598133905165485388e-17
1.443342328071594238e+00 2.920489981035785665e-15 3.542541593962475032e-17
1.443558096885681152e+00 3.022248919428891477e-15 3.454491195606410427e-17
1.443773865699768066e+00 2.938921206209802427e-15 3.595374281430726952e-17
1.443989515304565430e+00 2.785319828038233976e-15 3.845323116253630304e-17
1.444205284118652344e+00 2.464541674649452403e-15 4.073513792243938815e-17
1.444421052932739258e+00 2.459114946314630915e-15 3.860462837569065859e-17
1.444636821746826172e+00 2.745977053462403047e-15 3.525728651703967213e-17
1.444852590560913086e+00 2.711767510305169993e-15 3.603097832246257082e-17
1.445068240165710449e+00 2.676598490576934629e-15 4.464235201561321607e-17
1.445284008979797363e+00 2.786254317137292283e-15 7.355745287030671271e-17
1.445499777793884277e+00 2.317536565554626816e-15 1.366982136692882475e-16
1.445715546607971191e+00 2.818697373083026494e-15 1.375964259354024288e-16
1.445931315422058105e+00 2.948641332796019150e-15 6.667627632082098440e-17
1.446146965026855469e+00 2.763096648117596525e-15 4.399880219032451033e-17
1.446362733840942383e+00 2.863650893901469908e-15 3.871295263998815288e-17
1.446578502655029297e+00 2.745933854782093078e-15 4.850652624715468485e-17
1.446794271469116211e+00 2.433793319872937233e-15 7.197747172588142561e-17
1.447010040283203125e+00 2.305113345075484807e-15 7.775393864113523484e-17
1.447225689888000488e+00 2.421136530058589850e-15 5.150572763831680323e-17
1.447441458702087402e+00 2.512994712089476959e-15 3.611103947959035327e-17
1.447657227516174316e+00 2.571381540176663136e-15 3.205124034190254365e-17
1.447872996330261230e+00 2.526348186502941004e-15 3.211862578332356350e-17
1.448088765144348145e+00 2.518059545597584048e-15 3.399615372025152529e-17
1.448304414749145508e+00 2.819248368015215417e-15 3.564491658697182175e-17
1.448520183563232422e+00 2.866106230657323312e-15 3.578800559805369469e-17
1.448735952377319336e+00 2.728594243318850296e-15 3.529938339277372081e-17
1.448951721191406250e+00 2.790521880883796262e-15 3.387713566499494545e-17
1.449167490005493164e+00 2.842738285708471674e-15 3.340505376324358192e-17
1.449383139610290527e+00 2.828440369558819084e-15 3.541027522569257970e-17
1.449598908424377441e+00 2.745530031824489590e-15 3.958850677476328161e-17
1.449814677238464355e+00 2.666944220802366927e-15 4.611339347336526943e-17
1.450030446052551270e+00 2.610881862880683364e-15 5.992228706232140961e-17
1.450246214866638184e+00 2.429595212828108107e-15 8.310539354021439801e-17
1.450461864471435547e+00 2.225534387922706477e-15 1.055313981470498512e-16
1.450677633285522461e+00 2.359778945667146029e-15 1.104296507146785612e-16
1.450893402099609375e+00 2.142027738993509955e-15 9.410884783341529124e-17
1.451109170913696289e+00 2.512499409573570007e-15 7.335357601036954288e-17
1.451324939727783203e+00 2.781487427468381894e-15 6.353826409670511734e-17
1.451540708541870117e+00 2.851980473954200158e-15 1.415938788159608916e-16
1.451756358146667480e+00 3.118040934225064370e-15 2.388323214835787103e-16
1.451972126960754395e+00 2.835632102797481721e-15 2.913109888845477353e-16
1.452187895774841309e+00 2.563134403885721641e-15 1.907848407717215532e-16
1.452403664588928223e+00 2.803690913872995683e-15 6.958418013341440000e-17
1.452619433403015137e+00 2.716507294919768244e-15 5.121470895520839704e-17
1.452835083007812500e+00 2.699562612568182779e-15 4.687449228114266083e-17
1.453050851821899414e+00 2.772304743287198024e-15 4.132358428404226140e-17
1.453266620635986328e+00 2.658798304948622321e-15 3.569594701332144313e-17
1.453482389450073242e+00 2.579797659540581864e-15 3.312578766227832915e-17
1.453698158264160156e+00 2.599826812369593863e-15 3.297534666991208490e-17
1.453913807868957520e+00 2.586687213775311529e-15 3.381545776980054150e-17
1.454129576683044434e+00 2.572933728052506641e-15 3.507651446597233346e-17
1.454345345497131348e+00 2.574663792847273550e-15 3.525957284425276870e-17
1.454561114311218262e+00 2.737390680476086205e-15 3.528514265134800789e-17
1.454776883125305176e+00 2.917016087160858966e-15 3.732123780297993488e-17
1.454992532730102539e+00 2.890442546023123428e-15 4.421279050606952837e-17
1.455208301544189453e+00 2.715409116703653043e-15 5.202035640205544429e-17
1.455424070358276367e+00 2.861748034385463123e-15 5.030763262165009752e-17
1.455639839172363281e+00 2.727048619948348011e-15 4.088717371902663464e-17
1.455855607986450195e+00 2.598797667338679888e-15 4.485185370371574649e-17
1.456071257591247559e+00 2.461242693078133717e-15 9.560161767149788752e-17
1.456287026405334473e+00 2.650241578115459379e-15 1.358333533254722043e-16
1.456502795219421387e+00 2.692581790533386463e-15 1.257023495853881409e-16
1.456718564033508301e+00 2.627284655904262890e-15 8.249504012726867038e-17
1.456934332847595215e+00 2.623605144781390210e-15 3.923035411314007169e-17
1.457149982452392578e+00 2.769844747850134722e-15 4.023606015421674401e-17
1.457365751266479492e+00 2.797454633798835896e-15 4.455687447983443640e-17
1.457581520080566406e+00 2.705566805614794887e-15 4.367203276114156227e-17
1.457797288894653320e+00 2.775528127167974264e-15 3.720309655917266125e-17
1.458013057708740234e+00 2.997291517154517144e-15 3.312632367531526351e-17
1.458228707313537598e+00 2.930967566835084546e-15 3.191043765803376728e-17
1.458444476127624512e+00 2.890269751301883551e-15 3.214207469932821673e-17
1.458660244941711426e+00 2.955321458134540190e-15 3.252660118760206738e-17
1.458876013755798340e+00 2.854692038176597987e-15 3.221198138725629820e-17
1.459091782569885254e+00 2.708620571147883453e-15 3.194052056255109579e-17
1.459307432174682617e+00 2.762919194715146749e-15 3.250263941961763128e-17
1.459523200988769531e+00 2.781103509785038883e-15 3.359926253618123197e-17
1.459738969802856445e+00 2.771328537815487443e-15 3.678880149501425223e-17
1.459954738616943359e+00 2.805170680431848945e-15 6.396823257911018112e-17
1.460170507431030273e+00 2.517400342206383389e-15 1.767351185105042743e-16
1.460386157035827637e+00 2.473546481911712870e-15 2.653621345454122444e-16
1.460601925849914551e+00 2.744605918879035149e-15 1.925623394115347025e-16
1.460817694664001465e+00 2.892186375103283219e-15 1.131958684145089938e-16
1.461033463478088379e+00 2.682523909559452087e-15 6.503016043206085763e-17
1.461249232292175293e+00 2.578108252327283162e-15 5.665099288046609831e-17
1.461464881896972656e+00 2.638694401462015129e-15 4.715174998758063485e-17
1.461680650711059570e+00 2.587526835184277355e-15 4.263140977204780155e-17
1.461896419525146484e+00 2.644373545615118400e-15 3.704705720842065811e-17
1.462112188339233398e+00 2.594221148324664904e-15 3.229264804059246946e-17
1.462327957153320312e+00 2.619889423000022408e-15 3.236642262506484889e-17
1.462543606758117676e+00 2.675398033132438472e-15 3.661868683895904677e-17
1.462759375572204590e+00 2.645941615358722923e-15 4.331811857297707406e-17
1.462975144386291504e+00 2.529679778842728981e-15 5.465906917354450300e-17
1.463190913200378418e+00 2.303569839287350658e-15 5.530206313346157311e-17
1.463406682014465332e+00 2.630710268901196094e-15 4.594263692515472282e-17
1.463622331619262695e+00 2.503865179225733296e-15 3.864603372843261294e-17
1.463838100433349609e+00 2.592587010011174545e-15 3.530813496365453185e-17
1.464053869247436523e+00 2.620755937705063557e-15 3.103451956378911521e-17
1.464269638061523438e+00 2.624875905960508474e-15 3.035049082804451451e-17
1.464485406875610352e+00 2.800663194603035186e-15 3.299274393255530017e-17
1.464701056480407715e+00 2.815904917214165880e-15 3.533966047116015284e-17
1.464916825294494629e+00 2.881162029536531687e-15 4.406140321908252346e-17
1.465132594108581543e+00 2.218223858313191424e-15 5.599440338000110664e-17
1.465348362922668457e+00 2.826406008177751068e-15 5.548723247666524367e-17
1.465564131736755371e+00 3.019088427744448869e-15 4.325031292380487728e-17
1.465779781341552734e+00 2.831839936292624219e-15 4.257692173073770851e-17
1.465995550155639648e+00 2.806270976230332281e-15 5.275632877154592493e-17
1.466211318969726562e+00 2.581676378617591902e-15 9.623726295885303653e-17
1.466427087783813477e+00 2.541937616138919588e-15 1.508223821856352989e-16
1.466642856597900391e+00 3.068428308680248677e-15 1.418254496828063368e-16
1.466858506202697754e+00 2.737045302791843264e-15 7.526136552282714463e-17
1.467074275016784668e+00 2.845531376852042729e-15 4.434243286911373929e-17
1.467290043830871582e+00 2.768884212487948346e-15 3.647155787776546485e-17
1.467505812644958496e+00 2.674943811714473353e-15 3.679903206483030808e-17
1.467721581459045410e+00 2.362581565931373695e-15 3.958342126835730560e-17
1.467937231063842773e+00 2.534413634226696452e-15 3.797285429360225774e-17
1.468152999877929688e+00 2.470888492523228876e-15 3.445256220375623405e-17
1.468368768692016602e+00 2.327783970150509342e-15 3.220861972524688270e-17
1.468584537506103516e+00 2.485640630090846584e-15 2.998227634145020956e-17
1.468800306320190430e+00 2.570254986356814916e-15 3.079264533523370950e-17
1.469015955924987793e+00 2.448280759644537972e-15 3.467827001441990339e-17
1.469231724739074707e+00 2.530185881028713425e-15 4.528985576422992528e-17
1.469447493553161621e+00 2.413179502552082953e-15 1.110584072418923686e-16
1.469663262367248535e+00 2.304129728065485751e-15 2.419359560814368735e-16
1.469879031181335449e+00 2.887499953564361989e-15 1.834742846924268989e-16
1.470094680786132812e+00 2.869135855751415130e-15 1.240591850770536033e-16
1.470310449600219727e+00 2.808353406731156979e-15 8.313497351891929428e-17
1.470526218414306641e+00 2.545925235496356021e-15 8.551787572289265386e-17
1.470741987228393555e+00 2.527055035497424718e-15 7.705522248643414257e-17
1.470957756042480469e+00 2.434601177546381022e-15 6.324657374293931808e-17
1.471173405647277832e+00 2.727977391575012352e-15 5.419376684409362409e-17
1.471389174461364746e+00 2.859986205855174178e-15 4.321431733226901973e-17
1.471604943275451660e+00 2.673719002072743635e-15 3.842214240639411004e-17
1.471820712089538574e+00 2.684661820718321941e-15 3.724103106206434310e-17
1.472036480903625488e+00 2.832141056505373122e-15 4.213939943497881048e-17
1.472252130508422852e+00 2.244381294515588286e-15 5.408043648272895887e-17
1.472467899322509766e+00 2.778749181708145555e-15 5.989180049366515522e-17
1.472683668136596680e+00 3.088005145915426880e-15 4.182999087249212537e-17
1.472899436950683594e+00 3.013353802933300442e-15 3.411948965830563193e-17
1.473115205764770508e+00 2.702677364473473655e-15 3.476726141344080832e-17
1.473330855369567871e+00 2.776156413856600141e-15 3.655253224228950583e-17
1.473546624183654785e+00 2.496173908306427436e-15 4.503993472267560372e-17
1.473762392997741699e+00 2.433882681848872562e-15 8.516265128063788166e-17
1.473978161811828613e+00 2.372571260753054100e-15 8.533921132802610031e-17
1.474193930625915527e+00 2.674144424370502107e-15 6.331600397483456901e-17
1.474409580230712891e+00 2.626456469440084998e-15 3.770091370414177458e-17
1.474625349044799805e+00 2.481336855685847484e-15 2.956975144380266402e-17
1.474841117858886719e+00 2.731150376995426961e-15 2.912919174083447127e-17
1.475056886672973633e+00 2.857873070410011512e-15 3.014244828654252762e-17
1.475272655487060547e+00 2.677618318245428806e-15 4.569063469717921783e-17
1.475488305091857910e+00 2.751338560260285955e-15 7.020848312021022190e-17
1.475704073905944824e+00 2.349861460404219053e-15 8.062782878694046995e-17
1.475919842720031738e+00 2.759089970518846871e-15 5.347996953246446502e-17
1.476135611534118652e+00 2.796357937890378391e-15 3.654005835865220618e-17
1.476351380348205566e+00 2.688621487988498981e-15 3.181273439280145386e-17
1.476567029953002930e+00 2.599318169084767656e-15 3.401898721388043906e-17
1.476782798767089844e+00 2.380546711226163778e-15 4.841517903774922890e-17
1.476998567581176758e+00 2.526590861442329361e-15 9.613920566031855042e-17
1.477214336395263672e+00 2.854549101366748824e-15 9.686607904307094775e-17
1.477430105209350586e+00 2.803795734200218402e-15 7.642450057808490918e-17
1.477645754814147949e+00 2.704330137511803608e-15 5.925362734235804416e-17
1.477861523628234863e+00 2.540604809796414947e-15 6.224549991329294272e-17
1.478077292442321777e+00 2.618053690845085525e-15 1.177861384790270601e-16
1.478293061256408691e+00 2.774321952251084140e-15 1.203712565642675830e-16
1.478508830070495605e+00 2.797109679631066582e-15 9.853503173418243851e-17
1.478724479675292969e+00 2.730914266561379825e-15 6.046684322062221922e-17
1.478940248489379883e+00 2.806517251059746469e-15 4.291681686188064801e-17
1.479156017303466797e+00 2.742716400131947618e-15 4.881628222549864223e-17
1.479371786117553711e+00 2.465207654304231097e-15 5.303804994456923509e-17
1.479587554931640625e+00 2.574318626921267422e-15 7.774294706515563020e-17
1.479803204536437988e+00 2.617020522407672092e-15 1.150330299375443678e-16
1.480018973350524902e+00 2.303359986874668405e-15 1.483906961778560119e-16
1.480234742164611816e+00 2.140434893536198244e-15 1.497292729323138234e-16
1.480450510978698730e+00 2.204753916869479913e-15 1.314410639774850299e-16
1.480666279792785645e+00 2.423223619240624446e-15 9.694084955300084103e-17
1.480881929397583008e+00 2.608638284361643536e-15 5.292668827306244608e-17
1.481097698211669922e+00 2.732073431149697335e-15 3.421295775880167384e-17
1.481313467025756836e+00 2.809734493951655115e-15 3.452901023596838487e-17
1.481529235839843750e+00 2.582969162653338778e-15 3.884057006489283399e-17
1.481745004653930664e+00 2.401464825133319166e-15 4.072435148725169667e-17
1.481960654258728027e+00 2.323899265296164307e-15 3.857384402201388511e-17
1.482176423072814941e+00 2.326965524565224874e-15 3.571523686520617974e-17
1.482392191886901855e+00 2.624917622333160748e-15 3.321575182569959643e-17
1.482607960700988770e+00 2.822713579802432760e-15 3.489834968819576194e-17
1.482823729515075684e+00 2.739335891639455706e-15 5.350508604458402515e-17
1.483039379119873047e+00 2.593713775589259578e-15 1.211864596015508428e-16
1.483255147933959961e+00 2.432580792208942702e-15 1.547777348817372628e-16
1.483470916748046875e+00 2.604257006441970668e-15 1.270230724735046078e-16
1.483686685562133789e+00 2.833492497572717359e-15 7.085310828029524658e-17
1.483902454376220703e+00 2.922108025723278192e-15 3.567159150736543178e-17
1.484118103981018066e+00 2.845007910490639572e-15 3.700738562624261490e-17
1.484333872795104980e+00 2.519348941501541907e-15 3.919728674097265185e-17
1.484549641609191895e+00 2.618023197658984370e-15 3.702622218315167245e-17
1.484765410423278809e+00 2.700821727044276296e-15 3.306331898241832450e-17
1.484981179237365723e+00 2.569947936913435232e-15 3.202883698219215745e-17
1.485196828842163086e+00 2.565734371517318715e-15 3.306495349130872928e-17
1.485412597656250000e+00 2.640044360221701671e-15 3.342782439114594167e-17
1.485628366470336914e+00 2.731785651705867686e-15 3.436128116879978234e-17
1.485844135284423828e+00 2.679052768541603964e-15 3.793324226842831836e-17
1.486059904098510742e+00 2.537276817346652801e-15 6.224546682606844059e-17
1.486275553703308105e+00 2.553168849503037983e-15 1.022158795809250049e-16
1.486491322517395020e+00 2.654043697257447119e-15 1.235582974376506931e-16
1.486707091331481934e+00 2.858192401831126384e-15 9.120627106396671712e-17
1.486922860145568848e+00 2.895256446020606431e-15 4.485047727517645826e-17
1.487138628959655762e+00 2.683231605586883055e-15 3.554720008684970748e-17
1.487354278564453125e+00 2.599353320952078709e-15 3.368982226964353744e-17
1.487570047378540039e+00 2.713664228832309185e-15 3.416903115955265786e-17
1.487785816192626953e+00 2.745343261059620017e-15 3.661117603899706528e-17
1.488001585006713867e+00 2.785408131222985237e-15 4.050636292606437218e-17
1.488217353820800781e+00 2.840254996865358879e-15 5.878813641572750315e-17
1.488433003425598145e+00 2.800359533291444519e-15 1.172079193785177924e-16
1.488648772239685059e+00 2.699431534219595176e-15 1.601873769738258561e-16
1.488864541053771973e+00 2.423450200554014972e-15 1.551856341853994118e-16
1.489080309867858887e+00 2.650385997232966237e-15 1.015209750744865570e-16
1.489296078681945801e+00 2.835466507856293505e-15 4.124806600283862019e-17
1.489511728286743164e+00 2.617437686134194835e-15 3.598040449981107871e-17
1.489727497100830078e+00 2.564792894396445561e-15 3.420692264905248695e-17
1.489943265914916992e+00 2.686410520237928444e-15 3.063016390187114338e-17
1.490159034729003906e+00 2.695231097834161101e-15 2.891778753732306888e-17
1.490374803543090820e+00 2.676022296414564891e-15 3.233939698009151637e-17
1.490590453147888184e+00 2.575750112602127190e-15 4.745990454425868957e-17
1.490806221961975098e+00 2.616982617683282462e-15 6.319616204768788636e-17
1.491021990776062012e+00 2.850730253324052811e-15 6.561237646928998147e-17
1.491237759590148926e+00 2.904855870411839416e-15 5.404656509100613749e-17
1.491453528404235840e+00 2.698299474685589804e-15 3.686815789426013950e-17
1.491669178009033203e+00 2.704944024640326163e-15 3.230330212688215246e-17
1.491884946823120117e+00 2.613758175011322155e-15 3.038670148653963585e-17
1.492100715637207031e+00 2.697238142402680165e-15 3.004147600352940464e-17
1.492316484451293945e+00 2.705237733314786591e-15 2.967460816697233602e-17
1.492532253265380859e+00 2.603342210858936023e-15 3.098192411172054350e-17
1.492747902870178223e+00 2.559727425613628031e-15 4.887412200265080014e-17
1.492963671684265137e+00 2.600518626529263813e-15 8.411340906956131839e-17
1.493179440498352051e+00 2.688597559307739047e-15 1.007306139253594897e-16
1.493395209312438965e+00 2.793067214890295434e-15 8.051007797238232135e-17
1.493610978126525879e+00 2.780829494626602116e-15 4.094312752438217164e-17
1.493826627731323242e+00 2.664787674918657479e-15 3.203661909739505633e-17
1.494042396545410156e+00 2.526438819028297214e-15 3.201138347126728856e-17
1.494258165359497070e+00 2.534860867622846722e-15 3.033539974494909707e-17
1.494473934173583984e+00 2.695857266940418842e-15 2.888524625202523277e-17
1.494689702987670898e+00 2.814568299223398594e-15 2.919095235409013053e-17
1.494905352592468262e+00 2.741977575643705055e-15 3.005201097581088000e-17
1.495121121406555176e+00 2.631024518124627440e-15 3.002407212344128894e-17
1.495336890220642090e+00 2.629088200807204109e-15 2.970122353036184224e-17
1.495552659034729004e+00 2.735741295569545269e-15 3.035761119875737097e-17
1.495768427848815918e+00 2.681827860235045866e-15 3.065068459850735889e-17
1.495984077453613281e+00 2.635089429238500827e-15 3.009044840451499409e-17
1.496199846267700195e+00 2.753488118122180556e-15 3.162114612804437180e-17
1.496415615081787109e+00 2.611029458371742426e-15 3.358814522874851928e-17
1.496631383895874023e+00 2.726642679408376388e-15 3.148750351955785444e-17
1.496847152709960938e+00 2.836209355751035527e-15 2.796095132683602943e-17
1.497062802314758301e+00 2.869616123432508319e-15 2.739799701735081539e-17
1.497278571128845215e+00 2.817755472445679713e-15 2.764467054782025377e-17
1.497494339942932129e+00 2.685009104226696204e-15 2.813693896524036139e-17
1.497710108757019043e+00 2.669794063153404021e-15 2.892057679034859769e-17
1.497925877571105957e+00 2.793612704108327204e-15 2.985260419990394673e-17
1.498141527175903320e+00 2.777962923374856750e-15 2.982111177962282786e-17
1.498357295989990234e+00 2.689379370718054767e-15 2.864611164565860268e-17
1.498573064804077148e+00 2.818857885826531184e-15 2.871470477077394995e-17
1.498788833618164062e+00 2.921407741234135699e-15 2.948036961553263406e-17
1.499004602432250977e+00 2.855134189375064732e-15 3.078205411467058053e-17
1.499220371246337891e+00 2.775767625733810418e-15 3.126443276068700415e-17
1.499436020851135254e+00 2.668717907793917432e-15 3.069783720214533168e-17
1.499651789665222168e+00 2.606625310562493691e-15 2.978172474757550289e-17
1.499867558479309082e+00 2.768552175572624660e-15 2.908327659939287781e-17
1.500083327293395996e+00 2.779876370802704215e-15 2.869601710637515195e-17
1.500299096107482910e+00 2.734679751528398817e-15 3.073539451067768935e-17
1.500514745712280273e+00 2.665941969067528276e-15 3.654093517010151239e-17
1.500730514526367188e+00 2.508393205603517973e-15 3.773460311612983429e-17
1.500946283340454102e+00 2.568880251883421187e-15 3.334534124918460396e-17
1.501162052154541016e+00 2.665809196653046165e-15 2.962756805989767044e-17
1.501377820968627930e+00 2.742852772436455561e-15 2.945039259013371234e-17
1.501593470573425293e+00 2.757683260551694292e-15 2.989604441695278153e-17
1.501809239387512207e+00 2.524991874996150056e-15 3.004304433797080518e-17
1.502025008201599121e+00 2.606587405838104061e-15 3.006496131548101020e-17
1.502240777015686035e+00 2.561107242284705286e-15 3.356663522409969035e-17
1.502456545829772949e+00 2.687712833394331931e-15 4.185580552504868026e-17
1.502672195434570312e+00 2.795651088895894677e-15 4.480932007661826981e-17
1.502887964248657227e+00 2.870912507358281025e-15 3.848131890741615364e-17
1.503103733062744141e+00 2.960176439229965026e-15 3.301955781929181912e-17
1.503319501876831055e+00 3.021224644837424214e-15 3.326240150352513698e-17
1.503535270690917969e+00 2.837091328807364067e-15 3.415869471061819523e-17
1.503750920295715332e+00 2.538278645565017824e-15 3.506201233547305378e-17
1.503966689109802246e+00 2.688100350967700773e-15 3.510707713524494273e-17
1.504182457923889160e+00 2.850331512564132849e-15 3.485898581720558846e-17
1.504398226737976074e+00 2.957132202817533070e-15 3.629006452520397994e-17
1.504613995552062988e+00 2.810544892723940667e-15 3.907999253011263253e-17
1.504829645156860352e+00 2.853718585561965983e-15 4.747253393785114920e-17
1.505045413970947266e+00 2.928910759080914292e-15 8.757578197291637908e-17
1.505261182785034180e+00 2.514153876677794469e-15 1.786940145499278524e-16
1.505476951599121094e+00 2.136938129771695678e-15 2.494818549711702148e-16
1.505692720413208008e+00 2.886682990286735216e-15 2.228583124197670720e-16
1.505908370018005371e+00 2.523050475481043199e-15 1.008499198394692379e-16
1.506124138832092285e+00 2.667805653309724551e-15 5.206251614351604701e-17
1.506339907646179199e+00 2.697596225581131921e-15 5.892187497716507667e-17
1.506555676460266113e+00 2.873837312125150124e-15 8.823361555302265051e-17
1.506771445274353027e+00 2.987114416293256726e-15 1.360014364259429795e-16
1.506987094879150391e+00 2.682056347372567713e-15 1.384059379700713238e-16
1.507202863693237305e+00 2.886837997316082753e-15 8.343815837447713041e-17
1.507418632507324219e+00 2.798423639490494816e-15 3.983424228241808486e-17
1.507634401321411133e+00 2.707531922052424864e-15 3.368255300642042144e-17
1.507850170135498047e+00 2.700892454295372030e-15 3.584674865643476050e-17
1.508065819740295410e+00 2.822971924851345321e-15 4.090895173019393075e-17
1.508281588554382324e+00 2.824892148542770820e-15 4.410150493517909424e-17
1.508497357368469238e+00 2.852553491743017693e-15 6.333874813295732706e-17
1.508713126182556152e+00 2.646302663152490069e-15 8.872279031495180980e-17
1.508928894996643066e+00 2.868820124220326090e-15 8.473380114642098957e-17
1.509144544601440430e+00 3.030602781871187014e-15 5.592289527040712250e-17
1.509360313415527344e+00 3.166536535070688455e-15 3.560188665150681325e-17
1.509576082229614258e+00 2.953503513671495648e-15 3.194004410651826525e-17
1.509791851043701172e+00 2.853187707662274350e-15 3.251171193657611288e-17
1.510007619857788086e+00 2.790577996816551859e-15 3.215271224200564866e-17
1.510223269462585449e+00 2.717521828632342082e-15 3.093271017399608857e-17
1.510439038276672363e+00 2.795820707243582351e-15 3.302902738294432618e-17
1.510654807090759277e+00 2.856408126927735200e-15 3.514516383936933434e-17
1.510870575904846191e+00 2.741335101153212668e-15 3.694837125262063170e-17
1.511086344718933105e+00 2.706867424705303865e-15 4.186579124940342041e-17
1.511301994323730469e+00 2.776280715941609710e-15 4.629745770327056914e-17
1.511517763137817383e+00 2.829027786907739941e-15 4.319837590750389778e-17
1.511733531951904297e+00 2.741134566102950212e-15 3.596886698462718908e-17
1.511949300765991211e+00 2.777752223929227243e-15 2.987398185565476717e-17
1.512165069580078125e+00 3.051573623579308982e-15 2.919085309241662416e-17
1.512380719184875488e+00 3.035903090538630798e-15 2.909821878997803570e-17
1.512596487998962402e+00 2.806326668646614252e-15 2.864287571510229524e-17
1.512812256813049316e+00 2.782644474474331268e-15 2.885014070682848228e-17
1.513028025627136230e+00 2.833415417574517217e-15 2.925194203501489036e-17
1.513243794441223145e+00 2.729874110102151544e-15 3.045691919437803726e-17
1.513459444046020508e+00 2.590061581278935848e-15 3.099754459040799488e-17
1.513675212860107422e+00 2.574537584938132659e-15 3.039644236543306030e-17
1.513890981674194336e+00 2.618595791931328277e-15 2.978178430457960671e-17
1.514106750488281250e+00 2.816437065663278394e-15 3.092625816521817495e-17
1.514322519302368164e+00 2.991373721468524975e-15 3.103978043248495247e-17
1.514538168907165527e+00 3.027729222597626800e-15 3.131861639953167767e-17
1.514753937721252441e+00 2.996643748708104418e-15 3.272164044987472067e-17
1.514969706535339355e+00 2.887648396088368305e-15 3.344300480974751483e-17
1.515185475349426270e+00 2.825664642590666742e-15 3.161320850288631295e-17
1.515401244163513184e+00 2.922318089894197259e-15 2.927451744829268759e-17
1.515616893768310547e+00 2.993656687019612128e-15 2.760756818862480027e-17
1.515832662582397461e+00 3.046550294685617354e-15 2.724648730763315263e-17
1.516048431396484375e+00 2.958548865421815888e-15 2.743484791364005277e-17
1.516264200210571289e+00 2.700920829899105050e-15 2.721702975165891421e-17
1.516479969024658203e+00 2.591900278049188121e-15 2.729519004773904979e-17
1.516695618629455566e+00 2.616283391985324037e-15 2.769907256234664130e-17
1.516911387443542480e+00 2.709204600365015293e-15 2.792327490429546413e-17
1.517127156257629395e+00 2.651703768740657115e-15 2.745228322659144549e-17
1.517342925071716309e+00 2.550259503087456275e-15 2.726403842587030277e-17
1.517558693885803223e+00 2.460426576833454199e-15 2.722415508545544599e-17
1.517774343490600586e+00 2.559001730136067909e-15 2.781875897953816398e-17
1.517990112304687500e+00 2.673868079871460392e-15 2.928588621863161641e-17
1.518205881118774414e+00 2.836367750912172081e-15 3.840380877529748474e-17
1.518421649932861328e+00 2.978050951999398899e-15 8.169068308217720584e-17
1.518637418746948242e+00 2.716262502398011751e-15 1.101365640800387724e-16
1.518853068351745605e+00 2.749132039432688503e-15 1.016060555635713112e-16
1.519068837165832520e+00 2.742091925091584385e-15 6.159931303621141792e-17
1.519284605979919434e+00 2.845544717620961984e-15 3.103344422899279628e-17
1.519500374794006348e+00 2.854797070262057521e-15 2.779572696256223747e-17
1.519716143608093262e+00 2.877206809189327731e-15 2.723707895534597449e-17
1.519931793212890625e+00 2.843003195262725456e-15 2.698851448999623989e-17
1.520147562026977539e+00 2.806569978860713049e-15 2.683795272926056290e-17
1.520363330841064453e+00 2.812022329942188981e-15 2.703718083415518472e-17
1.520579099655151367e+00 2.883011102460387824e-15 2.744855595075128155e-17
1.520794868469238281e+00 3.051775217420755505e-15 2.773763903122631366e-17
1.521010518074035645e+00 3.070741343900963358e-15 2.766391904067436273e-17
1.521226286888122559e+00 3.055208877230687625e-15 2.760819022844544015e-17
1.521442055702209473e+00 3.039566296277268834e-15 2.762831387838763020e-17
1.521657824516296387e+00 2.943989004333224906e-15 2.757059321524367993e-17
1.521873593330383301e+00 2.914913116111063351e-15 2.774295614820380452e-17
1.522089242935180664e+00 2.919325522491547815e-15 2.786224220997885154e-17
1.522305011749267578e+00 2.938638297205419490e-15 2.798955523241811313e-17
1.522520780563354492e+00 2.895315314810440604e-15 2.792234846200940474e-17
1.522736549377441406e+00 2.801784030950489439e-15 2.788868882852339694e-17
1.522952318191528320e+00 2.870200787924350599e-15 2.901848519637282426e-17
1.523167967796325684e+00 3.068443978789772882e-15 3.052511858152180929e-17
1.523383736610412598e+00 3.088097896023151226e-15 3.334942752141061592e-17
1.523599505424499512e+00 2.991801684865125210e-15 6.083481286175520847e-17
1.523815274238586426e+00 3.142118269267241484e-15 1.373926351022489644e-16
1.524031043052673340e+00 3.122990783010581688e-15 1.865379366881966990e-16
1.524246692657470703e+00 2.918512370862183687e-15 1.668135701364084384e-16
1.524462461471557617e+00 2.871492936685387035e-15 9.616592028538156300e-17
1.524678230285644531e+00 2.802281874565238154e-15 3.617909990039121638e-17
1.524893999099731445e+00 2.748607726038338091e-15 3.004813977054413183e-17
1.525109767913818359e+00 2.799199309911942941e-15 2.878261629906455352e-17
1.525325417518615723e+00 2.883590684754546579e-15 2.831335342884077071e-17
1.525541186332702637e+00 2.939341334551640560e-15 2.808012489204776924e-17
1.525756955146789551e+00 2.981119752367301229e-15 2.786498514089007738e-17
1.525972723960876465e+00 2.773926176106479569e-15 2.726276953081064642e-17
1.526188492774963379e+00 2.614027531488549022e-15 2.734279429199147653e-17
1.526404142379760742e+00 2.752933099783492175e-15 2.870912957344534254e-17
1.526619911193847656e+00 2.917579999345493516e-15 3.001600214938522160e-17
1.526835680007934570e+00 2.870025240346032146e-15 3.014138949535845975e-17
1.527051448822021484e+00 2.826130298953419794e-15 2.938195828369597525e-17
1.527267217636108398e+00 2.895934072378409871e-15 2.844582805830236320e-17
1.527482867240905762e+00 2.876910982932499167e-15 2.766650811599165370e-17
1.527698636054992676e+00 2.800608772736174097e-15 2.740352589256511983e-17
1.527914404869079590e+00 2.851245037597746612e-15 2.842791463495691483e-17
1.528130173683166504e+00 2.875760923948364640e-15 3.268678305886173609e-17
1.528345942497253418e+00 2.925414418832885353e-15 5.779219110587895656e-17
1.528561592102050781e+00 2.956397401735789965e-15 1.001115387200350029e-16
1.528777360916137695e+00 2.967007548191334144e-15 1.206460658160924001e-16
1.528993129730224609e+00 3.063753745602589007e-15 9.632293240053392850e-17
1.529208898544311523e+00 3.004876485438942590e-15 4.736847792551442853e-17
1.529424667358398438e+00 2.796947472821667384e-15 2.992046940608024733e-17
1.529640316963195801e+00 2.946231312302843852e-15 2.855843050072798175e-17
1.529856085777282715e+00 3.084939098404603126e-15 2.854668453602972875e-17
1.530071854591369629e+00 2.996509282227727798e-15 2.808788715491596685e-17
1.530287623405456543e+00 2.961807612928139995e-15 2.778079138942198001e-17
1.530503392219543457e+00 2.995869772352550801e-15 2.795639190729963715e-17
1.530719041824340820e+00 2.978773047586933190e-15 2.951861844705708606e-17
1.530934810638427734e+00 3.060686427542344372e-15 3.341213112056458563e-17
1.531150579452514648e+00 2.877757592363279840e-15 3.430974450791527850e-17
1.531366348266601562e+00 2.946374460870929829e-15 3.792951995567182973e-17
1.531582117080688477e+00 2.913250178677366346e-15 3.438595431211101405e-17
1.531797766685485840e+00 2.905517403143645025e-15 2.816936444525244007e-17
1.532013535499572754e+00 2.790452635940358223e-15 2.788263717516195899e-17
1.532229304313659668e+00 2.681275171236962435e-15 2.833126685218621908e-17
1.532445073127746582e+00 2.756394288164210060e-15 3.032718087838277019e-17
1.532660841941833496e+00 2.804255249574103860e-15 4.555179739444586745e-17
1.532876491546630859e+00 2.806413066007234190e-15 1.065341660425907352e-16
1.533092260360717773e+00 2.601579323537463011e-15 1.769338668506436154e-16
1.533308029174804688e+00 2.887494236091968022e-15 1.858981488803338844e-16
1.533523797988891602e+00 3.009485826979663679e-15 1.283588699011042411e-16
1.533739566802978516e+00 3.135261961075691550e-15 4.514164154207267379e-17
1.533955216407775879e+00 3.074323446234901794e-15 3.100688180516249345e-17
1.534170985221862793e+00 3.012123064060939943e-15 2.927768389567754058e-17
1.534386754035949707e+00 2.993608829658092260e-15 2.931283907171104426e-17
1.534602522850036621e+00 2.937142860537042023e-15 3.352853528508549790e-17
1.534818291664123535e+00 2.837343109350935408e-15 3.887398485291752609e-17
1.535033941268920898e+00 2.812239593893159709e-15 3.670401879095001711e-17
1.535249710083007812e+00 2.924741662914528625e-15 2.978888813168021211e-17
1.535465478897094727e+00 3.001716205512736796e-15 2.767979594535170554e-17
1.535681247711181641e+00 2.885769465253121453e-15 2.717113280819079691e-17
1.535897016525268555e+00 2.791952519531708775e-15 2.610081403510638250e-17
1.536112666130065918e+00 3.027195803599093404e-15 2.608393624188785052e-17
1.536328434944152832e+00 3.082574182415869120e-15 2.614966235900008899e-17
1.536544203758239746e+00 2.902724312000073970e-15 2.574947403300815931e-17
1.536759972572326660e+00 2.907068532228304462e-15 2.582891480467652698e-17
1.536975741386413574e+00 3.032884900389326913e-15 2.737453817517881152e-17
1.537191390991210938e+00 3.039714315284801523e-15 3.098315164774957220e-17
1.537407159805297852e+00 2.966364438426131317e-15 3.544409367785619769e-17
1.537622928619384766e+00 2.794221085522692605e-15 3.779781625854113666e-17
1.537838697433471680e+00 2.850475508165166080e-15 3.595248549977618892e-17
1.538054466247558594e+00 2.829795198757952338e-15 3.032802460260757428e-17
1.538270115852355957e+00 2.871763563712034784e-15 2.718905284898114570e-17
1.538485884666442871e+00 2.891594722589626090e-15 2.909698132778165637e-17
1.538701653480529785e+00 2.898552886493083354e-15 3.320082948744913982e-17
1.538917422294616699e+00 3.019443122791111607e-15 3.670197730919823624e-17
1.539133191108703613e+00 3.109758222550338194e-15 5.478705386664115766e-17
1.539348840713500977e+00 3.098749335334874053e-15 9.603316110578925227e-17
1.539564609527587891e+00 2.785111881449683045e-15 1.068514592906762758e-16
1.539780378341674805e+00 2.714785700454473878e-15 7.916842410604581258e-17
1.539996147155761719e+00 2.888344868929248153e-15 3.314881637053180544e-17
1.540211915969848633e+00 3.013937408633958655e-15 2.907880320664019103e-17
1.540427565574645996e+00 3.013207054475188634e-15 3.201938065342945124e-17
1.540643334388732910e+00 2.818576670888042757e-15 3.316511182859910008e-17
1.540859103202819824e+00 2.720120949230991902e-15 3.202475070996614549e-17
1.541074872016906738e+00 2.680962404321188784e-15 3.096118503940261399e-17
1.541290640830993652e+00 2.881613709855655042e-15 2.997799485459963509e-17
1.541506290435791016e+00 2.991439366521937183e-15 2.742494987043024324e-17
1.541722059249877930e+00 3.100089764973903983e-15 2.673332761666240574e-17
1.541937828063964844e+00 2.968356871676310245e-15 2.690016167440822590e-17
1.542153596878051758e+00 2.993252652303771827e-15 2.793302901807868943e-17
1.542369365692138672e+00 2.878282117515867065e-15 2.940746191634221020e-17
1.542585015296936035e+00 2.744562931956961993e-15 3.500517179250085993e-17
1.542800784111022949e+00 2.918742128549126416e-15 7.025150312950787976e-17
1.543016552925109863e+00 2.900815735011673217e-15 1.380409726489231271e-16
1.543232321739196777e+00 3.167405590874571367e-15 1.619328868849903547e-16
1.543448090553283691e+00 2.884330356275736397e-15 1.180113168940986955e-16
1.543663740158081055e+00 2.911904666840652890e-15 4.688370376444405134e-17
1.543879508972167969e+00 2.912975740002455953e-15 3.280206556647202645e-17
1.544095277786254883e+00 2.855611704199079344e-15 2.964642777786387947e-17
1.544311046600341797e+00 2.861672224936683863e-15 2.624145955465877379e-17
1.544526815414428711e+00 2.986534410482624344e-15 2.551950789655106698e-17
1.544742465019226074e+00 2.933336717988554825e-15 2.508761870076365506e-17
1.544958233833312988e+00 2.938615215557606811e-15 2.490111097932887370e-17
1.545174002647399902e+00 2.908762174606339436e-15 2.483822870916259254e-17
1.545389771461486816e+00 2.989848426888756794e-15 2.495997315171814715e-17
1.545605540275573730e+00 3.094460172248215089e-15 2.541116212555764631e-17
1.545821309089660645e+00 3.104462572564104308e-15 2.826441411507968338e-17
1.546036958694458008e+00 3.110409802645013565e-15 3.773637990008559819e-17
1.546252727508544922e+00 3.197628996982025684e-15 4.014472948842353912e-17
1.546468496322631836e+00 3.169367530938649140e-15 3.310941279487222941e-17
1.546684265136718750e+00 2.993833293389114650e-15 2.764391615910160541e-17
1.546900033950805664e+00 2.961013731298325902e-15 2.733104170984832312e-17
1.547115683555603027e+00 2.985344752708205679e-15 2.942664919783099023e-17
1.547331452369689941e+00 2.948021516436865816e-15 3.458789887813726001e-17
1.547547221183776855e+00 2.892949340030522530e-15 3.360653179940434798e-17
1.547762989997863770e+00 2.837583243191482002e-15 2.663887517123742573e-17
1.547978758811950684e+00 2.952225552712325722e-15 2.426207921454593260e-17
1.548194408416748047e+00 3.048218102558761071e-15 2.433525988333849895e-17
1.548410177230834961e+00 3.119999274399116312e-15 2.595454203302740551e-17
1.548625946044921875e+00 3.130758075136903622e-15 3.278912515296924688e-17
1.548841714859008789e+00 3.043489752888950753e-15 3.604147028135219343e-17
1.549057483673095703e+00 2.974969869653761381e-15 3.174116010875846548e-17
1.549273133277893066e+00 3.019007747856222897e-15 2.565228858283930409e-17
1.549488902091979980e+00 3.053426296393190950e-15 2.537414910186834853e-17
1.549704670906066895e+00 3.118830580690142192e-15 3.489902135885315500e-17
1.549920439720153809e+00 3.189272805199125198e-15 5.574892926141987014e-17
1.550136208534240723e+00 3.153681539546683565e-15 5.912936496201787813e-17
1.550351858139038086e+00 2.863335374128617682e-15 4.294321384958844023e-17
1.550567626953125000e+00 2.854648204221577577e-15 3.951613508860979211e-17
1.550783395767211914e+00 2.841980826495389516e-15 7.062322486189940955e-17
1.550999164581298828e+00 2.670612932255162116e-15 7.902722106676056055e-17
1.551214933395385742e+00 2.874530608592477769e-15 5.826832288390937972e-17
1.551430583000183105e+00 3.098983751703026680e-15 3.857714612701919679e-17
1.551646351814270020e+00 3.035231181653221325e-15 4.775831822204331984e-17
1.551862120628356934e+00 2.942900566996003130e-15 4.756878467392781950e-17
1.552077889442443848e+00 3.115347157694558881e-15 3.391943437279845708e-17
1.552293658256530762e+00 3.192674701273535282e-15 2.610234762796205581e-17
1.552509307861328125e+00 3.175147260254238858e-15 2.511269881693626286e-17
1.552725076675415039e+00 3.081341749477614113e-15 2.485471441877077438e-17
1.552940845489501953e+00 2.990581533904605391e-15 2.482779465291584865e-17
1.553156614303588867e+00 3.075016530943992625e-15 2.547569379386535821e-17
1.553372383117675781e+00 3.073986327121894582e-15 2.751593477472740097e-17
1.553588032722473145e+00 2.972415218284842411e-15 4.614617960412442123e-17
1.553803801536560059e+00 2.987751808586065587e-15 9.043694015473319799e-17
1.554019570350646973e+00 2.902500907060235648e-15 1.108223100427350332e-16
1.554235339164733887e+00 3.077349894955441409e-15 9.765858424434575250e-17
1.554451107978820801e+00 3.125544799104790217e-15 9.102232594806962504e-17
1.554666757583618164e+00 2.676055118941270995e-15 8.729180755990447447e-17
1.554882526397705078e+00 2.789988461885262866e-15 5.795063258912981369e-17
1.555098295211791992e+00 3.024111544879903683e-15 3.141664061084166167e-17
1.555314064025878906e+00 3.169390612586461820e-15 2.554858494944353101e-17
1.555529832839965820e+00 3.092407387900544292e-15 2.480025946468518346e-17
1.555745482444763184e+00 2.894230900879718286e-15 2.459728092289324621e-17
1.555961251258850098e+00 2.934876200370189515e-15 2.631507532045354304e-17
1.556177020072937012e+00 3.063616738023370624e-15 2.851776299309242469e-17
1.556392788887023926e+00 3.121806630950320176e-15 2.732598432758317391e-17
1.556608557701110840e+00 3.122984430263477280e-15 3.503788844008855728e-17
1.556824207305908203e+00 3.090102611251065341e-15 5.651082878003021288e-17
1.557039976119995117e+00 3.061633198619137866e-15 6.237168797009913219e-17
1.557255744934082031e+00 2.956375378879161353e-15 4.700493535501982308e-17
1.557471513748168945e+00 2.920429206421820169e-15 3.020459932904731191e-17
1.557687282562255859e+00 2.964274808145254958e-15 2.607920146006159699e-17
1.557902932167053223e+00 2.980760822155902219e-15 2.714235188595762687e-17
1.558118700981140137e+00 2.914534704141877493e-15 2.748940212939915005e-17
1.558334469795227051e+00 2.877060060731215924e-15 2.582641506486539173e-17
1.558550238609313965e+00 2.997895239887672647e-15 2.476763546132609205e-17
1.558766007423400879e+00 3.003554478766515441e-15 2.464336480917980049e-17
1.558981657028198242e+00 3.019525284986995274e-15 2.526516143871958671e-17
1.559197425842285156e+00 3.076688362223635800e-15 3.134435826019432790e-17
1.559413194656372070e+00 3.150441215006962239e-15 7.155734338404329264e-17
1.559628963470458984e+00 2.920652823119895304e-15 1.108721129330556259e-16
1.559844732284545898e+00 2.980323964913355814e-15 1.114996717027424565e-16
1.560060381889343262e+00 2.929341475334593103e-15 6.925500857173259796e-17
1.560276150703430176e+00 2.948728153673112716e-15 3.317779416175076310e-17
1.560491919517517090e+00 2.969319948137338384e-15 2.495560563808386716e-17
1.560707688331604004e+00 3.062063914872816678e-15 2.451876659351093793e-17
1.560923457145690918e+00 3.102661145243531225e-15 2.578681462022002808e-17
1.561139106750488281e+00 3.056319972699248454e-15 2.847194049587943717e-17
1.561354875564575195e+00 3.101762655044731226e-15 2.926906136497228782e-17
1.561570644378662109e+00 3.065026836122312220e-15 2.680315820397413234e-17
1.561786413192749023e+00 3.034568590130231648e-15 2.512129818658436414e-17
1.562002182006835938e+00 3.042525829394975359e-15 2.521810644239389518e-17
1.562217831611633301e+00 3.094224273572404767e-15 2.514598125606294648e-17
1.562433600425720215e+00 3.092890831955189684e-15 2.541090239084530466e-17
1.562649369239807129e+00 3.089274636545124263e-15 3.451887231038093496e-17
1.562865138053894043e+00 3.056155013032770679e-15 6.940535030242533585e-17
1.563080906867980957e+00 2.738624807480235721e-15 8.968077134340662264e-17
1.563296556472778320e+00 2.954946010780669721e-15 7.919756733338728085e-17
1.563512325286865234e+00 3.124423115724388710e-15 4.707827649685122472e-17
1.563728094100952148e+00 3.136154098527387142e-15 2.758829322599108962e-17
1.563943862915039062e+00 3.127501233454710837e-15 2.700909143491410900e-17
1.564159631729125977e+00 3.211816375332061588e-15 2.707122593380664223e-17
1.564375281333923340e+00 3.198967309038687479e-15 2.579480683929851544e-17
1.564591050148010254e+00 3.072109725627252680e-15 2.523147202673152700e-17
1.564806818962097168e+00 2.995381881374932324e-15 2.697433330557463078e-17
1.565022587776184082e+00 2.868231436321984351e-15 4.821964015838659358e-17
1.565238356590270996e+00 2.747273437388175754e-15 1.039788132245123204e-16
1.565454006195068359e+00 2.789714234968589286e-15 1.351863260328883256e-16
1.565669775009155273e+00 2.727591779825774831e-15 1.200208363870105188e-16
1.565885543823242188e+00 2.771579471326111530e-15 7.449006923245819951e-17
1.566101312637329102e+00 2.878683611132865604e-15 3.702729090050309096e-17
1.566317081451416016e+00 3.041456450299066805e-15 2.559568957660597572e-17
1.566532731056213379e+00 3.129955511419380172e-15 2.441236304259579177e-17
1.566748499870300293e+00 3.173979625336448805e-15 2.425639979246014351e-17
1.566964268684387207e+00 3.185687102975160931e-15 2.403812006369720035e-17
1.567180037498474121e+00 3.131741480388665864e-15 2.381027647269191909e-17
1.567395806312561035e+00 3.146588062129902427e-15 2.385222280155448312e-17
1.567611455917358398e+00 3.223316541656933223e-15 2.407742768640572023e-17
1.567827224731445312e+00 3.194819176937746356e-15 2.408008624489446566e-17
1.568042993545532227e+00 3.200613517571676211e-15 2.544440651437615249e-17
1.568258762359619141e+00 3.233830973389437667e-15 2.601164231071194101e-17
1.568474531173706055e+00 3.224231548998204681e-15 2.518426979225680103e-17
1.568690180778503418e+00 3.172780014924899902e-15 2.442842689009157157e-17
1.568905949592590332e+00 3.077818092417036223e-15 2.377583598070766123e-17
1.569121718406677246e+00 3.009599541152832569e-15 2.350342389829802284e-17
1.569337487220764160e+00 2.982398348601181595e-15 2.373747299825867691e-17
1.569553256034851074e+00 3.031799851183894154e-15 2.576568677301419865e-17
1.569768905639648438e+00 3.023674264120883651e-15 3.553183107106847223e-17
1.569984674453735352e+00 2.985407009629828870e-15 6.114024103113428841e-17
1.570200443267822266e+00 2.976266465337770901e-15 7.473553011614963515e-17
1.570416212081909180e+00 2.890020088340680346e-15 6.303291629943932124e-17
1.570631980895996094e+00 3.015123890034825116e-15 3.925318098932408504e-17
1.570847630500793457e+00 3.032348728533714941e-15 2.540007459662698552e-17
1.571063399314880371e+00 3.049741067797924303e-15 2.517913630937529694e-17
1.571279168128967285e+00 3.024087827957380563e-15 2.464617226017880547e-17
1.571494936943054199e+00 3.033544739055238013e-15 2.364968597420964919e-17
1.571710705757141113e+00 3.059903133824370958e-15 2.428872435643749072e-17
1.571926355361938477e+00 3.029008877622691234e-15 2.564124572166172117e-17
1.572142124176025391e+00 3.028485411261288077e-15 2.731422347363389496e-17
1.572357892990112305e+00 3.055542396453669006e-15 2.877917191899388271e-17
1.572573661804199219e+00 3.033069765330065164e-15 2.800471579868498502e-17
1.572789430618286133e+00 3.038531222015724079e-15 2.577585613146492557e-17
1.573005080223083496e+00 3.142984148697572193e-15 2.577407107570303614e-17
1.573220849037170410e+00 3.150002875456758139e-15 2.681026533979718795e-17
1.573436617851257324e+00 3.149758082935001646e-15 2.683130550585808677e-17
1.573652386665344238e+00 3.161061102341399844e-15 2.721453001184777896e-17
1.573868155479431152e+00 3.224691064372090139e-15 2.727281481216949039e-17
1.574083805084228516e+00 3.269968575292858323e-15 2.556241706364664274e-17
1.574299573898315430e+00 3.279777640338536748e-15 2.449623088490254325e-17
1.574515342712402344e+00 3.294798922625144511e-15 2.540477463686751183e-17
1.574731111526489258e+00 3.235692116532792179e-15 2.576033987753465588e-17
1.574946880340576172e+00 3.178177732381277931e-15 2.582596342425093778e-17
1.575162529945373535e+00 3.267484651175035087e-15 2.610571094433269642e-17
1.575378298759460449e+00 3.393552164604918438e-15 2.555101355172198670e-17
1.575594067573547363e+00 3.372493866744992463e-15 2.735951822961607365e-17
1.575809836387634277e+00 3.181058703193126620e-15 3.393345012109755558e-17
1.576025605201721191e+00 3.122905020924672190e-15 3.772080905223490000e-17
1.576241254806518555e+00 3.142260782560617020e-15 3.419308226304324969e-17
1.576457023620605469e+00 3.147838494518286588e-15 2.940866629131408741e-17
1.576672792434692383e+00 3.116577684808682566e-15 2.779559130494177878e-17
1.576888561248779297e+00 3.149857609306304027e-15 2.603191485316439061e-17
1.577104330062866211e+00 3.294006311544751299e-15 2.534567919954549843e-17
1.577319979667663574e+00 3.318268935044140291e-15 2.609927547916703386e-17
1.577535748481750488e+00 3.230623471376422445e-15 2.719459330472402588e-17
1.577751517295837402e+00 3.112651475339922071e-15 3.183917770262354905e-17
1.577967286109924316e+00 3.103722054009967236e-15 4.023399220268536144e-17
1.578183054924011230e+00 3.114950322758770242e-15 4.377162530689294681e-17
1.578398704528808594e+00 3.141002938633944384e-15 3.806476729454669997e-17
1.578614473342895508e+00 3.085824883109194311e-15 2.894942223266954687e-17
1.578830242156982422e+00 3.114691130676910426e-15 2.528875262978959906e-17
1.579046010971069336e+00 3.175077168277853565e-15 2.624803067744489504e-17
1.579261779785156250e+00 3.216174148087448149e-15 2.738195633091218708e-17
1.579477429389953613e+00 3.172094129995860733e-15 2.690330826945837761e-17
1.579693198204040527e+00 3.193128287416789959e-15 2.592430858163859234e-17
1.579908967018127441e+00 3.162523081208360766e-15 2.754545685078941853e-17
1.580124735832214355e+00 3.070921338402254896e-15 3.237834726077541334e-17
1.580340504646301270e+00 3.013940796765747672e-15 3.630506296407079144e-17
1.580556154251098633e+00 3.039819135612024242e-15 3.945310061721080119e-17
1.580771923065185547e+00 3.013149456234775342e-15 4.202942080945621013e-17
1.580987691879272461e+00 3.123507684866643624e-15 3.918035600819491648e-17
1.581203460693359375e+00 3.274582575514789311e-15 3.150547319118495641e-17
1.581419229507446289e+00 3.300695330729218509e-15 2.682659553945020983e-17
1.581634879112243652e+00 3.152083611891688328e-15 2.584663301339741283e-17
1.581850647926330566e+00 3.042211580171544014e-15 2.596279729554068472e-17
1.582066416740417480e+00 3.194036518494483383e-15 2.718824386634206884e-17
1.582282185554504395e+00 3.277837934889324401e-15 2.903367554114174806e-17
1.582497954368591309e+00 3.276084364930271185e-15 3.522052991934026579e-17
1.582713603973388672e+00 3.244298818309843124e-15 6.113184349355565007e-17
1.582929372787475586e+00 2.942293456131058610e-15 1.234035021665399697e-16
1.583145141601562500e+00 2.551469489652609043e-15 1.858212012310317515e-16
1.583360910415649414e+00 2.761314279038336664e-15 1.947507284401049925e-16
1.583576679229736328e+00 3.043193291357411748e-15 1.386575464600752535e-16
1.583792328834533691e+00 3.025021470023491615e-15 5.385787195839299103e-17
1.584008097648620605e+00 3.050381636464285368e-15 4.373873991446028864e-17
1.584223866462707520e+00 3.121119687230096938e-15 5.282037571201468075e-17
1.584439635276794434e+00 3.092501196799452706e-15 7.969747559094492824e-17
1.584655404090881348e+00 3.085827847724509701e-15 1.128527538964219979e-16
1.584871053695678711e+00 3.088355394039116533e-15 1.142156960830031714e-16
1.585086822509765625e+00 3.001419108706487350e-15 7.861873281050227378e-17
1.585302591323852539e+00 3.016150070450423701e-15 3.520805272698051592e-17
1.585518360137939453e+00 3.045126644059519688e-15 2.865269931205697499e-17
1.585734128952026367e+00 3.047381657523347449e-15 2.834370764859901661e-17
1.585949778556823730e+00 3.078577033937776077e-15 3.083861341623450635e-17
1.586165547370910645e+00 3.186186640655804155e-15 3.411895033654624735e-17
1.586381316184997559e+00 3.299078556591146863e-15 3.834762005064798268e-17
1.586597084999084473e+00 3.206568370949110756e-15 5.277715717937001016e-17
1.586812853813171387e+00 3.158093734168931216e-15 6.854236931296101313e-17
1.587028503417968750e+00 3.173772737539081942e-15 6.686142581168995369e-17
1.587244272232055664e+00 3.177274159984794406e-15 4.797865928489274514e-17
1.587460041046142578e+00 3.224630077999887830e-15 3.163257114666495422e-17
1.587675809860229492e+00 3.181908488997459497e-15 2.764814305203175138e-17
1.587891578674316406e+00 3.094336717196152775e-15 2.528028560903950627e-17
1.588107228279113770e+00 3.037206250727981539e-15 2.481477648443548910e-17
1.588322997093200684e+00 3.120939904487042213e-15 2.522881512260400668e-17
1.588538765907287598e+00 3.301695464881689024e-15 2.618796909316741970e-17
1.588754534721374512e+00 3.430686300770783778e-15 2.846253048923103393e-17
1.588970303535461426e+00 3.413430757327555985e-15 3.021843309761164875e-17
1.589185953140258789e+00 3.347955322263035383e-15 3.223976472967072929e-17
1.589401721954345703e+00 3.274380981673342787e-15 3.896825366424651934e-17
1.589617490768432617e+00 3.220334138649650832e-15 4.495452667006827850e-17
1.589833259582519531e+00 3.090748897389820372e-15 4.349681936379057995e-17
1.590049028396606445e+00 3.106516627461195987e-15 3.520387711924834824e-17
1.590264678001403809e+00 3.170108049492786212e-15 2.676642807605432770e-17
1.590480446815490723e+00 3.118002605984201113e-15 2.354188283369806331e-17
1.590696215629577637e+00 3.373902694294513178e-15 2.311971135574692436e-17
1.590911984443664551e+00 3.460820768418776394e-15 2.389459430125189941e-17
1.591127753257751465e+00 3.349311633769826331e-15 2.588737662164932476e-17
1.591343402862548828e+00 3.361507849419104188e-15 2.942674845950449659e-17
1.591559171676635742e+00 3.198171733342978877e-15 3.089816380289342392e-17
1.591774940490722656e+00 3.001924999134234981e-15 2.816929165335853541e-17
1.591990709304809570e+00 3.055157419979141926e-15 2.418455750189868795e-17
1.592206478118896484e+00 2.987376996506905559e-15 2.278774061487224287e-17
1.592422246932983398e+00 3.027309306014025481e-15 2.417770679206552377e-17
1.592637896537780762e+00 3.273523149056010995e-15 2.562252166131597083e-17
1.592853665351867676e+00 3.320399646422958484e-15 2.638159387659260732e-17
1.593069434165954590e+00 3.153227106370481633e-15 2.600977453688879627e-17
1.593285202980041504e+00 3.075142315336659889e-15 2.559046179513464059e-17
1.593500971794128418e+00 3.173609471938498676e-15 2.536039474264281679e-17
1.593716621398925781e+00 3.345995076264852118e-15 2.397838107985862069e-17
1.593932390213012695e+00 3.274510154197799068e-15 2.237353984930366490e-17
1.594148159027099609e+00 3.227561659030334963e-15 2.227885579330717003e-17
1.594363927841186523e+00 3.251290016498243306e-15 2.245942601230504576e-17
1.594579696655273438e+00 3.137572878714038095e-15 2.222551256996485038e-17
1.594795346260070801e+00 3.031182999440056210e-15 2.196366689269996437e-17
1.595011115074157715e+00 3.010770140685938012e-15 2.168112681087022670e-17
1.595226883888244629e+00 3.109437197063328814e-15 2.216708549457777983e-17
1.595442652702331543e+00 3.273320708181617217e-15 2.277250229362779099e-17
1.595658421516418457e+00 3.372967146404270804e-15 2.288212026840331822e-17
1.595874071121215820e+00 3.434240027500989195e-15 2.276559533551297321e-17
1.596089839935302734e+00 3.440952763607979525e-15 2.303269195530634585e-17
1.596305608749389648e+00 3.459582406249890607e-15 2.346350250757498862e-17
1.596521377563476562e+00 3.487240573076585276e-15 2.476148123756869752e-17
1.596737146377563477e+00 3.299787311409761899e-15 3.600891906988700668e-17
1.596952795982360840e+00 2.960278930216582796e-15 6.872584459027017510e-17
1.597168564796447754e+00 3.120666312845079074e-15 9.570107125090636315e-17
1.597384333610534668e+00 3.253734977100492844e-15 8.656327319848207066e-17
1.597600102424621582e+00 3.218190086501913384e-15 4.625116205874720129e-17
1.597815871238708496e+00 3.281796966884791000e-15 2.514812365384945883e-17
1.598031520843505859e+00 3.371201929742192842e-15 2.380265317616663039e-17
1.598247289657592773e+00 3.286875352920054158e-15 2.334727701406638780e-17
1.598463058471679688e+00 3.249984950484761242e-15 2.312256016577655699e-17
1.598678827285766602e+00 3.243988592492911237e-15 2.274480994108074073e-17
1.598894596099853516e+00 3.178374667541514556e-15 2.252504128721520213e-17
1.599110245704650879e+00 3.131332998749852478e-15 2.238330388925424084e-17
1.599326014518737793e+00 3.148812582407629033e-15 2.246095133335459355e-17
1.599541783332824707e+00 3.220733091167807607e-15 2.275645333538303715e-17
1.599757552146911621e+00 3.237199199904194392e-15 2.293938763657158943e-17
1.599973320960998535e+00 3.300082290633643209e-15 2.314067542119146829e-17
1.600188970565795898e+00 3.413923942261094802e-15 2.348082366960184902e-17
1.600404739379882812e+00 3.441501852716037126e-15 2.366906847032299174e-17
1.600620508193969727e+00 3.347775116003507030e-15 2.380361932312209232e-17
1.600836277008056641e+00 3.317839701098119175e-15 2.417900381126600692e-17
1.601052045822143555e+00 3.361189576789173385e-15 2.482614360041319280e-17
1.601267695426940918e+00 3.300093090303720701e-15 2.534760983909519719e-17
1.601483464241027832e+00 3.333435483481202166e-15 2.561811113428983809e-17
1.601699233055114746e+00 3.177929339969495608e-15 2.529603843662496613e-17
1.601915001869201660e+00 3.171175099248089817e-15 2.546439616105910896e-17
1.602130770683288574e+00 3.021149258905118581e-15 2.600948006059072739e-17
1.602346420288085938e+00 3.063354157809721791e-15 2.904956733507011682e-17
1.602562189102172852e+00 3.368276489700613302e-15 5.611413281058448208e-17
1.602777957916259766e+00 3.484263252266986410e-15 1.273485448834870727e-16
1.602993726730346680e+00 3.326046603324066091e-15 1.795841138285941135e-16
1.603209495544433594e+00 3.042206286215623674e-15 1.596067888280422366e-16
1.603425145149230957e+00 3.269011639820697777e-15 7.551785106972268703e-17
1.603640913963317871e+00 3.315992745756631173e-15 3.058438441805000861e-17
1.603856682777404785e+00 3.331392016495951167e-15 2.854818338729967484e-17
1.604072451591491699e+00 3.308298298463773109e-15 2.997579455417024403e-17
1.604288220405578613e+00 3.282665599172200285e-15 2.981820672131154162e-17
1.604503870010375977e+00 3.168428171400144121e-15 2.696233091488648635e-17
1.604719638824462891e+00 3.121166909316906365e-15 2.471957295901431093e-17
1.604935407638549805e+00 3.250322916630715708e-15 2.442864195705083535e-17
1.605151176452636719e+00 3.152711051547366951e-15 2.428546030174035648e-17
1.605366945266723633e+00 3.133561542434078542e-15 2.500895051578741192e-17
1.605582594871520996e+00 3.074710328533560195e-15 2.674622667113455766e-17
1.605798363685607910e+00 3.122916667627696936e-15 2.786769829329925131e-17
1.606014132499694824e+00 3.112339343698858861e-15 2.660785920698913740e-17
1.606229901313781738e+00 3.110938139445863435e-15 2.500921521358342889e-17
1.606445670127868652e+00 3.253963040721541064e-15 2.545454113124115219e-17
1.606661319732666016e+00 3.377925465519260664e-15 2.622030854639579287e-17
1.606877088546752930e+00 3.278061975103873163e-15 2.618290178473491986e-17
1.607092857360839844e+00 3.125996479423913572e-15 2.700219440296664186e-17
1.607308626174926758e+00 3.128944789355068978e-15 3.013359414526576002e-17
1.607524394989013672e+00 3.226216570710095134e-15 5.092917613392244252e-17
1.607740044593811035e+00 2.916583888599522459e-15 9.901631850179029213e-17
1.607955813407897949e+00 3.011764345607777747e-15 1.165305312487307675e-16
1.608171582221984863e+00 3.296843236643342764e-15 9.012032850347240112e-17
1.608387351036071777e+00 3.450154506030476617e-15 3.628016813635539552e-17
1.608603119850158691e+00 3.453395889361382011e-15 2.656985356656477599e-17
1.608818769454956055e+00 3.571143845183333623e-15 2.606762920329198013e-17
1.609034538269042969e+00 3.453600447818143925e-15 2.603174114523575447e-17
1.609250307083129883e+00 3.383290360448932589e-15 2.618965488725580277e-17
1.609466075897216797e+00 3.170471426627158307e-15 2.661872670587685908e-17
1.609681844711303711e+00 3.318339238778762398e-15 2.754252366833730549e-17
1.609897494316101074e+00 3.194502598373710062e-15 2.652875923373314158e-17
1.610113263130187988e+00 3.292985848601546681e-15 2.558364748124842874e-17
1.610329031944274902e+00 3.394420373375854096e-15 2.560734289707562278e-17
1.610544800758361816e+00 3.220964331162408031e-15 2.497592284828939463e-17
1.610760569572448730e+00 3.286853965338135987e-15 2.461812421996835740e-17
1.610976219177246094e+00 3.273882079267410004e-15 2.455881371568708021e-17
1.611191987991333008e+00 2.967101357090242558e-15 2.391390235111011219e-17
1.611407756805419922e+00 3.018567078965413847e-15 2.512544567017570502e-17
1.611623525619506836e+00 3.192420803147595805e-15 2.896367620898506064e-17
1.611839294433593750e+00 2.975946075125471962e-15 3.090614444144333553e-17
1.612054944038391113e+00 3.053290982879867076e-15 3.085993482370367319e-17
1.612270712852478027e+00 3.397023517381003374e-15 4.190350406789093804e-17
1.612486481666564941e+00 3.304545730749199745e-15 1.032085029334335385e-16
1.612702250480651855e+00 3.056635068955627053e-15 1.709826663027941046e-16
1.612918019294738770e+00 2.869964253973829836e-15 1.715087531723778302e-16
1.613133668899536133e+00 2.994391488101355234e-15 1.018046649373677433e-16
1.613349437713623047e+00 3.100407402329124346e-15 3.501080985555602137e-17
1.613565206527709961e+00 3.323056365262021597e-15 2.718334364839330471e-17
1.613780975341796875e+00 3.221813269933793654e-15 2.550284517029179879e-17
1.613996744155883789e+00 3.166490583533299909e-15 2.489675008313949414e-17
1.614212393760681152e+00 3.218790421103279870e-15 2.464546419357446007e-17
1.614428162574768066e+00 3.184660287284851905e-15 2.435042872141149638e-17
1.614643931388854980e+00 3.301035202699304297e-15 2.421551556350409756e-17
1.614859700202941895e+00 3.198200955979659151e-15 2.382476536830139792e-17
1.615075469017028809e+00 3.175219469812992287e-15 2.384998610517813974e-17
1.615291118621826172e+00 3.129884360651810811e-15 2.392266715688072407e-17
1.615506887435913086e+00 3.034839217156879397e-15 2.511075494249676325e-17
1.615722656250000000e+00 3.022957674247506513e-15 3.099056649476049754e-17
1.615938425064086914e+00 3.213227108705713625e-15 3.358399278207350308e-17
1.616154193878173828e+00 3.217853814421853427e-15 2.908332292150718078e-17
1.616369843482971191e+00 3.364294799573807650e-15 2.402083033453361697e-17
1.616585612297058105e+00 3.340655168807124195e-15 2.349620426591166001e-17
1.616801381111145020e+00 3.157897646041641845e-15 2.359655120038169291e-17
1.617017149925231934e+00 3.296542116430593861e-15 2.473588330633263153e-17
1.617232918739318848e+00 3.331617539018157624e-15 2.484799440347439358e-17
1.617448568344116211e+00 3.444029822547117585e-15 2.416327579909892365e-17
1.617664337158203125e+00 3.449800869774997947e-15 2.358304003225625175e-17
1.617880105972290039e+00 3.505964659892115212e-15 2.346345453109946054e-17
1.618095874786376953e+00 3.504673993438736472e-15 2.364567911132244233e-17
1.618311643600463867e+00 3.159319602601845002e-15 2.315972539069856452e-17
1.618527293205261230e+00 3.102153984266362713e-15 2.352103291917805169e-17
1.618743062019348145e+00 3.072273838260783201e-15 2.481012938375416619e-17
1.618958830833435059e+00 3.205375113284666261e-15 3.688556839179315562e-17
1.619174599647521973e+00 3.345313002984075593e-15 7.675518753464890837e-17
1.619390368461608887e+00 3.187375451397275565e-15 9.858320673305752684e-17
1.619606018066406250e+00 3.220324397770757407e-15 8.318659620658750363e-17
1.619821786880493164e+00 3.163956472713351856e-15 3.825516111049925545e-17
1.620037555694580078e+00 3.150046074137068108e-15 2.479991866627281161e-17
1.620253324508666992e+00 3.306640866744233256e-15 2.408854664819965803e-17
1.620469093322753906e+00 3.321264255303868311e-15 2.452871757627995085e-17
1.620684742927551270e+00 3.268098114787084014e-15 2.657917920079069882e-17
1.620900511741638184e+00 3.044267117376293387e-15 2.788131037745942393e-17
1.621116280555725098e+00 2.898671471105698956e-15 2.665050036756624598e-17
1.621332049369812012e+00 3.096620529780187182e-15 2.465853861033647323e-17
1.621547818183898926e+00 3.392110938045165246e-15 2.424697820528316452e-17
1.621763467788696289e+00 3.434883772540902463e-15 2.665870103615909669e-17
1.621979236602783203e+00 3.465564152923400476e-15 3.106639248715200848e-17
1.622195005416870117e+00 3.494042035884800494e-15 3.295341645751207903e-17
1.622410774230957031e+00 3.392143760571871350e-15 3.043755655059939599e-17
1.622626543045043945e+00 3.305673131601995218e-15 3.049211407508094348e-17
1.622842192649841309e+00 3.172748674705851493e-15 3.505556694414004059e-17
1.623057961463928223e+00 3.192611597318964836e-15 5.982410403233381544e-17
1.623273730278015137e+00 3.067630191885698313e-15 1.206794045035007373e-16
1.623489499092102051e+00 3.193320140379343058e-15 1.465664519072662660e-16
1.623705267906188965e+00 3.324435334900151598e-15 1.163051543103121193e-16
1.623920917510986328e+00 3.254948987072145070e-15 4.888169566833933566e-17
1.624136686325073242e+00 3.332774797782343812e-15 2.806863369897818258e-17
1.624352455139160156e+00 3.489499186430438868e-15 3.079601361468802543e-17
1.624568223953247070e+00 3.501372894285049650e-15 3.196223239926938766e-17
1.624783992767333984e+00 3.304623657780347140e-15 2.844415715346500608e-17
1.624999642372131348e+00 2.974065450224330602e-15 2.612681232175892416e-17
1.625215411186218262e+00 2.966356815129606028e-15 2.703652074402636740e-17
1.625431180000305176e+00 2.952885179620000008e-15 2.583814283159016856e-17
1.625646948814392090e+00 2.906405517188841159e-15 2.405791945883926962e-17
1.625862717628479004e+00 2.710442327259190640e-15 2.353378638986239427e-17
1.626078367233276367e+00 2.745439822815607007e-15 2.300204822233370639e-17
1.626294136047363281e+00 3.119380305072910232e-15 2.317268565653604536e-17
1.626509904861450195e+00 3.267143085139054791e-15 2.394101733158960043e-17
1.626725673675537109e+00 2.995327671266308049e-15 2.746337571860578159e-17
1.626941442489624023e+00 2.966898492699375153e-15 3.123056798640908320e-17
1.627157092094421387e+00 3.418587705668676979e-15 2.968477256233938762e-17
1.627372860908508301e+00 3.399738046218716593e-15 2.409005046255327943e-17
1.627588629722595215e+00 3.054843806030421022e-15 2.414631859654158658e-17
1.627804398536682129e+00 3.024161308065554873e-15 2.692671251770995298e-17
1.628020167350769043e+00 3.373099707060516102e-15 2.713611328977775193e-17
1.628235816955566406e+00 3.262085239652762550e-15 2.369656064516180416e-17
1.628451585769653320e+00 3.299614304930285208e-15 2.228115039232639213e-17
1.628667354583740234e+00 3.335278203657953897e-15 2.229972556016188292e-17
1.628883123397827148e+00 3.191808186568494132e-15 2.200404819584357807e-17
1.629098892211914062e+00 3.144675038218528590e-15 2.187787337392718944e-17
1.629314541816711426e+00 2.917263844297930848e-15 2.134025229788202442e-17
1.629530310630798340e+00 2.982640811782333139e-15 2.138179330824443747e-17
1.629746079444885254e+00 3.218730070005788001e-15 2.407547884888254529e-17
1.629961848258972168e+00 3.326354499800393029e-15 3.328656841230148624e-17
1.630177617073059082e+00 3.224944115465082362e-15 3.860573348898902943e-17
1.630393266677856445e+00 2.989441004041127475e-15 3.600893561349925774e-17
1.630609035491943359e+00 3.093191528651464961e-15 3.287936063163143156e-17
1.630824804306030273e+00 3.117983124226414264e-15 3.167939949550280623e-17
1.631040573120117188e+00 3.068104318577923907e-15 2.720490493824011193e-17
1.631256341934204102e+00 3.071765194975956993e-15 3.935007030883364628e-17
1.631471991539001465e+00 3.160697513448790935e-15 6.918915837752847653e-17
1.631687760353088379e+00 3.448964424739584325e-15 7.731306460953427193e-17
1.631903529167175293e+00 3.442947949715237030e-15 5.725265097081266852e-17
1.632119297981262207e+00 3.275053525833462702e-15 2.812988476897650917e-17
1.632335066795349121e+00 3.286506893587998537e-15 2.304537759718045908e-17
1.632550716400146484e+00 3.478742291516782881e-15 2.309121332928324745e-17
1.632766485214233398e+00 3.398056262301943180e-15 2.276954595011852647e-17
1.632982254028320312e+00 3.191403728336180204e-15 2.240534494385632881e-17
1.633198022842407227e+00 3.420589668039512518e-15 2.272702390354962553e-17
1.633413791656494141e+00 3.418463827100141038e-15 2.302297423747007288e-17
1.633629441261291504e+00 3.356322737232486988e-15 2.661522442316330956e-17
1.633845210075378418e+00 3.307368044529451073e-15 4.234675376221115324e-17
1.634060978889465332e+00 3.313747896688170463e-15 5.442344181297509775e-17
1.634276747703552246e+00 3.322607437799976818e-15 4.971876274357359712e-17
1.634492516517639160e+00 3.360622488230986631e-15 3.554403694818730470e-17
1.634708166122436523e+00 3.434330660026345405e-15 5.728176111092963467e-17
1.634923934936523438e+00 3.532416016527209317e-15 9.488334696711604168e-17
1.635139703750610352e+00 3.455493778213494099e-15 1.021558461207883563e-16
1.635355472564697266e+00 3.061065686544477485e-15 7.003144661678917270e-17
1.635571241378784180e+00 3.068202362641568592e-15 3.560252854366215440e-17
1.635786890983581543e+00 3.177753157116466713e-15 4.016731151914623677e-17
1.636002659797668457e+00 3.262255916791634291e-15 4.404921057685349183e-17
1.636218428611755371e+00 3.201968558529046278e-15 3.953712893255638796e-17
1.636434197425842285e+00 3.255672353209100242e-15 3.249728259797073787e-17
1.636649966239929199e+00 3.318757461296469209e-15 2.850232449413973499e-17
1.636865615844726562e+00 3.323424189319366777e-15 2.604909374012589189e-17
1.637081384658813477e+00 3.136889746642077502e-15 2.525996509011152859e-17
1.637297153472900391e+00 3.307859535397095381e-15 2.470765659510987201e-17
1.637512922286987305e+00 3.400700275646797478e-15 2.371507129290951582e-17
1.637728691101074219e+00 3.356716819311197052e-15 2.288179601360319744e-17
1.637944340705871582e+00 3.210813700080749310e-15 2.237506682471443779e-17
1.638160109519958496e+00 3.230873769612336091e-15 2.432570429290228638e-17
1.638375878334045410e+00 3.383632138243149699e-15 3.612064139214086881e-17
1.638591647148132324e+00 3.499951784757793748e-15 6.875285038290880634e-17
1.638807415962219238e+00 3.316777098265788655e-15 7.982885834199795073e-17
1.639023184776306152e+00 3.295116771738601687e-15 6.092228224844901583e-17
1.639238834381103516e+00 3.248684119636015451e-15 2.984310154902693754e-17
1.639454603195190430e+00 3.341817509768993909e-15 2.501650763786369638e-17
1.639670372009277344e+00 3.247586364936373877e-15 2.498276032323275796e-17
1.639886140823364258e+00 3.145674960612762291e-15 2.396508001560876801e-17
1.640101909637451172e+00 3.183471264785143681e-15 2.302543096388935537e-17
1.640317559242248535e+00 3.241141502998952720e-15 2.359607308998763726e-17
1.640533328056335449e+00 3.357780904451185267e-15 2.341045045180828763e-17
1.640749096870422363e+00 3.241085387066197122e-15 2.480527548791970502e-17
1.640964865684509277e+00 3.132806412561601334e-15 2.874987318169725447e-17
1.641180634498596191e+00 3.088077143715943496e-15 4.655863501860051231e-17
1.641396284103393555e+00 3.186950029099517093e-15 5.676276152483426341e-17
1.641612052917480469e+00 3.183858147083802083e-15 4.815655936487329969e-17
1.641827821731567383e+00 3.334223435880385479e-15 2.755072930001383153e-17
1.642043590545654297e+00 3.581909633942935781e-15 2.336353938490918033e-17
1.642259359359741211e+00 3.681083639539258281e-15 2.309042916206254718e-17
1.642475008964538574e+00 3.613320580242440627e-15 2.314998616616636517e-17
1.642690777778625488e+00 3.389947827656114576e-15 2.329292793909920367e-17
1.642906546592712402e+00 3.430934057907855661e-15 2.365887264209266312e-17
1.643122315406799316e+00 3.340552042545795984e-15 2.313172863568609475e-17
1.643338084220886230e+00 3.274677019688408165e-15 2.321827323445506782e-17
1.643553733825683594e+00 3.389993143918792681e-15 2.709999692987246164e-17
1.643769502639770508e+00 3.543572710991969334e-15 5.163861585808467223e-17
1.643985271453857422e+00 3.370256852731293856e-15 9.559078491419589307e-17
1.644201040267944336e+00 3.293383107053808947e-15 1.049201977011568693e-16
1.644416809082031250e+00 3.232574611770422726e-15 7.963865974066995776e-17
1.644632458686828613e+00 3.203433713769559404e-15 5.719785190959225554e-17
1.644848227500915527e+00 3.299964976570448488e-15 4.989053506957635885e-17
1.645063996315002441e+00 3.560253119064011457e-15 3.275568389516495308e-17
1.645279765129089355e+00 3.571016790241245478e-15 2.709179295255716071e-17
1.645495533943176270e+00 3.557203800453895975e-15 2.692085277025062733e-17
1.645711183547973633e+00 3.627119593986160434e-15 2.606366204507417581e-17
1.645926952362060547e+00 3.513423208509162954e-15 2.491343100737223850e-17
1.646142721176147461e+00 3.520581060429935419e-15 2.372691321055882496e-17
1.646358489990234375e+00 3.328993219189326988e-15 2.244842781888054071e-17
1.646574258804321289e+00 3.291740286652609232e-15 2.234304004575760966e-17
1.646789908409118652e+00 3.372629815533026779e-15 2.272568552531851473e-17
1.647005677223205566e+00 3.259607033007333281e-15 2.506376115753640064e-17
1.647221446037292480e+00 3.198595249816606027e-15 4.194194149659505213e-17
1.647437214851379395e+00 3.233291413402036678e-15 6.721637893870380850e-17
1.647652983665466309e+00 3.239073048541757718e-15 8.769040935348152745e-17
1.647868633270263672e+00 3.348001697316897556e-15 8.388007796237236034e-17
1.648084402084350586e+00 3.400190573570787203e-15 5.787048871394077595e-17
1.648300170898437500e+00 3.511969064696964134e-15 2.908515926246704850e-17
1.648515939712524414e+00 3.557389724185818294e-15 2.380576172090860467e-17
1.648731708526611328e+00 3.423458992148336461e-15 2.282698040877053340e-17
1.648947358131408691e+00 3.227807298585038710e-15 2.245852107671491275e-17
1.649163126945495605e+00 3.087125925716176916e-15 2.216802186303118985e-17
1.649378895759582520e+00 3.108716372025215405e-15 2.266812368085217464e-17
1.649594664573669434e+00 3.075058035558408086e-15 2.633074377561652249e-17
1.649810433387756348e+00 3.237998163731692011e-15 5.658527503515998537e-17
1.650026082992553711e+00 3.385506833913660280e-15 1.017142640225830480e-16
1.650241851806640625e+00 3.467544727712317844e-15 1.080588518174280775e-16
1.650457620620727539e+00 3.567607906145020547e-15 7.072226815972405887e-17
1.650673389434814453e+00 3.339085193239388349e-15 2.997084801410717693e-17
1.650889158248901367e+00 3.379616778556690689e-15 2.366415336312320165e-17
1.651104807853698730e+00 3.503163098419071614e-15 2.269390855490667762e-17
1.651320576667785645e+00 3.355553207799906457e-15 2.185300997907507054e-17
1.651536345481872559e+00 3.216829539830386164e-15 2.145683844213769836e-17
1.651752114295959473e+00 3.230013607654399349e-15 2.158697545918821599e-17
1.651967883110046387e+00 3.282613294887707332e-15 2.150762898610967936e-17
1.652183532714843750e+00 3.308324344726901178e-15 2.148272423222693280e-17
1.652399301528930664e+00 3.377519948495762668e-15 2.227439894416673432e-17
1.652615070343017578e+00 3.535284070086612378e-15 2.468738405265742241e-17
1.652830839157104492e+00 3.533347117494478606e-15 2.673206533904764982e-17
1.653046607971191406e+00 3.463973001531983273e-15 2.615782828600721248e-17
1.653262257575988770e+00 3.336419580554379066e-15 2.411925820998252684e-17
1.653478026390075684e+00 3.268704378619081280e-15 2.260243561404811361e-17
1.653693795204162598e+00 3.562621846701008108e-15 2.499085180398475167e-17
1.653909564018249512e+00 3.652590298226570872e-15 2.553103052248393065e-17
1.654125332832336426e+00 3.381585494884346496e-15 2.460860667984032227e-17
1.654340982437133789e+00 3.274589775294840972e-15 2.341560544138571810e-17
1.654556751251220703e+00 3.142194290474257558e-15 2.167639202904397317e-17
1.654772520065307617e+00 3.005284543561282350e-15 2.308225330888807306e-17
1.654988288879394531e+00 2.899713321630821745e-15 4.215193618434266416e-17
1.655204057693481445e+00 2.805096988565437821e-15 6.542667111304937655e-17
1.655419707298278809e+00 3.105718934183119249e-15 6.524537959255735458e-17
1.655635476112365723e+00 3.447582066969665307e-15 4.125431287082462065e-17
1.655851244926452637e+00 3.546560196196935251e-15 2.572728904897948711e-17
1.656067013740539551e+00 3.477597314730331880e-15 2.305645354558254412e-17
1.656282782554626465e+00 3.491712483521614355e-15 2.153052203674269696e-17
1.656498432159423828e+00 3.558101231861511907e-15 2.151355490801800925e-17
1.656714200973510742e+00 3.589393593548401151e-15 2.120171278016919314e-17
1.656929969787597656e+00 3.662474325688081303e-15 2.100444013024264667e-17
1.657145738601684570e+00 3.672141089198621006e-15 2.098734561570362580e-17
1.657361507415771484e+00 3.466578474877737501e-15 2.051306672224532143e-17
1.657577157020568848e+00 3.303980971531617940e-15 2.015344498785421733e-17
1.657792925834655762e+00 3.277341573582233381e-15 2.010201255172689518e-17
1.658008694648742676e+00 3.262929943259411901e-15 2.058402227519012014e-17
1.658224463462829590e+00 3.434173747172866546e-15 2.597050331012722873e-17
1.658440232276916504e+00 3.390860929173254712e-15 3.375591400058652436e-17
1.658655881881713867e+00 3.297809065961449480e-15 3.388797834846429054e-17
1.658871650695800781e+00 3.317253554298619199e-15 2.597069025294566571e-17
1.659087419509887695e+00 3.316571269259605860e-15 2.070159772745840750e-17
1.659303188323974609e+00 3.370854857992055392e-15 2.053685312793989629e-17
1.659518957138061523e+00 3.430779897911455378e-15 2.058111225379515859e-17
1.659734606742858887e+00 3.249234691051730746e-15 2.007476522234939844e-17
1.659950375556945801e+00 3.281246183710838892e-15 2.004262925555171332e-17
1.660166144371032715e+00 3.205294856912913916e-15 2.011000807952783274e-17
1.660381913185119629e+00 3.207514294992956996e-15 2.070292783388339277e-17
1.660597681999206543e+00 3.236992523865064343e-15 2.573314052463268722e-17
1.660813331604003906e+00 2.987266246949052059e-15 3.590228225403912057e-17
1.661029100418090820e+00 2.982220471682258192e-15 4.108347360455281874e-17
1.661244869232177734e+00 3.197945787304298793e-15 3.522383864179047790e-17
1.661460638046264648e+00 3.412168678236147078e-15 2.485166046794922860e-17
1.661676406860351562e+00 3.352681554350477565e-15 2.075678390920549529e-17
1.661892056465148926e+00 3.358656524760409399e-15 2.047202367461166530e-17
1.662107825279235840e+00 3.233130900658531988e-15 2.024896118754694054e-17
1.662323594093322754e+00 3.245390643778853917e-15 2.034365351534956094e-17
1.662539362907409668e+00 3.363903046835702536e-15 2.045503834791350143e-17
1.662755131721496582e+00 3.601363016126051669e-15 2.106172569638439405e-17
1.662970781326293945e+00 3.584260150371566464e-15 2.100521437129599631e-17
1.663186550140380859e+00 3.422807200295424276e-15 2.082576911793119269e-17
1.663402318954467773e+00 3.328341639094651618e-15 2.102653743312638825e-17
1.663618087768554688e+00 3.258022446121257298e-15 2.111911052419964779e-17
1.663833856582641602e+00 3.432888798191881773e-15 2.143933860909852650e-17
1.664049506187438965e+00 3.358925669479399453e-15 2.087876657977746518e-17
1.664265275001525879e+00 3.422379872173534482e-15 2.088491418608995928e-17
1.664481043815612793e+00 3.678091495653082466e-15 2.146648667680251687e-17
1.664696812629699707e+00 3.610340718333999999e-15 2.142763234906967606e-17
1.664912581443786621e+00 3.574983869049710994e-15 2.180433536311000018e-17
1.665128231048583984e+00 3.521338096126543950e-15 2.306430183523444725e-17
1.665343999862670898e+00 3.445347594054808463e-15 2.469214861298572785e-17
1.665559768676757812e+00 3.483650423929647924e-15 2.511627058282126684e-17
1.665775537490844727e+00 3.608530185409243932e-15 2.569707214120292501e-17
1.665991306304931641e+00 3.480351018841855611e-15 2.546483787550621227e-17
1.666206955909729004e+00 3.295256108658425019e-15 2.374013982855354787e-17
1.666422724723815918e+00 3.322453913078286976e-15 2.343166267143659748e-17
1.666638493537902832e+00 3.333133516235506008e-15 2.361571366645209635e-17
1.666854262351989746e+00 3.204613630665084645e-15 2.285797155760044513e-17
1.667070031166076660e+00 3.198988696620605650e-15 2.239879201904368373e-17
1.667285680770874023e+00 3.143707514834527365e-15 2.216181304535336683e-17
1.667501449584960938e+00 3.114266555412099208e-15 2.231023571702498169e-17
1.667717218399047852e+00 2.975318211953319712e-15 2.243493815745102593e-17
1.667932987213134766e+00 2.975523617443028880e-15 2.306657823628019318e-17
1.668148756027221680e+00 3.043918775076735056e-15 2.426180624494379010e-17
1.668364405632019043e+00 3.175701008043506357e-15 2.969883132403033888e-17
1.668580174446105957e+00 3.208652495515829962e-15 5.329729496598825439e-17
1.668795943260192871e+00 3.376461369069931606e-15 1.022450889827154774e-16
1.669011712074279785e+00 3.094887288611868070e-15 1.648133547710266115e-16
1.669227480888366699e+00 3.103623374671612110e-15 1.705167187724654343e-16
1.669443130493164062e+00 3.357732835331428585e-15 1.139255343590093702e-16
1.669658899307250977e+00 3.390187537980187543e-15 4.004901807410625339e-17
1.669874668121337891e+00 3.127929832126021513e-15 3.300158483894226693e-17
1.670090436935424805e+00 3.061257115990556957e-15 3.975010147050919089e-17
1.670306205749511719e+00 3.154770823916852596e-15 4.537866187479361834e-17
1.670521855354309082e+00 3.496792351864535207e-15 7.413800131142092966e-17
1.670737624168395996e+00 3.532195152686212758e-15 1.047585269047946052e-16
1.670953392982482910e+00 3.476412103878886301e-15 9.836542662138456571e-17
1.671169161796569824e+00 3.489940490595958358e-15 5.455907958109909302e-17
1.671384930610656738e+00 3.390600466541974015e-15 2.842666724659318486e-17
1.671600580215454102e+00 3.436752115464308636e-15 2.816010994855919680e-17
1.671816349029541016e+00 3.358662877507513807e-15 2.856631849504928742e-17
1.672032117843627930e+00 3.267559613590867093e-15 2.849108807269881466e-17
1.672247886657714844e+00 3.179156055435356648e-15 3.066205336884628770e-17
1.672463655471801758e+00 3.172623525587894670e-15 3.108797859241719229e-17
1.672679305076599121e+00 3.363338499376357545e-15 3.225649363037900173e-17
1.672895073890686035e+00 3.184091292902533829e-15 4.877842382322331526e-17
1.673110842704772949e+00 3.176100172319899946e-15 6.433556694553272965e-17
1.673326611518859863e+00 3.417138220537688058e-15 6.047174674729343356e-17
1.673542380332946777e+00 3.342437961402857684e-15 3.983305445105845871e-17
1.673758029937744141e+00 3.269658984750636876e-15 2.359507385580767320e-17
1.673973798751831055e+00 3.213499429798255883e-15 2.161763242705065630e-17
1.674189567565917969e+00 3.166854172425908817e-15 2.151403136405083980e-17
1.674405336380004883e+00 3.138625317151001563e-15 2.133668218635824556e-17
1.674621105194091797e+00 3.242829639662830540e-15 2.137950201794766559e-17
1.674836754798889160e+00 3.522262632588472019e-15 2.269783931717752961e-17
1.675052523612976074e+00 3.691566942810951130e-15 2.661914029618313559e-17
1.675268292427062988e+00 3.465181929305951973e-15 3.151504863395587026e-17
1.675484061241149902e+00 3.313089540329917058e-15 3.294169034514852731e-17
1.675699830055236816e+00 3.422080022510206460e-15 2.980615635414786912e-17
1.675915479660034180e+00 3.409434879398883823e-15 3.046639537547544475e-17
1.676131248474121094e+00 3.333651900399225640e-15 3.441112707251222779e-17
1.676347017288208008e+00 3.132371461143186250e-15 3.538236615182504055e-17
1.676562786102294922e+00 3.244543610831599617e-15 3.086211858052081319e-17
1.676778554916381836e+00 3.317510205281637252e-15 2.409794176559703531e-17
1.676994204521179199e+00 3.187843013584159939e-15 2.048344207578734730e-17
1.677209973335266113e+00 3.316555175633608028e-15 2.086317753395329082e-17
1.677425742149353027e+00 3.413263044803999634e-15 2.119081219405696934e-17
1.677641510963439941e+00 3.328861505566028944e-15 2.070576506338444965e-17
1.677857279777526855e+00 3.354883840013338746e-15 2.041590939621729301e-17
1.678072929382324219e+00 3.558278261747488055e-15 2.076037221870275033e-17
1.678288698196411133e+00 3.443578353986231043e-15 2.059804960401779439e-17
1.678504467010498047e+00 3.307746668256873745e-15 2.024357955048167054e-17
1.678720235824584961e+00 3.413933259623514599e-15 2.035839221950403079e-17
1.678936004638671875e+00 3.537322878390653479e-15 2.089307184129095724e-17
1.679151654243469238e+00 3.540531227436615955e-15 2.163390472406079946e-17
1.679367423057556152e+00 3.526910937644766805e-15 2.194900263480062429e-17
1.679583191871643066e+00 3.599512249136301023e-15 2.272319736603595523e-17
1.679798960685729980e+00 3.464136055374329726e-15 2.392472518224475600e-17
1.680014729499816895e+00 3.362908630155625987e-15 2.425425904903485627e-17
1.680230379104614258e+00 3.470419557535298939e-15 2.439263974807007738e-17
1.680446147918701172e+00 3.769868362521033162e-15 2.508919199828873092e-17
1.680661916732788086e+00 3.786768787401124589e-15 2.374987739872452212e-17
1.680877685546875000e+00 3.656802169556792881e-15 2.158228699947626543e-17
1.681093454360961914e+00 3.386593365426750733e-15 2.041214076134650142e-17
1.681309103965759277e+00 3.328995125013458310e-15 2.025304415105050229e-17
1.681524872779846191e+00 3.261661299662661773e-15 2.018901871727767284e-17
1.681740641593933105e+00 3.132753473002397940e-15 1.992824175736420533e-17
1.681956410408020020e+00 3.353383744663751380e-15 2.045622452491190248e-17
1.682172179222106934e+00 3.635874950045454509e-15 2.104461960131679744e-17
1.682387828826904297e+00 3.704449890422215411e-15 2.111640398923537429e-17
1.682603597640991211e+00 3.619863062727032843e-15 2.102608248378948409e-17
1.682819366455078125e+00 3.480506661145913588e-15 2.086629269614016552e-17
1.683035135269165039e+00 3.510329420669316622e-15 2.105563102963110334e-17
1.683250904083251953e+00 3.674031243220418977e-15 2.187074804013065766e-17
1.683466553688049316e+00 3.697185312350088904e-15 2.897182890110238328e-17
1.683682322502136230e+00 3.719988286323121923e-15 5.480392835113723942e-17
1.683898091316223145e+00 3.716018666415814645e-15 7.883793567282882612e-17
1.684113860130310059e+00 3.811599134733410776e-15 7.236672968725907959e-17
1.684329628944396973e+00 3.531402329847582733e-15 4.166647711772509307e-17
1.684545278549194336e+00 3.159950218631075829e-15 2.269727683436099355e-17
1.684761047363281250e+00 3.050288251081850581e-15 2.077797296777665365e-17
1.684976816177368164e+00 3.279699289790915726e-15 2.110679545923995832e-17
1.685192584991455078e+00 3.325440551250305639e-15 2.148221303460837503e-17
1.685408353805541992e+00 3.266182126260394787e-15 2.104831709865490947e-17
1.685624122619628906e+00 3.441514346452009127e-15 2.083785753540304264e-17
1.685839772224426270e+00 3.593462739827010810e-15 2.109185161429357532e-17
1.686055541038513184e+00 3.556196254763136985e-15 2.112287915907043939e-17
1.686271309852600098e+00 3.586765673829544684e-15 2.130543130281599217e-17
1.686487078666687012e+00 3.439893125390964396e-15 2.096762728426158673e-17
1.686702847480773926e+00 3.184344767511999678e-15 2.086407916082097362e-17
1.686918497085571289e+00 3.150298701713586703e-15 2.178141418833615578e-17
1.687134265899658203e+00 3.304669397559498872e-15 2.262077586258963934e-17
1.687350034713745117e+00 3.519381238260149702e-15 2.332679933082202505e-17
1.687565803527832031e+00 3.408223410526073360e-15 2.356876785796726181e-17
1.687781572341918945e+00 3.394105700635949123e-15 2.311168108636025957e-17
1.687997221946716309e+00 3.323946596889585867e-15 2.233223706695766712e-17
1.688212990760803223e+00 3.263959088290325876e-15 2.236042572787224920e-17
1.688428759574890137e+00 3.281391873377766631e-15 2.299838546658132158e-17
1.688644528388977051e+00 3.180173553763245876e-15 2.443444545622850740e-17
1.688860297203063965e+00 3.206122196344144554e-15 2.613368950137169003e-17
1.689075946807861328e+00 3.236132573665364415e-15 2.579524359066194344e-17
1.689291715621948242e+00 3.087069174508710878e-15 2.416012920404877193e-17
1.689507484436035156e+00 3.030117431992410300e-15 2.542523743086084863e-17
1.689723253250122070e+00 3.152126598813761484e-15 3.727739061306972398e-17
1.689939022064208984e+00 3.229496070523626972e-15 8.471973245856268767e-17
1.690154671669006348e+00 3.259287278069744782e-15 1.382775727738928947e-16
1.690370440483093262e+00 3.262601506234114046e-15 1.463267548180830998e-16
1.690586209297180176e+00 3.466696847732116289e-15 1.009536416708384872e-16
1.690801978111267090e+00 3.592704645339218211e-15 4.139267702624759070e-17
1.691017746925354004e+00 3.449128749131351659e-15 3.035677409197746731e-17
1.691233396530151367e+00 3.516668191730094178e-15 2.695549509430434813e-17
1.691449165344238281e+00 3.677465114788587910e-15 2.507070285723694565e-17
1.691664934158325195e+00 3.601189797888338165e-15 2.356397848222057978e-17
1.691880702972412109e+00 3.443880956506637642e-15 2.251324900040264617e-17
1.692096471786499023e+00 3.323949985021374884e-15 2.199444959201551274e-17
1.692312121391296387e+00 3.225116698428085425e-15 2.169542545493881834e-17
1.692527890205383301e+00 3.139105796590331565e-15 2.145888157825070433e-17
1.692743659019470215e+00 3.201871361498348847e-15 2.140335128936879448e-17
1.692959427833557129e+00 3.448473992663124085e-15 2.177565204818911139e-17
1.693175196647644043e+00 3.523576804206137066e-15 2.184547932677838777e-17
1.693390846252441406e+00 3.469682003596477257e-15 2.159100382877134923e-17
1.693606615066528320e+00 3.440817873611129278e-15 2.162398517415506355e-17
1.693822383880615234e+00 3.276847753373984123e-15 2.142347990239465986e-17
1.694038152694702148e+00 3.121740138863960713e-15 2.133528755984548115e-17
1.694253921508789062e+00 3.191652544264436155e-15 2.206902157859839329e-17
1.694469571113586426e+00 3.148950225261557857e-15 2.254109520854363129e-17
1.694685339927673340e+00 3.186500678120998686e-15 2.275343578050844371e-17
1.694901108741760254e+00 3.357115771829353827e-15 3.052731226450629992e-17
1.695116877555847168e+00 3.405858071020865727e-15 6.229517045471552692e-17
1.695332646369934082e+00 3.304908049092387771e-15 9.194078097813420400e-17
1.695548295974731445e+00 3.156486065635042554e-15 8.915747041812597563e-17
1.695764064788818359e+00 3.099150828951872591e-15 5.683652618313929220e-17
1.695979833602905273e+00 3.430014815401847932e-15 2.598820332087463841e-17
1.696195602416992188e+00 3.451686576873822833e-15 2.248916646404877732e-17
1.696411371231079102e+00 3.350027376610256215e-15 2.195626197185638966e-17
1.696627020835876465e+00 3.267506885789900513e-15 2.184272481533858619e-17
1.696842789649963379e+00 3.145106389746917842e-15 2.154432271808253167e-17
1.697058558464050293e+00 3.081600306284763488e-15 2.146608466702481610e-17
1.697274327278137207e+00 3.100249642442698232e-15 2.138275449211622409e-17
1.697490096092224121e+00 3.191045433399491635e-15 2.134812705731352925e-17
1.697705745697021484e+00 3.217052733011987672e-15 2.128157706831118796e-17
1.697921514511108398e+00 3.318700286572529544e-15 2.147873722167442721e-17
1.698137283325195312e+00 3.536140843912760102e-15 2.209519688190202130e-17
1.698353052139282227e+00 3.486815150778826804e-15 2.227824533401510590e-17
1.698568820953369141e+00 3.239471577543440867e-15 2.236733930343196740e-17
1.698784470558166504e+00 3.296240360943134516e-15 2.325426717162970027e-17
1.699000239372253418e+00 3.451958050933417836e-15 2.372078214785858192e-17
1.699216008186340332e+00 3.422850187217497432e-15 2.310878926293877418e-17
1.699431777000427246e+00 3.310582534564281143e-15 2.269532468811536841e-17
1.699647545814514160e+00 3.334773372021390334e-15 2.318020307394292727e-17
1.699863195419311523e+00 3.417363107785184075e-15 2.366654556945470500e-17
1.700078964233398438e+00 3.354433006727162644e-15 2.525524519753630102e-17
1.700294733047485352e+00 3.324455875449122515e-15 4.824346626875057099e-17
1.700510501861572266e+00 3.237298091000786332e-15 1.089095971512715158e-16
1.700726270675659180e+00 3.072681049350175705e-15 1.518211002048971232e-16
1.700941920280456543e+00 2.755804964991157881e-15 1.380334022919570418e-16
1.701157689094543457e+00 2.854225323022660868e-15 8.116345801207060727e-17
1.701373457908630371e+00 3.020374223758380897e-15 3.312107604150922710e-17
1.701589226722717285e+00 3.125626749542437070e-15 2.481301128100830094e-17
1.701804995536804199e+00 3.263259862592367451e-15 2.285875407045992030e-17
1.702020645141601562e+00 3.412993476568535953e-15 2.260158361801718399e-17
1.702236413955688477e+00 3.419293919388450252e-15 2.243583151251258320e-17
1.702452182769775391e+00 3.381698997299278572e-15 2.219988155150428227e-17
1.702667951583862305e+00 3.378741370005703369e-15 2.206138670154452884e-17
1.702883720397949219e+00 3.422536573268776527e-15 2.196127137764601080e-17
1.703099370002746582e+00 3.456715199723434800e-15 2.198154888318213572e-17
1.703315138816833496e+00 3.397668956486811151e-15 2.178905899155737086e-17
1.703530907630920410e+00 3.289002040892372893e-15 2.142081141773856379e-17
1.703746676445007324e+00 3.154141266678805837e-15 2.088543861859831790e-17
1.703962445259094238e+00 3.062352329591356767e-15 2.053862991189566020e-17
1.704178094863891602e+00 3.104351187731540368e-15 2.063464572867836544e-17
1.704393863677978516e+00 3.167558268563313954e-15 2.078475750316081358e-17
1.704609632492065430e+00 3.285754940089073532e-15 2.159582298302008317e-17
1.704825401306152344e+00 3.376173801384338771e-15 2.249993139254054242e-17
1.705041170120239258e+00 3.379877029429734572e-15 2.349263580874910625e-17
1.705256819725036621e+00 3.188760562024273160e-15 2.665857199598353842e-17
1.705472588539123535e+00 3.080849411577022551e-15 3.104315863810661903e-17
1.705688357353210449e+00 3.196047798227738719e-15 3.129545865110264311e-17
1.705904126167297363e+00 3.340601805731447174e-15 2.634266344824341162e-17
1.706119894981384277e+00 3.403987398756854604e-15 2.213785127736893072e-17
1.706335544586181641e+00 3.398832567998101746e-15 2.155631849132577568e-17
1.706551313400268555e+00 3.257418723388101796e-15 2.197677108796402943e-17
1.706767082214355469e+00 3.185983564506699936e-15 2.391436888097559209e-17
1.706982851028442383e+00 3.214064189015837687e-15 2.618734043590187940e-17
1.707198619842529297e+00 3.031806203930998561e-15 2.960457905631359670e-17
1.707414269447326660e+00 2.869022776852956681e-15 5.656431096971544143e-17
1.707630038261413574e+00 3.026509706911817421e-15 8.317701414637168936e-17
1.707845807075500488e+00 3.370985089307695741e-15 8.413185188849880069e-17
1.708061575889587402e+00 3.303825329227559962e-15 5.567457565051870359e-17
1.708277344703674316e+00 2.927026534289747101e-15 2.801660734717104735e-17
1.708492994308471680e+00 2.842203384402280583e-15 2.233707111045742701e-17
1.708708763122558594e+00 2.978081021669026426e-15 2.177561730660338416e-17
1.708924531936645508e+00 3.242879826364955358e-15 2.154890695303730055e-17
1.709140300750732422e+00 3.325421916525466044e-15 2.156050567958651910e-17
1.709356069564819336e+00 3.344727703217522871e-15 2.195672684736064447e-17
1.709571719169616699e+00 3.248894395565171331e-15 2.252815314067962662e-17
1.709787487983703613e+00 3.288489374201047227e-15 2.400773771979812765e-17
1.710003256797790527e+00 3.407803070425998414e-15 2.538060111064626215e-17
1.710219025611877441e+00 3.428248328190349088e-15 2.636405103016158270e-17
1.710434794425964355e+00 3.416773996370368709e-15 2.644180931646401752e-17
1.710650444030761719e+00 3.282628753238994723e-15 2.544692610652198901e-17
1.710866212844848633e+00 3.102278709867845909e-15 2.483866049744234522e-17
1.711081981658935547e+00 3.094351328514492912e-15 2.458858229157163857e-17
1.711297750473022461e+00 3.168408266125883645e-15 2.467648512090642372e-17
1.711513519287109375e+00 3.172181374389427926e-15 2.491894830205796719e-17
1.711729168891906738e+00 3.189548726181693286e-15 3.304895581826195372e-17
1.711944937705993652e+00 3.076406512010436932e-15 8.279742427199355517e-17
1.712160706520080566e+00 2.936330555940625149e-15 1.246447363065125409e-16
1.712376475334167480e+00 2.753175351206406905e-15 1.240616864712259636e-16
1.712592244148254395e+00 3.043648783324797748e-15 7.875219343925402948e-17
1.712807893753051758e+00 3.349852464306648202e-15 3.570309385381390129e-17
1.713023662567138672e+00 3.309971188534600352e-15 2.331198783477365054e-17
1.713239431381225586e+00 3.334851299052537729e-15 2.206010291723384655e-17
1.713455200195312500e+00 3.217317219049767828e-15 2.138863740063270122e-17
1.713670969009399414e+00 3.067258344421853675e-15 2.107173623615751079e-17
1.713886618614196777e+00 2.918273719329294788e-15 2.085682809557133378e-17
1.714102387428283691e+00 2.994843803695189030e-15 2.131785059253286333e-17
1.714318156242370605e+00 2.892780780474018924e-15 2.100057719678202403e-17
1.714533925056457520e+00 2.842512127911554776e-15 2.037278847088490368e-17
1.714749693870544434e+00 3.010073456086821350e-15 2.017811813116544904e-17
1.714965343475341797e+00 3.058474401000589767e-15 2.014824202180125879e-17
1.715181112289428711e+00 3.142914903754134154e-15 2.027175001342277646e-17
1.715396881103515625e+00 3.261960514051279354e-15 2.036516848308206519e-17
1.715612649917602539e+00 3.156176051576347480e-15 2.020916387391578928e-17
1.715828418731689453e+00 3.051132531172026305e-15 2.028695855616517642e-17
1.716044068336486816e+00 2.895657516121131342e-15 2.027098073545310214e-17
1.716259837150573730e+00 3.045568795257986433e-15 2.078424465118103071e-17
1.716475605964660645e+00 3.357421127206839002e-15 2.153338242730090533e-17
1.716691374778747559e+00 3.249965680485211207e-15 2.258471740532722776e-17
1.716907143592834473e+00 3.160332442248524332e-15 2.450495433164252747e-17
1.717122793197631836e+00 3.250880052551772224e-15 2.767596609911558502e-17
1.717338562011718750e+00 3.026339665047656120e-15 2.976754356315389378e-17
1.717554330825805664e+00 2.767844267786956879e-15 2.863135143480820646e-17
1.717770099639892578e+00 2.930702233764357137e-15 2.552956144971603648e-17
1.717985868453979492e+00 3.051247727652852890e-15 2.339631228077853129e-17
1.718201518058776855e+00 2.868406348625592364e-15 2.098186140824239923e-17
1.718417286872863770e+00 2.726088719860872076e-15 2.121533148177426618e-17
1.718633055686950684e+00 2.775146962341709829e-15 2.653520958814983008e-17
1.718848824501037598e+00 2.817481880803716573e-15 2.837136195083788943e-17
1.719064593315124512e+00 2.759241165899931764e-15 2.455736118653143710e-17
1.719280242919921875e+00 2.708150679620394130e-15 2.192004965900004322e-17
1.719496011734008789e+00 2.780614983532709965e-15 2.291368713493956686e-17
1.719711780548095703e+00 3.073762710423819447e-15 2.291049752649756239e-17
1.719927549362182617e+00 3.029692221452888641e-15 2.357616450700471099e-17
1.720143318176269531e+00 2.925141885982106282e-15 2.263919717483119527e-17
1.720358967781066895e+00 3.280041702859843276e-15 2.213691490891552070e-17
1.720574736595153809e+00 3.505679845063600954e-15 3.780130034328121002e-17
1.720790505409240723e+00 3.301715370155949500e-15 6.775032071538433765e-17
1.721006274223327637e+00 2.920118557088414654e-15 7.926734828986225427e-17
1.721222043037414551e+00 2.872631772482970441e-15 6.047003944650912411e-17
1.721437692642211914e+00 3.054707433725913079e-15 3.536465786927150533e-17
1.721653461456298828e+00 2.983573606815496937e-15 2.670789181282640014e-17
1.721869230270385742e+00 3.260457242328139785e-15 2.481853188441647984e-17
1.722084999084472656e+00 3.389073477896311325e-15 2.623469487160931513e-17
1.722300767898559570e+00 3.151792867832543289e-15 2.454907283679365576e-17
1.722516417503356934e+00 2.913226673513080039e-15 2.140472771790808272e-17
1.722732186317443848e+00 3.014928860698719813e-15 2.282530123212705075e-17
1.722947955131530762e+00 2.996032614436660441e-15 2.491214887742278130e-17
1.723163723945617676e+00 2.993190607140385449e-15 2.511684299180515353e-17
1.723379492759704590e+00 2.843506968108104951e-15 2.325229682741059895e-17
1.723595142364501953e+00 2.706373392738817794e-15 2.117619756699438245e-17
1.723810911178588867e+00 2.734916285478919580e-15 2.309245575456330210e-17
1.724026679992675781e+00 3.067355964969024733e-15 3.358908490592437952e-17
1.724242448806762695e+00 3.226172524996837911e-15 4.496009855867443570e-17
1.724458217620849609e+00 3.102674062495976853e-15 7.132423065253604860e-17
1.724673867225646973e+00 2.963713225301225357e-15 9.887957562036792602e-17
1.724889636039733887e+00 2.827487033976684369e-15 9.515074468065238362e-17
1.725105404853820801e+00 2.976601043351936350e-15 5.887594990955613257e-17
1.725321173667907715e+00 3.052634108829271366e-15 2.939983531109447129e-17
1.725536942481994629e+00 3.057276484654935372e-15 3.104781401059406747e-17
1.725752592086791992e+00 2.951065541091060958e-15 3.183368191463374674e-17
1.725968360900878906e+00 2.845469119930419538e-15 2.599221349248429549e-17
1.726184129714965820e+00 2.774626884112095689e-15 2.080003883779711822e-17
1.726399898529052734e+00 2.860786228473855865e-15 2.021201764702909722e-17
1.726615667343139648e+00 2.739796889320998859e-15 1.984024297507836404e-17
1.726831316947937012e+00 2.747228332883734463e-15 1.996714406157257423e-17
1.727047085762023926e+00 2.769654588953476132e-15 2.175531167692643244e-17
1.727262854576110840e+00 2.776445887366324299e-15 2.632454984718972542e-17
1.727478623390197754e+00 3.075831376639251262e-15 2.837322807029980906e-17
1.727694392204284668e+00 3.214074353411204739e-15 2.665396459997161806e-17
1.727910041809082031e+00 3.076719490684447396e-15 3.555211684841072268e-17
1.728125810623168945e+00 3.049492887144378793e-15 4.945804203194178322e-17
1.728341579437255859e+00 2.966683769847246188e-15 4.859851203999303174e-17
1.728557348251342773e+00 3.044305022100683017e-15 3.321697605300617492e-17
1.728773117065429688e+00 3.129949158672275765e-15 2.468052176229568249e-17
1.728988766670227051e+00 2.965443925370702706e-15 2.184076274292561041e-17
1.729204535484313965e+00 2.824425221630596887e-15 1.999682661067342707e-17
1.729420304298400879e+00 2.804653355059313381e-15 1.957266328180726043e-17
1.729636073112487793e+00 2.732192439278786564e-15 1.959500046706864239e-17
1.729851841926574707e+00 2.716908365020293155e-15 2.310162422447283986e-17
1.730067491531372070e+00 2.910973989389857228e-15 3.433006337248203108e-17
1.730283260345458984e+00 3.048873070785225459e-15 3.898824827401315112e-17
1.730499029159545898e+00 3.158771572284971470e-15 3.283281352420184759e-17
1.730714797973632812e+00 3.247909084489277766e-15 2.266812202649094954e-17
1.730930566787719727e+00 3.218295753862083358e-15 2.175421648979541223e-17
1.731146216392517090e+00 2.922738006477798578e-15 2.238877651618689167e-17
1.731361985206604004e+00 2.767111372529345095e-15 2.244506119378744988e-17
1.731577754020690918e+00 2.856326176490088346e-15 2.287873048225307591e-17
1.731793522834777832e+00 2.551991685464591320e-15 2.439004570966911108e-17
1.732009291648864746e+00 2.401511835461891779e-15 2.537117952346928316e-17
1.732225060462951660e+00 2.570146777897803179e-15 2.460837672363003253e-17
1.732440710067749023e+00 2.883769832222890864e-15 2.562668403415833767e-17
1.732656478881835938e+00 3.060014306898698085e-15 4.114669667313147175e-17
1.732872247695922852e+00 2.983353590007447632e-15 6.673290179683391446e-17
1.733088016510009766e+00 3.114538664746404652e-15 7.165984760555086383e-17
1.733303785324096680e+00 3.194389095958777985e-15 5.114574856190107622e-17
1.733519434928894043e+00 2.988156902093089956e-15 2.597027335391693899e-17
1.733735203742980957e+00 2.985123888867209120e-15 2.327652991063595245e-17
1.733950972557067871e+00 2.874109844975929196e-15 2.409031846907174661e-17
1.734166741371154785e+00 2.849122584790164149e-15 2.402646178014387798e-17
1.734382510185241699e+00 2.737433879156396174e-15 2.324691684470655406e-17
1.734598159790039062e+00 2.752785292534196300e-15 2.713659305453303269e-17
1.734813928604125977e+00 2.798279855647698398e-15 4.203195529085307261e-17
1.735029697418212891e+00 2.795660618016551288e-15 5.202923701311181360e-17
1.735245466232299805e+00 2.764850006318412927e-15 4.743047345806405285e-17
1.735461235046386719e+00 2.776850769115111854e-15 3.681969503653188271e-17
1.735676884651184082e+00 2.817612959152304176e-15 4.754300641731821694e-17
1.735892653465270996e+00 2.860057144864506726e-15 5.536770156942888096e-17
1.736108422279357910e+00 2.799596568364205208e-15 4.591721931929219338e-17
1.736324191093444824e+00 2.937007547023718149e-15 2.687942591081274660e-17
1.736539959907531738e+00 2.834121631294290490e-15 2.182357723851920871e-17
1.736755609512329102e+00 2.787780458750007719e-15 2.158758260975782991e-17
1.736971378326416016e+00 2.841597120570283318e-15 2.118422783638104724e-17
1.737187147140502930e+00 2.785656100118293933e-15 2.071590629769434977e-17
1.737402915954589844e+00 2.911111844002022865e-15 2.124400983361147965e-17
1.737618684768676758e+00 3.154189124040325705e-15 2.280920926049044415e-17
1.737834334373474121e+00 2.945885511102127284e-15 3.199259985391743441e-17
1.738050103187561035e+00 2.827959466603015455e-15 5.445159573230395260e-17
1.738265872001647949e+00 2.895682503593075344e-15 8.333776511789279455e-17
1.738481640815734863e+00 2.902427426952061337e-15 1.024545509661486053e-16
1.738697409629821777e+00 2.982087699267776081e-15 9.313697678811448796e-17
1.738913059234619141e+00 2.884651170004508963e-15 5.961738167108946319e-17
1.739128828048706055e+00 2.923611085688180948e-15 2.646910131359459211e-17
1.739344596862792969e+00 2.918538417125311757e-15 2.217041241500146810e-17
1.739560365676879883e+00 2.826492617296607820e-15 2.183412213696803470e-17
1.739776134490966797e+00 2.734554602410441994e-15 2.151548885629015823e-17
1.739991784095764160e+00 2.724043135293252940e-15 2.151674451646001373e-17
1.740207552909851074e+00 2.684627304125721328e-15 2.231155093419894100e-17
1.740423321723937988e+00 2.523176471631947276e-15 2.295346625059724197e-17
1.740639090538024902e+00 2.432421550014858894e-15 2.231153108186423973e-17
1.740854859352111816e+00 2.499216027136491255e-15 2.158431193761579524e-17
1.741070508956909180e+00 2.542525457004314073e-15 2.252335880184926927e-17
1.741286277770996094e+00 2.655332669644931351e-15 2.474466134699304426e-17
1.741502046585083008e+00 2.791653940417801634e-15 2.595902038886376760e-17
1.741717815399169922e+00 2.883607413655254852e-15 2.523838891101369542e-17
1.741933584213256836e+00 3.092193723839599395e-15 2.368856677172209171e-17
1.742149233818054199e+00 3.049759067248053457e-15 2.795829773143095932e-17
1.742365002632141113e+00 2.737051655538947671e-15 4.852437680477357919e-17
1.742580771446228027e+00 2.571355070397061439e-15 6.277130885019085050e-17
1.742796540260314941e+00 2.725558900752364511e-15 5.625572627911885914e-17
1.743012309074401855e+00 2.828376842087775012e-15 3.655001761322734463e-17
1.743227958679199219e+00 2.769575391372907855e-15 2.494052282679457526e-17
1.743443727493286133e+00 2.785581349460698741e-15 2.244857671139080025e-17
1.743659496307373047e+00 2.705124019141617701e-15 2.066442588509149954e-17
1.743875265121459961e+00 2.611967970877300191e-15 2.041591105057851812e-17
1.744091033935546875e+00 2.592376310565545038e-15 2.158767690834766096e-17
1.744306683540344238e+00 2.759420948642986489e-15 2.519284434648652571e-17
1.744522452354431152e+00 2.925850005526010877e-15 5.272427717717072021e-17
1.744738221168518066e+00 2.939299618178988285e-15 8.786120560636147660e-17
1.744953989982604980e+00 2.753773779983642069e-15 9.743871302008425732e-17
1.745169758796691895e+00 2.729162178909984304e-15 7.085233403924189695e-17
1.745385408401489258e+00 2.846776938800980178e-15 3.566281677542746927e-17
1.745601177215576172e+00 2.802990417625616376e-15 2.226482184703459537e-17
1.745816946029663086e+00 2.774311787855717089e-15 2.059455724747159551e-17
1.746032714843750000e+00 2.994912625122153442e-15 2.082945007165705367e-17
1.746248483657836914e+00 3.122308497971568349e-15 2.180414014848543766e-17
1.746464133262634277e+00 2.778034285900662925e-15 2.269843819594101800e-17
1.746679902076721191e+00 2.657974777165654327e-15 2.353688666279824302e-17
1.746895670890808105e+00 2.632738912809870144e-15 2.305028443257412364e-17
1.747111439704895020e+00 2.609768649829754400e-15 2.211760851341853303e-17
1.747327208518981934e+00 2.557475165006878846e-15 2.102365222714980329e-17
1.747542858123779297e+00 2.673907466903507717e-15 2.111927761468338350e-17
1.747758626937866211e+00 2.771655704291364417e-15 2.156852105972215794e-17
1.747974395751953125e+00 2.661551585543672424e-15 2.205734013398791943e-17
1.748190164566040039e+00 2.457768375686733391e-15 2.200007442018087333e-17
1.748405933380126953e+00 2.570134072403594365e-15 2.146058226159011336e-17
1.748621582984924316e+00 2.908494723953243891e-15 2.074218086267148414e-17
1.748837351799011230e+00 3.048705781778142734e-15 2.072447919756284935e-17
1.749053120613098145e+00 2.808524507386502347e-15 2.015074672469606935e-17
1.749268889427185059e+00 2.669931706007332844e-15 1.960634276762796951e-17
1.749484658241271973e+00 2.702522569202362931e-15 2.010663814571229171e-17
1.749700307846069336e+00 2.818570106382701536e-15 2.679731665448828286e-17
1.749916076660156250e+00 2.814783445592001186e-15 3.581453824338194560e-17
1.750131845474243164e+00 2.805611984597368436e-15 4.504742567030288393e-17
1.750347614288330078e+00 2.460918491217572134e-15 6.080733061308374668e-17
1.750563383102416992e+00 2.220147893652879567e-15 6.245925000102154549e-17
1.750779032707214355e+00 2.280873803223908494e-15 4.210751327672611637e-17
1.750994801521301270e+00 2.544020470156217913e-15 2.339286790070786048e-17
1.751210570335388184e+00 2.718519421685970834e-15 2.181207115619859609e-17
1.751426339149475098e+00 2.630869722853516716e-15 2.203063047200858217e-17
1.751642107963562012e+00 2.756448710031071149e-15 2.067399471041751297e-17
1.751857757568359375e+00 2.507599747490177507e-15 1.896180197996542524e-17
1.752073526382446289e+00 2.459220401916564075e-15 1.874781862730408251e-17
1.752289295196533203e+00 2.617510319209421892e-15 2.081537311199262624e-17
1.752505064010620117e+00 2.759376691171492452e-15 3.103329202776008652e-17
1.752720832824707031e+00 2.811799772035297913e-15 4.120004320519624161e-17
1.752936482429504395e+00 3.019262069498636000e-15 4.138510997800395560e-17
1.753152251243591309e+00 2.790791025602786316e-15 3.151731180011181535e-17
1.753368020057678223e+00 2.596904548701566527e-15 2.278118603569837268e-17
1.753583788871765137e+00 2.590828357854437804e-15 2.182901677822735742e-17
1.753799557685852051e+00 2.569049658472872047e-15 2.137269101278390396e-17
1.754015207290649414e+00 2.561050914593712875e-15 2.225043221309862290e-17
1.754230976104736328e+00 2.461280597802523347e-15 2.304799148791612665e-17
1.754446744918823242e+00 2.389118049377666857e-15 2.165646193936512053e-17
1.754662513732910156e+00 2.515295465332456452e-15 2.115093050800333766e-17
1.754878282546997070e+00 2.546193744940635634e-15 2.365825225663324835e-17
1.755093932151794434e+00 2.621126938135960940e-15 2.362789803687500244e-17
1.755309700965881348e+00 2.775157550253550508e-15 2.043797526623775758e-17
1.755525469779968262e+00 2.654175410880745163e-15 1.916891973354257784e-17
1.755741238594055176e+00 2.551466948553767281e-15 1.869973627265760012e-17
1.755957007408142090e+00 2.360050843243214659e-15 1.824064110652331912e-17
1.756172657012939453e+00 2.402398678957667032e-15 1.877457461139772274e-17
1.756388425827026367e+00 2.453331193592541738e-15 2.029220949869366304e-17
1.756604194641113281e+00 2.316938136777391653e-15 2.120785873212046213e-17
1.756819963455200195e+00 2.308131111708315066e-15 2.045851581520867436e-17
1.757035732269287109e+00 2.445156902135064113e-15 2.012848894877349249e-17
1.757251381874084473e+00 2.566893536105636225e-15 2.114606337727907565e-17
1.757467150688171387e+00 2.754794031168609873e-15 2.114346106707198382e-17
1.757682919502258301e+00 2.569320497257756609e-15 1.909811803619171399e-17
1.757898688316345215e+00 2.520299524226598045e-15 1.867903525064784805e-17
1.758114457130432129e+00 2.502903373314126038e-15 1.858138823369718824e-17
1.758330106735229492e+00 2.562711734445041745e-15 1.877397573263423435e-17
1.758545875549316406e+00 2.479027843871632261e-15 1.882330051256077139e-17
1.758761644363403320e+00 2.425407270178646033e-15 1.936039715609757779e-17
1.758977413177490234e+00 2.426646267622242260e-15 1.990609813236616078e-17
1.759193181991577148e+00 2.514128042172903213e-15 2.037440643616305740e-17
1.759408831596374512e+00 2.606859938688883133e-15 2.085151097859384292e-17
1.759624600410461426e+00 2.750325508855369812e-15 2.097349695788826301e-17
1.759840369224548340e+00 2.695402410247743283e-15 2.012665757089730008e-17
1.760056138038635254e+00 2.641378860630100821e-15 1.995505895282317449e-17
1.760271906852722168e+00 2.821963532127639077e-15 2.070524559395976635e-17
1.760487556457519531e+00 2.706334217465007283e-15 2.056754318302683873e-17
1.760703325271606445e+00 2.330667905577673421e-15 2.090246364996588431e-17
1.760919094085693359e+00 2.220284689473861137e-15 2.366026561424420242e-17
1.761134862899780273e+00 2.422351598821426144e-15 2.488680571781538164e-17
1.761350631713867188e+00 2.581220463133732275e-15 2.411379054613355132e-17
1.761566281318664551e+00 2.747537711667719096e-15 2.260328926444026834e-17
1.761782050132751465e+00 2.743648136373927349e-15 2.141792290303952862e-17
1.761997818946838379e+00 2.574691533176296128e-15 2.280093414564246366e-17
1.762213587760925293e+00 2.360070325001001508e-15 2.576408535134829599e-17
1.762429356575012207e+00 2.367009007146671923e-15 2.641144517053842098e-17
1.762645006179809570e+00 2.346936443879113141e-15 2.566965441261924235e-17
1.762860774993896484e+00 2.350801666975671327e-15 2.515404130395166319e-17
1.763076543807983398e+00 2.423446177147515514e-15 2.291745742417158356e-17
1.763292312622070312e+00 2.451029805074851804e-15 2.087141294413186876e-17
1.763508081436157227e+00 2.732376668944814374e-15 2.125701642156326346e-17
1.763723731040954590e+00 2.890086792185276622e-15 2.189058548558090437e-17
1.763939499855041504e+00 2.729683104172545699e-15 2.196213826292796637e-17
1.764155268669128418e+00 2.405270120648859110e-15 2.207621970428882974e-17
1.764371037483215332e+00 2.276065197182345831e-15 2.538730127360794167e-17
1.764586806297302246e+00 2.362938166802167755e-15 4.279301439396106146e-17
1.764802455902099609e+00 2.596920007052853918e-15 8.296359493088810780e-17
1.765018224716186523e+00 2.674463544033380165e-15 1.399602963678421683e-16
1.765233993530273438e+00 2.405388069986764271e-15 1.770772801165256091e-16
1.765449762344360352e+00 2.230562163739371190e-15 1.741148485579526979e-16
1.765665531158447266e+00 2.181334302910845763e-15 1.026155534005759266e-16
1.765881180763244629e+00 2.666834318277460682e-15 5.012650984600303637e-17
1.766096949577331543e+00 2.963444927615182557e-15 4.206644210495163344e-17
1.766312718391418457e+00 2.858911956319818912e-15 3.946642153379535515e-17
1.766528487205505371e+00 2.786270834279763742e-15 3.866769262559170142e-17
1.766744256019592285e+00 2.569755025159698066e-15 6.146957141149370064e-17
1.766959905624389648e+00 2.362533073295143386e-15 8.988777825478169313e-17
1.767175674438476562e+00 2.442412727144196993e-15 9.081185149556673226e-17
1.767391443252563477e+00 2.400592381197647236e-15 6.017077873577723955e-17
1.767607212066650391e+00 2.406030332719019844e-15 2.915786512958800942e-17
1.767822980880737305e+00 2.313809832344944709e-15 2.258864651323685464e-17
1.768038630485534668e+00 2.270928577631958940e-15 2.548932407599900700e-17
1.768254399299621582e+00 2.152474408090234055e-15 3.012628517737324146e-17
1.768470168113708496e+00 2.223544284013132498e-15 3.284392752291211007e-17
1.768685936927795410e+00 2.312513024902698375e-15 3.284662413170903294e-17
1.768901705741882324e+00 2.354974998306793264e-15 3.021036312355558141e-17
1.769117355346679688e+00 2.535066696629029517e-15 2.717488159072688723e-17
1.769333124160766602e+00 2.542499198982949189e-15 3.270039183429945850e-17
1.769548892974853516e+00 2.534587487739120397e-15 4.974997392244644796e-17
1.769764661788940430e+00 2.649459978463380473e-15 5.709870935009409986e-17
1.769980430603027344e+00 2.524270626441563019e-15 4.663483820535134744e-17
1.770196080207824707e+00 2.387056159425813076e-15 2.981856737205861474e-17
1.770411849021911621e+00 2.431183399604209920e-15 2.302394203878675992e-17
1.770627617835998535e+00 2.536141369680858411e-15 2.272450927448746433e-17
1.770843386650085449e+00 2.424209142074754825e-15 2.132485350359873726e-17
1.771059155464172363e+00 2.350037007982537507e-15 2.044130218666144586e-17
1.771274805068969727e+00 2.441774911334914505e-15 2.031779254067870308e-17
1.771490573883056641e+00 2.343898560213785592e-15 1.948955313694160753e-17
1.771706342697143555e+00 2.497766965521975961e-15 1.967931167818372229e-17
1.771922111511230469e+00 2.634204068050383270e-15 2.081615397049087630e-17
1.772137880325317383e+00 2.403379966627061139e-15 2.208434592662655068e-17
1.772353529930114746e+00 2.159375185511514840e-15 2.208985164078370363e-17
1.772569298744201660e+00 2.296991569660736948e-15 2.113135279726543260e-17
1.772785067558288574e+00 2.303162839956194967e-15 2.479824776143545450e-17
1.773000836372375488e+00 2.299841623770010855e-15 3.055061890544559402e-17
1.773216605186462402e+00 2.439216660075969705e-15 3.463076999492465833e-17
1.773432254791259766e+00 2.576361458631807981e-15 3.338045341182625488e-17
1.773648023605346680e+00 2.679279773371468117e-15 3.026732939798088332e-17
1.773863792419433594e+00 2.517588807037147471e-15 2.461285011638271930e-17
1.774079561233520508e+00 2.562957162241508678e-15 2.277822803782788305e-17
1.774295330047607422e+00 2.331577618963024540e-15 2.097487834951122657e-17
1.774510979652404785e+00 2.283894534472054143e-15 1.981236202535165169e-17
1.774726748466491699e+00 2.270019499521318262e-15 1.934405041283230486e-17
1.774942517280578613e+00 2.248486863210929880e-15 1.912967497656061199e-17
1.775158286094665527e+00 2.302885224907732370e-15 1.913506488543200752e-17
1.775374054908752441e+00 2.234419340022930460e-15 1.932436516861476790e-17
1.775589704513549805e+00 2.424557907890786783e-15 2.065628477350275264e-17
1.775805473327636719e+00 2.412144851807011825e-15 2.227222676787817007e-17
1.776021242141723633e+00 2.099622305038644290e-15 2.284813307139473942e-17
1.776237010955810547e+00 2.305929461320164325e-15 2.248956681946525298e-17
1.776452779769897461e+00 2.125195076749198872e-15 2.063754251518352614e-17
1.776668429374694824e+00 2.159460735839187524e-15 2.058221240400985412e-17
1.776884198188781738e+00 2.359096237111659063e-15 2.223550987484816628e-17
1.777099967002868652e+00 2.519462867432947610e-15 2.466423126731206317e-17
1.777315735816955566e+00 2.514345729640347568e-15 2.554084419327125977e-17
1.777531504631042480e+00 2.290265916301300990e-15 2.645224833579443673e-17
1.777747154235839844e+00 2.189672918760090722e-15 2.764064217823712053e-17
1.777962923049926758e+00 2.361033613220266461e-15 2.679971547826468664e-17
1.778178691864013672e+00 2.340927168634817507e-15 2.432413926718333605e-17
1.778394460678100586e+00 2.274823446881671027e-15 2.609522891161042445e-17
1.778610229492187500e+00 2.155703297685167448e-15 2.867002047408383539e-17
1.778825998306274414e+00 2.335847935566607095e-15 2.668931995371335957e-17
1.779041647911071777e+00 2.229527936510773689e-15 2.158050856115927642e-17
1.779257416725158691e+00 2.369849320377052405e-15 2.000582633573800401e-17
1.779473185539245605e+00 2.269905150073438932e-15 1.922808630839727080e-17
1.779688954353332520e+00 2.092473982238528436e-15 1.883776293839064853e-17
1.779904723167419434e+00 2.328868595839468474e-15 1.936695669835512330e-17
1.780120372772216797e+00 2.671139363231880663e-15 2.022044496310978747e-17
1.780336141586303711e+00 2.583420207697751693e-15 2.025776073490327965e-17
1.780551910400390625e+00 2.574352508239157594e-15 2.327531891821917482e-17
1.780767679214477539e+00 2.710465620665240133e-15 4.582807241031612848e-17
1.780983448028564453e+00 2.091965550711939043e-15 8.494095364158386939e-17
1.781199097633361816e+00 1.876490109809338461e-15 8.414294934359681211e-17
1.781414866447448730e+00 2.161175765799140669e-15 3.890751875495042584e-17
1.781630635261535645e+00 2.126837050117451333e-15 2.453705555685448537e-17
1.781846404075622559e+00 2.379762993991716737e-15 2.528071077987435853e-17
1.782062172889709473e+00 2.495530798541224608e-15 2.491179318975938350e-17
1.782277822494506836e+00 2.346969478164056058e-15 2.346349092704641287e-17
1.782493591308593750e+00 2.314594608370575818e-15 2.330138668804317094e-17
1.782709360122680664e+00 2.354597433370554660e-15 2.661184621754164299e-17
1.782925128936767578e+00 2.220662889684810182e-15 3.065153163145461319e-17
1.783140897750854492e+00 2.384334854324521823e-15 3.066116001378473043e-17
1.783356547355651855e+00 2.629213561683397746e-15 2.720408272071123422e-17
1.783572316169738770e+00 2.617712760083815669e-15 2.463174788465710577e-17
1.783788084983825684e+00 2.524997168952070395e-15 2.273489369989745504e-17
1.784003853797912598e+00 2.550763064174598957e-15 2.349386665350058516e-17
1.784219622611999512e+00 2.459581873226804848e-15 2.664629663569325149e-17
1.784435272216796875e+00 2.477840091921344919e-15 3.308377350460553576e-17
1.784651041030883789e+00 2.008307282885184002e-15 3.895621984069509789e-17
1.784866809844970703e+00 2.334041214290113672e-15 3.826989485157004998e-17
1.785082578659057617e+00 2.391751051294206849e-15 3.141657443639265742e-17
1.785298347473144531e+00 2.365495782786402115e-15 2.980641774322143587e-17
1.785513997077941895e+00 2.124232423804644360e-15 2.991438466549430726e-17
1.785729765892028809e+00 1.872841938905514189e-15 2.861062228865762758e-17
1.785945534706115723e+00 1.987501612601776622e-15 2.638038619289827990e-17
1.786161303520202637e+00 2.191227859493012804e-15 2.365473343030744777e-17
1.786377072334289551e+00 2.291673685059637637e-15 2.235653797899324997e-17
1.786592721939086914e+00 2.365501712017032895e-15 2.332475123162534376e-17
1.786808490753173828e+00 2.188813392076864421e-15 2.637505749539221329e-17
1.787024259567260742e+00 1.872972170221154538e-15 2.828839242667637054e-17
1.787240028381347656e+00 1.974683251252740482e-15 2.744873296740236789e-17
1.787455797195434570e+00 2.063190994460763206e-15 4.281253585641731291e-17
1.787671446800231934e+00 2.297771475246921345e-15 1.001161841663551007e-16
1.787887215614318848e+00 2.127267342854656518e-15 1.375456436632365733e-16
1.788102984428405762e+00 1.885156950925644462e-15 1.255738388054219025e-16
1.788318753242492676e+00 2.218650127643897151e-15 7.464997317103205039e-17
1.788534522056579590e+00 2.228112544455911753e-15 3.128398400164530751e-17
1.788750171661376953e+00 2.110041233806345812e-15 2.537682089524689481e-17
1.788965940475463867e+00 2.271307836634092053e-15 2.290154246918606331e-17
1.789181709289550781e+00 2.330423324814153742e-15 2.153351312183768870e-17
1.789397478103637695e+00 2.388247723024363063e-15 2.149369430151061106e-17
1.789613246917724609e+00 2.441089873438822590e-15 2.164602292003470132e-17
1.789828896522521973e+00 2.442953981197492491e-15 2.178007581010504498e-17
1.790044665336608887e+00 2.404193118256425267e-15 2.295203357377630012e-17
1.790260434150695801e+00 2.205692429375037678e-15 2.442267136738942760e-17
1.790476202964782715e+00 1.969643193458340581e-15 2.505600716647432856e-17
1.790691971778869629e+00 2.125055316312901912e-15 2.582386238549505309e-17
1.790907621383666992e+00 2.376663700437713252e-15 2.527564512580308378e-17
1.791123390197753906e+00 2.159488687926446916e-15 2.377401122027636925e-17
1.791339159011840820e+00 2.050164051248465694e-15 2.298932949323509103e-17
1.791554927825927734e+00 2.202481539230233439e-15 2.271787859469723926e-17
1.791770696640014648e+00 2.182465727170140694e-15 2.415489149641008616e-17
1.791986346244812012e+00 2.091131011500656743e-15 2.556170403395862203e-17
1.792202115058898926e+00 2.182543018926577649e-15 2.533684491060343209e-17
1.792417883872985840e+00 2.162167006105665014e-15 2.493003086790495265e-17
1.792633652687072754e+00 2.086295935679492383e-15 2.441637983165034927e-17
1.792849421501159668e+00 2.263438688795862790e-15 2.312357594356877211e-17
1.793065071105957031e+00 2.367972083607700062e-15 2.401121849581575079e-17
1.793280839920043945e+00 2.074502484196633946e-15 2.730816851155000680e-17
1.793496608734130859e+00 2.119003477663006750e-15 2.976902587081158881e-17
1.793712377548217773e+00 1.854046277805941265e-15 2.932818161771267782e-17
1.793928146362304688e+00 2.142272531515266448e-15 2.765653066344303908e-17
1.794143795967102051e+00 2.198785299206652485e-15 2.331670441862642790e-17
1.794359564781188965e+00 2.206910250994952548e-15 2.191931181389364592e-17
1.794575333595275879e+00 2.235118989237362512e-15 2.157100921900471745e-17
1.794791102409362793e+00 2.158546363772626507e-15 2.242077020791921767e-17
1.795006871223449707e+00 2.012559176522163776e-15 2.564273630112554172e-17
1.795222520828247070e+00 1.993947321572145034e-15 2.669074435872817588e-17
1.795438289642333984e+00 2.380845290340070919e-15 2.394024143617502569e-17
1.795654058456420898e+00 2.610484180911947470e-15 2.363563879304727368e-17
1.795869827270507812e+00 2.335221131185638913e-15 2.547312953396644382e-17
1.796085596084594727e+00 1.887797576138709743e-15 2.579695916325237842e-17
1.796301245689392090e+00 1.765370822074362189e-15 2.351108524513148898e-17
1.796517014503479004e+00 2.137100336581094877e-15 2.487095197419519031e-17
1.796732783317565918e+00 2.140923419788527161e-15 3.163739857271981369e-17
1.796948552131652832e+00 2.187486514964990560e-15 3.273215887854394497e-17
1.797164320945739746e+00 2.533614035124488392e-15 2.617630915525287223e-17
1.797379970550537109e+00 2.448863730070485745e-15 2.312818995702559289e-17
1.797595739364624023e+00 2.239746541986449568e-15 2.297897980941082755e-17
1.797811508178710938e+00 2.207587030319808734e-15 2.641023086939919313e-17
1.798027276992797852e+00 2.085192887023930471e-15 2.901787639144198523e-17
1.798243045806884766e+00 2.314502917054035540e-15 2.674050092693446560e-17
1.798458695411682129e+00 2.383192206878675772e-15 2.427423546082801189e-17
1.798674464225769043e+00 2.499026715272779919e-15 2.621202681410291196e-17
1.798890233039855957e+00 2.412875629482255473e-15 4.984766064406651032e-17
1.799106001853942871e+00 2.256657131261908047e-15 1.213609351537954279e-16
1.799321770668029785e+00 2.389568247389132517e-15 1.801605594538700675e-16
1.799537420272827148e+00 1.803713250739485789e-15 2.312993398462909970e-16
1.799753189086914062e+00 1.909554252663646888e-15 1.407120645783099615e-16
1.799968957901000977e+00 2.218024593812349850e-15 6.182877955557852822e-17
1.800184726715087891e+00 2.060304094418283737e-15 5.316051899734138616e-17
1.800400495529174805e+00 1.991634074593193540e-15 4.942188100428341507e-17
1.800616145133972168e+00 2.192032964309378017e-15 4.198409131188830421e-17
1.800831913948059082e+00 2.329568245053900526e-15 5.993809613818852308e-17
1.801047682762145996e+00 1.539732997507959732e-15 7.504055462138978921e-17
1.801263451576232910e+00 2.217230712182535757e-15 5.909912323882293944e-17
1.801479220390319824e+00 1.922873422242747134e-15 4.215334570010645452e-17
1.801694869995117188e+00 2.028570852082348629e-15 3.887777003140056875e-17
1.801910638809204102e+00 2.161307902938912340e-15 4.164602921298278223e-17
1.802126407623291016e+00 1.806066943541668676e-15 4.744624944670666419e-17
1.802342176437377930e+00 2.047762501084762939e-15 4.859120968954541361e-17
1.802557945251464844e+00 1.722647644885157755e-15 4.895870618336802254e-17
1.802773594856262207e+00 2.069656185188918467e-15 4.473978727432706231e-17
1.802989363670349121e+00 2.246525981938036175e-15 3.503867591603170776e-17
1.803205132484436035e+00 2.300192083651937322e-15 3.875578736082859886e-17
1.803420901298522949e+00 2.091969785876675314e-15 4.446262552084014443e-17
1.803636670112609863e+00 2.193096625932892604e-15 4.162037337910383752e-17
1.803852319717407227e+00 2.046508257048116133e-15 3.593965427411426636e-17
1.804068088531494141e+00 2.379734618387983718e-15 3.091054173357966743e-17
1.804283857345581055e+00 2.400594075263541745e-15 2.828887219143165130e-17
1.804499626159667969e+00 2.194378398540325174e-15 2.921129107099158437e-17
1.804715394973754883e+00 2.149252930033589137e-15 2.874898313535814741e-17
1.804931044578552246e+00 2.127388468566113883e-15 2.608728797772991539e-17
1.805146813392639160e+00 2.208147554372654267e-15 2.590163390668728875e-17
1.805362582206726074e+00 2.388715920485957878e-15 3.477649936652180054e-17
1.805578351020812988e+00 2.057677445248848151e-15 5.082972586323641711e-17
1.805794119834899902e+00 1.960195176206429302e-15 5.939303043663038081e-17
1.806009769439697266e+00 2.047380277467314436e-15 9.021317125542535295e-17
1.806225538253784180e+00 nan nan
1.930148482322692871e+00 nan nan
1.930436134338378906e+00 1.797147686607080894e-15 9.414211372892972380e-17
1.930723667144775391e+00 1.675404594010285967e-15 1.052265655477118095e-16
1.931011199951171875e+00 1.200619121909964320e-15 1.224968989802920506e-16
1.931298851966857910e+00 1.507769044573016234e-15 9.683824606981976347e-17
1.931586384773254395e+00 1.426562090095615139e-15 7.557606473251171891e-17
1.931873917579650879e+00 1.591940508486688974e-15 5.724580853278562987e-17
1.932161569595336914e+00 1.896784807467314683e-15 3.428480997553048004e-17
1.932449102401733398e+00 1.943816523621846523e-15 3.067639006322305678e-17
1.932736754417419434e+00 1.657885199803988460e-15 3.546926312953496121e-17
1.933024287223815918e+00 1.886324374085197701e-15 3.367003941811371923e-17
1.933311820030212402e+00 1.986542771305484754e-15 2.972082771087934899e-17
1.933599472045898438e+00 2.013700129902115318e-15 4.560602073795994352e-17
1.933887004852294922e+00 1.604999321313626930e-15 8.412021842036385491e-17
1.934174537658691406e+00 1.720388290377475315e-15 8.259803403969887296e-17
1.934462189674377441e+00 1.775750999084726826e-15 6.144005760723780861e-17
1.934749722480773926e+00 1.803840940956284375e-15 6.455339999676489417e-17
1.935037374496459961e+00 1.887998322947209012e-15 6.285114832291446873e-17
1.935324907302856445e+00 1.926915251708807841e-15 5.600896175878203992e-17
1.935612440109252930e+00 1.826577422842957932e-15 3.876264965119033878e-17
1.935900092124938965e+00 1.833750309598544161e-15 3.685021469241263922e-17
1.936187624931335449e+00 2.007130330604974151e-15 5.378666163381952599e-17
1.936475157737731934e+00 1.556192012343413263e-15 7.090157444674595358e-17
1.936762809753417969e+00 2.042176954072331269e-15 5.615341396351340025e-17
1.937050342559814453e+00 2.025456100177057753e-15 3.453603465373018518e-17
1.937337994575500488e+00 1.853666595287334525e-15 3.025092475207273167e-17
1.937625527381896973e+00 1.918326337623649236e-15 3.870482972637288215e-17
1.937913060188293457e+00 1.558827343600558205e-15 5.652093361839316066e-17
1.938200712203979492e+00 1.645284208285041454e-15 5.285450187536616846e-17
1.938488245010375977e+00 1.719249772217247129e-15 3.796444021241136835e-17
1.938775777816772461e+00 1.832780880390411614e-15 5.317731738122111304e-17
1.939063429832458496e+00 1.577627557502222621e-15 9.610600593925312210e-17
1.939350962638854980e+00 1.852420609821923449e-15 1.254108246677448522e-16
1.939638495445251465e+00 1.372454578337076094e-15 1.107292092104309649e-16
1.939926147460937500e+00 1.896182990558290503e-15 6.694471297320669294e-17
1.940213680267333984e+00 1.823314440171897553e-15 3.373538006906050800e-17
1.940501332283020020e+00 1.784369771081276146e-15 3.025714845900158065e-17
1.940788865089416504e+00 1.647047836760343314e-15 4.047851340920093684e-17
1.941076397895812988e+00 1.704608490086601327e-15 5.169228002750466246e-17
1.941364049911499023e+00 1.584480477561983538e-15 5.664839884206513201e-17
1.941651582717895508e+00 1.742461439587330348e-15 4.698630724762512889e-17
1.941939115524291992e+00 1.874010420856251496e-15 2.899840455982248696e-17
1.942226767539978027e+00 1.908817333999535647e-15 2.087073631039080039e-17
1.942514300346374512e+00 1.900817743087429221e-15 1.970961295838276480e-17
1.942801952362060547e+00 1.929934712407532608e-15 2.080197444043049230e-17
1.943089485168457031e+00 1.939158901203131939e-15 2.279668078293271599e-17
1.943377017974853516e+00 1.776946586089776271e-15 3.016937136111990357e-17
1.943664669990539551e+00 1.542697930460705004e-15 3.704616054463665063e-17
1.943952202796936035e+00 1.910214091329557988e-15 3.612798675598033970e-17
1.944239735603332520e+00 1.992193751613091819e-15 4.023593442276363595e-17
1.944527387619018555e+00 1.713258919939554276e-15 5.846006996734407195e-17
1.944814920425415039e+00 1.518409895972898382e-15 6.388767842233731707e-17
1.945102572441101074e+00 1.774835991743455368e-15 4.456969247060655812e-17
1.945390105247497559e+00 1.671121677791613004e-15 2.926805882206987355e-17
1.945677638053894043e+00 1.559495970233297068e-15 2.753446527480981389e-17
1.945965290069580078e+00 1.421147114342936803e-15 3.115138033200815675e-17
1.946252822875976562e+00 1.555125809621056912e-15 3.001664735026301296e-17
1.946540355682373047e+00 1.841575835239989828e-15 2.612881244448007738e-17
1.946828007698059082e+00 1.896143391768006364e-15 2.967450559657637944e-17
1.947115540504455566e+00 1.651875183405863978e-15 3.785762803427362099e-17
1.947403192520141602e+00 1.727191553130703449e-15 3.698756307004339415e-17
1.947690725326538086e+00 1.920894118003250647e-15 3.248849463114297450e-17
1.947978258132934570e+00 1.817599932393246416e-15 3.625009515800541764e-17
1.948265910148620605e+00 1.470241779240506492e-15 3.863716635226604448e-17
1.948553442955017090e+00 1.700457181612108001e-15 3.296500029481027163e-17
1.948840975761413574e+00 1.958030371751484124e-15 2.981283666477484737e-17
1.949128627777099609e+00 1.695427076454838339e-15 3.210851432751571529e-17
1.949416160583496094e+00 1.673451018396562330e-15 3.205062491952680420e-17
1.949703812599182129e+00 1.943870733730470798e-15 2.943787238438210971e-17
1.949991345405578613e+00 1.814882015423744180e-15 2.809566265267396531e-17
1.950278878211975098e+00 1.670133825616877676e-15 2.733401294260861359e-17
1.950566530227661133e+00 1.565533409323088907e-15 2.848548640559060556e-17
1.950854063034057617e+00 1.488705615182992544e-15 3.106905270000197901e-17
1.951141595840454102e+00 1.601384714090337610e-15 3.108887525620119977e-17
1.951429247856140137e+00 1.670780641151224741e-15 3.642343581844957991e-17
1.951716780662536621e+00 1.782549285519389841e-15 5.133579165327390923e-17
1.952004432678222656e+00 1.701248416263961925e-15 5.905681791357452739e-17
1.952291965484619141e+00 1.783845457686925734e-15 5.057419322840653580e-17
1.952579498291015625e+00 1.757546566982337403e-15 4.212373925162195656e-17
1.952867150306701660e+00 1.823098023253874080e-15 4.741610367646278165e-17
1.953154683113098145e+00 1.444551905224994003e-15 5.781651683333291600e-17
1.953442215919494629e+00 1.514070016788522568e-15 4.993528884943792786e-17
1.953729867935180664e+00 1.951276766304788773e-15 4.055956718306378292e-17
1.954017400741577148e+00 1.865250617873984336e-15 4.522127918272682908e-17
1.954304933547973633e+00 1.538548316052106187e-15 4.640575549778846174e-17
1.954592585563659668e+00 1.911346574380036988e-15 3.859178391513893517e-17
1.954880118370056152e+00 1.990555801651338816e-15 3.516513528807881464e-17
1.955167770385742188e+00 1.818901822033176276e-15 4.687000234477772299e-17
1.955455303192138672e+00 1.501535411476816618e-15 6.599021272076950324e-17
1.955742835998535156e+00 1.630333017974818985e-15 8.594464136196591233e-17
1.956030488014221191e+00 1.654263181042410664e-15 9.919862910879697943e-17
1.956318020820617676e+00 1.503755908348043766e-15 9.442084712558049243e-17
1.956605553627014160e+00 1.555564784445971453e-15 5.915272454251637563e-17
1.956893205642700195e+00 1.792189579250327847e-15 4.290224524820991387e-17
1.957180738449096680e+00 1.772176096530840052e-15 4.296945863606352269e-17
1.957468390464782715e+00 1.930039956251228955e-15 4.449885272294751683e-17
1.957755923271179199e+00 1.860593207213506566e-15 4.833931995813321584e-17
1.958043456077575684e+00 1.711334778720747726e-15 4.671483649675257585e-17
1.958331108093261719e+00 1.664224394381239643e-15 3.925733012727665103e-17
1.958618640899658203e+00 1.833182585765646966e-15 3.896198694392581760e-17
1.958906173706054688e+00 1.913700478940456688e-15 5.639215814063090531e-17
1.959193825721740723e+00 1.675932189657306989e-15 7.995653532390673566e-17
1.959481358528137207e+00 1.788549031643028864e-15 6.240608544869153730e-17
1.959769010543823242e+00 1.696370882916316443e-15 3.327703929164487536e-17
1.960056543350219727e+00 1.726308733041427654e-15 2.198450853541385045e-17
1.960344076156616211e+00 1.821307607361615302e-15 2.132729534076699380e-17
1.960631728172302246e+00 1.729055237372899723e-15 2.463508473124814468e-17
1.960919260978698730e+00 1.499736631134203704e-15 2.833309657570118637e-17
1.961206793785095215e+00 1.646779644953418921e-15 2.700369159987536284e-17
1.961494445800781250e+00 1.756386555361072639e-15 3.104403875827837546e-17
1.961781978607177734e+00 1.747508061887071470e-15 4.188065733937222342e-17
1.962069630622863770e+00 1.670217470120419039e-15 4.415907008836788454e-17
1.962357163429260254e+00 1.956560346071524285e-15 3.564836096704249255e-17
1.962644696235656738e+00 1.904800280247182127e-15 3.469465480799335377e-17
1.962932348251342773e+00 1.994162044424274000e-15 3.783898338326667575e-17
1.963219881057739258e+00 1.752936590166905874e-15 3.966586139692679055e-17
1.963507413864135742e+00 1.632769296489359166e-15 4.074020026778821268e-17
1.963795065879821777e+00 1.500709130836770048e-15 5.426545362469991968e-17
1.964082598686218262e+00 1.787553979688241874e-15 8.183403017361019533e-17
1.964370250701904297e+00 1.723420880086882524e-15 8.610088585350982862e-17
1.964657783508300781e+00 1.580376497053418046e-15 5.602048273035367849e-17
1.964945316314697266e+00 1.681788469575504815e-15 2.882959684913511528e-17
1.965232968330383301e+00 1.656393892421228857e-15 2.608585199218652333e-17
1.965520501136779785e+00 1.865084387658085679e-15 2.545260387424655299e-17
1.965808033943176270e+00 1.659476880590997697e-15 2.516791808590785278e-17
1.966095685958862305e+00 1.725861076128803757e-15 2.420157260709890373e-17
1.966383218765258789e+00 1.804002512490973133e-15 2.257978906323763682e-17
1.966670870780944824e+00 1.776036555067069932e-15 2.270960513421048388e-17
1.966958403587341309e+00 1.805184546968866509e-15 2.324397869917076571e-17
1.967245936393737793e+00 1.649108773800131433e-15 2.592948673227317430e-17
1.967533588409423828e+00 1.746116810271206281e-15 3.970678367619101393e-17
1.967821121215820312e+00 1.499895238053577072e-15 5.055761322020852291e-17
1.968108654022216797e+00 1.588216739892322257e-15 4.240451743874695627e-17
1.968396306037902832e+00 1.752973541979229843e-15 2.564215065725185418e-17
1.968683838844299316e+00 1.663261635557566724e-15 2.150298023106713135e-17
1.968971371650695801e+00 1.758035199113784728e-15 2.057127542195067799e-17
1.969259023666381836e+00 1.680127226207702319e-15 2.198445559585464706e-17
1.969546556472778320e+00 1.952699146381465557e-15 3.044037889084942692e-17
1.969834208488464355e+00 1.961972463088005637e-15 4.793636719453413394e-17
1.970121741294860840e+00 1.871796912006839196e-15 6.377293854520886150e-17
1.970409274101257324e+00 2.006976805883284309e-15 5.682526329191877018e-17
1.970696926116943359e+00 1.819374678175980989e-15 3.639634730774969336e-17
1.970984458923339844e+00 1.583080120341935366e-15 2.336778447581280247e-17
1.971271991729736328e+00 1.648622576888407465e-15 2.356741624484635017e-17
1.971559643745422363e+00 1.712657526547003723e-15 2.475265191171030651e-17
1.971847176551818848e+00 1.744762933984138689e-15 2.359151532481247007e-17
1.972134828567504883e+00 1.548682324112175043e-15 2.158221586194358587e-17
1.972422361373901367e+00 1.831417369103569004e-15 1.995084860350527958e-17
1.972709894180297852e+00 2.032318549357475281e-15 1.846158435685868302e-17
1.972997546195983887e+00 1.762985153778420452e-15 1.966425533667403208e-17
1.973285079002380371e+00 1.644950689062060073e-15 2.697718707868793873e-17
1.973572611808776855e+00 1.712004146507315437e-15 3.562590797649535317e-17
1.973860263824462891e+00 1.726254099416329752e-15 3.892663324454530120e-17
1.974147796630859375e+00 1.582154419209704822e-15 3.012229485809828566e-17
1.974435448646545410e+00 1.661847937568599297e-15 2.185098669529676583e-17
1.974722981452941895e+00 1.793532126471725913e-15 2.767822430218785479e-17
1.975010514259338379e+00 1.841437345353113750e-15 4.128752582677984982e-17
1.975298166275024414e+00 1.723919782492815307e-15 4.409767343458174862e-17
1.975585699081420898e+00 1.607323579720892730e-15 3.290596937757603736e-17
1.975873231887817383e+00 1.445838442392754879e-15 2.366769369614492860e-17
1.976160883903503418e+00 1.445074418674331500e-15 2.123293223084816951e-17
1.976448416709899902e+00 1.579582191907130326e-15 1.950438944840835864e-17
1.976736068725585938e+00 1.622789977821282627e-15 3.289581821709878660e-17
1.977023601531982422e+00 1.739639125807079020e-15 5.830412987826557518e-17
1.977311134338378906e+00 1.670765712195529384e-15 6.624730045515098424e-17
1.977598786354064941e+00 1.550671475109683360e-15 4.528168321977790137e-17
1.977886319160461426e+00 1.462090569430841546e-15 2.310619522453780789e-17
1.978173851966857910e+00 1.391234992843598441e-15 1.824683834367256640e-17
1.978461503982543945e+00 1.388865947569246570e-15 1.656630181526288305e-17
1.978749036788940430e+00 1.541939624214675592e-15 1.566639382889296807e-17
1.979036688804626465e+00 1.720951037891807391e-15 1.582935833573326516e-17
1.979324221611022949e+00 1.839180214306917853e-15 1.781494583916270428e-17
1.979611754417419434e+00 1.694191043626557501e-15 2.244338367150519234e-17
1.979899406433105469e+00 1.633248611258386693e-15 2.514742882213491428e-17
1.980186939239501953e+00 1.690319679541131721e-15 2.402023476449257879e-17
1.980474472045898438e+00 1.466636383500518562e-15 2.221119076483910726e-17
1.980762124061584473e+00 1.576468287034786704e-15 1.986931671924837786e-17
1.981049656867980957e+00 1.629638239199833645e-15 1.761132209649297567e-17
1.981337308883666992e+00 1.637857105766160528e-15 1.656775930750220148e-17
1.981624841690063477e+00 1.664163619767274147e-15 1.598044618333852588e-17
1.981912374496459961e+00 1.637438459731980090e-15 1.569688701499412288e-17
1.982200026512145996e+00 1.704347286301491782e-15 1.611736277268952812e-17
1.982487559318542480e+00 1.678604049210302273e-15 1.672678147154307084e-17
1.982775092124938965e+00 1.550799271205600353e-15 1.698516126204135967e-17
1.983062744140625000e+00 1.636991649852303447e-15 1.654181892349253853e-17
1.983350276947021484e+00 1.760494029880545555e-15 1.769285232638865229e-17
1.983637809753417969e+00 1.813620995123519340e-15 2.855249796137475143e-17
1.983925461769104004e+00 1.747552001721210287e-15 3.804202313642394192e-17
1.984212994575500488e+00 1.679063882221542951e-15 3.510058873052007678e-17
1.984500646591186523e+00 1.741370355272148403e-15 2.254582999036988482e-17
1.984788179397583008e+00 1.745891075990763010e-15 1.617089293885028476e-17
1.985075712203979492e+00 1.618472756768245865e-15 1.636578330861267850e-17
1.985363364219665527e+00 1.647753309326287739e-15 1.621673197967552334e-17
1.985650897026062012e+00 1.654420940928836778e-15 1.523243668157417359e-17
1.985938429832458496e+00 1.623996999771120005e-15 1.481421912695103811e-17
1.986226081848144531e+00 1.604935158567872416e-15 1.500008826495292854e-17
1.986513614654541016e+00 1.629536595246163129e-15 1.676951031326511004e-17
1.986801266670227051e+00 1.498213030620330032e-15 2.059760127212579065e-17
1.987088799476623535e+00 1.484718313462911332e-15 2.138576377518469201e-17
1.987376332283020020e+00 1.659732684541068495e-15 1.796300786008724602e-17
1.987663984298706055e+00 1.643008336634887556e-15 1.558659736956120260e-17
1.987951517105102539e+00 1.649014541384749392e-15 1.521232792088300948e-17
1.988239049911499023e+00 1.589599203541359682e-15 1.492687616329708516e-17
1.988526701927185059e+00 1.612093010488644881e-15 1.520717293130557902e-17
1.988814234733581543e+00 1.769826638893393436e-15 1.823083405318089042e-17
1.989101886749267578e+00 1.733435138864033304e-15 2.240353341831483768e-17
1.989389419555664062e+00 1.676967052160614931e-15 2.418675945668930411e-17
1.989676952362060547e+00 1.628237670221548659e-15 2.388185241109613258e-17
1.989964604377746582e+00 1.561735948862311065e-15 2.391574696387610544e-17
1.990252137184143066e+00 1.494335207908681438e-15 2.422137861968587342e-17
1.990539669990539551e+00 1.510458585938785452e-15 2.289248980456228298e-17
1.990827322006225586e+00 1.517707493901387754e-15 1.929448244180567723e-17
1.991114854812622070e+00 1.599316471391379422e-15 1.690088313815078189e-17
1.991402506828308105e+00 1.677654207639074982e-15 1.720474462744968640e-17
1.991690039634704590e+00 1.647842671302223068e-15 1.705265754566446162e-17
1.991977572441101074e+00 1.565605724760960743e-15 1.815419246070540220e-17
1.992265224456787109e+00 1.559021631782834660e-15 2.236871407761003054e-17
1.992552757263183594e+00 1.589945957654141911e-15 2.465320825846918152e-17
1.992840290069580078e+00 1.713565016470868299e-15 2.205810279451269333e-17
1.993127942085266113e+00 1.711131173176051474e-15 1.762909820785674023e-17
1.993415474891662598e+00 1.649924360649218918e-15 1.553462230295204566e-17
1.993703126907348633e+00 1.788398471536654412e-15 1.634316322758180341e-17
1.993990659713745117e+00 1.795713024552668922e-15 1.783521341853147856e-17
1.994278192520141602e+00 1.665889555276423191e-15 1.796690718949482099e-17
1.994565844535827637e+00 1.676523312775372084e-15 1.698029413131709766e-17
1.994853377342224121e+00 1.697699348214966406e-15 1.692319054491011194e-17
1.995140910148620605e+00 1.712074450241937544e-15 1.789433532563309366e-17
1.995428562164306641e+00 1.592094244966615630e-15 1.906626331080229689e-17
1.995716094970703125e+00 1.561324184970827068e-15 2.006061381642984125e-17
1.996003746986389160e+00 1.721619241008072627e-15 1.997056197186364334e-17
1.996291279792785645e+00 1.788625688124755378e-15 1.947700977013285342e-17
1.996578812599182129e+00 1.741322921427102162e-15 2.051709674618967978e-17
1.996866464614868164e+00 1.795111631160118369e-15 2.189089485112999920e-17
1.997153997421264648e+00 1.808937114683439873e-15 2.146445181249563642e-17
1.997441530227661133e+00 1.591361984983714287e-15 2.088617646370471520e-17
1.997729182243347168e+00 1.519056923265482261e-15 2.298696375668318937e-17
1.998016715049743652e+00 1.453444057105269648e-15 2.682644664693995028e-17
1.998304367065429688e+00 1.621307140767995567e-15 2.839834458241936920e-17
1.998591899871826172e+00 1.626876064758837372e-15 2.732269049438398775e-17
1.998879432678222656e+00 1.677910011589145781e-15 2.799484918833845251e-17
1.999167084693908691e+00 1.782103957947370892e-15 3.017161798366359759e-17
1.999454617500305176e+00 1.665441368968207259e-15 3.212976294309097746e-17
1.999742150306701660e+00 1.701355142415315966e-15 3.494687210292812254e-17
2.000029802322387695e+00 1.647921233608080904e-15 4.499063144944499305e-17
2.000317335128784180e+00 1.694154303572470346e-15 8.625798399544589963e-17
2.000604867935180664e+00 1.570274252728871226e-15 1.636988976404563675e-16
2.000892400741577148e+00 1.467247094255488913e-15 2.058987937567148562e-16
2.001180171966552734e+00 1.380133673157765174e-15 1.685592388662505471e-16
2.001467704772949219e+00 1.581687809934886110e-15 7.553953643666137720e-17
2.001755237579345703e+00 1.645680302067001246e-15 5.461510286962608447e-17
2.002042770385742188e+00 1.632727156600233265e-15 5.812886023263293925e-17
2.002330303192138672e+00 1.564846253844628856e-15 6.763401912125938196e-17
2.002618074417114258e+00 1.505434515891264976e-15 7.965087554395614087e-17
2.002905607223510742e+00 1.408307683049337712e-15 1.141182608242893252e-16
2.003193140029907227e+00 1.804139520070191516e-15 1.546513681539187618e-16
2.003480672836303711e+00 1.626315858343347059e-15 1.493582460316368382e-16
2.003768205642700195e+00 1.661012233687014523e-15 1.043852566902963761e-16
2.004055738449096680e+00 1.664260393281497951e-15 6.616222658351113045e-17
2.004343509674072266e+00 1.659962230469774411e-15 6.434918564713780270e-17
2.004631042480468750e+00 1.637809142525522253e-15 6.476065175360128036e-17
2.004918575286865234e+00 1.534605271803519012e-15 6.737063819677759752e-17
2.005206108093261719e+00 1.710310186491925243e-15 7.058054234229167332e-17
2.005493640899658203e+00 1.493872516161243776e-15 7.281557773996505368e-17
2.005781412124633789e+00 1.542567910903301469e-15 7.080290834328062844e-17
2.006068944931030273e+00 1.377168422567664682e-15 6.361732271093048551e-17
2.006356477737426758e+00 1.475528323622557394e-15 5.466872733437667215e-17
2.006644010543823242e+00 1.462562049145106971e-15 5.696002093987100902e-17
2.006931543350219727e+00 1.601761749630984180e-15 6.495236574981147048e-17
2.007219314575195312e+00 1.513371108727919363e-15 5.998052719489004318e-17
2.007506847381591797e+00 1.742493203322852385e-15 4.565962535037582993e-17
2.007794380187988281e+00 1.649124867426129265e-15 3.845927950717529077e-17
2.008081912994384766e+00 1.723775892770900483e-15 3.521907408146217246e-17
2.008369445800781250e+00 1.720288975764409749e-15 3.126153431982061834e-17
2.008656978607177734e+00 1.433252909225095264e-15 2.758823366898698580e-17
2.008944749832153320e+00 1.504315691247060452e-15 2.469588912371569264e-17
2.009232282638549805e+00 1.610699429532174744e-15 2.650454765720371446e-17
2.009519815444946289e+00 1.694032224948947320e-15 3.393283469872181613e-17
2.009807348251342773e+00 1.805478467401563751e-15 4.264729163980881968e-17
2.010094881057739258e+00 1.557997145433130583e-15 4.709868138820168281e-17
2.010382652282714844e+00 1.660694596331794160e-15 4.371253814137705893e-17
2.010670185089111328e+00 1.562086408744237532e-15 4.272465618813967925e-17
2.010957717895507812e+00 1.636708634968802104e-15 4.359603802390509051e-17
2.011245250701904297e+00 1.766137916287219365e-15 4.599710511413011458e-17
2.011532783508300781e+00 1.457227435643299387e-15 5.037125604564522620e-17
2.011820554733276367e+00 1.774678761252621289e-15 5.087980668624282761e-17
2.012108087539672852e+00 1.531267009079271407e-15 5.040185511086478780e-17
2.012395620346069336e+00 1.633843757782951246e-15 5.018954762612447750e-17
2.012683153152465820e+00 1.533573162157289647e-15 5.292122888101959610e-17
2.012970685958862305e+00 1.672055319857724057e-15 5.061213104002066786e-17
2.013258218765258789e+00 1.694139374616774989e-15 4.548488840905767815e-17
2.013545989990234375e+00 1.416367519179817600e-15 4.580778332425142782e-17
2.013833522796630859e+00 1.527065090386179637e-15 4.306236425374302854e-17
2.014121055603027344e+00 1.426860669209522280e-15 4.245472068448402463e-17
2.014408588409423828e+00 1.539597472236399044e-15 4.111692478852446318e-17
2.014696121215820312e+00 1.625630502809899923e-15 3.872266374037952542e-17
2.014983892440795898e+00 1.488066317066052361e-15 4.160821382409930801e-17
2.015271425247192383e+00 1.788835328779200817e-15 3.986181717531815259e-17
2.015558958053588867e+00 1.570846741122096726e-15 3.939226313751875111e-17
2.015846490859985352e+00 1.602922925922551419e-15 4.077284412348200536e-17
2.016134023666381836e+00 1.757022782983579026e-15 3.889050199538898495e-17
2.016421556472778320e+00 1.493604747870793011e-15 4.277767184795942790e-17
2.016709327697753906e+00 1.538546410227974864e-15 4.395038565471055651e-17
2.016996860504150391e+00 1.553971833109541335e-15 4.253188340074542126e-17
2.017284393310546875e+00 1.482336245056995426e-15 4.280638825010481881e-17
2.017571926116943359e+00 1.833629607403560423e-15 3.933442005164414299e-17
2.017859458923339844e+00 1.727368900654034818e-15 3.975483625233544442e-17
2.018147230148315430e+00 1.599993780111827642e-15 3.902617615945993255e-17
2.018434762954711914e+00 1.901440735820134759e-15 3.389545275247931970e-17
2.018722295761108398e+00 1.654200818241669067e-15 3.703287271527659879e-17
2.019009828567504883e+00 1.670739348295046094e-15 5.215326116543556436e-17
2.019297361373901367e+00 1.729132105612863051e-15 5.944612219706648434e-17
2.019585132598876953e+00 1.396001670754272016e-15 5.641212297189548519e-17
2.019872665405273438e+00 1.500406422437245042e-15 3.635914403251950839e-17
2.020160198211669922e+00 1.639114526176359537e-15 2.771298904897223343e-17
2.020447731018066406e+00 1.408317106290875916e-15 2.984917305472307677e-17
2.020735263824462891e+00 1.560216371754936850e-15 2.951480018134954128e-17
2.021022796630859375e+00 1.735854582598746806e-15 2.815719827280301014e-17
2.021310567855834961e+00 1.652039931314104940e-15 2.893628660454220479e-17
2.021598100662231445e+00 1.824578213329200969e-15 2.699968142826570576e-17
2.021885633468627930e+00 1.724583221048752238e-15 2.539336781622040558e-17
2.022173166275024414e+00 1.607689286195869774e-15 2.521017543468073675e-17
2.022460699081420898e+00 1.777070252900075399e-15 2.303073650033827049e-17
2.022748470306396484e+00 1.698872065330439985e-15 2.241897853471242781e-17
2.023036003112792969e+00 1.588659526365499442e-15 2.379135554336038114e-17
2.023323535919189453e+00 1.720585966691540788e-15 2.255918895726261622e-17
2.023611068725585938e+00 1.662089553716803586e-15 2.177698215461409666e-17
2.023898601531982422e+00 1.638157061308606957e-15 2.253465312593306831e-17
2.024186372756958008e+00 1.839846829236406987e-15 2.170168059473094434e-17
2.024473905563354492e+00 1.730240659982582117e-15 2.090794620306588578e-17
2.024761438369750977e+00 1.642866564495340867e-15 2.149240720847747855e-17
2.025048971176147461e+00 1.709964385291208675e-15 2.068924792091299080e-17
2.025336503982543945e+00 1.700755760726015142e-15 1.968911045972002546e-17
2.025624036788940430e+00 1.539332350923908448e-15 1.960084036219326677e-17
2.025911808013916016e+00 1.515913795756458366e-15 1.900687008845976440e-17
2.026199340820312500e+00 1.548214020771461821e-15 1.831971460999971325e-17
2.026486873626708984e+00 1.573856884458401696e-15 1.900666494766785125e-17
2.026774406433105469e+00 1.572281509055627104e-15 1.987330703852333366e-17
2.027061939239501953e+00 1.483134679488901011e-15 2.989647785959375931e-17
2.027349710464477539e+00 1.582920560510496337e-15 6.388183521849024249e-17
2.027637243270874023e+00 1.589487818708795741e-15 8.155972384759781050e-17
2.027924776077270508e+00 1.632425612871010734e-15 6.646662904893064464e-17
2.028212308883666992e+00 1.612476928171987893e-15 3.299653241976079304e-17
2.028499841690063477e+00 1.766544068585427802e-15 2.244666426981457765e-17
2.028787374496459961e+00 1.662964009355725244e-15 2.099935958692034598e-17
2.029075145721435547e+00 1.568426344475317563e-15 2.096793168672700624e-17
2.029362678527832031e+00 1.474124048875128171e-15 2.050302971269260299e-17
2.029650211334228516e+00 1.581177260825928580e-15 1.987977724527472344e-17
2.029937744140625000e+00 1.698171357324823865e-15 1.976736009130631677e-17
2.030225276947021484e+00 1.635748946639562981e-15 1.921571168643347751e-17
2.030513048171997070e+00 1.619817421572012067e-15 1.845058616343417797e-17
2.030800580978393555e+00 1.601584931503244845e-15 1.803101534132890574e-17
2.031088113784790039e+00 1.572328731142436532e-15 1.734819428927863246e-17
2.031375646591186523e+00 1.616122346218733588e-15 1.743326485219603603e-17
2.031663179397583008e+00 1.790410598302857002e-15 2.042656182814575090e-17
2.031950950622558594e+00 1.819343761473406207e-15 2.197450626744685924e-17
2.032238483428955078e+00 1.851038463810241244e-15 2.027247462363937291e-17
2.032526016235351562e+00 1.796583562664209530e-15 1.780342652195229081e-17
2.032813549041748047e+00 1.720493534221171662e-15 1.693775719549717076e-17
2.033101081848144531e+00 1.658944943900121996e-15 1.775609690166323168e-17
2.033388614654541016e+00 1.674569207766056413e-15 2.197463365326119241e-17
2.033676385879516602e+00 1.680952236298328007e-15 4.198579530395016345e-17
2.033963918685913086e+00 1.612970748380237150e-15 5.472781449989256003e-17
2.034251451492309570e+00 1.625876460001958890e-15 4.868906515601043679e-17
2.034538984298706055e+00 1.657637866183390204e-15 2.857034190154874535e-17
2.034826517105102539e+00 1.677233655780763222e-15 2.072166512911894395e-17
2.035114288330078125e+00 1.647293052798573434e-15 1.837495207694477933e-17
2.035401821136474609e+00 1.667582032984155690e-15 1.657327163910425486e-17
2.035689353942871094e+00 1.532637084871455238e-15 1.579595512823714880e-17
2.035976886749267578e+00 1.520041916704020606e-15 1.557799799991310132e-17
2.036264419555664062e+00 1.568861825289324680e-15 1.566680411047679437e-17
2.036552190780639648e+00 1.684700039452573066e-15 1.587410218942748353e-17
2.036839723587036133e+00 1.843462812888235595e-15 1.649921912194605761e-17
2.037127256393432617e+00 1.754387663484670897e-15 1.647997062909194865e-17
2.037414789199829102e+00 1.693273071669970653e-15 1.610415269830705627e-17
2.037702322006225586e+00 1.709719804527688996e-15 1.588289181061647201e-17
2.037989854812622070e+00 1.789508719972267986e-15 1.607665225166211831e-17
2.038277626037597656e+00 1.746437518120860441e-15 1.609373849439501365e-17
2.038565158843994141e+00 1.664785024313203583e-15 1.592313580177840191e-17
2.038852691650390625e+00 1.646716858636203696e-15 1.583618257578682764e-17
2.039140224456787109e+00 1.673727151137367232e-15 1.593570563836675772e-17
2.039427757263183594e+00 1.624214687238564360e-15 1.600982432997395921e-17
2.039715528488159180e+00 1.568724394193632670e-15 1.645399054041288316e-17
2.040003061294555664e+00 1.615108024264396563e-15 1.739848025307695611e-17
2.040290594100952148e+00 1.647215019888307631e-15 1.817781012155501624e-17
2.040578126907348633e+00 1.637547938740412708e-15 2.095395398873608518e-17
2.040865659713745117e+00 1.641697976665485153e-15 4.634384599202254294e-17
2.041153430938720703e+00 1.601681387380113428e-15 7.936201745660772318e-17
2.041440963745117188e+00 1.547061420688485532e-15 8.329038421240575712e-17
2.041728496551513672e+00 1.650162271028278969e-15 5.427782824666371297e-17
2.042016029357910156e+00 1.769296184510175431e-15 2.331363392419263106e-17
2.042303562164306641e+00 1.713181628183117321e-15 1.715079756226020304e-17
2.042591094970703125e+00 1.698593815007266947e-15 1.668049079010337830e-17
2.042878866195678711e+00 1.818196031829876630e-15 1.685409614834355754e-17
2.043166399002075195e+00 1.880338180488714747e-15 1.693004787218817654e-17
2.043453931808471680e+00 1.797782961317521619e-15 1.661948787428881762e-17
2.043741464614868164e+00 1.631149981252445758e-15 1.616282461915544253e-17
2.044028997421264648e+00 1.585167950677798809e-15 1.623256421659978829e-17
2.044316768646240234e+00 1.561640551776626550e-15 1.639189409182852737e-17
2.044604301452636719e+00 1.563200468828113750e-15 1.620577845400409615e-17
2.044891834259033203e+00 1.589304647833951999e-15 1.580087685288183931e-17
2.045179367065429688e+00 1.580865976217812625e-15 1.563317425549283848e-17
2.045466899871826172e+00 1.613046663708134817e-15 1.595089432877445641e-17
2.045754432678222656e+00 1.663596425329968986e-15 1.644798686352697329e-17
2.046042203903198242e+00 1.602393106814043854e-15 1.627568514193217762e-17
2.046329736709594727e+00 1.639403470290491660e-15 1.595081491943565132e-17
2.046617269515991211e+00 1.745719340060707201e-15 1.614973862186485363e-17
2.046904802322387695e+00 1.753518184164314358e-15 1.635882010221620711e-17
2.047192335128784180e+00 1.720801324818380194e-15 1.656256130453291826e-17
2.047480106353759766e+00 1.739957821953483450e-15 1.690442843425618417e-17
2.047767639160156250e+00 1.812022432193813662e-15 1.733681393841112790e-17
2.048055171966552734e+00 1.793035129889924452e-15 1.784505355909840938e-17
2.048342704772949219e+00 1.712003405353486590e-15 1.863161629485263318e-17
2.048630237579345703e+00 1.625049967603675507e-15 1.972973164524127954e-17
2.048918008804321289e+00 1.575655347163659389e-15 1.963338164749110288e-17
2.049205541610717773e+00 1.549130722178627788e-15 1.948727177281218628e-17
2.049493074417114258e+00 1.519835028906653743e-15 2.669346247422102513e-17
2.049780607223510742e+00 1.465994967801210244e-15 4.295459916353962010e-17
2.050068140029907227e+00 1.546839286298068092e-15 4.888325076789093535e-17
2.050355672836303711e+00 1.612705415309509741e-15 3.782657567407838033e-17
2.050643444061279297e+00 1.692203480815825285e-15 2.334446129126125730e-17
2.050930976867675781e+00 1.714690617378650857e-15 2.094904715334242062e-17
2.051218509674072266e+00 1.836257315364180076e-15 2.166500506073156820e-17
2.051506042480468750e+00 1.737553413053583712e-15 2.279346635907233493e-17
2.051793575286865234e+00 1.673391196694662495e-15 2.344064088980524804e-17
2.052081346511840820e+00 1.647724404326962686e-15 2.358268103587040374e-17
2.052368879318237305e+00 1.616318963741614993e-15 2.503015280924837112e-17
2.052656412124633789e+00 1.649168277864676048e-15 2.513411452299526075e-17
2.052943944931030273e+00 1.778635993303074973e-15 2.411574269237917647e-17
2.053231477737426758e+00 1.725528509817888037e-15 2.411242073503916351e-17
2.053519248962402344e+00 1.717012122928838081e-15 2.541977473009554843e-17
2.053806781768798828e+00 1.620012345028998962e-15 2.685717640669629526e-17
2.054094314575195312e+00 1.611013784634724496e-15 2.837534896139039503e-17
2.054381847381591797e+00 1.412258985869160616e-15 2.752829781616261852e-17
2.054669380187988281e+00 1.417482002780167446e-15 2.572750411593875089e-17
2.054956912994384766e+00 1.533028096455731504e-15 2.605487242388518734e-17
2.055244684219360352e+00 1.773487832928781743e-15 2.821256974300730982e-17
2.055532217025756836e+00 1.659076763402538447e-15 2.922695125434843829e-17
2.055819749832153320e+00 1.752219682656173515e-15 3.962595489545478228e-17
2.056107282638549805e+00 1.513772178828444274e-15 7.723022081682586111e-17
2.056394815444946289e+00 1.517126852816044931e-15 1.008322644964749061e-16
2.056682586669921875e+00 1.544174838283361283e-15 8.592022299028334695e-17
2.056970119476318359e+00 1.811558893413428746e-15 4.585475725687708916e-17
2.057257652282714844e+00 1.724269924737386554e-15 2.776356287162372555e-17
2.057545185089111328e+00 1.682698818235566374e-15 2.856939560692798468e-17
2.057832717895507812e+00 1.646487100949260967e-15 2.809620528315580009e-17
2.058120250701904297e+00 1.653976460389765084e-15 2.661286695841753343e-17
2.058408021926879883e+00 1.818245159740817379e-15 2.510516320155590478e-17
2.058695554733276367e+00 1.757507285829408485e-15 2.266423096888950010e-17
2.058983087539672852e+00 1.778523126162853338e-15 2.047388648535113472e-17
2.059270620346069336e+00 1.655408687224453699e-15 1.937975649115376885e-17
2.059558153152465820e+00 1.702165435308483112e-15 1.864095847269080708e-17
2.059845924377441406e+00 1.713200474666193730e-15 1.766185952319751544e-17
2.060133457183837891e+00 1.705054347054212310e-15 1.702888602922091271e-17
2.060420989990234375e+00 1.732684879431002807e-15 1.691768813947540920e-17
2.060708522796630859e+00 1.644085233148202992e-15 1.765514943406848528e-17
2.060996055603027344e+00 1.577490338164767424e-15 1.841433414590842898e-17
2.061283826828002930e+00 1.596824606339675677e-15 1.881604779294990644e-17
2.061571359634399414e+00 1.591119627681681151e-15 1.938199980497501266e-17
2.061858892440795898e+00 1.739545634545525826e-15 1.979276611664027046e-17
2.062146425247192383e+00 1.714988243580492337e-15 2.043877266834825870e-17
2.062433958053588867e+00 1.644296779626779753e-15 2.165668362376928474e-17
2.062721490859985352e+00 1.737305655916511829e-15 2.217416946934368396e-17
2.063009262084960938e+00 1.644312767373659178e-15 2.259038028380076579e-17
2.063296794891357422e+00 1.742381818490288444e-15 2.226532311848580250e-17
2.063584327697753906e+00 1.626931016021290494e-15 2.268011945409541865e-17
2.063871860504150391e+00 1.613571188860722042e-15 2.269723712969159101e-17
2.064159393310546875e+00 1.566686856439012451e-15 2.250779788016592171e-17
2.064447164535522461e+00 1.561202953380251297e-15 2.299581293487628166e-17
2.064734697341918945e+00 1.736875892574898678e-15 2.361333634937161894e-17
2.065022230148315430e+00 1.563498095029955230e-15 2.480855443186786522e-17
2.065309762954711914e+00 1.661789280537001937e-15 2.449487099997550607e-17
2.065597295761108398e+00 1.745787632092079579e-15 2.412506998096632441e-17
2.065885066986083984e+00 1.640633573888141718e-15 2.425286111379964165e-17
2.066172599792480469e+00 1.695643387493743406e-15 2.370861762977037710e-17
2.066460132598876953e+00 1.528379156124726277e-15 2.411210640640639336e-17
2.066747665405273438e+00 1.825382894629092555e-15 2.355580924649100608e-17
2.067035198211669922e+00 1.902471363158706429e-15 2.351013233306582789e-17
2.067322731018066406e+00 1.609658531919117615e-15 2.388382440967645899e-17
2.067610502243041992e+00 1.665575411932110252e-15 2.250416821163803903e-17
2.067898035049438477e+00 1.632264570731914010e-15 2.237404277511609714e-17
2.068185567855834961e+00 1.722123331490807343e-15 2.235783003511005780e-17
2.068473100662231445e+00 1.769077014735073380e-15 2.186187735524163899e-17
2.068760633468627930e+00 1.618604364512425502e-15 2.163109065561689406e-17
2.069048404693603516e+00 1.681507360516134794e-15 2.092985490876996527e-17
2.069335937500000000e+00 1.566398547599590768e-15 2.092599693839301795e-17
2.069623470306396484e+00 1.527514335485579636e-15 2.113496592218106423e-17
2.069911003112792969e+00 1.749033144708602838e-15 2.070209238146471421e-17
2.070198535919189453e+00 1.739041332304554297e-15 2.128873879805467207e-17
2.070486307144165039e+00 1.928678350788517668e-15 2.119223494471056055e-17
2.070773839950561523e+00 1.858549104953545125e-15 2.085030329489951550e-17
2.071061372756958008e+00 1.737715408104746097e-15 2.095277608354380967e-17
2.071348905563354492e+00 1.784883496563785879e-15 2.020877840775033956e-17
2.071636438369750977e+00 1.610374592396902720e-15 2.024250421568535161e-17
2.071923971176147461e+00 1.536038239792036474e-15 2.057774066561839245e-17
2.072211742401123047e+00 1.605873565194311774e-15 2.184384316352675788e-17
2.072499275207519531e+00 1.594282660464965522e-15 3.890038184062531831e-17
2.072786808013916016e+00 1.771203067432681674e-15 6.304801069125718889e-17
2.073074340820312500e+00 1.815751282985863906e-15 6.715976669758067928e-17
2.073361873626708984e+00 1.589330270580606441e-15 4.858232907848904431e-17
2.073649644851684570e+00 1.649210947149393983e-15 2.482771524357704356e-17
2.073937177658081055e+00 1.706695049873043889e-15 2.224684224924014276e-17
2.074224710464477539e+00 1.602927796361998131e-15 2.225026843133733740e-17
2.074512243270874023e+00 1.732728925144260031e-15 2.003261871577859658e-17
2.074799776077270508e+00 1.729419567419337479e-15 1.900345217816869529e-17
2.075087308883666992e+00 1.639616816714081337e-15 1.906662561591059512e-17
2.075375080108642578e+00 1.661646767243626401e-15 1.839416251949071085e-17
2.075662612915039062e+00 1.681425092441132720e-15 1.838297076580286838e-17
2.075950145721435547e+00 1.748264144671614340e-15 1.858630830398065364e-17
2.076237678527832031e+00 1.819133909060723954e-15 1.810081449577735532e-17
2.076525211334228516e+00 1.651822032088423771e-15 1.778731304361975783e-17
2.076812982559204102e+00 1.575264123821146309e-15 1.760402140040658264e-17
2.077100515365600586e+00 1.680950118715959871e-15 1.748390154057408218e-17
2.077388048171997070e+00 1.732469838941518622e-15 1.790124228374791144e-17
2.077675580978393555e+00 1.677367275228192588e-15 1.804023013335274647e-17
2.077963113784790039e+00 1.694685816746872419e-15 1.749131969630745773e-17
2.078250885009765625e+00 1.755255872255606555e-15 1.723248495647226473e-17
2.078538417816162109e+00 1.760364963235207681e-15 1.692872107448564149e-17
2.078825950622558594e+00 1.674972924844541494e-15 1.642725937173761952e-17
2.079113483428955078e+00 1.674659522654057403e-15 1.636067133242710079e-17
2.079401016235351562e+00 1.724981114775724945e-15 1.646024402584378405e-17
2.079688549041748047e+00 1.702393710687768145e-15 1.630254369642177443e-17
2.079976320266723633e+00 1.701628734057279106e-15 1.703239823810181287e-17
2.080263853073120117e+00 1.739255949277564856e-15 1.875505976638637171e-17
2.080551385879516602e+00 1.710985907025597361e-15 1.973230914002999478e-17
2.080838918685913086e+00 1.720554838230729192e-15 1.921858696624271183e-17
2.081126451492309570e+00 1.703520688024089992e-15 1.814987457790787539e-17
2.081414222717285156e+00 1.643026230205898303e-15 1.847437091476752773e-17
2.081701755523681641e+00 1.623459875003442372e-15 1.905949366466916291e-17
2.081989288330078125e+00 1.690125497237973673e-15 1.845309748377388896e-17
2.082276821136474609e+00 1.731760554727311552e-15 1.900172337068845946e-17
2.082564353942871094e+00 1.726293592327495484e-15 2.013456541755330703e-17
2.082852125167846680e+00 1.679220477437666590e-15 2.028855005166372845e-17
2.083139657974243164e+00 1.739756122232918520e-15 1.976504067686871808e-17
2.083427190780639648e+00 1.736633747031102355e-15 1.850711568649605188e-17
2.083714723587036133e+00 1.665081062328268961e-15 1.695400633145016244e-17
2.084002256393432617e+00 1.705640811491067506e-15 1.679604626731581117e-17
2.084289789199829102e+00 1.715091369841820548e-15 1.693678443109680840e-17
2.084577560424804688e+00 1.701102197201442151e-15 1.729303126858869615e-17
2.084865093231201172e+00 1.697497224977927849e-15 1.771688688626699306e-17
2.085152626037597656e+00 1.724603761597723155e-15 1.800672766418312374e-17
2.085440158843994141e+00 1.698452995779785920e-15 1.910139201705619887e-17
2.085727691650390625e+00 1.690721067279011853e-15 2.672399867371403270e-17
2.086015462875366211e+00 1.776993808176585699e-15 3.504793041272495104e-17
2.086302995681762695e+00 1.807472171201163560e-15 3.365329066507074553e-17
2.086590528488159180e+00 1.783935454937571503e-15 2.377258516090032783e-17
2.086878061294555664e+00 1.679824941324650940e-15 1.876687355989485405e-17
2.087165594100952148e+00 1.622477316784627383e-15 1.897349500510447484e-17
2.087453126907348633e+00 1.642278723629946383e-15 1.976691341377553813e-17
2.087740898132324219e+00 1.736957419496071905e-15 1.951441984051617665e-17
2.088028430938720703e+00 1.764660690827207865e-15 1.808346851833211833e-17
2.088315963745117188e+00 1.699147986313008073e-15 1.801751244500959012e-17
2.088603496551513672e+00 1.672729769841975293e-15 1.835151308710747674e-17
2.088891029357910156e+00 1.709662735682867737e-15 1.764205185624932064e-17
2.089178800582885742e+00 1.690227776466354630e-15 1.706877598708066992e-17
2.089466333389282227e+00 1.678080476969780709e-15 1.693341615164249247e-17
2.089753866195678711e+00 1.701315014229439794e-15 1.697204548624871886e-17
2.090041399002075195e+00 1.622719250570186893e-15 1.716957125344270655e-17
2.090328931808471680e+00 1.651011209799664592e-15 1.924322205924576610e-17
2.090616703033447266e+00 1.757690244946015414e-15 2.990722789883449846e-17
2.090904235839843750e+00 1.846277715130198449e-15 4.127495599019149401e-17
2.091191768646240234e+00 1.906409007572254857e-15 4.053887443286015638e-17
2.091479301452636719e+00 1.841248457005876041e-15 2.924512275804500320e-17
2.091766834259033203e+00 1.729894117628036701e-15 2.035388739388806700e-17
2.092054367065429688e+00 1.696224452095559856e-15 1.879703752811221276e-17
2.092342138290405273e+00 1.692788886461496414e-15 1.790506385817790643e-17
2.092629671096801758e+00 1.847373352247471887e-15 1.742019043543402288e-17
2.092917203903198242e+00 1.925975680412066009e-15 1.728339626881367848e-17
2.093204736709594727e+00 1.857743788378943099e-15 1.723792449618041344e-17
2.093492269515991211e+00 1.809687162358233556e-15 1.744973401819196682e-17
2.093780040740966797e+00 1.740185356178939637e-15 1.774988642962418354e-17
2.094067573547363281e+00 1.666165052742517652e-15 1.761887094676313460e-17
2.094355106353759766e+00 1.675781735430050944e-15 1.705930807778938796e-17
2.094642639160156250e+00 1.677656960496153558e-15 1.683221391241907975e-17
2.094930171966552734e+00 1.703528417199733688e-15 1.693842390307088850e-17
2.095217943191528320e+00 1.727696067129911792e-15 1.694265575908470979e-17
2.095505475997924805e+00 1.772333538779910945e-15 1.689823285146816199e-17
2.095793008804321289e+00 1.731599406709096421e-15 1.689188341308620495e-17
2.096080541610717773e+00 1.690032747130249327e-15 1.682698116786406929e-17
2.096368074417114258e+00 1.698072572107350332e-15 1.687030888834959688e-17
2.096655607223510742e+00 1.696787305489010338e-15 1.695493277373622183e-17
2.096943378448486328e+00 1.700656022596475948e-15 1.694792986267034789e-17
2.097230911254882812e+00 1.696069445066212319e-15 1.694726811818030547e-17
2.097518444061279297e+00 1.768749954138314814e-15 1.699656477396601571e-17
2.097805976867675781e+00 1.748922501029867745e-15 1.703134606436264542e-17
2.098093509674072266e+00 1.806882212753400940e-15 1.721137034415623615e-17
2.098381280899047852e+00 1.808658652602030022e-15 1.768734164914782402e-17
2.098668813705444336e+00 1.762413724176379020e-15 1.813687626176221712e-17
2.098956346511840820e+00 1.772012195655546345e-15 1.795031063768455704e-17
2.099243879318237305e+00 1.791086107078292307e-15 1.754885010791052080e-17
2.099531412124633789e+00 1.720242494831429169e-15 1.720107029116872585e-17
2.099819183349609375e+00 1.703273672040846957e-15 1.720935036910038165e-17
2.100106716156005859e+00 1.707468920349479100e-15 1.757678399719643655e-17
2.100394248962402344e+00 1.750969567905144575e-15 1.843896593018903304e-17
2.100681781768798828e+00 1.746356097078805621e-15 1.883524996368971243e-17
2.100969314575195312e+00 1.765785974097635203e-15 1.944672503354606197e-17
2.101256847381591797e+00 1.854442477467019464e-15 2.108325720772914936e-17
2.101544618606567383e+00 1.773485503588176793e-15 2.152989172511593155e-17
2.101832151412963867e+00 1.727330148896697934e-15 2.042071035249255078e-17
2.102119684219360352e+00 1.690696820960896699e-15 1.974163146553346740e-17
2.102407217025756836e+00 1.707987728029672359e-15 2.019664697688663686e-17
2.102694749832153320e+00 1.746637206138175642e-15 2.046904582440647440e-17
2.102982521057128906e+00 1.752328632269014100e-15 2.101003021682228003e-17
2.103270053863525391e+00 1.694387661149438905e-15 2.287354736853481864e-17
2.103557586669921875e+00 1.718391727841678523e-15 2.272531163968164077e-17
2.103845119476318359e+00 1.772209024936664563e-15 2.010742065857176687e-17
2.104132652282714844e+00 1.763170653993869144e-15 1.892392372535539700e-17
2.104420185089111328e+00 1.778324708694959018e-15 1.901871035174784844e-17
2.104707956314086914e+00 1.784360241960619535e-15 1.890909568569477142e-17
2.104995489120483398e+00 1.772467793502050751e-15 1.938994735630042215e-17
2.105283021926879883e+00 1.688594696944048339e-15 2.066924834806268369e-17
2.105570554733276367e+00 1.678290752898936589e-15 2.091401109131712458e-17
2.105858087539672852e+00 1.799429381608747165e-15 2.265007625424749269e-17
2.106145858764648438e+00 1.827994085447240749e-15 2.759836828585198549e-17
2.106433391571044922e+00 1.816623303405062208e-15 2.999815159176632726e-17
2.106720924377441406e+00 1.863718547030638120e-15 3.052231940232892984e-17
2.107008457183837891e+00 1.894959874982455293e-15 2.931200527365359081e-17
2.107295989990234375e+00 1.830063175179146191e-15 2.466878406940355503e-17
2.107583761215209961e+00 1.687916223553297644e-15 2.100386441253630977e-17
2.107871294021606445e+00 1.724139164026154171e-15 1.989765923575689480e-17
2.108158826828002930e+00 1.753646509655823384e-15 1.888121142724560886e-17
2.108446359634399414e+00 1.696881432025273972e-15 1.849637722778388847e-17
2.108733892440795898e+00 1.605908399424267607e-15 1.934147622676603984e-17
2.109021425247192383e+00 1.684325227373413038e-15 2.085537722077691577e-17
2.109309196472167969e+00 1.786963597724005627e-15 2.242889146717326330e-17
2.109596729278564453e+00 1.791213585536854079e-15 2.525064607333050618e-17
2.109884262084960938e+00 1.755387797637141412e-15 2.563380771359364434e-17
2.110171794891357422e+00 1.783690027141104570e-15 2.591897822977130063e-17
2.110459327697753906e+00 1.810763529475956958e-15 3.046697771062668208e-17
2.110747098922729492e+00 1.783112350671077137e-15 3.152123925366021712e-17
2.111034631729125977e+00 1.842322283024757680e-15 2.689898211485472528e-17
2.111322164535522461e+00 1.862814127601207341e-15 2.891586847830194585e-17
2.111609697341918945e+00 1.733042433213862529e-15 3.526848323381118991e-17
2.111897230148315430e+00 1.656338835279657327e-15 3.246893015529487029e-17
2.112185001373291016e+00 1.692556799433948735e-15 2.234109451695688494e-17
2.112472534179687500e+00 1.713973498109681685e-15 1.874440237137423850e-17
2.112760066986083984e+00 1.726311485898506231e-15 1.864909958427955397e-17
2.113047599792480469e+00 1.749259620142874956e-15 1.858217570964033872e-17
2.113335132598876953e+00 1.844905098239172855e-15 1.862788736465124413e-17
2.113622665405273438e+00 1.857772799257386559e-15 1.857129663022404130e-17
2.113910436630249023e+00 1.799081251067425648e-15 1.844405805403990947e-17
2.114197969436645508e+00 1.837242202923600014e-15 1.837992839550989834e-17
2.114485502243041992e+00 1.895397367499712139e-15 1.838063315339179352e-17
2.114773035049438477e+00 1.858753663410307039e-15 1.841567086977831467e-17
2.115060567855834961e+00 1.850305992069103088e-15 1.906826343352345011e-17
2.115348339080810547e+00 1.802980355481874006e-15 2.310452431970045077e-17
2.115635871887207031e+00 1.746676910807578188e-15 2.716716730433421770e-17
2.115923404693603516e+00 1.780759504901841504e-15 2.547143546807193522e-17
2.116210937500000000e+00 1.811150411774615360e-15 2.016887852372323172e-17
2.116498470306396484e+00 1.861882603117464424e-15 1.853967516976736416e-17
2.116786003112792969e+00 1.805570582234577656e-15 1.847059566245183571e-17
2.117073774337768555e+00 1.786273054113756559e-15 1.982981388191529547e-17
2.117361307144165039e+00 1.644214299793540866e-15 2.997250568405473319e-17
2.117648839950561523e+00 1.730765396893406156e-15 4.048800613391059539e-17
2.117936372756958008e+00 1.712739371105532170e-15 3.829829361636022053e-17
2.118223905563354492e+00 1.726829658303989049e-15 2.632801738831754771e-17
2.118511676788330078e+00 1.791754627831912763e-15 2.103162624825481448e-17
2.118799209594726562e+00 1.823517939837475399e-15 2.005886350225367904e-17
2.119086742401123047e+00 1.821711006802745163e-15 1.986330642491756756e-17
2.119374275207519531e+00 1.768966794572811915e-15 2.051767411825724180e-17
2.119661808013916016e+00 1.751855776126209387e-15 2.018907827428177666e-17
2.119949579238891602e+00 1.877281873856784418e-15 1.929602926955115139e-17
2.120237112045288086e+00 1.823926421476288785e-15 1.922311164419337689e-17
2.120524644851684570e+00 1.769779840323057636e-15 1.975501855656702560e-17
2.120812177658081055e+00 1.803446858877574312e-15 1.978448438434738955e-17
2.121099710464477539e+00 1.777604095415082422e-15 1.877129235872711233e-17
2.121387243270874023e+00 1.805171417958184067e-15 1.852298101064481895e-17
2.121675014495849609e+00 1.854322198788509353e-15 1.878074372440614322e-17
2.121962547302246094e+00 1.871116744550193993e-15 1.918331102183977541e-17
2.122250080108642578e+00 1.868820649988424398e-15 1.869369950854718812e-17
2.122537612915039062e+00 1.858201397928697235e-15 1.819827126118712794e-17
2.122825145721435547e+00 1.895432307608786379e-15 2.057332517550858439e-17
2.123112916946411133e+00 1.886079158046967581e-15 2.792427413847542819e-17
2.123400449752807617e+00 1.830397964951548453e-15 2.986909487259580389e-17
2.123687982559204102e+00 1.723462278822179578e-15 2.401380591677181666e-17
2.123975515365600586e+00 1.807762703502071785e-15 1.855112334944509806e-17
2.124263048171997070e+00 1.882039022646801382e-15 1.867960435090928453e-17
2.124550819396972656e+00 1.843139669818858080e-15 2.435315510871047115e-17
2.124838352203369141e+00 1.819629846851341347e-15 3.788082879609450831e-17
2.125125885009765625e+00 1.911129310429066260e-15 4.055422690502914057e-17
2.125413417816162109e+00 1.901657999771105487e-15 3.009220533613605672e-17
2.125700950622558594e+00 1.827733834574196865e-15 1.890389106528058777e-17
2.125988483428955078e+00 1.782478981784767734e-15 1.761035264081506352e-17
2.126276254653930664e+00 1.793116233294624051e-15 1.979519471891872615e-17
2.126563787460327148e+00 1.808364308652859152e-15 1.802573627465959232e-17
2.126851320266723633e+00 1.813211031177048259e-15 1.733559301982699963e-17
2.127138853073120117e+00 1.800605063339536134e-15 1.746736950885159737e-17
2.127426385879516602e+00 1.779225739992600780e-15 1.860897801584828192e-17
2.127714157104492188e+00 1.708443537634413579e-15 2.211356525458437383e-17
2.128001689910888672e+00 1.698142346446380405e-15 2.368506118028609197e-17
2.128289222717285156e+00 1.784391793937904758e-15 2.112342013519104907e-17
2.128576755523681641e+00 1.809815911366216210e-15 1.783742860821189557e-17
2.128864288330078125e+00 1.731641228960867102e-15 1.725781818991231376e-17
2.129152059555053711e+00 1.733335188976257296e-15 1.763834939582753329e-17
2.129439592361450195e+00 1.770815973375786459e-15 1.765218647311432034e-17
2.129727125167846680e+00 1.810556218162116468e-15 1.719623459330774085e-17
2.130014657974243164e+00 1.755383880109760361e-15 1.696100262507113594e-17
2.130302190780639648e+00 1.797519745829162345e-15 1.699506757705729473e-17
2.130589723587036133e+00 1.827409632713635282e-15 1.700016962707552180e-17
2.130877494812011719e+00 1.845520044158879477e-15 1.699711071317030071e-17
2.131165027618408203e+00 1.806505918366583217e-15 1.758766638533518418e-17
2.131452560424804688e+00 1.832427667651406571e-15 2.074240585579809857e-17
2.131740093231201172e+00 1.866955059922096802e-15 2.404553987379180101e-17
2.132027626037597656e+00 1.850898915132181098e-15 2.447225091894463097e-17
2.132315397262573242e+00 1.831418851411226699e-15 2.535687095323334089e-17
2.132602930068969727e+00 1.804151590289689890e-15 2.826276637129947775e-17
2.132890462875366211e+00 1.814632564220777788e-15 2.638166170540283666e-17
2.133177995681762695e+00 1.833882446738315831e-15 1.956665795056012545e-17
2.133465528488159180e+00 1.823608360604594796e-15 1.714471778475793828e-17
2.133753061294555664e+00 1.856842757081301337e-15 1.694888608345845919e-17
2.134040832519531250e+00 1.815339624973498316e-15 1.693822041664020046e-17
2.134328365325927734e+00 1.749060885037625416e-15 1.682632273209647708e-17
2.134615898132324219e+00 1.802471500438810985e-15 1.691550934574194453e-17
2.134903430938720703e+00 1.838337204766163011e-15 1.699878492673010804e-17
2.135190963745117188e+00 1.868819379439003517e-15 1.763715991010668204e-17
2.135478734970092773e+00 1.909116760146390042e-15 1.872731281991889295e-17
2.135766267776489258e+00 1.894258743460365546e-15 1.932661509988091214e-17
2.136053800582885742e+00 1.928360501675060491e-15 1.895749733205769928e-17
2.136341333389282227e+00 1.834484475405576825e-15 1.804749277913096205e-17
2.136628866195678711e+00 1.854720304273718874e-15 1.723789140895591132e-17
2.136916637420654297e+00 1.862787869579842458e-15 1.765953845439869165e-17
2.137204170227050781e+00 1.816340817917152899e-15 1.868329688516372124e-17
2.137491703033447266e+00 1.813738520944950874e-15 1.885716694119991745e-17
2.137779235839843750e+00 1.820171947937584099e-15 1.850384170563156700e-17
2.138066768646240234e+00 1.827790797539899717e-15 1.861247368111693102e-17
2.138354301452636719e+00 1.798547196794181811e-15 1.807597757070483811e-17
2.138642072677612305e+00 1.751621042120701539e-15 1.707165457561235446e-17
2.138929605484008789e+00 1.721507856175508687e-15 1.689894588115618270e-17
2.139217138290405273e+00 1.778472092427781266e-15 1.704273799575872571e-17
2.139504671096801758e+00 1.868417674063768165e-15 1.714929374790658163e-17
2.139792203903198242e+00 1.885206078836585211e-15 1.712763154202504294e-17
2.140079975128173828e+00 1.857035457076801691e-15 1.705055650690857693e-17
2.140367507934570312e+00 1.777597319151504388e-15 1.693716824290103300e-17
2.140655040740966797e+00 1.717045686609373033e-15 1.680493515017830600e-17
2.140942573547363281e+00 1.745526216548733221e-15 1.690381466624166982e-17
2.141230106353759766e+00 1.754190093049723832e-15 1.701008917698125771e-17
2.141517877578735352e+00 1.805573758608129860e-15 1.725857754171463744e-17
2.141805410385131836e+00 1.820146960465640097e-15 1.760226281442429491e-17
2.142092943191528320e+00 1.813004990412628650e-15 1.787448464529304610e-17
2.142380475997924805e+00 1.745135840239167395e-15 1.778894258942648730e-17
2.142668008804321289e+00 1.736868904553083830e-15 1.755347239317346712e-17
2.142955541610717773e+00 1.766648571275295301e-15 1.744371710641625609e-17
2.143243312835693359e+00 1.761098811404885126e-15 1.750383328461415993e-17
2.143530845642089844e+00 1.793832399651527562e-15 1.750232285281563810e-17
2.143818378448486328e+00 1.861566024553428129e-15 1.766821888774682312e-17
2.144105911254882812e+00 1.913413123013100667e-15 1.772651195987466009e-17
2.144393444061279297e+00 1.883504601403788135e-15 1.754969383213532489e-17
2.144681215286254883e+00 1.901480122852182084e-15 1.740891596368492511e-17
2.144968748092651367e+00 1.939594487896257463e-15 1.742171906520602087e-17
2.145256280899047852e+00 1.936218849843212263e-15 1.748146632085072606e-17
2.145543813705444336e+00 1.912399859849947710e-15 1.748265084348790200e-17
2.145831346511840820e+00 1.864082771197957469e-15 1.748201556877746127e-17
2.146118879318237305e+00 1.852432680041421822e-15 1.749481867029855704e-17
2.146406650543212891e+00 1.895755450678163895e-15 1.762954819410996908e-17
2.146694183349609375e+00 1.904059549934808242e-15 1.762325665837089075e-17
2.146981716156005859e+00 1.863573916154894448e-15 1.759661151647933262e-17
2.147269248962402344e+00 1.865496892703398524e-15 1.761844908465073255e-17
2.147556781768798828e+00 1.850573442722198633e-15 1.770394647276421349e-17
2.147844552993774414e+00 1.844608636707633850e-15 1.767971504390008510e-17
2.148132085800170898e+00 1.820628286937917353e-15 1.768256385392971773e-17
2.148419618606567383e+00 1.825678720885921119e-15 1.769343797026233983e-17
2.148707151412963867e+00 1.834845523199343971e-15 1.774948441984648277e-17
2.148994684219360352e+00 1.799868568191898520e-15 1.781600628470799726e-17
2.149282455444335938e+00 1.764233574463554884e-15 1.793051455126493798e-17
2.149569988250732422e+00 1.806627467594514209e-15 1.819189038994189388e-17
2.149857521057128906e+00 1.775634743812716174e-15 1.855447508528716293e-17
2.150145053863525391e+00 1.765291624493793912e-15 2.293108108886033193e-17
2.150432586669921875e+00 1.693171533595418544e-15 4.327254422994785245e-17
2.150720119476318359e+00 1.725135592409480449e-15 6.041144858936076806e-17
2.151007890701293945e+00 1.733441173973782490e-15 5.682170972400724237e-17
2.151295423507690430e+00 1.792390326058827116e-15 3.539010525363608668e-17
2.151582956314086914e+00 1.943253670228396041e-15 2.620224457617885986e-17
2.151870489120483398e+00 1.869228708110764157e-15 2.301429049539949120e-17
2.152158021926879883e+00 1.790498477971134636e-15 1.956432695559395102e-17
2.152445793151855469e+00 1.765796456130357475e-15 1.996919216076925552e-17
2.152733325958251953e+00 1.798211136472358668e-15 2.129159587989043023e-17
2.153020858764648438e+00 1.775097301407683320e-15 2.261612379882464111e-17
2.153308391571044922e+00 1.724021320567367416e-15 2.563919431374258966e-17
2.153595924377441406e+00 1.760953333496194199e-15 3.648834302675539089e-17
2.153883695602416992e+00 1.855023965585309541e-15 4.059030190590380322e-17
2.154171228408813477e+00 1.906822147892278142e-15 3.325005996878584581e-17
2.154458761215209961e+00 1.792399219904773286e-15 2.446978922944167316e-17
2.154746294021606445e+00 1.802068736272391565e-15 2.335602858494719884e-17
2.155033826828002930e+00 1.858636137588875505e-15 2.183633236356477639e-17
2.155321359634399414e+00 1.841334854366495979e-15 1.968858271848921663e-17
2.155609130859375000e+00 1.843938421888118885e-15 1.821668761034500855e-17
2.155896663665771484e+00 1.833379944442357218e-15 1.799919039444154055e-17
2.156184196472167969e+00 1.784333983939254652e-15 1.801655291549902861e-17
2.156471729278564453e+00 1.793037670988766215e-15 1.844961339903381561e-17
2.156759262084960938e+00 1.818891657637809224e-15 1.912105906330025966e-17
2.157047033309936523e+00 1.840465586804376254e-15 1.898901291339596964e-17
2.157334566116333008e+00 1.875883845977341195e-15 1.843212680088444460e-17
2.157622098922729492e+00 1.909862996172921080e-15 2.020260764038069398e-17
2.157909631729125977e+00 1.903123366769855426e-15 2.592875550461167742e-17
2.158197164535522461e+00 1.867212134421588482e-15 2.822525869360387326e-17
2.158484935760498047e+00 1.887106397253750234e-15 2.439000435063848343e-17
2.158772468566894531e+00 1.887749083502479434e-15 1.973850141409556674e-17
2.159060001373291016e+00 1.863186610339762420e-15 1.899887456065882683e-17
2.159347534179687500e+00 1.844181096827507242e-15 1.877564829183281657e-17
2.159635066986083984e+00 1.792576249790749435e-15 1.877300793131754731e-17
2.159922599792480469e+00 1.832824502587195210e-15 1.890363960237437165e-17
2.160210371017456055e+00 1.863986421200207293e-15 1.847239891618720131e-17
2.160497903823852539e+00 1.832533335011576545e-15 1.803079034820229132e-17
2.160785436630249023e+00 1.794260574806364611e-15 1.823277792762039004e-17
2.161072969436645508e+00 1.849826147904483527e-15 1.877664256292910531e-17
2.161360502243041992e+00 1.945177493809847370e-15 1.869644243945841396e-17
2.161648273468017578e+00 1.968266976677289157e-15 1.818023541511102172e-17
2.161935806274414062e+00 1.932350238614865059e-15 1.818845593603857371e-17
2.162223339080810547e+00 1.853927693193325663e-15 1.848480497101427162e-17
2.162510871887207031e+00 1.826043156811477282e-15 1.847390438490204782e-17
2.162798404693603516e+00 1.894853784105811692e-15 1.837573128108180428e-17
2.163085937500000000e+00 1.918451698499842872e-15 1.905918760784251829e-17
2.163373708724975586e+00 1.834343232661622171e-15 2.143264010049807208e-17
2.163661241531372070e+00 1.869980238093215535e-15 2.316014063536606614e-17
2.163948774337768555e+00 1.921641836337439381e-15 2.225695370504799097e-17
2.164236307144165039e+00 1.927525962463778192e-15 2.027430434715434020e-17
2.164523839950561523e+00 1.981818021525700267e-15 1.877055947670439035e-17
2.164811611175537109e+00 1.954258322279123911e-15 1.839733558432046426e-17
2.165099143981933594e+00 1.980023158710468405e-15 1.835635540241336216e-17
2.165386676788330078e+00 1.952518728363700391e-15 1.857441840985581642e-17
2.165674209594726562e+00 1.924415445723223587e-15 1.932957475211262687e-17
2.165961742401123047e+00 1.982469601620375638e-15 2.007521520860262729e-17
2.166249513626098633e+00 2.057804923707409923e-15 2.047315194896718763e-17
2.166537046432495117e+00 2.105328130729586071e-15 2.043043965085739950e-17
2.166824579238891602e+00 2.096996291143919146e-15 1.996579410281288768e-17
2.167112112045288086e+00 2.026379577847801754e-15 1.995059052315416304e-17
2.167399644851684570e+00 1.953992353933686060e-15 2.031215447762354165e-17
2.167687177658081055e+00 1.945123707217696722e-15 1.987643874432245942e-17
2.167974948883056641e+00 1.947715204519821254e-15 1.928120950169665134e-17
2.168262481689453125e+00 1.958246153394797157e-15 1.969463271748942947e-17
2.168550014495849609e+00 1.985155543096119024e-15 2.002962101323870441e-17
2.168837547302246094e+00 2.018406033198823397e-15 1.957705561085991701e-17
2.169125080108642578e+00 2.029067213389439649e-15 1.906586130102459612e-17
2.169412851333618164e+00 1.977031861857239843e-15 1.879906577497419279e-17
2.169700384140014648e+00 1.959134690956466918e-15 1.862067434970978173e-17
2.169987916946411133e+00 1.969395859837742326e-15 1.865887685911993076e-17
2.170275449752807617e+00 1.972802838109835935e-15 1.906774561845999192e-17
2.170562982559204102e+00 1.878056061970574848e-15 2.012005832397035203e-17
2.170850753784179688e+00 1.878046109333444610e-15 2.678783385594597495e-17
2.171138286590576172e+00 1.881370501893180926e-15 3.302489809732646147e-17
2.171425819396972656e+00 1.873939905363392576e-15 3.069699016919807738e-17
2.171713352203369141e+00 1.872305131775191776e-15 2.184534532351915418e-17
2.172000885009765625e+00 1.891586142753541415e-15 1.858184649175654261e-17
2.172288417816162109e+00 1.869782455900031656e-15 1.862920589054765366e-17
2.172576189041137695e+00 1.877724236813487976e-15 1.888883968685457288e-17
2.172863721847534180e+00 1.860418506668135366e-15 1.881074721958466664e-17
2.173151254653930664e+00 1.849223060446038465e-15 1.846480208944151430e-17
2.173438787460327148e+00 1.886733702756958342e-15 1.838252905135576506e-17
2.173726320266723633e+00 1.872648815393540209e-15 1.846760788607929417e-17
2.174014091491699219e+00 1.895663124086913176e-15 1.860208760134571520e-17
2.174301624298095703e+00 1.897657251402986613e-15 1.881251573173430502e-17
2.174589157104492188e+00 1.830162278033974944e-15 1.888906633434241241e-17
2.174876689910888672e+00 1.902252616900078006e-15 1.870657871068463876e-17
2.175164222717285156e+00 1.935047403277159565e-15 1.853790004017282536e-17
2.175451755523681641e+00 1.922428518187201812e-15 1.852717812507291301e-17
2.175739526748657227e+00 1.896277222973672544e-15 1.923653182245143721e-17
2.176027059555053711e+00 1.863557822528896617e-15 2.092490175126199774e-17
2.176314592361450195e+00 1.812290941638093275e-15 2.151711178465198727e-17
2.176602125167846680e+00 1.807266765711454393e-15 2.021226083812918781e-17
2.176889657974243164e+00 1.831471790970430093e-15 1.874029128372984996e-17
2.177177429199218750e+00 1.831549929759814302e-15 1.842775266980526419e-17
2.177464962005615234e+00 1.828412731481421187e-15 1.843496568474672659e-17
2.177752494812011719e+00 1.794821734133920585e-15 1.858413612769208939e-17
2.178040027618408203e+00 1.798011871971517094e-15 1.878186207259431492e-17
2.178327560424804688e+00 1.790337965227629946e-15 1.922656925915384855e-17
2.178615331649780273e+00 1.849402631430856377e-15 1.975339562820519656e-17
2.178902864456176758e+00 1.836583846565346609e-15 2.096119678217959949e-17
2.179190397262573242e+00 1.854380220545396273e-15 2.213947751445320998e-17
2.179477930068969727e+00 1.838477600477170411e-15 2.263984403007021173e-17
2.179765462875366211e+00 1.834877286934866007e-15 2.668225086819848139e-17
2.180052995681762695e+00 1.840896303058055065e-15 4.394995882951447915e-17
2.180340766906738281e+00 1.851142860620990337e-15 5.164363849876409422e-17
2.180628299713134766e+00 1.837170840397793839e-15 4.145157890330626669e-17
2.180915832519531250e+00 1.841389064475120255e-15 2.353071589542859743e-17
2.181203365325927734e+00 1.855800694797941734e-15 1.918223734140468158e-17
2.181490898132324219e+00 1.916452700744322724e-15 1.893159334399498867e-17
2.181778669357299805e+00 1.913131696316375426e-15 1.887459232798395953e-17
2.182066202163696289e+00 1.926386703149721158e-15 1.890509213153001477e-17
2.182353734970092773e+00 1.863123929901665601e-15 1.891251359598584053e-17
2.182641267776489258e+00 1.810126348941384911e-15 1.905993372475504112e-17
2.182928800582885742e+00 1.851129731610307895e-15 1.949410097594942408e-17
2.183216571807861328e+00 1.825573053525751145e-15 2.030827830927311816e-17
2.183504104614257812e+00 1.781361957085576125e-15 2.037442297977530846e-17
2.183791637420654297e+00 1.840652569327482641e-15 1.982567136140762990e-17
2.184079170227050781e+00 1.856960494660969685e-15 1.963369101304019771e-17
2.184366703033447266e+00 1.874165216127362220e-15 1.983056330755026851e-17
2.184654235839843750e+00 1.844649717805575684e-15 2.050596620386716624e-17
2.184942007064819336e+00 1.851871308955629035e-15 2.109818781778573151e-17
2.185229539871215820e+00 1.846673279516566207e-15 2.036168936142566715e-17
2.185517072677612305e+00 1.838359651139265249e-15 1.930843201565577149e-17
2.185804605484008789e+00 1.841134954590943965e-15 1.894184045742329557e-17
2.186092138290405273e+00 1.841637033370428951e-15 1.893040220391291231e-17
2.186379909515380859e+00 1.802986919987215227e-15 1.888565504149624372e-17
2.186667442321777344e+00 1.765236673231340789e-15 1.916203428212368644e-17
2.186954975128173828e+00 1.863060614188858342e-15 2.388674270287754608e-17
2.187242507934570312e+00 1.875868175867816991e-15 3.519232636917465776e-17
2.187530040740966797e+00 1.893469096995287725e-15 3.777831464841958648e-17
2.187817811965942383e+00 1.864233543062568735e-15 2.912279598033821126e-17
2.188105344772338867e+00 1.896474158133909169e-15 2.101954444822786496e-17
2.188392877578735352e+00 1.871037123453152089e-15 2.007047711805392355e-17
2.188680410385131836e+00 1.911889946015700621e-15 1.956971024702044613e-17
2.188967943191528320e+00 1.922007966328890052e-15 1.970103344106936480e-17
2.189255475997924805e+00 1.909010457511509627e-15 2.018637173931750315e-17
2.189543247222900391e+00 1.878771381294531105e-15 1.998686901045951372e-17
2.189830780029296875e+00 1.873493095483715933e-15 1.930462533047680245e-17
2.190118312835693359e+00 1.856226540612173834e-15 1.918901525934394109e-17
2.190405845642089844e+00 1.808816836004929762e-15 1.965311817690661812e-17
2.190693378448486328e+00 1.835961700865588325e-15 1.972917743423086901e-17
2.190981149673461914e+00 1.906521239437766052e-15 1.923776597592536633e-17
2.191268682479858398e+00 1.917372578525040894e-15 1.894073038104124941e-17
2.191556215286254883e+00 1.912426541387786220e-15 1.889125670860445283e-17
2.191843748092651367e+00 1.886501615729410664e-15 1.886057823404608614e-17
2.192131280899047852e+00 1.869308752724279689e-15 1.889806440504576424e-17
2.192418813705444336e+00 1.835039493744265206e-15 1.894131437055371185e-17
2.192706584930419922e+00 1.853901223413723966e-15 1.898945131912062274e-17
2.192994117736816406e+00 1.819205483344766942e-15 1.889594682267762849e-17
2.193281650543212891e+00 1.748916889436592185e-15 1.885267535047375451e-17
2.193569183349609375e+00 1.766204726010934048e-15 1.894336577847284336e-17
2.193856716156005859e+00 1.815475573761532631e-15 1.896862291129653750e-17
2.194144487380981445e+00 1.865521244900632085e-15 1.917005793406545080e-17
2.194432020187377930e+00 1.855950831387842559e-15 1.971759194257145131e-17
2.194719552993774414e+00 1.868412380107847826e-15 2.049833794425820222e-17
2.195007085800170898e+00 1.869074759872600688e-15 2.336788373748630883e-17
2.195294618606567383e+00 1.940327594912106060e-15 4.125793592190760291e-17
2.195582389831542969e+00 1.896558649670397785e-15 5.575691651741468218e-17
2.195869922637939453e+00 1.811683830773148755e-15 5.097416483307797659e-17
2.196157455444335938e+00 1.855561196232105581e-15 3.040801296784145205e-17
2.196444988250732422e+00 1.907311309419317501e-15 2.057470656713154795e-17
2.196732521057128906e+00 1.941824937404614849e-15 1.993985041008077452e-17
2.197020053863525391e+00 1.947309475738086444e-15 1.974346118904843469e-17
2.197307825088500977e+00 1.886166190682297961e-15 1.955430979837593386e-17
2.197595357894897461e+00 1.821668443397145634e-15 1.969999284785877309e-17
2.197882890701293945e+00 1.903361594786270698e-15 2.078722581010867182e-17
2.198170423507690430e+00 1.904190416525159031e-15 2.219485394774118497e-17
2.198457956314086914e+00 1.892339366801887302e-15 2.236571306634768815e-17
2.198745727539062500e+00 1.886393619028635740e-15 2.167302705831210746e-17
2.199033260345458984e+00 1.882701825928027872e-15 2.143405292498431266e-17
2.199320793151855469e+00 1.879434184575757595e-15 2.202636718313148387e-17
2.199608325958251953e+00 1.919363105951088500e-15 2.310528863458644977e-17
2.199895858764648438e+00 1.978546992041640973e-15 2.375367250337491541e-17
2.200183629989624023e+00 1.904557817066030584e-15 2.381377213796056819e-17
2.200471162796020508e+00 1.863052779134096240e-15 2.340801026900125620e-17
2.200758695602416992e+00 1.875709568948443623e-15 2.200210266704285335e-17
2.201046228408813477e+00 1.911662094152889214e-15 2.088894090131186742e-17
2.201333761215209961e+00 1.950602528078774350e-15 2.076173541235223772e-17
2.201621294021606445e+00 1.953556343724086909e-15 2.087437590508603371e-17
2.201909065246582031e+00 1.907942560723258768e-15 2.084117287529815518e-17
2.202196598052978516e+00 1.860110186675334801e-15 2.097545406721756348e-17
2.202484130859375000e+00 1.853334770130247652e-15 2.144642092950320553e-17
2.202771663665771484e+00 1.848172527833206319e-15 2.213302716003652147e-17
2.203059196472167969e+00 1.863448555278700812e-15 2.223644458894035120e-17
2.203346967697143555e+00 1.841209705248539157e-15 2.129607092700434211e-17
2.203634500503540039e+00 1.766205678922999709e-15 2.052418568403925923e-17
2.203922033309936523e+00 1.776736945435330832e-15 2.058944030820234248e-17
2.204209566116333008e+00 1.845499927126382188e-15 2.081351857305928236e-17
2.204497098922729492e+00 1.870735156207455931e-15 2.125711568323676982e-17
2.204784631729125977e+00 1.860385048866718821e-15 2.460739237870109442e-17
2.205072402954101562e+00 1.840968089100334867e-15 3.534203613387940513e-17
2.205359935760498047e+00 1.833143622250073268e-15 3.921756259214755167e-17
2.205647468566894531e+00 1.818992031042058859e-15 3.270165576627543952e-17
2.205935001373291016e+00 1.830141525726767214e-15 2.386953072869154268e-17
2.206222534179687500e+00 1.753204887852948674e-15 2.186921113855253414e-17
2.206510305404663086e+00 1.712858908630213433e-15 2.132862379283075396e-17
2.206797838211059570e+00 1.735623554362383195e-15 2.108436728411119552e-17
2.207085371017456055e+00 1.779566035479160195e-15 2.079603197490991135e-17
2.207372903823852539e+00 1.827975027205927527e-15 2.040121370545467592e-17
2.207660436630249023e+00 1.891636752972139859e-15 2.041384971649203597e-17
2.207948207855224609e+00 1.904139382790086960e-15 2.029102497605648711e-17
2.208235740661621094e+00 1.821447367797912262e-15 2.001595929824177860e-17
2.208523273468017578e+00 1.737237363885139451e-15 1.990570604875581065e-17
2.208810806274414062e+00 1.741026565774681564e-15 1.995391413485540110e-17
2.209098339080810547e+00 1.775602238923365290e-15 2.004630193747144876e-17
2.209385871887207031e+00 1.848400379696017726e-15 2.016928880530705802e-17
2.209673643112182617e+00 1.913094215108459423e-15 2.026055495101248378e-17
2.209961175918579102e+00 1.936806478950369934e-15 2.028282927054731171e-17
2.210248708724975586e+00 1.886696221549042339e-15 2.046287836575927903e-17
2.210536241531372070e+00 1.874156745797889677e-15 2.061915594452769744e-17
2.210823774337768555e+00 1.830904278895769711e-15 2.065179152841536460e-17
2.211111545562744141e+00 1.836523283709617926e-15 2.075717930153829564e-17
2.211399078369140625e+00 1.807810984380065281e-15 2.067326182839479098e-17
2.211686611175537109e+00 1.825972006043907921e-15 2.067454064962179796e-17
2.211974143981933594e+00 1.891113074852499888e-15 2.258871765076953420e-17
2.212261676788330078e+00 1.923364489593917814e-15 3.692272534490903763e-17
2.212549448013305664e+00 1.885000673346876043e-15 5.202205046794995289e-17
2.212836980819702148e+00 1.820142090026193385e-15 4.978934110215907166e-17
2.213124513626098633e+00 1.825262192434108817e-15 3.187934228444667386e-17
2.213412046432495117e+00 1.821320948130534557e-15 2.177420613647836870e-17
2.213699579238891602e+00 1.825437104737716830e-15 2.103578862109718132e-17
2.213987112045288086e+00 1.829484228159697877e-15 2.091710640116929801e-17
2.214274883270263672e+00 1.890429095747592041e-15 2.117604536576167269e-17
2.214562416076660156e+00 1.941130582146103137e-15 2.154323249403518678e-17
2.214849948883056641e+00 1.866880521022738423e-15 2.154156489792027988e-17
2.215137481689453125e+00 1.832959816100519085e-15 2.142796322131469727e-17
2.215425014495849609e+00 1.856723748952212108e-15 2.121961296862484066e-17
2.215712785720825195e+00 1.891441088361324116e-15 2.168793285295031302e-17
2.216000318527221680e+00 1.882737401311812553e-15 2.233973628639107287e-17
2.216287851333618164e+00 1.806203527604413432e-15 2.249522969793879101e-17
2.216575384140014648e+00 1.817686117995629541e-15 2.231672412174984764e-17
2.216862916946411133e+00 1.846886731819274291e-15 2.194570052979531261e-17
2.217150688171386719e+00 1.793525138449911065e-15 2.149172064856905953e-17
2.217438220977783203e+00 1.788764601528105083e-15 2.128141494091112757e-17
2.217725753784179688e+00 1.804511367534036154e-15 2.136523976982602628e-17
2.218013286590576172e+00 1.902973230179954602e-15 2.166885145057993977e-17
2.218300819396972656e+00 1.902047211410368838e-15 2.178756179464864988e-17
2.218588352203369141e+00 1.921139334041480767e-15 2.178524568893350140e-17
2.218876123428344727e+00 1.906000737691678285e-15 2.179942687335511051e-17
2.219163656234741211e+00 1.827809855781212939e-15 2.176595087396508948e-17
2.219451189041137695e+00 1.718524394377042228e-15 2.169951007280360519e-17
2.219738721847534180e+00 1.764459944018708596e-15 2.166212150911620834e-17
2.220026254653930664e+00 1.773795835284227088e-15 2.170063669279790242e-17
2.220314025878906250e+00 1.757997929664105539e-15 2.187801399463132346e-17
2.220601558685302734e+00 1.775071466902792064e-15 2.198330250608074814e-17
2.220889091491699219e+00 1.829758455076371457e-15 2.208243183068910297e-17
2.221176624298095703e+00 1.756972913918809429e-15 2.244110561609822131e-17
2.221464157104492188e+00 1.763710955135098981e-15 2.298803247403460789e-17
2.221751689910888672e+00 1.794464709746652897e-15 2.304138562354427817e-17
2.222039461135864258e+00 1.832455196222192335e-15 2.255455012838741884e-17
2.222326993942260742e+00 1.892845892504345373e-15 2.224636910192976242e-17
2.222614526748657227e+00 1.886548414299746464e-15 2.215602278106549564e-17
2.222902059555053711e+00 1.846072944915199722e-15 2.227224496585164624e-17
2.223189592361450195e+00 1.849352021212257932e-15 2.229501393939278088e-17
2.223477363586425781e+00 1.833442836638690850e-15 2.228406537680502900e-17
2.223764896392822266e+00 1.858278266168660563e-15 2.237094084781902329e-17
2.224052429199218750e+00 1.816729182523468995e-15 2.239509948478924701e-17
2.224339962005615234e+00 1.854227542856653685e-15 2.390574138718666402e-17
2.224627494812011719e+00 1.880048706978990590e-15 3.163353729362041616e-17
2.224915266036987305e+00 1.946253860927570772e-15 3.526413226378916099e-17
2.225202798843383789e+00 1.838409202566679626e-15 3.059825127383884757e-17
2.225490331649780273e+00 1.893446015347475045e-15 2.381155860264137628e-17
2.225777864456176758e+00 1.898585175996703699e-15 2.283093929518221219e-17
2.226065397262573242e+00 1.936770056533637999e-15 2.292372414449228530e-17
2.226352930068969727e+00 1.908858626855714294e-15 2.339806259495469349e-17
2.226640701293945312e+00 1.846120802276719590e-15 2.379991355397785476e-17
2.226928234100341797e+00 1.842525359173861899e-15 2.378145915451179671e-17
2.227215766906738281e+00 1.846745912591793264e-15 2.388846323855165637e-17
2.227503299713134766e+00 1.837848466755597279e-15 2.384962049134739130e-17
2.227790832519531250e+00 1.806393051226361582e-15 2.328729483912771756e-17
2.228078603744506836e+00 1.824497533440974997e-15 2.285666626659383645e-17
2.228366136550903320e+00 1.788929349436346045e-15 2.276447698732480152e-17
2.228653669357299805e+00 1.819871886516019263e-15 2.303236273742254974e-17
2.228941202163696289e+00 1.749437391182679952e-15 2.327609812235619977e-17
2.229228734970092773e+00 1.709559715300657933e-15 2.312641813615350431e-17
2.229516506195068359e+00 1.761783108147148193e-15 2.580018682200256033e-17
2.229804039001464844e+00 1.818510281053307975e-15 2.353944595961348209e-17
2.230091571807861328e+00 1.782918803642629529e-15 2.282102967144382692e-17
2.230379104614257812e+00 1.787462288371701596e-15 2.312619148866566478e-17
2.230666637420654297e+00 1.839442794520566686e-15 2.420459512505717249e-17
2.230954170227050781e+00 1.861946554104982124e-15 3.289617555912340951e-17
2.231241941452026367e+00 1.854790396250104167e-15 4.540235232753713705e-17
2.231529474258422852e+00 1.761716616060788731e-15 4.639315257397560381e-17
2.231817007064819336e+00 1.792349668477358909e-15 3.429838897246615054e-17
2.232104539871215820e+00 1.820467350677939036e-15 2.567425684554748740e-17
2.232392072677612305e+00 1.847679978174377943e-15 2.499425647938601994e-17
2.232679843902587891e+00 1.871231517514546951e-15 2.455117552991076556e-17
2.232967376708984375e+00 1.808905986222628277e-15 2.387827237340500307e-17
2.233254909515380859e+00 1.733441597490256118e-15 2.379098662080718249e-17
2.233542442321777344e+00 1.768325696510858816e-15 2.461624486561663692e-17
2.233829975128173828e+00 1.772075511368353604e-15 2.547295251731535748e-17
2.234117507934570312e+00 1.792402608036562303e-15 2.516907613876542702e-17
2.234405279159545898e+00 1.828403414119001390e-15 2.495496705465097623e-17
2.234692811965942383e+00 1.813430624468623936e-15 2.530106934911051364e-17
2.234980344772338867e+00 1.735395702499571789e-15 2.452392985489449393e-17
2.235267877578735352e+00 1.813200443265207580e-15 2.353142230767171772e-17
2.235555410385131836e+00 1.777923003319723666e-15 2.316676635207261589e-17
2.235843181610107422e+00 1.710087522705915769e-15 2.327629995442566271e-17
2.236130714416503906e+00 1.725395737403405926e-15 2.354781206432884341e-17
2.236418247222900391e+00 1.721845398804989526e-15 2.371952648768872643e-17
2.236705780029296875e+00 1.754539176503111010e-15 2.352545668109398528e-17
2.236993312835693359e+00 1.857100466855503458e-15 2.329823512990934390e-17
2.237281084060668945e+00 1.916541639203784425e-15 2.362100927673366083e-17
2.237568616867065430e+00 1.899698177289395849e-15 2.398503326634477214e-17
2.237856149673461914e+00 1.901978178225167612e-15 2.406205701626325987e-17
2.238143682479858398e+00 1.895058342562573606e-15 2.364024288033674383e-17
2.238431215286254883e+00 1.863145105725346959e-15 2.314389480813552468e-17
2.238718748092651367e+00 1.802472982746468680e-15 2.280747383556530790e-17
2.239006519317626953e+00 1.786709487839829337e-15 2.287700167477284009e-17
2.239294052124023438e+00 1.833246324994927852e-15 2.290937917830939070e-17
2.239581584930419922e+00 1.871868909807355812e-15 2.297117949623445250e-17
2.239869117736816406e+00 1.923544695853446167e-15 2.311693533761119640e-17
2.240156650543212891e+00 1.935320783160885891e-15 2.355389515055355838e-17
2.240444421768188477e+00 1.891665340334109692e-15 2.363795489876242215e-17
2.240731954574584961e+00 1.917051341279794700e-15 2.334123363251107538e-17
2.241019487380981445e+00 1.894928534763406884e-15 2.328016123352506025e-17
2.241307020187377930e+00 1.852083702467153051e-15 2.380439521853666706e-17
2.241594552993774414e+00 1.838844577501568336e-15 2.396565407895387981e-17
2.241882324218750000e+00 1.809643116644976332e-15 2.352485283924682157e-17
2.242169857025146484e+00 1.813037812939334754e-15 2.326004585538899572e-17
2.242457389831542969e+00 1.821093519784196778e-15 2.339855890332222531e-17
2.242744922637939453e+00 1.818141821721252355e-15 2.367243840413853277e-17
2.243032455444335938e+00 1.788503503622113945e-15 2.397137651443152166e-17
2.243319988250732422e+00 1.842564110931198783e-15 2.375102883413719593e-17
2.243607759475708008e+00 1.815201346844859051e-15 2.365293513965575749e-17
2.243895292282104492e+00 1.794276244915888816e-15 2.427606022125930387e-17
2.244182825088500977e+00 1.819601894764081955e-15 2.441389663545146508e-17
2.244470357894897461e+00 1.821371770107369815e-15 2.358651915391264979e-17
2.244757890701293945e+00 1.827686400729150625e-15 2.286041670349115188e-17
2.245045661926269531e+00 1.757013677379396042e-15 2.269812221294702275e-17
2.245333194732666016e+00 1.813290652274090163e-15 2.292265873586331700e-17
2.245620727539062500e+00 1.950098755233394855e-15 2.446940707199867366e-17
2.245908260345458984e+00 1.974478057521268128e-15 2.929351613260180553e-17
2.246195793151855469e+00 1.918263021910841977e-15 3.141180325861945156e-17
2.246483564376831055e+00 1.881373678266733129e-15 2.816503001884266221e-17
2.246771097183227539e+00 1.885612019376556835e-15 2.482919424251228837e-17
2.247058629989624023e+00 1.808243818216112228e-15 2.516188959360356631e-17
2.247346162796020508e+00 1.817921593154966237e-15 2.509653074468330138e-17
2.247633695602416992e+00 1.805250192022278717e-15 2.387462119818119401e-17
2.247921228408813477e+00 1.842588251370195530e-15 2.313623180694083343e-17
2.248208999633789062e+00 1.877781199779190828e-15 2.303080102042604963e-17
2.248496532440185547e+00 1.877404693634136292e-15 2.299998357952477403e-17
2.248784065246582031e+00 1.894185475110428049e-15 2.311028149676381985e-17
2.249071598052978516e+00 1.926113535024231646e-15 2.325815161178624928e-17
2.249359130859375000e+00 1.922935890922607138e-15 2.343820567008189192e-17
2.249646902084350586e+00 1.864718681183108635e-15 2.360515553311346950e-17
2.249934434890747070e+00 1.807733269107154699e-15 2.362023999876398651e-17
2.250221967697143555e+00 1.809952283670724152e-15 2.371049036667719715e-17
2.250509500503540039e+00 1.735437524751342470e-15 2.383313478173920946e-17
2.250797033309936523e+00 1.781459365874510370e-15 2.385263308313830943e-17
2.251084566116333008e+00 1.865625006436670737e-15 2.394907737947831714e-17
2.251372337341308594e+00 1.941215073682591753e-15 2.671472597904731326e-17
2.251659870147705078e+00 1.884572074675565367e-15 3.322972456060684218e-17
2.251947402954101562e+00 1.827791009298136531e-15 3.625573322106057908e-17
2.252234935760498047e+00 1.836611375136132374e-15 3.212296351845579157e-17
2.252522468566894531e+00 1.887735742733560179e-15 2.592165002314984691e-17
2.252810239791870117e+00 1.840547325483786294e-15 2.409749343370503157e-17
2.253097772598266602e+00 1.798578537013230220e-15 2.404788410364777629e-17
2.253385305404663086e+00 1.890521210580605946e-15 2.426821854905230117e-17
2.253672838211059570e+00 1.896020783748891304e-15 2.464661562898713389e-17
2.253960371017456055e+00 1.835191747916534166e-15 2.519503637510979124e-17
2.254248142242431641e+00 1.859089935490366996e-15 2.539436374167791942e-17
2.254535675048828125e+00 1.810309943332702280e-15 2.480537309523198628e-17
2.254823207855224609e+00 1.747795417814427491e-15 2.413535183598035854e-17
2.255110740661621094e+00 1.743450774069723371e-15 2.395195762237122678e-17
2.255398273468017578e+00 1.820146748707403284e-15 2.441086419132584568e-17
2.255685806274414062e+00 1.854599813836971950e-15 2.497637283454262348e-17
2.255973577499389648e+00 1.835058551985578428e-15 2.500123622939474238e-17
2.256261110305786133e+00 1.831364217786128797e-15 2.480425474704381458e-17
2.256548643112182617e+00 1.847383304884602125e-15 2.527270367154484522e-17
2.256836175918579102e+00 1.880585514109313003e-15 2.603313908047096909e-17
2.257123708724975586e+00 1.889818173234384877e-15 2.577789926757793155e-17
2.257411479949951172e+00 1.858310241662419413e-15 2.491524418727495473e-17
2.257699012756347656e+00 1.782655588154270256e-15 2.431800158703819258e-17
2.257986545562744141e+00 1.735518522276923662e-15 2.425167989988491593e-17
2.258274078369140625e+00 1.761628524634274284e-15 2.448259233096276892e-17
2.258561611175537109e+00 1.835357766374196009e-15 2.445223976556574813e-17
2.258849382400512695e+00 1.852724271133514115e-15 2.407820523618152007e-17
2.259136915206909180e+00 1.890093035425768897e-15 2.390470575705974762e-17
2.259424448013305664e+00 1.867900348691232601e-15 2.404334619080731038e-17
2.259711980819702148e+00 1.823048683584696517e-15 2.423064304254646733e-17
2.259999513626098633e+00 1.832353552268521819e-15 2.458986607588232087e-17
2.260287046432495117e+00 1.826176352742433021e-15 2.474987754793580365e-17
2.260574817657470703e+00 1.790327165557552454e-15 2.481858978705935855e-17
2.260862350463867188e+00 1.792133251559335436e-15 2.569675946693137996e-17
2.261149883270263672e+00 1.808820435894955593e-15 2.629189771968980721e-17
2.261437416076660156e+00 1.766277464965279511e-15 2.652297393252894570e-17
2.261724948883056641e+00 1.754896942044207545e-15 2.735820466680333944e-17
2.262012720108032227e+00 1.781419978842463045e-15 2.799179523751690673e-17
2.262300252914428711e+00 1.783042682211165471e-15 2.755180298044892535e-17
2.262587785720825195e+00 1.788084010554986253e-15 2.615579507606155714e-17
2.262875318527221680e+00 1.790197357758385732e-15 2.465114692438269937e-17
2.263162851333618164e+00 1.803060400095389537e-15 2.442624478763565668e-17
2.263450384140014648e+00 1.734041826212504196e-15 2.532909588262503533e-17
2.263738155364990234e+00 1.756918280293711526e-15 2.600559727479540348e-17
2.264025688171386719e+00 1.763604652500218566e-15 2.622313088664582380e-17
2.264313220977783203e+00 1.821790204383313440e-15 2.647901259169420249e-17
2.264600753784179688e+00 1.776302417533389376e-15 2.702555729218758957e-17
2.264888286590576172e+00 1.714116434919530849e-15 2.732802084625127946e-17
2.265176057815551758e+00 1.805355435865975064e-15 2.646128611116719111e-17
2.265463590621948242e+00 1.848815637598409146e-15 2.500817958345651250e-17
2.265751123428344727e+00 1.773265486780127489e-15 2.430444575115967357e-17
2.266038656234741211e+00 1.783806705929588850e-15 2.428013491295674008e-17
2.266326189041137695e+00 1.853153505079535232e-15 2.424832650968162596e-17
2.266613960266113281e+00 1.779729301079743461e-15 2.411390138833563343e-17
2.266901493072509766e+00 1.722344195331803902e-15 2.435143953612003617e-17
2.267189025878906250e+00 1.791883588598132231e-15 2.483863899074641884e-17
2.267476558685302734e+00 1.798545926244760930e-15 2.514957121992142662e-17
2.267764091491699219e+00 1.829327738822692645e-15 2.549882838123724129e-17
2.268051624298095703e+00 1.844204390233556735e-15 2.657636678670801853e-17
2.268339395523071289e+00 1.862878925621672295e-15 2.817471464945443306e-17
2.268626928329467773e+00 1.781546398509840749e-15 2.987875965087287346e-17
2.268914461135864258e+00 1.762563543128924624e-15 3.107899210224241619e-17
2.269201993942260742e+00 1.787901051438379324e-15 2.974782357735062960e-17
2.269489526748657227e+00 1.798969230960151267e-15 2.714391691167657720e-17
2.269777297973632812e+00 1.832812644125933650e-15 2.562578902473555529e-17
2.270064830780029297e+00 1.838254619053805716e-15 2.611974985368894640e-17
2.270352363586425781e+00 1.730779796453509479e-15 2.677800364154639477e-17
2.270639896392822266e+00 1.716937478150361296e-15 2.603114722955594140e-17
2.270927429199218750e+00 1.777546285416432316e-15 2.473315030158875633e-17
2.271215200424194336e+00 1.844401537152030174e-15 2.485217497429023658e-17
2.271502733230590820e+00 1.876792500571508246e-15 2.567836462446942573e-17
2.271790266036987305e+00 1.853018826840921798e-15 2.586087375482312576e-17
2.272077798843383789e+00 1.788527008786400252e-15 2.605878498818256316e-17
2.272365331649780273e+00 1.679487928090762135e-15 2.670109735127488957e-17
2.272652864456176758e+00 1.729527881757467623e-15 2.652918440456799383e-17
2.272940635681152344e+00 1.813702945561166194e-15 2.519415956366048503e-17
2.273228168487548828e+00 1.803273640639860807e-15 2.460651722161301332e-17
2.273515701293945312e+00 1.756107563884070754e-15 2.493846149270809311e-17
2.273803234100341797e+00 1.790970063564518468e-15 2.665591840057846831e-17
2.274090766906738281e+00 1.783681556811632027e-15 2.934534065233947782e-17
2.274378538131713867e+00 1.764329395065713027e-15 3.060607309371114900e-17
2.274666070938110352e+00 1.769736747521866074e-15 2.971415401769727117e-17
2.274953603744506836e+00 1.788779848121155661e-15 2.656521639205080372e-17
2.275241136550903320e+00 1.878970434037135866e-15 2.732559720705649909e-17
2.275528669357299805e+00 1.880776096522445220e-15 2.964717224041517720e-17
2.275816440582275391e+00 1.869611990519396728e-15 2.999454177557314585e-17
2.276103973388671875e+00 1.870043342047785981e-15 2.793065997280433756e-17
2.276391506195068359e+00 1.794355442496457093e-15 2.659515536714154800e-17
2.276679039001464844e+00 1.806577916167099833e-15 2.630661657150957578e-17
2.276966571807861328e+00 1.845813541075103092e-15 2.634773406539836168e-17
2.277254104614257812e+00 1.819943037283588624e-15 2.627351280339520361e-17
2.277541875839233398e+00 1.866881791572159305e-15 2.555262324519401489e-17
2.277829408645629883e+00 1.874507417438052957e-15 2.493692955421364491e-17
2.278116941452026367e+00 1.817417820309586741e-15 2.512639527351891589e-17
2.278404474258422852e+00 1.821706771638008891e-15 2.502251793219450668e-17
2.278692007064819336e+00 1.782272941020348125e-15 2.472845191570945513e-17
2.278979778289794922e+00 1.743796257633084719e-15 2.456590430789788477e-17
2.279267311096191406e+00 1.785087843262310979e-15 2.435214098527948114e-17
2.279554843902587891e+00 1.787019290140287597e-15 2.422343168196623004e-17
2.279842376708984375e+00 1.834446147164713568e-15 2.436434520803708851e-17
2.280129909515380859e+00 1.870842941149994040e-15 2.493796352997933619e-17
2.280417442321777344e+00 1.767850299269212340e-15 2.615630958240256512e-17
2.280705213546752930e+00 1.685691915033807851e-15 2.781514254590008214e-17
2.280992746353149414e+00 1.619697672289093990e-15 2.732823260448809304e-17
2.281280279159545898e+00 1.785612368414898204e-15 2.579209037816689129e-17
2.281567811965942383e+00 1.856441263464302799e-15 2.537156995271840819e-17
2.281855344772338867e+00 1.915744581200418128e-15 2.548944319000721463e-17
2.282143115997314453e+00 1.902323979425884180e-15 2.528843168371192849e-17
2.282430648803710938e+00 1.839338609468054407e-15 2.615694982019668117e-17
2.282718181610107422e+00 1.812689047123302796e-15 2.894992846720442932e-17
2.283005714416503906e+00 1.818179726445641985e-15 3.041201321328375849e-17
2.283293247222900391e+00 1.754766498970330383e-15 2.820852317545070040e-17
2.283581018447875977e+00 1.800128183790231963e-15 2.655187396877032338e-17
2.283868551254272461e+00 1.786187715544320688e-15 2.781241615860110736e-17
2.284156084060668945e+00 1.763022423228099642e-15 2.807899330896979670e-17
2.284443616867065430e+00 1.795033280612497346e-15 2.628509994941584643e-17
2.284731149673461914e+00 1.712842073850386754e-15 2.529688712393344553e-17
2.285018682479858398e+00 1.687412556587036556e-15 2.621036087234923016e-17
2.285306453704833984e+00 1.800545559274991519e-15 2.759744018920470100e-17
2.285593986511230469e+00 1.809490862472707372e-15 2.729449356166328014e-17
2.285881519317626953e+00 1.735720963151317440e-15 2.584612347014008017e-17
2.286169052124023438e+00 1.764838779504368082e-15 2.536418984729321008e-17
2.286456584930419922e+00 1.855575172275735277e-15 2.562866926762846493e-17
2.286744356155395508e+00 1.834319727497335864e-15 2.599518472524458597e-17
2.287031888961791992e+00 1.782435359587984137e-15 2.582424288857682748e-17
2.287319421768188477e+00 1.759124165846598538e-15 2.578414778992515712e-17
2.287606954574584961e+00 1.760418538069121516e-15 2.601848309437775454e-17
2.287894487380981445e+00 1.737758606785056066e-15 2.603993850510615498e-17
2.288182258605957031e+00 1.822364492721551855e-15 2.609418004659370721e-17
2.288469791412353516e+00 1.911989260628766188e-15 2.617202932276352286e-17
2.288757324218750000e+00 1.810946488592563887e-15 2.594646047844276243e-17
2.289044857025146484e+00 1.779970917227947751e-15 2.636295087994688718e-17
2.289332389831542969e+00 1.771006238151563456e-15 2.821735084694786632e-17
2.289619922637939453e+00 1.819095369061623883e-15 3.041911042293946347e-17
2.289907693862915039e+00 1.775961275013882706e-15 3.168516659873352593e-17
2.290195226669311523e+00 1.806989997695939050e-15 3.049449304652264599e-17
2.290482759475708008e+00 1.795855749604281272e-15 2.778745515643670720e-17
2.290770292282104492e+00 1.840915149541131474e-15 2.688204476463208948e-17
2.291057825088500977e+00 1.864215331854202767e-15 2.725264980319667268e-17
2.291345596313476562e+00 1.803125621632328118e-15 2.733866500637361182e-17
2.291633129119873047e+00 1.800243168512821734e-15 2.714223111758819413e-17
2.291920661926269531e+00 1.754359182001819471e-15 2.744064810409527460e-17
2.292208194732666016e+00 1.748708625210686034e-15 2.867430196093440986e-17
2.292495727539062500e+00 1.721246546511280735e-15 2.930307834048291853e-17
2.292783260345458984e+00 1.710448782257919728e-15 2.801445006013350905e-17
2.293071031570434570e+00 1.699134539664970411e-15 2.671504527076375873e-17
2.293358564376831055e+00 1.660772099846467929e-15 2.686632336990990664e-17
2.293646097183227539e+00 1.465992956097960515e-15 2.829917224441916160e-17
2.293933629989624023e+00 1.291176684850342451e-15 2.976289149938889556e-17
2.294221162796020508e+00 1.285619195804288580e-15 2.921305792877999764e-17
2.294508934020996094e+00 1.361347223541493640e-15 2.861360344758526869e-17
2.294796466827392578e+00 1.395167025663871310e-15 2.981530166300025539e-17
2.295083999633789062e+00 1.375675421119010571e-15 3.058967837397034799e-17
2.295371532440185547e+00 1.407912118662969954e-15 3.070498404263778984e-17
2.295659065246582031e+00 1.374563690375739302e-15 3.130588774426571168e-17
2.295946836471557617e+00 1.434357969583906905e-15 3.096005676504709166e-17
2.296234369277954102e+00 1.416451375441595776e-15 2.942272836172748888e-17
2.296521902084350586e+00 1.484706031485176145e-15 2.857700897728592275e-17
2.296809434890747070e+00 1.498446494076416998e-15 2.818628525186282481e-17
2.297096967697143555e+00 1.476000226853296446e-15 2.741851275090335558e-17
2.297384500503540039e+00 1.493828046931512925e-15 2.698390047653941910e-17
2.297672271728515625e+00 1.581551331751259760e-15 2.763272936849743826e-17
2.297959804534912109e+00 1.624104467076302894e-15 2.901913039725061562e-17
2.298247337341308594e+00 1.474008111240472738e-15 3.187867392251173102e-17
2.298534870147705078e+00 1.523677064476280842e-15 3.531171169262321114e-17
2.298822402954101562e+00 1.533796355338891155e-15 3.348445979332622237e-17
2.299110174179077148e+00 1.594538676173273134e-15 3.155847230739245400e-17
2.299397706985473633e+00 1.573699336330212396e-15 3.002612684008287066e-17
2.299685239791870117e+00 1.654103197694498009e-15 2.936792599178462569e-17
2.299972772598266602e+00 1.578763216926253824e-15 3.004856659574020919e-17
2.300260305404663086e+00 1.604767446044316065e-15 3.127993412536624789e-17
2.300548076629638672e+00 1.649907737627629052e-15 3.254585795226230187e-17
2.300835609436035156e+00 1.529588825052523825e-15 3.169454020943497684e-17
2.301123142242431641e+00 1.562318601650903617e-15 3.023647886985510560e-17
2.301410675048828125e+00 1.461061106762572351e-15 2.898947762665181468e-17
2.301698207855224609e+00 1.494508637904631756e-15 2.874743134452899793e-17
2.301985740661621094e+00 1.700581801334472790e-15 2.947108203161488867e-17
2.302273511886596680e+00 1.631995108375568736e-15 2.990648012756075053e-17
2.302561044692993164e+00 1.659514679436268920e-15 3.023885784129680811e-17
2.302848577499389648e+00 1.645600892728196155e-15 3.010524170258989244e-17
2.303136110305786133e+00 1.535776612490453302e-15 2.995025452557705675e-17
2.303423643112182617e+00 1.573321241998381758e-15 3.110233844785111285e-17
2.303711414337158203e+00 1.637843235601649239e-15 3.271483771651708457e-17
2.303998947143554688e+00 1.514036664866224430e-15 3.234777135661300322e-17
2.304286479949951172e+00 1.631269307018890207e-15 3.244589813831894379e-17
2.304574012756347656e+00 1.708774939275026824e-15 3.265516821584995937e-17
2.304861545562744141e+00 1.594274296014611386e-15 3.148182575183329046e-17
2.305149316787719727e+00 1.560689122018623157e-15 3.034002864765694381e-17
2.305436849594116211e+00 1.565501751466685278e-15 3.057241676894759141e-17
2.305724382400512695e+00 1.541008205610051082e-15 3.046575679204255381e-17
2.306011915206909180e+00 1.454434450378846739e-15 3.005377121615439285e-17
2.306299448013305664e+00 1.511712512338077036e-15 3.031892230714704076e-17
2.306586980819702148e+00 1.660149636509354425e-15 3.064931147869052086e-17
2.306874752044677734e+00 1.504664457063092410e-15 3.022212232314363525e-17
2.307162284851074219e+00 1.543968374002468048e-15 3.066976930960018234e-17
2.307449817657470703e+00 1.657172739216229186e-15 3.279439925655488499e-17
2.307737350463867188e+00 1.565171196859019287e-15 3.293762723397966683e-17
2.308024883270263672e+00 1.480862090091417723e-15 3.085714226195569417e-17
2.308312654495239258e+00 1.622817506392068392e-15 2.965392203421360990e-17
2.308600187301635742e+00 1.733165147112095995e-15 2.972866607436390148e-17
2.308887720108032227e+00 1.652168680322087593e-15 3.009390601947546575e-17
2.309175252914428711e+00 1.463298861930099806e-15 3.043694112822365654e-17
2.309462785720825195e+00 1.547470749360246173e-15 3.048730981008323550e-17
2.309750318527221680e+00 1.627530291831472912e-15 3.022962650566071632e-17
2.310038089752197266e+00 1.503241441711705186e-15 2.877049644872942656e-17
2.310325622558593750e+00 1.521174187996262792e-15 2.860203615389932715e-17
2.310613155364990234e+00 1.605680547561456201e-15 2.850498139826725531e-17
2.310900688171386719e+00 1.697767534367220377e-15 2.924733629336419510e-17
2.311188220977783203e+00 1.603033357843049699e-15 2.809324397656286026e-17
2.311475992202758789e+00 1.440784408554725282e-15 2.811536609486497843e-17
2.311763525009155273e+00 1.478851233874636014e-15 2.850659274610050861e-17
2.312051057815551758e+00 1.554921251164294999e-15 2.919668306137389790e-17
2.312338590621948242e+00 1.564143851773118227e-15 2.916136906666278404e-17
2.312626123428344727e+00 1.479640668581477022e-15 2.863340946017223839e-17
2.312913894653320312e+00 1.597511126543425287e-15 2.952624836102727519e-17
2.313201427459716797e+00 1.641850866112464554e-15 2.841284009547374845e-17
2.313488960266113281e+00 1.649362989563426130e-15 2.814959482861242271e-17
2.313776493072509766e+00 1.572390458668467689e-15 2.802683791698710319e-17
2.314064025878906250e+00 1.466258289168687924e-15 2.798330174698721224e-17
2.314351558685302734e+00 1.539786995858347194e-15 2.810487744469780604e-17
2.314639329910278320e+00 1.600994973055482225e-15 2.823093977005088745e-17
2.314926862716674805e+00 1.499335455154560386e-15 2.828970598948910475e-17
2.315214395523071289e+00 1.381090926267280940e-15 2.834142132138592004e-17
2.315501928329467773e+00 1.551346242731289817e-15 2.886738907696143801e-17
2.315789461135864258e+00 1.622382343215416495e-15 3.046865523290893962e-17
2.316077232360839844e+00 1.645744994208347793e-15 3.290562857916366551e-17
2.316364765167236328e+00 1.542082031628932721e-15 3.555892950793570941e-17
2.316652297973632812e+00 1.456779355214201863e-15 3.982725426060323688e-17
2.316939830780029297e+00 1.538018391064480215e-15 4.503450180041235543e-17
2.317227363586425781e+00 1.549131145695101415e-15 4.489101574263645704e-17
2.317515134811401367e+00 1.573415686172000613e-15 4.084856092803265930e-17
2.317802667617797852e+00 1.442029546987189104e-15 3.859960573501123660e-17
2.318090200424194336e+00 1.484940447853328772e-15 3.757645610917704603e-17
2.318377733230590820e+00 1.577834762936944704e-15 3.622508121628181409e-17
2.318665266036987305e+00 1.590126481551025484e-15 3.471671406056891791e-17
2.318952798843383789e+00 1.674332038540825209e-15 3.297021815011425612e-17
2.319240570068359375e+00 1.602038623525617930e-15 3.199733132702123773e-17
2.319528102874755859e+00 1.493144173705723485e-15 3.198652503949884498e-17
2.319815635681152344e+00 1.590626866264615961e-15 3.189745753986158517e-17
2.320103168487548828e+00 1.712381499685317228e-15 3.125652491403099721e-17
2.320390701293945312e+00 1.671143594769123209e-15 3.105123853833003701e-17
2.320678472518920898e+00 1.467335609198476987e-15 3.163247850243634828e-17
2.320966005325317383e+00 1.447323185270173260e-15 3.158452187924297395e-17
2.321253538131713867e+00 1.577409340639186232e-15 3.074242554588439008e-17
2.321541070938110352e+00 1.559624295724806094e-15 3.109978080539709889e-17
2.321828603744506836e+00 1.571751372309764319e-15 3.327491840055428940e-17
2.322116136550903320e+00 1.491107271225813706e-15 3.386748412160767673e-17
2.322403907775878906e+00 1.404942527029014784e-15 3.280184388206786223e-17
2.322691440582275391e+00 1.408499218374535591e-15 3.253977321167636179e-17
2.322978973388671875e+00 1.331726481376010757e-15 3.242611859551157579e-17
2.323266506195068359e+00 1.267000564590691804e-15 3.174164979968109688e-17
2.323554039001464844e+00 1.274670659686316307e-15 3.083659178681742675e-17
2.323841810226440430e+00 1.249234472038506481e-15 3.009436593189604523e-17
2.324129343032836914e+00 1.367927187234001859e-15 2.956883492768395526e-17
2.324416875839233398e+00 1.461878599435791157e-15 2.923314518277523536e-17
2.324704408645629883e+00 1.496327429400623552e-15 2.949986129948683360e-17
2.324991941452026367e+00 1.464364641135982529e-15 3.038864701534036057e-17
2.325279712677001953e+00 1.380680221166981012e-15 3.147727956718669902e-17
2.325567245483398438e+00 1.413862525117431414e-15 3.149387611899696297e-17
2.325854778289794922e+00 1.440941744924677768e-15 3.009364132167944878e-17
2.326142311096191406e+00 1.395221553409850806e-15 2.930773040424791676e-17
2.326429843902587891e+00 1.405012407247163263e-15 2.968955366627994412e-17
2.326717376708984375e+00 1.435856370867599763e-15 2.973146525355678093e-17
2.327005147933959961e+00 1.474169894533398310e-15 2.905922880462473619e-17
2.327292680740356445e+00 1.505099302602389087e-15 2.875754610905929636e-17
2.327580213546752930e+00 1.506246820487681850e-15 2.879319097601543143e-17
2.327867746353149414e+00 1.579979873875866220e-15 2.904423036575792469e-17
2.328155279159545898e+00 1.501035873796173394e-15 3.010215797326629475e-17
2.328443050384521484e+00 1.349401835523721463e-15 3.260793620287318149e-17
2.328730583190917969e+00 1.326318387766028863e-15 3.309231662597198343e-17
2.329018115997314453e+00 1.361366705299280489e-15 3.130720130707844589e-17
2.329305648803710938e+00 1.502234743053893450e-15 3.047373412187001521e-17
2.329593181610107422e+00 1.479108096615890881e-15 2.997212187225050859e-17
2.329880952835083008e+00 1.553808567508958068e-15 2.922961146719840883e-17
2.330168485641479492e+00 1.531361453252890262e-15 2.891639456517152958e-17
2.330456018447875977e+00 1.432658609733477965e-15 2.910623913319734986e-17
2.330743551254272461e+00 1.313336337299935829e-15 2.973195163575696211e-17
2.331031084060668945e+00 1.401123255469845143e-15 3.026617465384575929e-17
2.331318616867065430e+00 1.461056024564888825e-15 3.076382305396991180e-17
2.331606388092041016e+00 1.455991508694136956e-15 3.205799013570097636e-17
2.331893920898437500e+00 1.399826977423190844e-15 3.255722672260123068e-17
2.332181453704833984e+00 1.450300823717127346e-15 3.151491297633541157e-17
2.332468986511230469e+00 1.585703063742226714e-15 3.093824235793284322e-17
2.332756519317626953e+00 1.575757838150277160e-15 3.040574318424060654e-17
2.333044290542602539e+00 1.480550064329472920e-15 2.993623546855550804e-17
2.333331823348999023e+00 1.559631813142212976e-15 2.957197821401165677e-17
2.333619356155395508e+00 1.599621720889746190e-15 2.993948463400161633e-17
2.333906888961791992e+00 1.458253510179779566e-15 3.071972770987593500e-17
2.334194421768188477e+00 1.458817422364414116e-15 3.107576609785345939e-17
2.334482192993164062e+00 1.468630299058355185e-15 3.100292457311203977e-17
2.334769725799560547e+00 1.458471621163697548e-15 3.165101727432488674e-17
2.335057258605957031e+00 1.458309626112535163e-15 3.224418849158666289e-17
2.335344791412353516e+00 1.555013683634664124e-15 3.145342036959821949e-17
2.335632324218750000e+00 1.460616626223500657e-15 3.059072062154216481e-17
2.335919857025146484e+00 1.344630816569193209e-15 3.141632959093134173e-17
2.336207628250122070e+00 1.475683436531023338e-15 3.200203302162298914e-17
2.336495161056518555e+00 1.591280246304304247e-15 3.123356899767142558e-17
2.336782693862915039e+00 1.481015614813107565e-15 3.038504050786962937e-17
2.337070226669311523e+00 1.468805528999318419e-15 3.008881389562458931e-17
2.337357759475708008e+00 1.512397232596813731e-15 3.021685152828044736e-17
2.337645530700683594e+00 1.515364812527519173e-15 3.042118499191574647e-17
2.337933063507080078e+00 1.526247491833842423e-15 3.143611905990606036e-17
2.338220596313476562e+00 1.519714432590788412e-15 3.340057375304599473e-17
2.338508129119873047e+00 1.500573817323446173e-15 3.462478782473467484e-17
2.338795661926269531e+00 1.490735212003732255e-15 3.447012821124441015e-17
2.339083194732666016e+00 1.469042592345431216e-15 3.331566531752865154e-17
2.339370965957641602e+00 1.403993320732497933e-15 3.262536655274089889e-17
2.339658498764038086e+00 1.418576475227138409e-15 3.439593011029840356e-17
2.339946031570434570e+00 1.516895401063207693e-15 3.818640916670629801e-17
2.340233564376831055e+00 1.425115251942586387e-15 4.013539227366904054e-17
2.340521097183227539e+00 1.323312373715341758e-15 3.777597869036973673e-17
2.340808868408203125e+00 1.456559550164389372e-15 3.607677104117350644e-17
2.341096401214599609e+00 1.529651823127975863e-15 3.663413195535663691e-17
2.341383934020996094e+00 1.375107062011402936e-15 3.639087468081704253e-17
2.341671466827392578e+00 1.398648860472678519e-15 3.514323816290331089e-17
2.341958999633789062e+00 1.398082513068320612e-15 3.571897903029736963e-17
2.342246770858764648e+00 1.436390107503488379e-15 3.578540494220782797e-17
2.342534303665161133e+00 1.580654641497472677e-15 3.389628655053677315e-17
2.342821836471557617e+00 1.559543615836580122e-15 3.244194752371339053e-17
2.343109369277954102e+00 1.478678015636922510e-15 3.262224311874789865e-17
2.343396902084350586e+00 1.511572222506188043e-15 3.369864663241825314e-17
2.343684434890747070e+00 1.446076141013578117e-15 3.434908521784830050e-17
2.343972206115722656e+00 1.443270556134035060e-15 3.340321742228371420e-17
2.344259738922119141e+00 1.454686760318010114e-15 3.218321866299660432e-17
2.344547271728515625e+00 1.456175632481046360e-15 3.329981984571458574e-17
2.344834804534912109e+00 1.319761399842214918e-15 3.590065436259361621e-17
2.345122337341308594e+00 1.344654109975242703e-15 3.691064850796576342e-17
2.345410108566284180e+00 1.351166416911088984e-15 3.598115227108482665e-17
2.345697641372680664e+00 1.356198322013371562e-15 3.466053195336431627e-17
2.345985174179077148e+00 1.497830065849052681e-15 3.380087622996245673e-17
2.346272706985473633e+00 1.668278082308561911e-15 3.360330248629294096e-17
2.346560239791870117e+00 1.529666328567197593e-15 3.486778701892315267e-17
2.346848011016845703e+00 1.358534544761017329e-15 3.570729262260322046e-17
2.347135543823242188e+00 1.430434936488698613e-15 3.496247272928087264e-17
2.347423076629638672e+00 1.520893925969840025e-15 3.564372213816729518e-17
2.347710609436035156e+00 1.470851642962529588e-15 3.741907672583270699e-17
2.347998142242431641e+00 1.510440374730419484e-15 3.890261522827921149e-17
2.348285675048828125e+00 1.510768599997480525e-15 3.920482401071423504e-17
2.348573446273803711e+00 1.445125875925877199e-15 3.700707129760984475e-17
2.348860979080200195e+00 1.521548047163357158e-15 3.447246416929425990e-17
2.349148511886596680e+00 1.561458969088558909e-15 3.443945304540849367e-17
2.349436044692993164e+00 1.487147921592991886e-15 3.600850547958073017e-17
2.349723577499389648e+00 1.402153247533706373e-15 3.773828241549447016e-17
2.350011348724365234e+00 1.354174230906789005e-15 3.831478098032962748e-17
2.350298881530761719e+00 1.559220472767202607e-15 3.979165240703895457e-17
2.350586414337158203e+00 1.532759269374096671e-15 4.204539863016828441e-17
2.350873947143554688e+00 1.466148386643781679e-15 4.251467142655941786e-17
2.351161479949951172e+00 1.401619299139580943e-15 3.971295775228310973e-17
2.351449012756347656e+00 1.375268527666973287e-15 3.863946922309139211e-17
2.351736783981323242e+00 1.274929957647294530e-15 4.115950142901379262e-17
2.352024316787719727e+00 1.402852684989901611e-15 4.275486151538766561e-17
2.352311849594116211e+00 1.462183425417684299e-15 4.568019898657124883e-17
2.352599382400512695e+00 1.303992928617010456e-15 4.688405118030132361e-17
2.352886915206909180e+00 1.185851843628414441e-15 4.104043043419800939e-17
2.353174686431884766e+00 1.189077662728914037e-15 3.766506369639372636e-17
2.353462219238281250e+00 1.298330831001970678e-15 3.917482713298061205e-17
2.353749752044677734e+00 1.360369959278598991e-15 3.776069570137220699e-17
2.354037284851074219e+00 1.319355141664888074e-15 3.402740129507132846e-17
2.354324817657470703e+00 1.347759226880758561e-15 3.271393112656572645e-17
2.354612588882446289e+00 1.357756227361609034e-15 3.334063293713795213e-17
2.354900121688842773e+00 1.345512154350811309e-15 3.401710785952871859e-17
2.355187654495239258e+00 1.460523981994894718e-15 3.386683561200743515e-17
2.355475187301635742e+00 1.484642398135013665e-15 3.472699756994417715e-17
2.355762720108032227e+00 1.490832938430021719e-15 3.935956965098820525e-17
2.356050252914428711e+00 1.377976386120226878e-15 4.279130047573185159e-17
2.356338024139404297e+00 1.296016419352716709e-15 3.940379403525774032e-17
2.356625556945800781e+00 1.310176057373730035e-15 3.490056984095985426e-17
2.356913089752197266e+00 1.367923057948383994e-15 3.412982610724009456e-17
2.357200622558593750e+00 1.405984377554137573e-15 3.457466067961396136e-17
2.357488155364990234e+00 1.460989214841174142e-15 3.399582615672895429e-17
2.357775926589965820e+00 1.494134566979300575e-15 3.353090102163739955e-17
2.358063459396362305e+00 1.446087893595721270e-15 3.527458782673183126e-17
2.358350992202758789e+00 1.425708492643019618e-15 4.041633258819410065e-17
2.358638525009155273e+00 1.375711843535742506e-15 4.642485344377108604e-17
2.358926057815551758e+00 1.260936655721298268e-15 4.545354819000926904e-17
2.359213829040527344e+00 1.256245046105575105e-15 3.785566927058309542e-17
2.359501361846923828e+00 1.355439486371750116e-15 3.263275162124977232e-17
2.359788894653320312e+00 1.475529382413741462e-15 3.149375700498875533e-17
2.360076427459716797e+00 1.530612146731925426e-15 3.148558446053673142e-17
2.360363960266113281e+00 1.439141694032643973e-15 3.141089997739054365e-17
2.360651493072509766e+00 1.400456852298592823e-15 3.132977341163379291e-17
2.360939264297485352e+00 1.390677433406068298e-15 3.154496610235068817e-17
2.361226797103881836e+00 1.448833233256890864e-15 3.291648118880036123e-17
2.361514329910278320e+00 1.399624536548797066e-15 3.579396791590897691e-17
2.361801862716674805e+00 1.280881422892940057e-15 3.683190422237316540e-17
2.362089395523071289e+00 1.350552000386974396e-15 3.427573414984954822e-17
2.362377166748046875e+00 1.452319938505144785e-15 3.209292362733031582e-17
2.362664699554443359e+00 1.433961664043710300e-15 3.166347130562748512e-17
2.362952232360839844e+00 1.410194448939346666e-15 3.173564446843396190e-17
2.363239765167236328e+00 1.341646507737779496e-15 3.228139838426174828e-17
2.363527297973632812e+00 1.355560294445852260e-15 3.370217703927262947e-17
2.363815069198608398e+00 1.409199079347204456e-15 3.699160963760000356e-17
2.364102602005004883e+00 1.489379747529888560e-15 3.925114612501720459e-17
2.364390134811401367e+00 1.444617867915761432e-15 3.776278350523829084e-17
2.364677667617797852e+00 1.461035272257681095e-15 3.511167625945073756e-17
2.364965200424194336e+00 1.419670524157635744e-15 3.347653209433551415e-17
2.365252733230590820e+00 1.418304895288424999e-15 3.259878096785344458e-17
2.365540504455566406e+00 1.435473300217204005e-15 3.221694116220916615e-17
2.365828037261962891e+00 1.454812332952440564e-15 3.258758425108192679e-17
2.366115570068359375e+00 1.468010270940965038e-15 3.418091939931626997e-17
2.366403102874755859e+00 1.496767780654077382e-15 3.501044258736404782e-17
2.366690635681152344e+00 1.409587020437046926e-15 3.422929623026082124e-17
2.366978406906127930e+00 1.468575136037665249e-15 3.613094806257327954e-17
2.367265939712524414e+00 1.462936861224266999e-15 4.226536249865838553e-17
2.367553472518920898e+00 1.236419922337732985e-15 4.548584793856823966e-17
2.367841005325317383e+00 1.181748710152796204e-15 4.118676861072599062e-17
2.368128538131713867e+00 1.291044018314978746e-15 3.616502459508801406e-17
2.368416070938110352e+00 1.446703051273664706e-15 3.515511978522202258e-17
2.368703842163085938e+00 1.469408298820408260e-15 3.784739746445756514e-17
2.368991374969482422e+00 1.374769201744566877e-15 4.095917151954325017e-17
2.369278907775878906e+00 1.376119478141608638e-15 3.942694185751942425e-17
2.369566440582275391e+00 1.500442315458384943e-15 3.641552135434867254e-17
2.369853973388671875e+00 1.505316460674241408e-15 3.852217170350892258e-17
2.370141744613647461e+00 1.445527687180230957e-15 4.847891164958521458e-17
2.370429277420043945e+00 1.446696063251849858e-15 6.636413144486797387e-17
2.370716810226440430e+00 1.277858785820663087e-15 7.524055365861531046e-17
2.371004343032836914e+00 1.330991680294267652e-15 6.923818040935081916e-17
2.371291875839233398e+00 1.278912918323521063e-15 6.883886393172452037e-17
2.371579647064208984e+00 1.279049608265384226e-15 6.901037486865371534e-17
2.371867179870605469e+00 1.450168157181763642e-15 5.778450163490466362e-17
2.372154712677001953e+00 1.503890268949301980e-15 4.711064572858164980e-17
2.372442245483398438e+00 1.502760856393256777e-15 4.443655940537737342e-17
2.372729778289794922e+00 1.396730436726265935e-15 4.377801444994430639e-17
2.373017311096191406e+00 1.411935631041546287e-15 4.131997777657153020e-17
2.373305082321166992e+00 1.365877367501646452e-15 3.823289009968687774e-17
2.373592615127563477e+00 1.338695444949545513e-15 3.782505366175128276e-17
2.373880147933959961e+00 1.371728141705687125e-15 3.772248988323960775e-17
2.374167680740356445e+00 1.408413668046862906e-15 3.627864943275074816e-17
2.374455213546752930e+00 1.344335413828838272e-15 3.581377723721839682e-17
2.374742984771728516e+00 1.379532068006977807e-15 3.693765760932684488e-17
2.375030517578125000e+00 1.436030330259142115e-15 3.751448042896212299e-17
2.375318050384521484e+00 1.403931910843821997e-15 3.703841482538070408e-17
2.375605583190917969e+00 1.391973076178012157e-15 3.615777187547714912e-17
2.375893115997314453e+00 1.302596488924343335e-15 3.632381680291859368e-17
2.376180887222290039e+00 1.372965868599862471e-15 3.961762353232514819e-17
2.376468420028686523e+00 1.469926471225891079e-15 4.616858958127970786e-17
2.376755952835083008e+00 1.375022041079322285e-15 5.077614441187768219e-17
2.377043485641479492e+00 1.366557746716528469e-15 4.742940474071263434e-17
2.377331018447875977e+00 1.333766983745946367e-15 4.205509318694740590e-17
2.377618551254272461e+00 1.446130245243083985e-15 4.034540681375135384e-17
2.377906322479248047e+00 1.620014674369603912e-15 4.541568647901149185e-17
2.378193855285644531e+00 1.398024597190552099e-15 5.829294639638385824e-17
2.378481388092041016e+00 1.168339966839523816e-15 5.723472431257741930e-17
2.378768920898437500e+00 1.309057126850407104e-15 4.380930503815596232e-17
2.379056453704833984e+00 1.373903428193354575e-15 3.727455172920744199e-17
2.379344224929809570e+00 1.329157642205225278e-15 3.740790317011834069e-17
2.379631757736206055e+00 1.342845906391091585e-15 3.982231764670752041e-17
2.379919290542602539e+00 1.393377139167204567e-15 4.231996965397668621e-17
2.380206823348999023e+00 1.397887377853096903e-15 4.284086844675847922e-17
2.380494356155395508e+00 1.488254040742987595e-15 4.277592484250571591e-17
2.380782127380371094e+00 1.365971388158791679e-15 4.189999020464881278e-17
2.381069660186767578e+00 1.255477104859770675e-15 3.952990930017002513e-17
2.381357192993164062e+00 1.194365160023030600e-15 3.736253065915858202e-17
2.381644725799560547e+00 1.296198531436376384e-15 3.625706001876311414e-17
2.381932258605957031e+00 1.368066418274706784e-15 3.631054882589324312e-17
2.382219791412353516e+00 1.409372826980509995e-15 3.715588108980813443e-17
2.382507562637329102e+00 1.410809394859053288e-15 3.871707530816111717e-17
2.382795095443725586e+00 1.315170375388978203e-15 4.162310638384771272e-17
2.383082628250122070e+00 1.211865813625370106e-15 4.837548429451403421e-17
2.383370161056518555e+00 1.120785948993891293e-15 5.692205665847727527e-17
2.383657693862915039e+00 1.204450887205105961e-15 5.945997250924307223e-17
2.383945465087890625e+00 1.130326504595290105e-15 6.320399048500508822e-17
2.384232997894287109e+00 1.158608405308519159e-15 6.420038578110686366e-17
2.384520530700683594e+00 1.205955958873258446e-15 5.362642682300065389e-17
2.384808063507080078e+00 1.291502686655916950e-15 4.321522723094282806e-17
2.385095596313476562e+00 1.357959515268950066e-15 3.925400155249173764e-17
2.385383129119873047e+00 1.420555673587516488e-15 3.895516435823348023e-17
2.385670900344848633e+00 1.420803113087233151e-15 4.355388489988938822e-17
2.385958433151245117e+00 1.326082912606692168e-15 5.295107355752050934e-17
2.386245965957641602e+00 1.207199403239827759e-15 5.598116849020025819e-17
2.386533498764038086e+00 1.308194847310102226e-15 4.987509326190121893e-17
2.386821031570434570e+00 1.257329777673652643e-15 4.383332305442205203e-17
2.387108802795410156e+00 1.193235323950511770e-15 4.103701252390694028e-17
2.387396335601806641e+00 1.197177521166151691e-15 4.094105295540588865e-17
2.387683868408203125e+00 1.258276866387801358e-15 4.393564860491731177e-17
2.387971401214599609e+00 1.340835050174309876e-15 5.234854858189198355e-17
2.388258934020996094e+00 1.203094469819196606e-15 5.835788338319172113e-17
2.388546705245971680e+00 1.164034392489511800e-15 5.103948894041251429e-17
2.388834238052368164e+00 1.256439334287851560e-15 4.119869655515900528e-17
2.389121770858764648e+00 1.307139444257823368e-15 3.823393234725869455e-17
2.389409303665161133e+00 1.282179818521962493e-15 3.865092071149157623e-17
2.389696836471557617e+00 1.259730057287934517e-15 4.054778813114102781e-17
2.389984369277954102e+00 1.308939177512501943e-15 4.254949573034790032e-17
2.390272140502929688e+00 1.400822982290043494e-15 4.213371835853179628e-17
2.390559673309326172e+00 1.437837792689464385e-15 4.088838140272096206e-17
2.390847206115722656e+00 1.389559138157455808e-15 4.280537247231260369e-17
2.391134738922119141e+00 1.484438157315606972e-15 5.224900235825490199e-17
2.391422271728515625e+00 1.245486986521616643e-15 7.008054805795032043e-17
2.391710042953491211e+00 1.172149497519800031e-15 7.086544981503453775e-17
2.391997575759887695e+00 1.259128346258028743e-15 5.271549913651030748e-17
2.392285108566284180e+00 1.225779812091679685e-15 4.178253717511118328e-17
2.392572641372680664e+00 1.259346563121065132e-15 3.987784793558943027e-17
2.392860174179077148e+00 1.301588837354465938e-15 4.030026591336311002e-17
2.393147945404052734e+00 1.215284015084014835e-15 4.124054858543173827e-17
2.393435478210449219e+00 1.233947009648224055e-15 4.164851737226534173e-17
2.393723011016845703e+00 1.364278063418111926e-15 4.093422706099110106e-17
2.394010543823242188e+00 1.350246539130370814e-15 4.118087577604216286e-17
2.394298076629638672e+00 1.367446707794671857e-15 4.418619499501472343e-17
2.394585609436035156e+00 1.324016787490102116e-15 4.534142551233893124e-17
2.394873380661010742e+00 1.300103353323218709e-15 4.358684970166085148e-17
2.395160913467407227e+00 1.222803655952383294e-15 4.213537933720180276e-17
2.395448446273803711e+00 1.208592031284232236e-15 4.200559469909223272e-17
2.395735979080200195e+00 1.308417722854348514e-15 4.198029620723791092e-17
2.396023511886596680e+00 1.344430493277167567e-15 4.200809609326459308e-17
2.396311283111572266e+00 1.471076953726499232e-15 4.579901520975836573e-17
2.396598815917968750e+00 1.262972181772668758e-15 5.861481891634049237e-17
2.396886348724365234e+00 1.177466217450596868e-15 6.711239902698344271e-17
2.397173881530761719e+00 1.270103881551194747e-15 6.067379719243808632e-17
2.397461414337158203e+00 1.321849336057196768e-15 5.144151857044798701e-17
2.397748947143554688e+00 1.313693679324558737e-15 4.568163166339219068e-17
2.398036718368530273e+00 1.202930568943902899e-15 4.205953680119804076e-17
2.398324251174926758e+00 1.129844436969184001e-15 4.172104787709644141e-17
2.398611783981323242e+00 1.271247481909106459e-15 4.149371217498726771e-17
2.398899316787719727e+00 1.310824990490445235e-15 4.136146584737473986e-17
2.399186849594116211e+00 1.283682454970391622e-15 4.119189382180136918e-17
2.399474620819091797e+00 1.265134127491416953e-15 4.144096783040843645e-17
2.399762153625488281e+00 1.236962023423975737e-15 4.247746153388433246e-17
2.400049686431884766e+00 1.433611839436494274e-15 4.537867180096096897e-17
2.400337219238281250e+00 1.338633082148803916e-15 5.071967113709746188e-17
2.400624752044677734e+00 1.168647122162021906e-15 5.157779161328242300e-17
2.400912523269653320e+00 1.263982797957861545e-15 4.559092965486452609e-17
2.401200056076049805e+00 1.241020052395152683e-15 4.094926520452731511e-17
2.401487588882446289e+00 1.226651091357049139e-15 4.037162513044683461e-17
2.401775121688842773e+00 1.303164742152832564e-15 4.194609394327006833e-17
2.402062654495239258e+00 1.299824573604453637e-15 4.285826901812414471e-17
2.402350187301635742e+00 1.307403824416485116e-15 4.228263072112604254e-17
2.402637958526611328e+00 1.276910850073567118e-15 4.095479077101916933e-17
2.402925491333007812e+00 1.261565260047279365e-15 4.084480552805166856e-17
2.403213024139404297e+00 1.290582597116961966e-15 4.181081020844824576e-17
2.403500556945800781e+00 1.284739975605038616e-15 4.269516223621848850e-17
2.403788089752197266e+00 1.474260844696109740e-15 4.674150149097883525e-17
2.404075860977172852e+00 1.488350073103382552e-15 6.391363865868168129e-17
2.404363393783569336e+00 1.080373795322151810e-15 8.219165674836382152e-17
2.404650926589965820e+00 1.181722028614957693e-15 6.935223868965453104e-17
2.404938459396362305e+00 1.355948235535694730e-15 4.855228918736356856e-17
2.405225992202758789e+00 1.277633369177575036e-15 4.277319845520674113e-17
2.405513763427734375e+00 1.336681835875685228e-15 4.366311575413824064e-17
2.405801296234130859e+00 1.278262397020029761e-15 4.563580254873430273e-17
2.406088829040527344e+00 1.194619905181917331e-15 4.865702017908013250e-17
2.406376361846923828e+00 1.345089061393657786e-15 4.940690572647375505e-17
2.406663894653320312e+00 1.419942633491941188e-15 5.263267188741414771e-17
2.406951427459716797e+00 1.240668957238515776e-15 6.490786343285611759e-17
2.407239198684692383e+00 1.220849445063949216e-15 6.998896923797334963e-17
2.407526731491088867e+00 1.191324841137979696e-15 6.457474125656876228e-17
2.407814264297485352e+00 1.180313095186318571e-15 6.144572875751747217e-17
2.408101797103881836e+00 1.175350540906592439e-15 5.428668238794048058e-17
2.408389329910278320e+00 1.173564889574661967e-15 4.820966436019920407e-17
2.408677101135253906e+00 1.129355593079499863e-15 4.509946194827736980e-17
2.408964633941650391e+00 1.204237752539753098e-15 4.199621777966833160e-17
2.409252166748046875e+00 1.255199066294834451e-15 4.380974178951939032e-17
2.409539699554443359e+00 1.272753294731087791e-15 5.001431768516124412e-17
2.409827232360839844e+00 1.323946907271953636e-15 6.361291549262680298e-17
2.410115003585815430e+00 1.113100395546979399e-15 6.743222675646584575e-17
2.410402536392211914e+00 1.145410890836468312e-15 5.537028237294004641e-17
2.410690069198608398e+00 1.256608634998184013e-15 4.503569294049443179e-17
2.410977602005004883e+00 1.288028686901871844e-15 4.205528840157196841e-17
2.411265134811401367e+00 1.277079409630070723e-15 4.316698936634118570e-17
2.411552667617797852e+00 1.256344784235114299e-15 4.939178817359873592e-17
2.411840438842773438e+00 1.123929288261152001e-15 5.649754095067016104e-17
2.412127971649169922e+00 1.254073677145288706e-15 5.525467230180718505e-17
2.412415504455566406e+00 1.232396198200919838e-15 4.932457478574512710e-17
2.412703037261962891e+00 1.259644930476735460e-15 4.487697021583530663e-17
2.412990570068359375e+00 1.197284564954860953e-15 4.246483544901432305e-17
2.413278341293334961e+00 1.125564167728471208e-15 4.251523390937595392e-17
2.413565874099731445e+00 1.147184577828018817e-15 4.575223649175726691e-17
2.413853406906127930e+00 1.136387554728486658e-15 5.290501283229110654e-17
2.414140939712524414e+00 1.173785965173895340e-15 6.504919882103937811e-17
2.414428472518920898e+00 1.055762088369375639e-15 7.292969557727286938e-17
2.414716005325317383e+00 1.253785262426748617e-15 6.347381018337498542e-17
2.415003776550292969e+00 1.285334698613129541e-15 5.010578400857490771e-17
2.415291309356689453e+00 1.297101468558149468e-15 4.853485883749585116e-17
2.415578842163085938e+00 1.346653954763710106e-15 6.340933641771015223e-17
2.415866374969482422e+00 1.378766879618251954e-15 1.085868246588084240e-16
2.416153907775878906e+00 1.285560538772691219e-15 1.444784230480558097e-16
2.416441679000854492e+00 1.030889918785318771e-15 1.103196092234294068e-16
2.416729211807250977e+00 1.049539784338845549e-15 6.501648879089658118e-17
2.417016744613647461e+00 1.004462490830984600e-15 4.870652859310265631e-17
2.417304277420043945e+00 1.186660230697450264e-15 4.545960976953805762e-17
2.417591810226440430e+00 1.250471563657971387e-15 4.536263111452234066e-17
2.417879581451416016e+00 1.249250777422741127e-15 4.698543043617582269e-17
2.418167114257812500e+00 1.319054974364204831e-15 5.601859014111215717e-17
2.418454647064208984e+00 1.399297264193801685e-15 8.578021109108017127e-17
2.418742179870605469e+00 1.183570254505866576e-15 1.200926886037393250e-16
2.419029712677001953e+00 1.207321270105113972e-15 1.417294305573011813e-16
2.419317245483398438e+00 1.160741657786179114e-15 1.475506380175267587e-16
2.419605016708374023e+00 9.403033449664971802e-16 1.154965819528190846e-16
2.419892549514770508e+00 9.293489854970125343e-16 7.107035237893127334e-17
2.420180082321166992e+00 1.093934157532982718e-15 5.114269791980198066e-17
2.420467615127563477e+00 1.175830173312975187e-15 4.573729760989455923e-17
2.420755147933959961e+00 1.318899967334857294e-15 4.470014547065107101e-17
2.421042919158935547e+00 1.255569431451021394e-15 4.455684139260993428e-17
2.421330451965332031e+00 1.268931799710431609e-15 4.445299713851002719e-17
2.421617984771728516e+00 1.234563120238233152e-15 4.537318593913851729e-17
2.421905517578125000e+00 1.138437480339960471e-15 5.002443244969154254e-17
2.422193050384521484e+00 1.065861368078607069e-15 5.375630410533882987e-17
2.422480821609497070e+00 1.103129970724849029e-15 5.063990776499019853e-17
2.422768354415893555e+00 1.105343691332498143e-15 4.602285690096011544e-17
2.423055887222290039e+00 1.249261682971937026e-15 4.504885172967892535e-17
2.423343420028686523e+00 1.256608317360828793e-15 4.539531136616308568e-17
2.423630952835083008e+00 1.223464871046833682e-15 4.901693308104685526e-17
2.423918485641479492e+00 1.288049227450842760e-15 6.204189436859669027e-17
2.424206256866455078e+00 1.150894158620519026e-15 7.356581070321594851e-17
2.424493789672851562e+00 1.348442464831837561e-15 6.479344119308288238e-17
2.424781322479248047e+00 1.199243434524504930e-15 5.229614834444797436e-17
2.425068855285644531e+00 1.247545382462563000e-15 4.986342670654177103e-17
2.425356388092041016e+00 1.170676189587169583e-15 4.971267800298765705e-17
2.425644159317016602e+00 1.208302134258034451e-15 4.884080316757716418e-17
2.425931692123413086e+00 1.185611180392275813e-15 5.120438904988618546e-17
2.426219224929809570e+00 1.190159006165202558e-15 6.413135259590563818e-17
2.426506757736206055e+00 9.490421838833197968e-16 7.568298278976787305e-17
2.426794290542602539e+00 9.762429529184971436e-16 6.536516858014483383e-17
2.427081823348999023e+00 1.185934641099008549e-15 5.056053813085451042e-17
2.427369594573974609e+00 1.205710213439436292e-15 4.666134438089999665e-17
2.427657127380371094e+00 1.170951051778553603e-15 4.678175871703056600e-17
2.427944660186767578e+00 1.093942839620692074e-15 4.654459610924426233e-17
2.428232192993164062e+00 1.123799268703748466e-15 4.551695985576758414e-17
2.428519725799560547e+00 1.010085942567805900e-15 4.501141684387722553e-17
2.428807497024536133e+00 1.102701160295301540e-15 4.529598351820771811e-17
2.429095029830932617e+00 1.151068329770298191e-15 4.593493091056817881e-17
2.429382562637329102e+00 1.179075791808616852e-15 4.625747179245975579e-17
2.429670095443725586e+00 1.113746046411023989e-15 4.657969834571856261e-17
2.429957628250122070e+00 1.215074903825161430e-15 4.680676935003171934e-17
2.430245399475097656e+00 1.207789785204064006e-15 4.674153126948088716e-17
2.430532932281494141e+00 1.157016512763273108e-15 4.614242420414343048e-17
2.430820465087890625e+00 1.095966718969037818e-15 4.588583608685193151e-17
2.431107997894287109e+00 1.146866093439851200e-15 4.598853221426161500e-17
2.431395530700683594e+00 1.115792901528064006e-15 4.635511550068796538e-17
2.431683063507080078e+00 1.190703860108523887e-15 4.643866736000072160e-17
2.431970834732055664e+00 1.097092425755938783e-15 4.627509735695203570e-17
2.432258367538452148e+00 1.214921167345234775e-15 4.681728446997849343e-17
2.432545900344848633e+00 1.285238348615379365e-15 4.861920809891910849e-17
2.432833433151245117e+00 1.366432174082098019e-15 5.352783020270678320e-17
2.433120965957641602e+00 1.313275880323325553e-15 6.500752877050140679e-17
2.433408737182617188e+00 1.086332566226967406e-15 7.819565308823855161e-17
2.433696269989013672e+00 1.046153876011314890e-15 7.373567389636493784e-17
2.433983802795410156e+00 1.077077672487030107e-15 5.882879399719570957e-17
2.434271335601806641e+00 1.070215964460441427e-15 5.415737420586374108e-17
2.434558868408203125e+00 1.046400997873676332e-15 6.220636434415183387e-17
2.434846639633178711e+00 1.155001421381755128e-15 8.767453410316540974e-17
2.435134172439575195e+00 1.031729116677810969e-15 1.527045688037731593e-16
2.435421705245971680e+00 1.103558569396159705e-15 2.633072590851529135e-16
2.435709238052368164e+00 1.375805440676414106e-15 2.820515952820781477e-16
2.435996770858764648e+00 1.121259440411406447e-15 2.200449983645803203e-16
2.436284303665161133e+00 1.227042949974272660e-15 2.041917047306422207e-16
2.436572074890136719e+00 9.746893886141143500e-16 1.729296774111765207e-16
2.436859607696533203e+00 1.158672144537800045e-15 1.081144846767059439e-16
2.437147140502929688e+00 1.012297545593086878e-15 6.793914288817304238e-17
2.437434673309326172e+00 1.031846113103650469e-15 5.370115762826114462e-17
2.437722206115722656e+00 1.061018245444443793e-15 5.016391164458023407e-17
2.438009977340698242e+00 1.089228677752748266e-15 4.896734525768552636e-17
2.438297510147094727e+00 1.111961347991159178e-15 4.836672610618832275e-17
2.438585042953491211e+00 1.178002389306208840e-15 4.781409335638654539e-17
2.438872575759887695e+00 1.221756829108695385e-15 4.735533898866463624e-17
2.439160108566284180e+00 1.245025777081836676e-15 4.693824143659089756e-17
2.439447879791259766e+00 1.196160234596499276e-15 4.666390202335401062e-17
2.439735412597656250e+00 1.216113366218495202e-15 4.656116949999737479e-17
2.440022945404052734e+00 1.190442232806940715e-15 4.679761080628953222e-17
2.440310478210449219e+00 1.094934503443690046e-15 4.709522046451876094e-17
2.440598011016845703e+00 1.125572108662351717e-15 4.719340680322880533e-17
2.440885543823242188e+00 1.215683073481290018e-15 4.685997029830867987e-17
2.441173315048217773e+00 1.229592201508152884e-15 4.670869881660743238e-17
2.441460847854614258e+00 1.151051812627826732e-15 4.677100536906737664e-17
2.441748380661010742e+00 1.211546482204255235e-15 4.731429428666975500e-17
2.442035913467407227e+00 1.088826337102802473e-15 4.761808463843597995e-17
2.442323446273803711e+00 1.123707789145445002e-15 4.879644312568717042e-17
2.442611217498779297e+00 1.151912398102237101e-15 5.388416306698237646e-17
2.442898750305175781e+00 1.111407600201891679e-15 6.358369285594652962e-17
2.443186283111572266e+00 1.062641901725211880e-15 6.542259476699071523e-17
2.443473815917968750e+00 1.153368341859448837e-15 5.682080975150078468e-17
2.443761348724365234e+00 1.190276214349278872e-15 5.020591256736322660e-17
2.444048881530761719e+00 1.047369897686216845e-15 4.871286479659481250e-17
2.444336652755737305e+00 1.042276476816139923e-15 4.914627435034809688e-17
2.444624185562133789e+00 1.087217821535966557e-15 4.986615309384074581e-17
2.444911718368530273e+00 1.130315387287857392e-15 5.103475084986381055e-17
2.445199251174926758e+00 1.096873361859955140e-15 5.435572549930905669e-17
2.445486783981323242e+00 1.231243174601469922e-15 6.576522621159998014e-17
2.445774555206298828e+00 1.473341708069220417e-15 1.052249575086010064e-16
2.446062088012695312e+00 1.347001238272084369e-15 1.950427165788913108e-16
2.446349620819091797e+00 9.904109553898646050e-16 2.034524964305954326e-16
2.446637153625488281e+00 1.135680705734002944e-15 1.204088965908611960e-16
2.446924686431884766e+00 1.136479987198855783e-15 8.746830143284368888e-17
2.447212457656860352e+00 1.102445673982585961e-15 1.036717968683571387e-16
2.447499990463256836e+00 1.046850878247786772e-15 1.137424825981738353e-16
2.447787523269653320e+00 1.152850487091321239e-15 9.478753298240279938e-17
2.448075056076049805e+00 9.418968256985193327e-16 8.350189760375801651e-17
2.448362588882446289e+00 1.022033342288827806e-15 7.611336817120166356e-17
2.448650121688842773e+00 1.122599658292199563e-15 6.099923651519604910e-17
2.448937892913818359e+00 1.105906438846830219e-15 5.277167793499245891e-17
2.449225425720214844e+00 1.161021919812601881e-15 5.264160874675217062e-17
2.449512958526611328e+00 1.289306012586331329e-15 5.616513345843205155e-17
2.449800491333007812e+00 1.289084301712387515e-15 6.970295665193211435e-17
2.450088024139404297e+00 1.084451200171997198e-15 1.080857186437237999e-16
2.450375795364379883e+00 1.119855377422214037e-15 1.457618764864930874e-16
2.450663328170776367e+00 1.090367195912976452e-15 1.359966189260554707e-16
2.450950860977172852e+00 1.215486879474882240e-15 1.348900365549167315e-16
2.451238393783569336e+00 1.116543372719331316e-15 1.947122281456743244e-16
2.451525926589965820e+00 3.762473764891503120e-16 2.147346444157776919e-16
2.451813697814941406e+00 8.903081781668777638e-16 1.421187083710135366e-16
2.452101230621337891e+00 9.910134075735992261e-16 8.390360297899336845e-17
2.452388763427734375e+00 9.867887248700499964e-16 6.361556908803187309e-17
2.452676296234130859e+00 1.001955908581822312e-15 5.702307857232715143e-17
2.452963829040527344e+00 1.114937927646929196e-15 5.551094278174346366e-17
2.453251361846923828e+00 1.015029862122692438e-15 5.800144133107527087e-17
2.453539133071899414e+00 9.351448084386000843e-16 6.705061856139308218e-17
2.453826665878295898e+00 9.880442394561176830e-16 8.133526011657542091e-17
2.454114198684692383e+00 9.228969237795397150e-16 8.847625078774160501e-17
2.454401731491088867e+00 9.086585116944317399e-16 9.658230977085095629e-17
2.454689264297485352e+00 8.441211656189952749e-16 1.198206454438828852e-16
2.454977035522460938e+00 8.366646287051972622e-16 1.148484958690511380e-16
2.455264568328857422e+00 9.607847075102245692e-16 7.916046331983060225e-17
2.455552101135253906e+00 1.149269549427685277e-15 5.905853844924863769e-17
2.455839633941650391e+00 1.052184009441936661e-15 5.449488705684252786e-17
2.456127166748046875e+00 1.063411007641318785e-15 5.410738933580838672e-17
2.456414699554443359e+00 1.171106694082611581e-15 5.475942934290433674e-17
2.456702470779418945e+00 1.194159648654203026e-15 5.584024338360082398e-17
2.456990003585815430e+00 1.106872797560528969e-15 5.583828461991029841e-17
2.457277536392211914e+00 1.086062256837674878e-15 5.467957663529091766e-17
2.457565069198608398e+00 1.100017124643689476e-15 5.412588178558262221e-17
2.457852602005004883e+00 1.129394556595073561e-15 5.395353705059597379e-17
2.458140373229980469e+00 1.126343861556418791e-15 5.380730806190884956e-17
2.458427906036376953e+00 1.120592296086325278e-15 5.397816056307045232e-17
2.458715438842773438e+00 1.136093634295789415e-15 5.461575137922632605e-17
2.459002971649169922e+00 1.037599584397875304e-15 5.539610033421905151e-17
2.459290504455566406e+00 1.053593366387049410e-15 5.702828650146378529e-17
2.459578275680541992e+00 1.145822231211478682e-15 5.810348894888471278e-17
2.459865808486938477e+00 9.128621244534180189e-16 5.744203562641790931e-17
2.460153341293334961e+00 1.016619531206451946e-15 5.637701742669873469e-17
2.460440874099731445e+00 9.404623754023441751e-16 5.575127183691462032e-17
2.460728406906127930e+00 9.937576884435847524e-16 5.634248759920832111e-17
2.461015939712524414e+00 1.033270610762695389e-15 5.774767555403380282e-17
2.461303710937500000e+00 8.201577035686646606e-16 5.991056094995785789e-17
2.461591243743896484e+00 8.129636939289562776e-16 6.253151911677907841e-17
2.461878776550292969e+00 8.657142059664347297e-16 6.634680035667376284e-17
2.462166309356689453e+00 1.075512461479622567e-15 7.845473929097996073e-17
2.462453842163085938e+00 1.242790245375795764e-15 1.220351469100302492e-16
2.462741613388061523e+00 1.269385174095449473e-15 2.248844946389381635e-16
2.463029146194458008e+00 1.057781097278274671e-15 2.350978590982529069e-16
2.463316679000854492e+00 9.652885934490124976e-16 1.360124610891470863e-16
2.463604211807250977e+00 1.016201943963455576e-15 8.493390606276491760e-17
2.463891744613647461e+00 1.114530504799299878e-15 7.473844179190582181e-17
2.464179515838623047e+00 1.119896776157511091e-15 7.710579300036318447e-17
2.464467048645019531e+00 1.035068014676769014e-15 8.746401332854821398e-17
2.464754581451416016e+00 1.029902278368820256e-15 8.432951496767447219e-17
2.465042114257812500e+00 9.844789719020059261e-16 6.996329355175970365e-17
2.465329647064208984e+00 1.054928819707514221e-15 6.310384869132696847e-17
