8.238837718963623047e-01 nan nan
8.240075707435607910e-01 nan nan
8.241313695907592773e-01 nan nan
8.242551684379577637e-01 nan nan
8.243789672851562500e-01 nan nan
8.245027065277099609e-01 nan nan
8.246265053749084473e-01 nan nan
8.247503042221069336e-01 nan nan
8.248741030693054199e-01 nan nan
8.249979019165039062e-01 nan nan
8.251216411590576172e-01 nan nan
8.252454400062561035e-01 nan nan
8.253692388534545898e-01 nan nan
8.254930377006530762e-01 nan nan
8.256167769432067871e-01 nan nan
8.257405757904052734e-01 nan nan
8.258643746376037598e-01 nan nan
8.259881734848022461e-01 nan nan
8.261119723320007324e-01 nan nan
8.262357115745544434e-01 nan nan
8.263595104217529297e-01 nan nan
8.264833092689514160e-01 nan nan
8.266071081161499023e-01 nan nan
8.267309069633483887e-01 nan nan
8.268546462059020996e-01 nan nan
8.269784450531005859e-01 nan nan
8.271022439002990723e-01 nan nan
8.272260427474975586e-01 nan nan
8.273497819900512695e-01 nan nan
8.274735808372497559e-01 nan nan
8.275973796844482422e-01 nan nan
8.277211785316467285e-01 nan nan
8.278449773788452148e-01 nan nan
8.279687166213989258e-01 nan nan
8.280925154685974121e-01 nan nan
8.282163143157958984e-01 nan nan
8.283401131629943848e-01 nan nan
8.284639120101928711e-01 nan nan
8.285876512527465820e-01 nan nan
8.287114500999450684e-01 nan nan
8.288352489471435547e-01 nan nan
8.289590477943420410e-01 nan nan
8.290827870368957520e-01 nan nan
8.292065858840942383e-01 nan nan
8.293303847312927246e-01 nan nan
8.294541835784912109e-01 nan nan
8.295779824256896973e-01 nan nan
8.297017216682434082e-01 nan nan
8.298255205154418945e-01 nan nan
8.299493193626403809e-01 nan nan
8.300731182098388672e-01 nan nan
8.301969170570373535e-01 nan nan
8.303206562995910645e-01 nan nan
8.304444551467895508e-01 nan nan
8.305682539939880371e-01 nan nan
8.306920528411865234e-01 nan nan
8.308158516883850098e-01 nan nan
8.309395909309387207e-01 nan nan
8.310633897781372070e-01 nan nan
8.311871886253356934e-01 nan nan
8.313109874725341797e-01 nan nan
8.314347267150878906e-01 nan nan
8.315585255622863770e-01 nan nan
8.316823244094848633e-01 nan nan
8.318061232566833496e-01 nan nan
8.319299221038818359e-01 nan nan
8.320536613464355469e-01 nan nan
8.321774601936340332e-01 nan nan
8.323012590408325195e-01 nan nan
8.324250578880310059e-01 nan nan
8.325488567352294922e-01 nan nan
8.326725959777832031e-01 nan nan
8.327963948249816895e-01 nan nan
8.329201936721801758e-01 nan nan
8.330439925193786621e-01 nan nan
8.331677317619323730e-01 nan nan
8.332915306091308594e-01 nan nan
8.334153294563293457e-01 nan nan
8.335391283035278320e-01 nan nan
8.336629271507263184e-01 nan nan
8.337866663932800293e-01 nan nan
8.339104652404785156e-01 nan nan
8.340342640876770020e-01 nan nan
8.341580629348754883e-01 nan nan
8.342818617820739746e-01 nan nan
8.344056010246276855e-01 nan nan
8.345293998718261719e-01 nan nan
8.346531987190246582e-01 nan nan
8.347769975662231445e-01 nan nan
8.349007964134216309e-01 nan nan
8.350245356559753418e-01 nan nan
8.351483345031738281e-01 nan nan
8.352721333503723145e-01 nan nan
8.353959321975708008e-01 nan nan
8.355196714401245117e-01 nan nan
8.356434702873229980e-01 nan nan
8.357672691345214844e-01 nan nan
8.358910679817199707e-01 nan nan
8.360148668289184570e-01 nan nan
8.361386060714721680e-01 nan nan
8.362624049186706543e-01 nan nan
8.363862037658691406e-01 nan nan
8.365100026130676270e-01 nan nan
8.366338014602661133e-01 nan nan
8.367575407028198242e-01 nan nan
8.368813395500183105e-01 nan nan
8.370051383972167969e-01 nan nan
8.371289372444152832e-01 nan nan
8.372526764869689941e-01 nan nan
8.373764753341674805e-01 nan nan
8.375002741813659668e-01 nan nan
8.376240730285644531e-01 nan nan
8.377478718757629395e-01 nan nan
8.378716111183166504e-01 nan nan
8.379954099655151367e-01 nan nan
8.381192088127136230e-01 nan nan
8.382430076599121094e-01 nan nan
8.383668065071105957e-01 nan nan
8.384905457496643066e-01 nan nan
8.386143445968627930e-01 nan nan
8.387381434440612793e-01 nan nan
8.388619422912597656e-01 nan nan
8.389856815338134766e-01 nan nan
8.391094803810119629e-01 nan nan
8.392332792282104492e-01 nan nan
8.393570780754089355e-01 nan nan
8.394808769226074219e-01 nan nan
8.396046161651611328e-01 nan nan
8.397284150123596191e-01 nan nan
8.398522138595581055e-01 nan nan
8.399760127067565918e-01 nan nan
8.400998115539550781e-01 nan nan
8.402235507965087891e-01 nan nan
8.403473496437072754e-01 nan nan
8.404711484909057617e-01 nan nan
8.405949473381042480e-01 nan nan
8.407187461853027344e-01 nan nan
8.408424854278564453e-01 nan nan
8.409662842750549316e-01 nan nan
8.410900831222534180e-01 nan nan
8.412138819694519043e-01 nan nan
8.413376212120056152e-01 nan nan
8.414614200592041016e-01 nan nan
8.415852189064025879e-01 nan nan
8.417090177536010742e-01 nan nan
8.418328166007995605e-01 nan nan
8.419565558433532715e-01 nan nan
8.420803546905517578e-01 nan nan
8.422041535377502441e-01 nan nan
8.423279523849487305e-01 nan nan
8.424517512321472168e-01 nan nan
8.425754904747009277e-01 nan nan
8.426992893218994141e-01 nan nan
8.428230881690979004e-01 nan nan
8.429468870162963867e-01 nan nan
8.430706262588500977e-01 nan nan
8.431944251060485840e-01 nan nan
8.433182239532470703e-01 nan nan
8.434420228004455566e-01 nan nan
8.435658216476440430e-01 nan nan
8.436895608901977539e-01 nan nan
8.438133597373962402e-01 nan nan
8.439371585845947266e-01 nan nan
8.440609574317932129e-01 nan nan
8.441847562789916992e-01 nan nan
8.443084955215454102e-01 nan nan
8.444322943687438965e-01 nan nan
8.445560932159423828e-01 nan nan
8.446798920631408691e-01 nan nan
8.448036909103393555e-01 nan nan
8.449274301528930664e-01 nan nan
8.450512290000915527e-01 nan nan
8.451750278472900391e-01 nan nan
8.452988266944885254e-01 nan nan
8.454225659370422363e-01 nan nan
8.455463647842407227e-01 nan nan
8.456701636314392090e-01 nan nan
8.457939624786376953e-01 nan nan
8.459177613258361816e-01 nan nan
8.460415005683898926e-01 nan nan
8.461652994155883789e-01 nan nan
8.462890982627868652e-01 nan nan
8.464128971099853516e-01 nan nan
8.465366959571838379e-01 nan nan
8.466604351997375488e-01 nan nan
8.467842340469360352e-01 nan nan
8.469080328941345215e-01 nan nan
8.470318317413330078e-01 nan nan
8.471555709838867188e-01 nan nan
8.472793698310852051e-01 nan nan
8.474031686782836914e-01 nan nan
8.475269675254821777e-01 nan nan
8.476507663726806641e-01 nan nan
8.477745056152343750e-01 nan nan
8.478983044624328613e-01 nan nan
8.480221033096313477e-01 nan nan
8.481459021568298340e-01 nan nan
8.482697010040283203e-01 nan nan
8.483934402465820312e-01 nan nan
8.485172390937805176e-01 nan nan
8.486410379409790039e-01 nan nan
8.487648367881774902e-01 nan nan
8.488885760307312012e-01 nan nan
8.490123748779296875e-01 nan nan
8.491361737251281738e-01 nan nan
8.492599725723266602e-01 nan nan
8.493837714195251465e-01 nan nan
8.495075106620788574e-01 nan nan
8.496313095092773438e-01 nan nan
8.497551083564758301e-01 nan nan
8.498789072036743164e-01 nan nan
8.500027060508728027e-01 nan nan
8.501264452934265137e-01 nan nan
8.502502441406250000e-01 nan nan
8.503740429878234863e-01 nan nan
8.504978418350219727e-01 nan nan
8.506216406822204590e-01 nan nan
8.507453799247741699e-01 nan nan
8.508691787719726562e-01 nan nan
8.509929776191711426e-01 nan nan
8.511167764663696289e-01 nan nan
8.512405157089233398e-01 nan nan
8.513643145561218262e-01 nan nan
8.514881134033203125e-01 nan nan
8.516119122505187988e-01 nan nan
8.517357110977172852e-01 nan nan
8.518594503402709961e-01 nan nan
8.519832491874694824e-01 nan nan
8.521070480346679688e-01 nan nan
8.522308468818664551e-01 nan nan
8.523546457290649414e-01 nan nan
8.524783849716186523e-01 nan nan
8.526021838188171387e-01 nan nan
8.527259826660156250e-01 nan nan
8.528497815132141113e-01 nan nan
8.529735207557678223e-01 nan nan
8.530973196029663086e-01 nan nan
8.532211184501647949e-01 nan nan
8.533449172973632812e-01 nan nan
8.534687161445617676e-01 nan nan
8.535924553871154785e-01 nan nan
8.537162542343139648e-01 nan nan
8.538400530815124512e-01 nan nan
8.539638519287109375e-01 nan nan
8.540876507759094238e-01 nan nan
8.542113900184631348e-01 nan nan
8.543351888656616211e-01 nan nan
8.544589877128601074e-01 nan nan
8.545827865600585938e-01 nan nan
8.547065854072570801e-01 nan nan
8.548303246498107910e-01 nan nan
8.549541234970092773e-01 nan nan
8.550779223442077637e-01 nan nan
8.552017211914062500e-01 nan nan
8.553254604339599609e-01 nan nan
8.554492592811584473e-01 nan nan
8.555730581283569336e-01 nan nan
8.556968569755554199e-01 nan nan
8.558206558227539062e-01 nan nan
8.559443950653076172e-01 nan nan
8.560681939125061035e-01 nan nan
8.561919927597045898e-01 nan nan
8.563157916069030762e-01 nan nan
8.564395904541015625e-01 nan nan
8.565633296966552734e-01 nan nan
8.566871285438537598e-01 nan nan
8.568109273910522461e-01 nan nan
8.569347262382507324e-01 nan nan
8.570584654808044434e-01 nan nan
8.571822643280029297e-01 nan nan
8.573060631752014160e-01 nan nan
8.574298620223999023e-01 nan nan
8.575536608695983887e-01 nan nan
8.576774001121520996e-01 nan nan
8.578011989593505859e-01 nan nan
8.579249978065490723e-01 nan nan
8.580487966537475586e-01 nan nan
8.581725955009460449e-01 nan nan
8.582963347434997559e-01 nan nan
8.584201335906982422e-01 nan nan
8.585439324378967285e-01 nan nan
8.586677312850952148e-01 nan nan
8.587915301322937012e-01 nan nan
8.589152693748474121e-01 nan nan
8.590390682220458984e-01 nan nan
8.591628670692443848e-01 nan nan
8.592866659164428711e-01 nan nan
8.594104051589965820e-01 nan nan
8.595342040061950684e-01 nan nan
8.596580028533935547e-01 nan nan
8.597818017005920410e-01 nan nan
8.599056005477905273e-01 nan nan
8.600293397903442383e-01 nan nan
8.601531386375427246e-01 nan nan
8.602769374847412109e-01 nan nan
8.604007363319396973e-01 nan nan
8.605245351791381836e-01 nan nan
8.606482744216918945e-01 nan nan
8.607720732688903809e-01 nan nan
8.608958721160888672e-01 nan nan
8.610196709632873535e-01 nan nan
8.611434102058410645e-01 nan nan
8.612672090530395508e-01 nan nan
8.613910079002380371e-01 nan nan
8.615148067474365234e-01 nan nan
8.616386055946350098e-01 nan nan
8.617623448371887207e-01 nan nan
8.618861436843872070e-01 nan nan
8.620099425315856934e-01 nan nan
8.621337413787841797e-01 nan nan
8.622575402259826660e-01 nan nan
8.623812794685363770e-01 nan nan
8.625050783157348633e-01 nan nan
8.626288771629333496e-01 nan nan
8.627526760101318359e-01 nan nan
8.628764152526855469e-01 nan nan
8.630002140998840332e-01 nan nan
8.631240129470825195e-01 nan nan
8.632478117942810059e-01 nan nan
8.633716106414794922e-01 nan nan
8.634953498840332031e-01 nan nan
8.636191487312316895e-01 nan nan
8.637429475784301758e-01 nan nan
8.638667464256286621e-01 nan nan
8.639905452728271484e-01 nan nan
8.641142845153808594e-01 nan nan
8.642380833625793457e-01 nan nan
8.643618822097778320e-01 nan nan
8.644856810569763184e-01 nan nan
8.646094799041748047e-01 nan nan
8.647332191467285156e-01 nan nan
8.648570179939270020e-01 nan nan
8.649808168411254883e-01 nan nan
8.651046156883239746e-01 nan nan
8.652283549308776855e-01 nan nan
8.653521537780761719e-01 nan nan
8.654759526252746582e-01 nan nan
8.655997514724731445e-01 nan nan
8.657235503196716309e-01 nan nan
8.658472895622253418e-01 nan nan
8.659710884094238281e-01 nan nan
8.660948872566223145e-01 nan nan
8.662186861038208008e-01 nan nan
8.663424849510192871e-01 nan nan
8.664662241935729980e-01 nan nan
8.665900230407714844e-01 nan nan
8.667138218879699707e-01 nan nan
8.668376207351684570e-01 nan nan
8.669613599777221680e-01 nan nan
8.670851588249206543e-01 nan nan
8.672089576721191406e-01 nan nan
8.673327565193176270e-01 nan nan
8.674565553665161133e-01 nan nan
8.675802946090698242e-01 nan nan
8.677040934562683105e-01 nan nan
8.678278923034667969e-01 nan nan
8.679516911506652832e-01 nan nan
8.680754899978637695e-01 nan nan
8.681992292404174805e-01 nan nan
8.683230280876159668e-01 nan nan
8.684468269348144531e-01 nan nan
8.685706257820129395e-01 nan nan
8.686944246292114258e-01 nan nan
8.688181638717651367e-01 nan nan
8.689419627189636230e-01 nan nan
8.690657615661621094e-01 nan nan
8.691895604133605957e-01 nan nan
8.693132996559143066e-01 nan nan
8.694370985031127930e-01 nan nan
8.695608973503112793e-01 nan nan
8.696846961975097656e-01 nan nan
8.698084950447082520e-01 nan nan
8.699322342872619629e-01 nan nan
8.700560331344604492e-01 nan nan
8.701798319816589355e-01 nan nan
8.703036308288574219e-01 nan nan
8.704274296760559082e-01 nan nan
8.705511689186096191e-01 nan nan
8.706749677658081055e-01 nan nan
8.707987666130065918e-01 nan nan
8.709225654602050781e-01 nan nan
8.710463047027587891e-01 nan nan
8.711701035499572754e-01 nan nan
8.712939023971557617e-01 nan nan
8.714177012443542480e-01 nan nan
8.715415000915527344e-01 nan nan
8.716652393341064453e-01 nan nan
8.717890381813049316e-01 nan nan
8.719128370285034180e-01 nan nan
8.720366358757019043e-01 nan nan
8.721604347229003906e-01 nan nan
8.722841739654541016e-01 nan nan
8.724079728126525879e-01 nan nan
8.725317716598510742e-01 nan nan
8.726555705070495605e-01 nan nan
8.727793097496032715e-01 nan nan
8.729031085968017578e-01 nan nan
8.730269074440002441e-01 nan nan
8.731507062911987305e-01 nan nan
8.732745051383972168e-01 nan nan
8.733982443809509277e-01 nan nan
8.735220432281494141e-01 nan nan
8.736458420753479004e-01 nan nan
8.737696409225463867e-01 nan nan
8.738934397697448730e-01 nan nan
8.740171790122985840e-01 nan nan
8.741409778594970703e-01 nan nan
8.742647767066955566e-01 nan nan
8.743885755538940430e-01 nan nan
8.745123744010925293e-01 nan nan
8.746361136436462402e-01 nan nan
8.747599124908447266e-01 nan nan
8.748837113380432129e-01 nan nan
8.750075101852416992e-01 nan nan
8.751312494277954102e-01 nan nan
8.752550482749938965e-01 nan nan
8.753788471221923828e-01 nan nan
8.755026459693908691e-01 nan nan
8.756264448165893555e-01 nan nan
8.757501840591430664e-01 nan nan
8.758739829063415527e-01 nan nan
8.759977817535400391e-01 nan nan
8.761215806007385254e-01 nan nan
8.762453794479370117e-01 nan nan
8.763691186904907227e-01 nan nan
8.764929175376892090e-01 nan nan
8.766167163848876953e-01 nan nan
8.767405152320861816e-01 nan nan
8.768642544746398926e-01 nan nan
8.769880533218383789e-01 nan nan
8.771118521690368652e-01 nan nan
8.772356510162353516e-01 nan nan
8.773594498634338379e-01 nan nan
8.774831891059875488e-01 nan nan
8.776069879531860352e-01 nan nan
8.777307868003845215e-01 nan nan
8.778545856475830078e-01 nan nan
8.779783844947814941e-01 nan nan
8.781021237373352051e-01 nan nan
8.782259225845336914e-01 nan nan
8.783497214317321777e-01 nan nan
8.784735202789306641e-01 nan nan
8.785973191261291504e-01 nan nan
8.787210583686828613e-01 nan nan
8.788448572158813477e-01 nan nan
8.789686560630798340e-01 nan nan
8.790924549102783203e-01 nan nan
8.792161941528320312e-01 nan nan
8.793399930000305176e-01 nan nan
8.794637918472290039e-01 nan nan
8.795875906944274902e-01 nan nan
8.797113895416259766e-01 nan nan
8.798351287841796875e-01 nan nan
8.799589276313781738e-01 nan nan
8.800827264785766602e-01 nan nan
8.802065253257751465e-01 nan nan
8.803303241729736328e-01 nan nan
8.804540634155273438e-01 nan nan
8.805778622627258301e-01 nan nan
8.807016611099243164e-01 nan nan
8.808254599571228027e-01 nan nan
8.809491991996765137e-01 nan nan
8.810729980468750000e-01 nan nan
8.811967968940734863e-01 nan nan
8.813205957412719727e-01 nan nan
8.814443945884704590e-01 nan nan
8.815681338310241699e-01 nan nan
8.816919326782226562e-01 nan nan
8.818157315254211426e-01 nan nan
8.819395303726196289e-01 nan nan
8.820633292198181152e-01 nan nan
8.821870684623718262e-01 nan nan
8.823108673095703125e-01 nan nan
8.824346661567687988e-01 nan nan
8.825584650039672852e-01 nan nan
8.826822042465209961e-01 nan nan
8.828060030937194824e-01 nan nan
8.829298019409179688e-01 nan nan
8.830536007881164551e-01 nan nan
8.831773996353149414e-01 nan nan
8.833011388778686523e-01 nan nan
8.834249377250671387e-01 nan nan
8.835487365722656250e-01 nan nan
8.836725354194641113e-01 nan nan
8.837963342666625977e-01 nan nan
8.839200735092163086e-01 nan nan
8.840438723564147949e-01 nan nan
8.841676712036132812e-01 nan nan
8.842914700508117676e-01 nan nan
8.844152688980102539e-01 nan nan
8.845390081405639648e-01 nan nan
8.846628069877624512e-01 nan nan
8.847866058349609375e-01 nan nan
8.849104046821594238e-01 nan nan
8.850341439247131348e-01 nan nan
8.851579427719116211e-01 nan nan
8.852817416191101074e-01 nan nan
8.854055404663085938e-01 nan nan
8.855293393135070801e-01 nan nan
8.856530785560607910e-01 nan nan
8.857768774032592773e-01 nan nan
8.859006762504577637e-01 nan nan
8.860244750976562500e-01 nan nan
8.861482739448547363e-01 nan nan
8.862720131874084473e-01 nan nan
8.863958120346069336e-01 nan nan
8.865196108818054199e-01 nan nan
8.866434097290039062e-01 nan nan
8.867671489715576172e-01 nan nan
8.868909478187561035e-01 nan nan
8.870147466659545898e-01 nan nan
8.871385455131530762e-01 nan nan
8.872623443603515625e-01 nan nan
8.873860836029052734e-01 nan nan
8.875098824501037598e-01 nan nan
8.876336812973022461e-01 nan nan
8.877574801445007324e-01 nan nan
8.878812789916992188e-01 nan nan
8.880050182342529297e-01 nan nan
8.881288170814514160e-01 nan nan
8.882526159286499023e-01 nan nan
8.883764147758483887e-01 nan nan
8.885002136230468750e-01 nan nan
8.886239528656005859e-01 nan nan
8.887477517127990723e-01 nan nan
8.888715505599975586e-01 nan nan
8.889953494071960449e-01 nan nan
8.891190886497497559e-01 nan nan
8.892428874969482422e-01 nan nan
8.893666863441467285e-01 nan nan
8.894904851913452148e-01 nan nan
8.896142840385437012e-01 nan nan
8.897380232810974121e-01 nan nan
8.898618221282958984e-01 nan nan
8.899856209754943848e-01 nan nan
8.901094198226928711e-01 nan nan
8.902332186698913574e-01 nan nan
8.903569579124450684e-01 nan nan
8.904807567596435547e-01 nan nan
8.906045556068420410e-01 nan nan
8.907283544540405273e-01 nan nan
8.908520936965942383e-01 nan nan
8.909758925437927246e-01 nan nan
8.910996913909912109e-01 nan nan
8.912234902381896973e-01 nan nan
8.913472890853881836e-01 nan nan
8.914710283279418945e-01 nan nan
8.915948271751403809e-01 nan nan
8.917186260223388672e-01 nan nan
8.918424248695373535e-01 nan nan
8.919662237167358398e-01 nan nan
8.920899629592895508e-01 nan nan
8.922137618064880371e-01 nan nan
8.923375606536865234e-01 nan nan
8.924613595008850098e-01 nan nan
8.925850987434387207e-01 nan nan
8.927088975906372070e-01 nan nan
8.928326964378356934e-01 nan nan
8.929564952850341797e-01 nan nan
8.930802941322326660e-01 nan nan
8.932040333747863770e-01 nan nan
8.933278322219848633e-01 nan nan
8.934516310691833496e-01 nan nan
8.935754299163818359e-01 nan nan
8.936992287635803223e-01 nan nan
8.938229680061340332e-01 nan nan
8.939467668533325195e-01 nan nan
8.940705657005310059e-01 nan nan
8.941943645477294922e-01 nan nan
8.943181633949279785e-01 nan nan
8.944419026374816895e-01 nan nan
8.945657014846801758e-01 nan nan
8.946895003318786621e-01 nan nan
8.948132991790771484e-01 nan nan
8.949370384216308594e-01 nan nan
8.950608372688293457e-01 nan nan
8.951846361160278320e-01 nan nan
8.953084349632263184e-01 nan nan
8.954322338104248047e-01 nan nan
8.955559730529785156e-01 nan nan
8.956797719001770020e-01 nan nan
8.958035707473754883e-01 nan nan
8.959273695945739746e-01 nan nan
8.960511684417724609e-01 nan nan
8.961749076843261719e-01 nan nan
8.962987065315246582e-01 nan nan
8.964225053787231445e-01 nan nan
8.965463042259216309e-01 nan nan
8.966700434684753418e-01 nan nan
8.967938423156738281e-01 nan nan
8.969176411628723145e-01 nan nan
8.970414400100708008e-01 nan nan
8.971652388572692871e-01 nan nan
8.972889780998229980e-01 nan nan
8.974127769470214844e-01 nan nan
8.975365757942199707e-01 nan nan
8.976603746414184570e-01 nan nan
8.977841734886169434e-01 nan nan
8.979079127311706543e-01 nan nan
8.980317115783691406e-01 nan nan
8.981555104255676270e-01 nan nan
8.982793092727661133e-01 nan nan
8.984031081199645996e-01 nan nan
8.985268473625183105e-01 nan nan
8.986506462097167969e-01 nan nan
8.987744450569152832e-01 nan nan
8.988982439041137695e-01 nan nan
8.990219831466674805e-01 nan nan
8.991457819938659668e-01 nan nan
8.992695808410644531e-01 nan nan
8.993933796882629395e-01 nan nan
8.995171785354614258e-01 nan nan
8.996409177780151367e-01 nan nan
8.997647166252136230e-01 nan nan
8.998885154724121094e-01 nan nan
9.000123143196105957e-01 nan nan
9.001361131668090820e-01 nan nan
9.002598524093627930e-01 nan nan
9.003836512565612793e-01 nan nan
9.005074501037597656e-01 nan nan
9.006312489509582520e-01 nan nan
9.007549881935119629e-01 nan nan
9.008787870407104492e-01 nan nan
9.010025858879089355e-01 nan nan
9.011263847351074219e-01 nan nan
9.012501835823059082e-01 nan nan
9.013739228248596191e-01 nan nan
9.014977216720581055e-01 nan nan
9.016215205192565918e-01 nan nan
9.017453193664550781e-01 nan nan
9.018691182136535645e-01 nan nan
9.019928574562072754e-01 nan nan
9.021166563034057617e-01 nan nan
9.022404551506042480e-01 nan nan
9.023642539978027344e-01 nan nan
9.024879932403564453e-01 nan nan
9.026117920875549316e-01 nan nan
9.027355909347534180e-01 nan nan
9.028593897819519043e-01 nan nan
9.029831886291503906e-01 nan nan
9.031069278717041016e-01 nan nan
9.032307267189025879e-01 nan nan
9.033545255661010742e-01 nan nan
9.034783244132995605e-01 nan nan
9.036021232604980469e-01 nan nan
9.037258625030517578e-01 nan nan
9.038496613502502441e-01 nan nan
9.039734601974487305e-01 nan nan
9.040972590446472168e-01 nan nan
9.042210578918457031e-01 nan nan
9.043447971343994141e-01 nan nan
9.044685959815979004e-01 nan nan
9.045923948287963867e-01 nan nan
9.047161936759948730e-01 nan nan
9.048399329185485840e-01 nan nan
9.049637317657470703e-01 nan nan
9.050875306129455566e-01 nan nan
9.052113294601440430e-01 nan nan
9.053351283073425293e-01 nan nan
9.054588675498962402e-01 nan nan
9.055826663970947266e-01 nan nan
9.057064652442932129e-01 nan nan
9.058302640914916992e-01 nan nan
9.059540629386901855e-01 nan nan
9.060778021812438965e-01 nan nan
9.062016010284423828e-01 nan nan
9.063253998756408691e-01 nan nan
9.064491987228393555e-01 nan nan
9.065729379653930664e-01 nan nan
9.066967368125915527e-01 nan nan
9.068205356597900391e-01 nan nan
9.069443345069885254e-01 nan nan
9.070681333541870117e-01 nan nan
9.071918725967407227e-01 nan nan
9.073156714439392090e-01 nan nan
9.074394702911376953e-01 nan nan
9.075632691383361816e-01 nan nan
9.076870679855346680e-01 nan nan
9.078108072280883789e-01 nan nan
9.079346060752868652e-01 nan nan
9.080584049224853516e-01 nan nan
9.081822037696838379e-01 nan nan
9.083060026168823242e-01 nan nan
9.084297418594360352e-01 nan nan
9.085535407066345215e-01 nan nan
9.086773395538330078e-01 nan nan
9.088011384010314941e-01 nan nan
9.089248776435852051e-01 nan nan
9.090486764907836914e-01 nan nan
9.091724753379821777e-01 nan nan
9.092962741851806641e-01 nan nan
9.094200730323791504e-01 nan nan
9.095438122749328613e-01 nan nan
9.096676111221313477e-01 nan nan
9.097914099693298340e-01 nan nan
9.099152088165283203e-01 nan nan
9.100390076637268066e-01 nan nan
9.101627469062805176e-01 nan nan
9.102865457534790039e-01 nan nan
9.104103446006774902e-01 nan nan
9.105341434478759766e-01 nan nan
9.106578826904296875e-01 nan nan
9.107816815376281738e-01 nan nan
9.109054803848266602e-01 nan nan
9.110292792320251465e-01 nan nan
9.111530780792236328e-01 nan nan
9.112768173217773438e-01 nan nan
9.114006161689758301e-01 nan nan
9.115244150161743164e-01 nan nan
9.116482138633728027e-01 nan nan
9.117720127105712891e-01 nan nan
9.118957519531250000e-01 nan nan
9.120195508003234863e-01 nan nan
9.121433496475219727e-01 nan nan
9.122671484947204590e-01 nan nan
9.123908877372741699e-01 nan nan
9.125146865844726562e-01 nan nan
9.126384854316711426e-01 nan nan
9.127622842788696289e-01 nan nan
9.128860831260681152e-01 nan nan
9.130098223686218262e-01 nan nan
9.131336212158203125e-01 nan nan
9.132574200630187988e-01 nan nan
9.133812189102172852e-01 nan nan
9.135050177574157715e-01 nan nan
9.136287569999694824e-01 nan nan
9.137525558471679688e-01 nan nan
9.138763546943664551e-01 nan nan
9.140001535415649414e-01 nan nan
9.141239523887634277e-01 nan nan
9.142476916313171387e-01 nan nan
9.143714904785156250e-01 nan nan
9.144952893257141113e-01 nan nan
9.146190881729125977e-01 nan nan
9.147428274154663086e-01 nan nan
9.148666262626647949e-01 nan nan
9.149904251098632812e-01 nan nan
9.151142239570617676e-01 nan nan
9.152380228042602539e-01 nan nan
9.153617620468139648e-01 nan nan
9.154855608940124512e-01 nan nan
9.156093597412109375e-01 nan nan
9.157331585884094238e-01 nan nan
9.158569574356079102e-01 nan nan
9.159806966781616211e-01 nan nan
9.161044955253601074e-01 nan nan
9.162282943725585938e-01 nan nan
9.163520932197570801e-01 nan nan
9.164758324623107910e-01 nan nan
9.165996313095092773e-01 nan nan
9.167234301567077637e-01 nan nan
9.168472290039062500e-01 nan nan
9.169710278511047363e-01 nan nan
9.170947670936584473e-01 nan nan
9.172185659408569336e-01 nan nan
9.173423647880554199e-01 nan nan
9.174661636352539062e-01 nan nan
9.175899624824523926e-01 nan nan
9.177137017250061035e-01 nan nan
9.178375005722045898e-01 nan nan
9.179612994194030762e-01 nan nan
9.180850982666015625e-01 nan nan
9.182088971138000488e-01 nan nan
9.183326363563537598e-01 nan nan
9.184564352035522461e-01 nan nan
9.185802340507507324e-01 nan nan
9.187040328979492188e-01 nan nan
9.188277721405029297e-01 nan nan
9.189515709877014160e-01 nan nan
9.190753698348999023e-01 nan nan
9.191991686820983887e-01 nan nan
9.193229675292968750e-01 nan nan
9.194467067718505859e-01 nan nan
9.195705056190490723e-01 nan nan
9.196943044662475586e-01 nan nan
9.198181033134460449e-01 nan nan
9.199419021606445312e-01 nan nan
9.200656414031982422e-01 nan nan
9.201894402503967285e-01 nan nan
9.203132390975952148e-01 nan nan
9.204370379447937012e-01 nan nan
9.205607771873474121e-01 nan nan
9.206845760345458984e-01 nan nan
9.208083748817443848e-01 nan nan
9.209321737289428711e-01 nan nan
9.210559725761413574e-01 nan nan
9.211797118186950684e-01 nan nan
9.213035106658935547e-01 nan nan
9.214273095130920410e-01 nan nan
9.215511083602905273e-01 nan nan
9.216749072074890137e-01 nan nan
9.217986464500427246e-01 nan nan
9.219224452972412109e-01 nan nan
9.220462441444396973e-01 nan nan
9.221700429916381836e-01 nan nan
9.222937822341918945e-01 nan nan
9.224175810813903809e-01 nan nan
9.225413799285888672e-01 nan nan
9.226651787757873535e-01 nan nan
9.227889776229858398e-01 nan nan
9.229127168655395508e-01 nan nan
9.230365157127380371e-01 nan nan
9.231603145599365234e-01 nan nan
9.232841134071350098e-01 nan nan
9.234079122543334961e-01 nan nan
9.235316514968872070e-01 nan nan
9.236554503440856934e-01 nan nan
9.237792491912841797e-01 nan nan
9.239030480384826660e-01 nan nan
9.240268468856811523e-01 nan nan
9.241505861282348633e-01 nan nan
9.242743849754333496e-01 nan nan
9.243981838226318359e-01 nan nan
9.245219826698303223e-01 nan nan
9.246457219123840332e-01 nan nan
9.247695207595825195e-01 nan nan
9.248933196067810059e-01 nan nan
9.250171184539794922e-01 nan nan
9.251409173011779785e-01 nan nan
9.252646565437316895e-01 nan nan
9.253884553909301758e-01 nan nan
9.255122542381286621e-01 nan nan
9.256360530853271484e-01 nan nan
9.257598519325256348e-01 nan nan
9.258835911750793457e-01 nan nan
9.260073900222778320e-01 nan nan
9.261311888694763184e-01 nan nan
9.262549877166748047e-01 nan nan
9.263787269592285156e-01 nan nan
9.265025258064270020e-01 nan nan
9.266263246536254883e-01 nan nan
9.267501235008239746e-01 nan nan
9.268739223480224609e-01 nan nan
9.269976615905761719e-01 nan nan
9.271214604377746582e-01 nan nan
9.272452592849731445e-01 nan nan
9.273690581321716309e-01 nan nan
9.274928569793701172e-01 nan nan
9.276165962219238281e-01 nan nan
9.277403950691223145e-01 nan nan
9.278641939163208008e-01 nan nan
9.279879927635192871e-01 nan nan
9.281117916107177734e-01 nan nan
9.282355308532714844e-01 nan nan
9.283593297004699707e-01 nan nan
9.284831285476684570e-01 nan nan
9.286069273948669434e-01 nan nan
9.287306666374206543e-01 nan nan
9.288544654846191406e-01 nan nan
9.289782643318176270e-01 nan nan
9.291020631790161133e-01 nan nan
9.292258620262145996e-01 nan nan
9.293496012687683105e-01 nan nan
9.294734001159667969e-01 nan nan
9.295971989631652832e-01 nan nan
9.297209978103637695e-01 nan nan
9.298447966575622559e-01 nan nan
9.299685359001159668e-01 nan nan
9.300923347473144531e-01 nan nan
9.302161335945129395e-01 nan nan
9.303399324417114258e-01 nan nan
9.304636716842651367e-01 nan nan
9.305874705314636230e-01 nan nan
9.307112693786621094e-01 nan nan
9.308350682258605957e-01 nan nan
9.309588670730590820e-01 nan nan
9.310826063156127930e-01 nan nan
9.312064051628112793e-01 nan nan
9.313302040100097656e-01 nan nan
9.314540028572082520e-01 nan nan
9.315778017044067383e-01 nan nan
9.317015409469604492e-01 nan nan
9.318253397941589355e-01 nan nan
9.319491386413574219e-01 nan nan
9.320729374885559082e-01 nan nan
9.321966767311096191e-01 nan nan
9.323204755783081055e-01 nan nan
9.324442744255065918e-01 nan nan
9.325680732727050781e-01 nan nan
9.326918721199035645e-01 nan nan
9.328156113624572754e-01 nan nan
9.329394102096557617e-01 nan nan
9.330632090568542480e-01 nan nan
9.331870079040527344e-01 nan nan
9.333108067512512207e-01 nan nan
9.334345459938049316e-01 nan nan
9.335583448410034180e-01 nan nan
9.336821436882019043e-01 nan nan
9.338059425354003906e-01 nan nan
9.339297413825988770e-01 nan nan
9.340534806251525879e-01 nan nan
9.341772794723510742e-01 nan nan
9.343010783195495605e-01 nan nan
9.344248771667480469e-01 nan nan
9.345486164093017578e-01 nan nan
9.346724152565002441e-01 nan nan
9.347962141036987305e-01 nan nan
9.349200129508972168e-01 nan nan
9.350438117980957031e-01 nan nan
9.351675510406494141e-01 nan nan
9.352913498878479004e-01 nan nan
9.354151487350463867e-01 nan nan
9.355389475822448730e-01 nan nan
9.356627464294433594e-01 nan nan
9.357864856719970703e-01 nan nan
9.359102845191955566e-01 nan nan
9.360340833663940430e-01 nan nan
9.361578822135925293e-01 nan nan
9.362816214561462402e-01 nan nan
9.364054203033447266e-01 nan nan
9.365292191505432129e-01 nan nan
9.366530179977416992e-01 nan nan
9.367768168449401855e-01 nan nan
9.369005560874938965e-01 nan nan
9.370243549346923828e-01 nan nan
9.371481537818908691e-01 nan nan
9.372719526290893555e-01 nan nan
9.373957514762878418e-01 nan nan
9.375194907188415527e-01 nan nan
9.376432895660400391e-01 nan nan
9.377670884132385254e-01 nan nan
9.378908872604370117e-01 nan nan
9.380146861076354980e-01 nan nan
9.381384253501892090e-01 nan nan
9.382622241973876953e-01 nan nan
9.383860230445861816e-01 nan nan
9.385098218917846680e-01 nan nan
9.386335611343383789e-01 nan nan
9.387573599815368652e-01 nan nan
9.388811588287353516e-01 nan nan
9.390049576759338379e-01 nan nan
9.391287565231323242e-01 nan nan
9.392524957656860352e-01 nan nan
9.393762946128845215e-01 nan nan
9.395000934600830078e-01 nan nan
9.396238923072814941e-01 nan nan
9.397476911544799805e-01 nan nan
9.398714303970336914e-01 nan nan
9.399952292442321777e-01 nan nan
9.401190280914306641e-01 nan nan
9.402428269386291504e-01 nan nan
9.403665661811828613e-01 nan nan
9.404903650283813477e-01 nan nan
9.406141638755798340e-01 nan nan
9.407379627227783203e-01 nan nan
9.408617615699768066e-01 nan nan
9.409855008125305176e-01 nan nan
9.411092996597290039e-01 nan nan
9.412330985069274902e-01 nan nan
9.413568973541259766e-01 nan nan
9.414806962013244629e-01 nan nan
9.416044354438781738e-01 nan nan
9.417282342910766602e-01 nan nan
9.418520331382751465e-01 nan nan
9.419758319854736328e-01 nan nan
9.420995712280273438e-01 nan nan
9.422233700752258301e-01 nan nan
9.423471689224243164e-01 nan nan
9.424709677696228027e-01 nan nan
9.425947666168212891e-01 nan nan
9.427185058593750000e-01 nan nan
9.428423047065734863e-01 nan nan
9.429661035537719727e-01 nan nan
9.430899024009704590e-01 nan nan
9.432137012481689453e-01 nan nan
9.433374404907226562e-01 nan nan
9.434612393379211426e-01 nan nan
9.435850381851196289e-01 nan nan
9.437088370323181152e-01 nan nan
9.438326358795166016e-01 nan nan
9.439563751220703125e-01 nan nan
9.440801739692687988e-01 nan nan
9.442039728164672852e-01 nan nan
9.443277716636657715e-01 nan nan
9.444515109062194824e-01 nan nan
9.445753097534179688e-01 nan nan
9.446991086006164551e-01 nan nan
9.448229074478149414e-01 nan nan
9.449467062950134277e-01 nan nan
9.450704455375671387e-01 nan nan
9.451942443847656250e-01 nan nan
9.453180432319641113e-01 nan nan
9.454418420791625977e-01 nan nan
9.455656409263610840e-01 nan nan
9.456893801689147949e-01 nan nan
9.458236694335937500e-01 nan nan
9.459678530693054199e-01 nan nan
9.461120367050170898e-01 nan nan
9.462562203407287598e-01 nan nan
9.464004039764404297e-01 nan nan
9.465445876121520996e-01 nan nan
9.466888308525085449e-01 nan nan
9.468330144882202148e-01 nan nan
9.469771981239318848e-01 nan nan
9.471213817596435547e-01 nan nan
9.472655653953552246e-01 nan nan
9.474097490310668945e-01 nan nan
9.475539326667785645e-01 nan nan
9.476981163024902344e-01 nan nan
9.478422999382019043e-01 nan nan
9.479864835739135742e-01 nan nan
9.481306672096252441e-01 nan nan
9.482748508453369141e-01 nan nan
9.484190344810485840e-01 nan nan
9.485632181167602539e-01 nan nan
9.487074017524719238e-01 nan nan
9.488516449928283691e-01 nan nan
9.489958286285400391e-01 nan nan
9.491400122642517090e-01 nan nan
9.492841958999633789e-01 nan nan
9.494283795356750488e-01 nan nan
9.495725631713867188e-01 nan nan
9.497167468070983887e-01 nan nan
9.498609304428100586e-01 nan nan
9.500051140785217285e-01 nan nan
9.501492977142333984e-01 nan nan
9.502934813499450684e-01 nan nan
9.504376649856567383e-01 nan nan
9.505818486213684082e-01 nan nan
9.507260322570800781e-01 nan nan
9.508702158927917480e-01 nan nan
9.510143995285034180e-01 nan nan
9.511586427688598633e-01 nan nan
9.513028264045715332e-01 nan nan
9.514470100402832031e-01 nan nan
9.515911936759948730e-01 nan nan
9.517353773117065430e-01 nan nan
9.518795609474182129e-01 nan nan
9.520237445831298828e-01 nan nan
9.521679282188415527e-01 nan nan
9.523121118545532227e-01 nan nan
9.524562954902648926e-01 nan nan
9.526004791259765625e-01 nan nan
9.527446627616882324e-01 nan nan
9.528888463973999023e-01 nan nan
9.530330300331115723e-01 nan nan
9.531772136688232422e-01 nan nan
9.533213973045349121e-01 nan nan
9.534656405448913574e-01 nan nan
9.536098241806030273e-01 nan nan
9.537540078163146973e-01 nan nan
9.538981914520263672e-01 nan nan
9.540423750877380371e-01 nan nan
9.541865587234497070e-01 nan nan
9.543307423591613770e-01 nan nan
9.544749259948730469e-01 nan nan
9.546191096305847168e-01 1.735167956515878789e-15 7.599542545074140266e-16
9.547632932662963867e-01 1.978209661170396948e-15 7.137939764369292516e-16
9.549074769020080566e-01 1.520969100143908844e-15 6.720916857074030627e-16
9.550516605377197266e-01 2.823604446704707470e-15 5.969221173802346028e-16
9.551958441734313965e-01 4.176531421596664517e-15 5.352155554145220095e-16
9.553400278091430664e-01 4.120830534985221727e-15 5.702785901452321789e-16
9.554842114448547363e-01 1.604778033956156744e-15 6.720417637030742623e-16
9.556284546852111816e-01 2.254308097140935059e-15 7.039916876548288609e-16
9.557726383209228516e-01 3.157686734837775525e-15 7.170376891084395948e-16
9.559168219566345215e-01 2.721019651188028715e-15 6.196274708060965641e-16
9.560610055923461914e-01 3.287731067955017815e-15 5.086823012813402548e-16
9.562051892280578613e-01 3.375040047784438890e-15 4.647431024172338655e-16
9.563493728637695312e-01 3.823114547651332989e-15 5.038193792520349098e-16
9.564935564994812012e-01 4.775650530683839962e-15 5.825088459310778181e-16
9.566377401351928711e-01 3.172535857677853850e-15 6.744109677961037438e-16
9.567819237709045410e-01 3.379623554820268723e-15 6.922131121881065774e-16
9.569261074066162109e-01 3.776682319065220381e-15 5.893805595343559398e-16
9.570702910423278809e-01 4.476674158324436825e-15 5.282776144226804423e-16
9.572144746780395508e-01 3.488034454706399369e-15 4.988746126642011180e-16
9.573586583137512207e-01 2.630809795272498475e-15 4.786630830537334270e-16
9.575028419494628906e-01 3.610027739659989535e-15 4.869080488227475832e-16
9.576470255851745605e-01 3.053185315519697102e-15 4.674589018043679659e-16
9.577912092208862305e-01 2.311228287679950415e-15 4.299434155237809784e-16
9.579354524612426758e-01 2.980279072167151336e-15 4.118274454248204266e-16
9.580796360969543457e-01 3.554130764921257374e-15 4.715206894842483530e-16
9.582238197326660156e-01 3.455977222268139491e-15 5.429026970482100055e-16
9.583680033683776855e-01 3.315173664896636264e-15 5.472201827990427845e-16
9.585121870040893555e-01 3.653991714237803112e-15 4.506458801365213415e-16
9.586563706398010254e-01 3.447735591691355149e-15 4.108298523711916743e-16
9.588005542755126953e-01 3.773734644408775415e-15 4.104760043574761904e-16
9.589447379112243652e-01 2.019379062296981775e-15 4.414093034840684167e-16
9.590889215469360352e-01 2.196511862776221943e-15 5.004500410065349132e-16
9.592331051826477051e-01 3.599712995944800292e-15 5.466190011647290448e-16
9.593772888183593750e-01 3.137503845528836870e-15 5.181874403176319963e-16
9.595214724540710449e-01 2.742668331012190937e-15 4.385590111467780943e-16
9.596656560897827148e-01 2.718485752126317476e-15 3.914257569176941452e-16
9.598098397254943848e-01 3.022872970952781083e-15 3.769228852645856165e-16
9.599540233612060547e-01 4.082859318509232324e-15 4.059846386244398645e-16
9.600982069969177246e-01 2.766933495610421692e-15 4.376267455092063300e-16
9.602424502372741699e-01 2.669707030518073641e-15 4.125164802576321982e-16
9.603866338729858398e-01 3.809559479396422421e-15 3.792306265293799578e-16
9.605308175086975098e-01 3.875583580052526997e-15 3.839254919279941293e-16
9.606750011444091797e-01 3.028232783684769482e-15 3.985602889626375153e-16
9.608191847801208496e-01 3.399109759530090716e-15 4.015994696471655466e-16
9.609633684158325195e-01 4.103638307254801193e-15 4.116260633416107166e-16
9.611075520515441895e-01 3.782527269917748680e-15 4.137169112323487536e-16
9.612517356872558594e-01 3.242567271207418521e-15 3.574565328894648963e-16
9.613959193229675293e-01 2.060284189144023261e-15 3.310034027791374780e-16
9.615401029586791992e-01 2.632396923257416220e-15 3.401963042952476030e-16
9.616842865943908691e-01 3.105700722974753282e-15 3.631773404756612374e-16
9.618284702301025391e-01 2.928658131504395697e-15 3.820889127401099926e-16
9.619726538658142090e-01 3.080769790479980647e-15 4.049782840737629506e-16
9.621168375015258789e-01 3.830174567266697583e-15 3.880309547442173162e-16
9.622610211372375488e-01 3.691244223258047241e-15 3.832383099797544764e-16
9.624052643775939941e-01 3.210467687121795928e-15 3.671594276491609151e-16
9.625494480133056641e-01 3.003988159635509643e-15 3.601805908478347262e-16
9.626936316490173340e-01 3.805351843230936684e-15 3.961355248022240720e-16
9.628378152847290039e-01 3.601033096793096119e-15 3.974407496343837455e-16
9.629819989204406738e-01 2.749778749087917161e-15 3.382929418534283850e-16
9.631261825561523438e-01 2.783164976220419036e-15 3.063686935878874324e-16
9.632703661918640137e-01 3.252295656364870974e-15 2.935405648901782657e-16
9.634145498275756836e-01 2.889396460333264367e-15 3.010208981358382038e-16
9.635587334632873535e-01 2.918968074587806501e-15 3.284113760814209122e-16
9.637029170989990234e-01 2.912356982434486687e-15 3.881817001390489800e-16
9.638471007347106934e-01 2.729524920769645958e-15 3.794152532421017935e-16
9.639912843704223633e-01 2.618136700073916447e-15 3.318113133921404704e-16
9.641354680061340332e-01 2.120029446320368521e-15 3.013714638968830774e-16
9.642796516418457031e-01 2.461214952749111139e-15 3.005402863476101935e-16
9.644238352775573730e-01 3.078214503836351236e-15 3.190277862730601629e-16
9.645680189132690430e-01 3.238010445709427199e-15 3.625008523183806701e-16
9.647122621536254883e-01 3.136874711807263738e-15 3.551747584784598196e-16
9.648564457893371582e-01 2.394510049361650919e-15 3.167060424948565239e-16
9.650006294250488281e-01 2.766019547060334302e-15 2.897895853623810034e-16
9.651448130607604980e-01 2.960647389548638417e-15 2.912167299993860927e-16
9.652889966964721680e-01 3.021442544063105383e-15 3.046295761284967436e-16
9.654331803321838379e-01 3.555631283787318367e-15 3.372569411495975706e-16
9.655773639678955078e-01 3.538191934194536391e-15 3.034764995894876239e-16
9.657215476036071777e-01 3.119976616267777260e-15 2.775721938894217889e-16
9.658657312393188477e-01 3.011827449562348193e-15 2.699459062790380941e-16
9.660099148750305176e-01 3.135482824916688109e-15 2.770483834208838092e-16
9.661540985107421875e-01 3.329853381147263730e-15 3.041008687507324500e-16
9.662982821464538574e-01 3.189727450133563944e-15 3.483111446277398172e-16
9.664424657821655273e-01 3.233558652296895410e-15 3.247175977473429169e-16
9.665866494178771973e-01 2.710677590660290522e-15 2.851486124350358867e-16
9.667308330535888672e-01 2.896986087298899712e-15 2.661073647203184185e-16
9.668750166893005371e-01 3.478567590971411681e-15 2.741935382815019950e-16
9.670192599296569824e-01 3.594798510784830842e-15 2.932097455847162580e-16
9.671634435653686523e-01 3.144294085150500968e-15 3.346769052620405735e-16
9.673076272010803223e-01 2.965293577022565068e-15 2.896599628516714937e-16
9.674518108367919922e-01 2.938491336989070869e-15 2.548808165071895235e-16
9.675959944725036621e-01 2.782780211504128770e-15 2.446572611827281269e-16
9.677401781082153320e-01 2.766781876712863172e-15 2.455323520963602259e-16
9.678843617439270020e-01 3.023647370824808327e-15 2.574467704719984179e-16
9.680285453796386719e-01 3.272480875014414578e-15 2.846897323358608695e-16
9.681727290153503418e-01 3.648963303146427958e-15 3.052749622947453171e-16
9.683169126510620117e-01 3.158918108984846464e-15 2.819340429908670119e-16
9.684610962867736816e-01 2.964484025283226770e-15 2.570239422126409119e-16
9.686052799224853516e-01 3.076303597507345534e-15 2.457125583558885783e-16
9.687494635581970215e-01 2.756939565624005016e-15 2.494409856314651949e-16
9.688936471939086914e-01 2.873037501264705251e-15 2.718661035006839912e-16
9.690378308296203613e-01 2.496378255004952536e-15 2.581174352777666119e-16
9.691820144653320312e-01 2.451680114620106293e-15 2.447164740796971228e-16
9.693262577056884766e-01 2.923515159206904399e-15 2.347194471290670482e-16
9.694704413414001465e-01 3.529437001651715942e-15 2.337763553516381898e-16
9.696146249771118164e-01 3.680875269434233724e-15 2.431093878809596981e-16
9.697588086128234863e-01 2.941178549014235137e-15 2.609149998140903540e-16
9.699029922485351562e-01 3.337249672842688281e-15 2.566151694062519069e-16
9.700471758842468262e-01 2.835002122042961335e-15 2.603737987003540595e-16
9.701913595199584961e-01 2.718810377503352686e-15 2.670481006873627258e-16
9.703355431556701660e-01 2.635559320765990150e-15 2.518978311647558947e-16
9.704797267913818359e-01 3.020680214410576513e-15 2.389161777453568860e-16
9.706239104270935059e-01 3.164099621281437832e-15 2.469641818843548156e-16
9.707680940628051758e-01 3.303106198255341061e-15 2.386800143717505464e-16
9.709122776985168457e-01 2.955346445606484192e-15 2.255764146777265201e-16
9.710564613342285156e-01 3.316244314541965700e-15 2.149403278381726776e-16
9.712006449699401855e-01 3.641030839595391436e-15 2.154634897971104157e-16
9.713448286056518555e-01 3.246634723420133671e-15 2.326115262304859167e-16
9.714890718460083008e-01 3.411055676943454927e-15 2.546057954971278929e-16
9.716332554817199707e-01 3.498953768187691368e-15 2.545209069139452510e-16
9.717774391174316406e-01 3.211398152814354777e-15 2.245224409935461535e-16
9.719216227531433105e-01 3.368910070345159519e-15 2.049616576796963797e-16
9.720658063888549805e-01 3.289308455061042136e-15 2.186725535271221376e-16
9.722099900245666504e-01 3.760218963185912172e-15 2.511745973766987307e-16
9.723541736602783203e-01 3.767799484547364533e-15 2.692202108014779723e-16
9.724983572959899902e-01 3.912490499630291371e-15 2.398849187392197886e-16
9.726425409317016602e-01 3.846751425560937868e-15 2.134186331484303270e-16
9.727867245674133301e-01 3.668687735872665223e-15 1.977874474351300660e-16
9.729309082031250000e-01 3.072907207147092604e-15 1.955705107492593459e-16
9.730750918388366699e-01 3.002517710439076178e-15 2.018163067091859422e-16
9.732192754745483398e-01 3.184183619493784548e-15 2.126819394774457001e-16
9.733634591102600098e-01 3.070522809400571748e-15 2.134125583340117376e-16
9.735076427459716797e-01 3.212093143347576930e-15 2.026120544584619548e-16
9.736518263816833496e-01 3.787124964755445022e-15 2.051122574907402341e-16
9.737960696220397949e-01 3.256045471222365761e-15 2.065108147657754908e-16
9.739402532577514648e-01 3.143053605399247045e-15 2.173592686470737475e-16
9.740844368934631348e-01 3.138617270338002647e-15 2.305745708110169346e-16
9.742286205291748047e-01 3.043166186303099610e-15 2.170736464902816372e-16
9.743728041648864746e-01 3.149028787567415694e-15 2.054808756414734650e-16
9.745169878005981445e-01 2.922794969443501430e-15 1.967819531522902073e-16
9.746611714363098145e-01 2.630163509133743444e-15 1.905886335304239751e-16
9.748053550720214844e-01 2.610324726959626848e-15 1.912473339958122021e-16
9.749495387077331543e-01 3.321017133441506869e-15 2.056904765912495017e-16
9.750937223434448242e-01 3.341925294711532018e-15 2.171157466747381361e-16
9.752379059791564941e-01 3.315077103140649274e-15 1.899777374869964126e-16
9.753820896148681641e-01 2.941042176709727195e-15 1.788129565045680773e-16
9.755262732505798340e-01 3.528851066610452780e-15 1.828609798990555820e-16
9.756704568862915039e-01 3.542623187058097263e-15 1.874610702518058778e-16
9.758146405220031738e-01 3.333929515447688237e-15 1.996694090601413120e-16
9.759588241577148438e-01 3.278785976515538776e-15 2.125540375024103008e-16
9.761030673980712891e-01 3.273100903131804726e-15 1.851982614378854170e-16
9.762472510337829590e-01 3.189783777824556354e-15 1.783824255393464775e-16
9.763914346694946289e-01 2.692767926023545595e-15 1.767321009556296809e-16
9.765356183052062988e-01 2.776449063739876502e-15 1.850880677454035529e-16
9.766798019409179688e-01 3.414635661695025227e-15 1.924989442893886384e-16
9.768239855766296387e-01 3.270702105825180547e-15 1.962872065017548908e-16
9.769681692123413086e-01 3.251029342108725795e-15 1.807969988346132674e-16
9.771123528480529785e-01 3.498255601280917011e-15 1.693370533398464101e-16
9.772565364837646484e-01 3.183133510397426029e-15 1.631454807234338899e-16
9.774007201194763184e-01 3.258112443371903068e-15 1.681692331335991452e-16
9.775449037551879883e-01 3.125888482723138649e-15 1.818973343377660061e-16
9.776890873908996582e-01 3.727591254057676523e-15 1.945748499895415175e-16
9.778332710266113281e-01 3.784374648775710309e-15 1.774436748057722974e-16
9.779774546623229980e-01 3.668904576307162324e-15 1.688967550259517841e-16
9.781216382980346680e-01 3.338439118858870132e-15 1.642458824010356328e-16
9.782658815383911133e-01 3.414520253455961829e-15 1.708837487364225634e-16
9.784100651741027832e-01 3.515518556262433279e-15 1.832526532278218909e-16
9.785542488098144531e-01 2.922723606917695255e-15 1.893668811482382528e-16
9.786984324455261230e-01 3.137487328386365411e-15 1.718040367987245598e-16
9.788426160812377930e-01 3.386943613550440386e-15 1.645131874703433688e-16
9.789867997169494629e-01 3.051600940391857933e-15 1.605956336195126281e-16
9.791309833526611328e-01 3.047930746631405050e-15 1.830047108022927961e-16
9.792751669883728027e-01 4.118850595471014800e-15 2.551158416802729902e-16
9.794193506240844727e-01 3.571612254403165251e-15 2.921333519972132541e-16
9.795635342597961426e-01 2.971779096541454432e-15 1.970491920471489390e-16
9.797077178955078125e-01 3.451330187761265586e-15 1.661532682493543087e-16
9.798519015312194824e-01 3.862103474213448434e-15 1.610566445359455819e-16
9.799960851669311523e-01 3.662219792287431386e-15 1.656747343388250315e-16
9.801402688026428223e-01 3.593478409936535015e-15 1.961476313539151431e-16
9.802844524383544922e-01 3.587431018209612937e-15 2.256522770660649834e-16
9.804286360740661621e-01 3.629130450202942143e-15 1.858716129262831833e-16
9.805728793144226074e-01 3.617509158166613142e-15 1.604638008822063767e-16
9.807170629501342773e-01 3.820794524408803461e-15 1.553642257883720607e-16
9.808612465858459473e-01 3.321708524084703192e-15 1.571697691596732078e-16
9.810054302215576172e-01 3.249894317959405032e-15 1.700275175407566734e-16
9.811496138572692871e-01 3.307136804534850649e-15 1.803599827733892518e-16
9.812937974929809570e-01 3.662945276006754694e-15 1.785287372460948570e-16
9.814379811286926270e-01 3.751915922720451893e-15 1.701336481220696770e-16
9.815821647644042969e-01 3.197842661042970581e-15 1.598330127994081391e-16
9.817263484001159668e-01 2.855733253427010336e-15 1.535841463450477460e-16
9.818705320358276367e-01 3.310726953681788001e-15 1.627362579307916560e-16
9.820147156715393066e-01 3.442870234442326448e-15 1.790558034975238454e-16
9.821588993072509766e-01 3.545239248315692170e-15 1.718042485569613734e-16
9.823030829429626465e-01 3.417460940090591946e-15 1.570326292315568162e-16
9.824472665786743164e-01 3.244734828519442275e-15 1.527262740230465508e-16
9.825914502143859863e-01 3.210330679542577545e-15 1.561974812153436778e-16
9.827356338500976562e-01 3.349764796396607382e-15 1.640231392056873535e-16
9.828798770904541016e-01 3.359503769465900513e-15 1.726240573358953285e-16
9.830240607261657715e-01 3.349651293981675305e-15 1.656069452332650858e-16
9.831682443618774414e-01 2.947220223268763248e-15 1.555552449528677062e-16
9.833124279975891113e-01 3.499763319927029666e-15 1.505702707698189369e-16
9.834566116333007812e-01 3.201034281188224785e-15 1.508010872479457337e-16
9.836007952690124512e-01 3.139623968995814383e-15 1.537916032426760453e-16
9.837449789047241211e-01 3.142937350127236393e-15 1.655058703798560063e-16
9.838891625404357910e-01 3.053299876725813246e-15 1.634387923512002931e-16
9.840333461761474609e-01 3.202438450056535602e-15 1.514918558513214165e-16
9.841775298118591309e-01 3.385733203468813991e-15 1.448512366588559095e-16
9.843217134475708008e-01 3.483287258553512643e-15 1.464422954060445067e-16
9.844658970832824707e-01 3.397160736718458571e-15 1.550739449503700518e-16
9.846100807189941406e-01 2.818685514621764934e-15 1.642004073196799176e-16
9.847542643547058105e-01 3.403749594256912960e-15 1.647719428008397567e-16
9.848984479904174805e-01 3.620962935009042552e-15 1.615651819416533824e-16
9.850426912307739258e-01 3.502070002400639939e-15 1.733021072101723959e-16
9.851868748664855957e-01 3.284320066276424747e-15 1.699583652415472402e-16
9.853310585021972656e-01 3.705496823145021726e-15 1.571512800186214225e-16
9.854752421379089355e-01 3.643000614714231311e-15 1.584278513143622591e-16
9.856194257736206055e-01 3.882987918560950463e-15 1.626165615874327827e-16
9.857636094093322754e-01 3.761690259415292892e-15 1.511695862846707569e-16
9.859077930450439453e-01 3.859893565254061965e-15 1.444750349162667925e-16
9.860519766807556152e-01 3.767872329380828403e-15 1.446426547955945380e-16
9.861961603164672852e-01 3.357556017203689250e-15 1.530253692976559247e-16
9.863403439521789551e-01 3.385425942267197494e-15 1.640637570824861574e-16
9.864845275878906250e-01 3.450587975141234005e-15 1.600474974235206889e-16
9.866287112236022949e-01 3.244121364907393348e-15 1.488035585651934791e-16
9.867728948593139648e-01 3.478594060751013378e-15 1.428380775712488528e-16
9.869170784950256348e-01 3.241554431560739191e-15 1.407672805385591012e-16
9.870612621307373047e-01 3.162976455593378630e-15 1.470557987227628363e-16
9.872054457664489746e-01 3.323806201178578466e-15 1.626050737030856463e-16
9.873496890068054199e-01 3.515717609005038040e-15 2.187966306190050917e-16
9.874938726425170898e-01 3.654311469175391611e-15 2.335542739007799530e-16
9.876380562782287598e-01 3.011086083975263866e-15 1.821530191738285971e-16
9.877822399139404297e-01 3.316742158156714415e-15 1.419037605257579570e-16
9.879264235496520996e-01 3.182514964587693576e-15 1.448703743095079363e-16
9.880706071853637695e-01 3.017714116787528766e-15 1.539421104094912938e-16
9.882147908210754395e-01 3.216040952156492411e-15 1.568236767913810210e-16
9.883589744567871094e-01 3.131626283907839280e-15 1.462840061240263593e-16
9.885031580924987793e-01 3.395156233248781269e-15 1.399699843071763893e-16
9.886473417282104492e-01 3.654073876433686779e-15 1.397603701225105517e-16
9.887915253639221191e-01 3.503074583476083539e-15 1.459733567906208447e-16
9.889357089996337891e-01 3.372178135213903423e-15 1.554441645227691853e-16
9.890798926353454590e-01 3.151592968056991274e-15 1.606890984112862198e-16
9.892240762710571289e-01 3.402521819999867851e-15 1.498775698725323302e-16
9.893682599067687988e-01 3.222833521118761459e-15 1.407486325788297058e-16
9.895124435424804688e-01 3.578906478628445659e-15 1.433043427389327435e-16
9.896566867828369141e-01 3.293104221455925469e-15 1.646405865195663359e-16
9.898008704185485840e-01 2.980169381400481904e-15 1.797923383498308621e-16
9.899450540542602539e-01 3.112930572696042363e-15 1.652583514708005387e-16
9.900892376899719238e-01 2.925161791256366758e-15 1.457175263707704443e-16
9.902334213256835938e-01 2.978110667822180327e-15 1.369849872614930316e-16
9.903776049613952637e-01 3.003800541837692815e-15 1.340902256944718584e-16
9.905217885971069336e-01 2.661167667860329412e-15 1.364906111878721388e-16
9.906659722328186035e-01 2.499177487137391185e-15 1.439827367203446330e-16
9.908101558685302734e-01 2.505228478754339093e-15 1.538245713531699588e-16
9.909543395042419434e-01 2.192208300129459657e-15 1.409530586866936108e-16
9.910985231399536133e-01 2.578212649138032254e-15 1.346335840952456913e-16
9.912427067756652832e-01 2.436289737726732470e-15 1.318780138642600412e-16
9.913868904113769531e-01 2.281979604736548983e-15 1.359576686453715737e-16
9.915310740470886230e-01 1.815800410896804655e-15 1.664168675495178071e-16
9.916752576828002930e-01 2.066438307022299380e-15 2.236310711654590109e-16
9.918195009231567383e-01 2.283322151957947049e-15 2.022809042807549259e-16
9.919636845588684082e-01 2.104131908449826185e-15 1.452891262228067810e-16
9.921078681945800781e-01 2.435035493690085664e-15 1.301089987888092358e-16
9.922520518302917480e-01 2.707228048982597383e-15 1.339804158137942189e-16
9.923962354660034180e-01 2.437230791331131997e-15 1.399417278174515779e-16
9.925404191017150879e-01 2.360675106525341078e-15 1.487750373776726507e-16
9.926846027374267578e-01 2.339921317009953025e-15 1.421206671347040621e-16
9.928287863731384277e-01 2.492660415641216598e-15 1.339014564612423571e-16
9.929729700088500977e-01 2.740535502051004609e-15 1.293811592591013766e-16
9.931171536445617676e-01 2.716762675353365415e-15 1.318270330687471730e-16
9.932613372802734375e-01 2.259183830543567625e-15 1.559458330206703455e-16
9.934055209159851074e-01 2.499750928442682346e-15 1.660726677704671417e-16
9.935497045516967773e-01 2.199954416432100233e-15 1.551066086583985457e-16
9.936938881874084473e-01 2.368226828766586793e-15 1.325872716086875093e-16
9.938380718231201172e-01 3.017772138544415686e-15 1.320780062840406621e-16
9.939822554588317871e-01 3.261528739006416475e-15 1.393507899878436949e-16
9.941264986991882324e-01 3.276611431181700174e-15 1.464134698160582588e-16
9.942706823348999023e-01 3.126133275244895142e-15 1.618968747498422461e-16
9.944148659706115723e-01 3.061087285884632470e-15 1.769963884700628235e-16
9.945590496063232422e-01 3.023935785543348416e-15 1.623811658374348923e-16
9.947032332420349121e-01 3.101539250104892904e-15 1.645277987886835055e-16
9.948474168777465820e-01 3.069549356785939744e-15 1.864148919177182110e-16
9.949916005134582520e-01 3.275065172536487448e-15 1.920268954748617770e-16
9.951357841491699219e-01 2.994599011173432537e-15 1.758750359619063374e-16
9.952799677848815918e-01 2.911440069269083906e-15 1.479731618744188452e-16
9.954241514205932617e-01 3.152993113518802633e-15 1.362648769074288678e-16
9.955683350563049316e-01 3.148366619560899644e-15 1.285788867091535457e-16
9.957125186920166016e-01 3.047217544889816929e-15 1.419345713492143322e-16
9.958567023277282715e-01 2.904921938981725252e-15 1.815214105278627069e-16
9.960008859634399414e-01 3.125665924816247582e-15 1.968400675534057328e-16
9.961450695991516113e-01 3.236258993332742119e-15 1.611385420340332320e-16
9.962892532348632812e-01 2.747925864515798379e-15 1.672052831698441497e-16
9.964334964752197266e-01 2.542745262054126563e-15 1.773616052541172362e-16
9.965776801109313965e-01 3.246708627044781609e-15 1.652235569455141081e-16
9.967218637466430664e-01 3.441101629648459469e-15 1.450851236314165031e-16
9.968660473823547363e-01 3.332427937790443176e-15 1.436356914399867851e-16
9.970102310180664062e-01 3.191811574700283149e-15 1.413994185801170254e-16
9.971544146537780762e-01 2.739236365268153325e-15 1.334965085380057973e-16
9.972985982894897461e-01 2.193084132196920603e-15 1.332560835298835845e-16
9.974427819252014160e-01 2.766441792984540571e-15 1.409065777537130311e-16
9.975869655609130859e-01 2.814500748345855063e-15 1.467938670187142448e-16
9.977311491966247559e-01 2.583671776483086220e-15 1.467921861877095370e-16
9.978753328323364258e-01 3.242777970653048028e-15 1.414515508110425674e-16
9.980195164680480957e-01 3.202509177307631336e-15 1.358942073487765054e-16
9.981637001037597656e-01 3.067202016730861264e-15 1.289942504906633732e-16
9.983078837394714355e-01 3.331645702863653830e-15 1.290528545827015301e-16
9.984520673751831055e-01 3.352271378645769670e-15 1.332525365794169571e-16
9.985962510108947754e-01 3.044406030779643092e-15 1.379315333451599113e-16
9.987404942512512207e-01 2.485387790756091175e-15 1.431888153858611374e-16
9.988846778869628906e-01 2.800259371645431698e-15 1.339246836928428461e-16
9.990288615226745605e-01 3.067020328163675216e-15 1.254627980799927840e-16
9.991730451583862305e-01 2.345429784024184554e-15 1.247850790779607378e-16
9.993172287940979004e-01 2.597248232319914960e-15 1.271547463921332490e-16
9.994614124298095703e-01 2.985484724902739452e-15 1.369860460526770994e-16
9.996055960655212402e-01 3.031223233505050789e-15 1.396315946447482964e-16
9.997497797012329102e-01 2.792254275019168119e-15 1.295319708283820446e-16
9.998939633369445801e-01 2.734368466920282861e-15 1.268027909676592863e-16
1.000038146972656250e+00 3.209018625507280634e-15 1.315426285218167408e-16
1.000182390213012695e+00 2.936944866585621330e-15 1.407622909851041814e-16
1.000326514244079590e+00 3.131356927430612412e-15 1.484024487599991653e-16
1.000470757484436035e+00 3.142953231994997411e-15 1.429683750613382058e-16
1.000614881515502930e+00 3.067812303969357987e-15 1.327461564607466948e-16
1.000759124755859375e+00 2.976599349286041842e-15 1.273717191755283583e-16
1.000903248786926270e+00 3.097039175814367620e-15 1.257123683969673831e-16
1.001047492027282715e+00 2.784155793010469754e-15 1.283415983699141339e-16
1.001191616058349609e+00 2.645641977453631714e-15 1.394305963733428111e-16
1.001335859298706055e+00 2.741208893244071777e-15 1.752928993340160187e-16
1.001479983329772949e+00 2.804407503746372821e-15 2.320485404881374256e-16
1.001624226570129395e+00 3.028378896868170848e-15 2.217552108246459560e-16
1.001768350601196289e+00 3.669795231451200221e-15 1.617035924191906554e-16
1.001912593841552734e+00 3.061329537307547199e-15 1.345983660534856336e-16
1.002056837081909180e+00 3.443639128600196539e-15 1.366191749073975806e-16
1.002200961112976074e+00 2.754990331054136057e-15 1.335683210500652010e-16
1.002345204353332520e+00 2.747037326954128618e-15 1.351956036906387204e-16
1.002489328384399414e+00 3.288465233762050480e-15 1.307028085895039029e-16
1.002633571624755859e+00 3.746001515166248741e-15 1.397652273270674631e-16
1.002777695655822754e+00 3.425042308484991561e-15 1.660179282662508325e-16
1.002921938896179199e+00 3.319924249181312008e-15 1.689265997024526973e-16
1.003066062927246094e+00 2.609952455979308583e-15 1.401576682794422211e-16
1.003210306167602539e+00 3.020299473100785705e-15 1.321219858228488814e-16
1.003354430198669434e+00 3.011565716381646614e-15 1.275238145291197086e-16
1.003498673439025879e+00 2.831477406191199378e-15 1.246161357096529075e-16
1.003642797470092773e+00 2.747879701220173020e-15 1.264984679115785772e-16
1.003787040710449219e+00 2.748339428352295291e-15 1.345011028483391984e-16
1.003931164741516113e+00 2.801928026551522670e-15 1.351757381210476469e-16
1.004075407981872559e+00 3.087944583059698198e-15 1.339735336710977777e-16
1.004219532012939453e+00 3.058909564177241663e-15 1.226553073763184056e-16
1.004363775253295898e+00 3.253277791067212335e-15 1.290053280934266833e-16
1.004508018493652344e+00 3.090889504859064586e-15 1.403253146285495683e-16
1.004652142524719238e+00 3.420294053540920767e-15 1.521333641948583414e-16
1.004796385765075684e+00 3.251300392651847171e-15 1.487542586006853186e-16
1.004940509796142578e+00 3.197628361707315243e-15 1.354779171249806185e-16
1.005084753036499023e+00 3.036086049655237727e-15 1.311094241088553696e-16
1.005228877067565918e+00 3.290925652715587409e-15 1.302651572535694466e-16
1.005373120307922363e+00 3.147502645954700258e-15 1.294023747874521366e-16
1.005517244338989258e+00 2.625104393098030321e-15 1.331118232310543365e-16
1.005661487579345703e+00 2.419931625691120608e-15 1.386745532934693438e-16
1.005805611610412598e+00 2.754981225449953074e-15 1.357498147010492489e-16
1.005949854850769043e+00 2.705107501999146243e-15 1.308053657505706775e-16
1.006093978881835938e+00 2.843982365349751427e-15 1.339289850320281219e-16
1.006238222122192383e+00 2.919538763036019086e-15 1.468828054781759463e-16
1.006382346153259277e+00 2.729394265937531983e-15 1.579434411127614052e-16
1.006526589393615723e+00 2.812457281360604064e-15 1.519293351336884618e-16
1.006670832633972168e+00 2.780960361216952906e-15 1.377071357885865260e-16
1.006814956665039062e+00 2.937879567442916451e-15 1.327096678695657557e-16
1.006959199905395508e+00 3.034570072437889343e-15 1.370594202817330032e-16
1.007103323936462402e+00 3.342994038532730132e-15 1.393136264172829125e-16
1.007247567176818848e+00 3.414523641587750846e-15 1.402617342179462924e-16
1.007391691207885742e+00 2.951764131514308942e-15 1.472379637459817142e-16
1.007535934448242188e+00 3.102125185146156067e-15 1.367801376371554994e-16
1.007680058479309082e+00 3.539524105262330592e-15 1.298540551065754923e-16
1.007824301719665527e+00 3.643469870967010193e-15 1.273440053162853817e-16
1.007968425750732422e+00 3.687120443354339680e-15 1.296827823976627126e-16
1.008112668991088867e+00 3.716352820913506466e-15 1.337045610056751348e-16
1.008256793022155762e+00 3.744750447503154139e-15 1.486512514533653152e-16
1.008401036262512207e+00 3.647393327578692113e-15 1.979814312149411016e-16
1.008545160293579102e+00 3.573557042050061125e-15 1.978653479964978599e-16
1.008689403533935547e+00 3.536940866531441789e-15 1.592384486099948236e-16
1.008833646774291992e+00 3.557514661545538304e-15 1.304084381705534318e-16
1.008977770805358887e+00 3.467910434187294888e-15 1.317493839702855952e-16
1.009122014045715332e+00 3.294876214381581465e-15 1.410457293850791516e-16
1.009266138076782227e+00 3.255339681019066116e-15 1.338274204876964109e-16
1.009410381317138672e+00 3.552454486718641113e-15 1.278896268832151596e-16
1.009554505348205566e+00 3.291969832581315147e-15 1.244355985778795338e-16
1.009698748588562012e+00 3.226249393236801238e-15 1.240012559643952897e-16
1.009842872619628906e+00 3.005811186296237711e-15 1.273064976385897772e-16
1.009987115859985352e+00 3.323995513042289802e-15 1.358210978175166186e-16
1.010131239891052246e+00 3.730527070252859928e-15 1.361893983308946291e-16
1.010275483131408691e+00 3.821163407257332709e-15 1.299277999125458198e-16
1.010419607162475586e+00 3.738427346551900787e-15 1.337845129749620603e-16
1.010563850402832031e+00 3.526253004802987027e-15 1.489295944207669588e-16
1.010707974433898926e+00 3.433436616750518491e-15 1.546935609826038667e-16
1.010852217674255371e+00 3.566988725060577653e-15 1.438666932065707938e-16
1.010996341705322266e+00 3.724003222493107307e-15 1.335219724659826297e-16
1.011140584945678711e+00 3.104083948836681636e-15 1.259057036671781772e-16
1.011284828186035156e+00 3.055389295248452791e-15 1.202377165261770222e-16
1.011428952217102051e+00 3.033608054768045272e-15 1.184423904898021301e-16
1.011573195457458496e+00 3.115868929990067530e-15 1.235883671072782208e-16
1.011717319488525391e+00 3.139075515162467224e-15 1.287221543912477300e-16
1.011861562728881836e+00 3.103857155765054297e-15 1.312926082185889129e-16
1.012005686759948730e+00 2.937394429322376550e-15 1.264527281324268450e-16
1.012149930000305176e+00 3.478841817888085261e-15 1.227077307748195662e-16
1.012294054031372070e+00 3.306640654985996443e-15 1.234563093768453550e-16
1.012438297271728516e+00 3.614665245046206829e-15 1.400071478777371718e-16
1.012582421302795410e+00 3.672062738650999983e-15 1.946705117730220501e-16
1.012726664543151855e+00 3.404671589619999265e-15 2.072122374554408565e-16
1.012870788574218750e+00 3.329468828189210278e-15 1.518287632060918145e-16
1.013015031814575195e+00 3.654697292682865944e-15 1.226930665169202262e-16
1.013159155845642090e+00 3.552801770227015377e-15 1.206315736117604710e-16
1.013303399085998535e+00 3.858132583756720274e-15 1.234342335806575398e-16
1.013447642326354980e+00 3.378779486488329813e-15 1.293787769789372238e-16
1.013591766357421875e+00 2.838195859770583675e-15 1.316228319540098824e-16
1.013736009597778320e+00 3.050577936349811552e-15 1.237434535459645628e-16
1.013880133628845215e+00 2.800924080750789510e-15 1.170715338391200492e-16
1.014024376869201660e+00 2.541388950547335615e-15 1.146627441906962301e-16
1.014168500900268555e+00 3.049449688464068824e-15 1.167209283734057731e-16
1.014312744140625000e+00 3.179451034659237958e-15 1.220497979330397885e-16
1.014456868171691895e+00 3.130324817784383047e-15 1.288331421771176451e-16
1.014601111412048340e+00 3.187165175468119685e-15 1.274866641934487271e-16
1.014745235443115234e+00 3.179677827730865297e-15 1.259652739061717960e-16
1.014889478683471680e+00 3.082543053955057524e-15 1.229473881593333299e-16
1.015033602714538574e+00 3.011262690344766388e-15 1.260517639110203406e-16
1.015177845954895020e+00 3.294451427358533434e-15 1.310796720765830623e-16
1.015321969985961914e+00 3.470421463359430261e-15 1.385186065869459466e-16
1.015466213226318359e+00 3.330096903119599341e-15 1.503132227401068584e-16
1.015610456466674805e+00 3.072755164733060457e-15 1.487036351471970733e-16
1.015754580497741699e+00 3.000673296196429939e-15 1.329856153219134457e-16
1.015898823738098145e+00 2.748377333076684921e-15 1.233114270381954671e-16
1.016042947769165039e+00 3.133001653655943450e-15 1.338519579733871839e-16
1.016187191009521484e+00 3.045534066907149007e-15 1.415462729173472397e-16
1.016331315040588379e+00 3.233072878901645068e-15 1.260981257299927127e-16
1.016475558280944824e+00 3.241871221883012300e-15 1.230078054312742030e-16
1.016619682312011719e+00 3.330888667167045299e-15 1.257093376072029888e-16
1.016763925552368164e+00 3.190457592534097150e-15 1.260211648458007790e-16
1.016908049583435059e+00 3.419941476076626165e-15 1.292761668783112459e-16
1.017052292823791504e+00 3.142872975623245066e-15 1.334079274205687187e-16
1.017196416854858398e+00 3.195527719998124579e-15 1.421918840767224276e-16
1.017340660095214844e+00 3.477021967600909397e-15 1.834088513972515042e-16
1.017484784126281738e+00 3.387942688911726834e-15 1.988043766627578578e-16
1.017629027366638184e+00 3.867488062659144021e-15 1.704897593019411061e-16
1.017773151397705078e+00 3.566588078476526369e-15 1.314516386544359078e-16
1.017917394638061523e+00 3.660293639365375107e-15 1.308787135098469796e-16
1.018061637878417969e+00 3.208293353546194139e-15 1.269727798922613837e-16
1.018205761909484863e+00 2.992279411447376636e-15 1.273826776642834608e-16
1.018350005149841309e+00 3.383708371208402586e-15 1.309416189410704122e-16
1.018494129180908203e+00 3.314764971499586065e-15 1.297301368333701483e-16
1.018638372421264648e+00 2.966649888529356016e-15 1.271596035966901603e-16
1.018782496452331543e+00 2.753092130219339170e-15 1.290047986978346494e-16
1.018926739692687988e+00 3.228294977804420374e-15 1.282334693202412021e-16
1.019070863723754883e+00 3.534122576157689918e-15 1.510461312326084426e-16
1.019215106964111328e+00 3.491392305067552229e-15 1.779248556942617443e-16
1.019359230995178223e+00 3.410597432118990351e-15 1.704643615484132779e-16
1.019503474235534668e+00 3.162753897686487563e-15 1.377239970381928069e-16
1.019647598266601562e+00 3.228500383294129542e-15 1.301047636240729643e-16
1.019791841506958008e+00 3.217422462893464175e-15 1.252947943888608139e-16
1.019935965538024902e+00 3.215581648540843766e-15 1.202579394377927186e-16
1.020080208778381348e+00 3.435264302092456458e-15 1.195704133824182437e-16
1.020224452018737793e+00 3.133075345522354574e-15 1.201397518718711420e-16
1.020368576049804688e+00 3.391813629480678986e-15 1.323098947882413276e-16
1.020512819290161133e+00 3.667708565785639252e-15 1.516171505530660487e-16
1.020656943321228027e+00 3.455842332271289244e-15 1.497884196548338151e-16
1.020801186561584473e+00 3.603600453656223904e-15 1.317650937844792023e-16
1.020945310592651367e+00 3.670174702211570147e-15 1.276954048753877087e-16
1.021089553833007812e+00 3.327100312310450440e-15 1.406484312281474822e-16
1.021233677864074707e+00 3.344671375526530460e-15 1.801310324147243746e-16
1.021377921104431152e+00 3.246876127810101147e-15 2.107825077978973342e-16
1.021522045135498047e+00 3.626392839717416244e-15 1.775652240337032895e-16
1.021666288375854492e+00 3.359969214070416751e-15 1.295748254015571918e-16
1.021810412406921387e+00 3.045293297791891972e-15 1.198823200303548390e-16
1.021954655647277832e+00 2.868193531597594721e-15 1.237970813194376007e-16
1.022098779678344727e+00 3.050489844923297104e-15 1.318360989682607542e-16
1.022243022918701172e+00 2.846676988913204170e-15 1.338133385649483082e-16
1.022387266159057617e+00 3.057110889713747157e-15 1.294465131449379662e-16
1.022531390190124512e+00 3.129167135503723232e-15 1.246717487165960726e-16
1.022675633430480957e+00 3.167929480752448151e-15 1.364998491409531310e-16
1.022819757461547852e+00 3.463159426386145517e-15 1.557375820296539952e-16
1.022964000701904297e+00 3.014211000275921794e-15 1.549321198712641599e-16
1.023108124732971191e+00 3.083136824051082789e-15 1.403882994691118061e-16
1.023252367973327637e+00 3.185187141778044080e-15 1.540639772747775063e-16
1.023396492004394531e+00 2.839914913137036277e-15 1.516514156827604453e-16
1.023540735244750977e+00 2.941134503300977913e-15 1.293891134278716865e-16
1.023684859275817871e+00 3.382039292785837988e-15 1.222553093018673631e-16
1.023829102516174316e+00 3.202085025559293745e-15 1.229099466560867296e-16
1.023973226547241211e+00 3.295938181939201544e-15 1.251741186636566778e-16
1.024117469787597656e+00 3.311937152005177583e-15 1.249103473099257683e-16
1.024261593818664551e+00 3.644243635564326997e-15 1.198121354097409397e-16
1.024405837059020996e+00 3.758839146514834917e-15 1.183875583413572150e-16
1.024549961090087891e+00 3.778557650010441402e-15 1.175522382715766655e-16
1.024694204330444336e+00 3.311097107079738130e-15 1.187525236625054117e-16
1.024838447570800781e+00 3.340721660893483658e-15 1.227874180463104747e-16
1.024982571601867676e+00 3.500037123327229618e-15 1.254782829010597767e-16
1.025126814842224121e+00 3.388934988009435247e-15 1.208734544577607772e-16
1.025270938873291016e+00 2.821728268726539195e-15 1.178488850915728825e-16
1.025415182113647461e+00 3.005064738511469859e-15 1.156779793524295133e-16
1.025559306144714355e+00 2.892174093125548032e-15 1.178282916030427624e-16
1.025703549385070801e+00 3.197237456002157384e-15 1.233519390358758642e-16
1.025847673416137695e+00 3.137610359921954098e-15 1.254610246047594703e-16
1.025991916656494141e+00 3.188329422254120721e-15 1.203635670932932901e-16
1.026136040687561035e+00 2.924600420170573971e-15 1.155346190261067230e-16
1.026280283927917480e+00 2.846684188693255832e-15 1.140050892816022701e-16
1.026424407958984375e+00 3.113882214212282569e-15 1.181747016086901695e-16
1.026568651199340820e+00 2.984443933168800731e-15 1.227540396542327349e-16
1.026712775230407715e+00 2.932872332175222654e-15 1.249089841162762810e-16
1.026857018470764160e+00 3.169440375772113010e-15 1.213562102981365250e-16
1.027001261711120605e+00 3.331138753644722131e-15 1.190898412988596359e-16
1.027145385742187500e+00 3.438620881904188437e-15 1.193914909072005736e-16
1.027289628982543945e+00 3.421046854072793027e-15 1.267021131609442322e-16
1.027433753013610840e+00 3.485981882116965386e-15 1.329126381395515674e-16
1.027577996253967285e+00 3.181993404050421741e-15 1.285774441061652532e-16
1.027722120285034180e+00 3.048908010894299699e-15 1.195058006504105016e-16
1.027866363525390625e+00 3.127258346757085666e-15 1.167033789095298481e-16
1.028010487556457520e+00 3.192299042161427999e-15 1.221793807390798956e-16
1.028154730796813965e+00 3.440152105714587398e-15 1.262230895594923237e-16
1.028298854827880859e+00 2.998667310419094942e-15 1.203630112279216544e-16
1.028443098068237305e+00 3.053659865728396323e-15 1.258801867996421414e-16
1.028587222099304199e+00 2.879855904731865555e-15 1.396863341489646055e-16
1.028731465339660645e+00 2.933856160943458524e-15 2.083033614752922047e-16
1.028875589370727539e+00 3.673337099720144078e-15 2.873767061330087221e-16
1.029019832611083984e+00 3.555175580061695553e-15 2.909854635350060670e-16
1.029164075851440430e+00 2.995882477846759616e-15 2.011167369040926952e-16
1.029308199882507324e+00 2.986349757300122906e-15 1.315238349782995361e-16
1.029452443122863770e+00 3.340220429146945925e-15 1.269860677216214356e-16
1.029596567153930664e+00 3.276653994587299702e-15 1.316534310192294440e-16
1.029740810394287109e+00 3.422912867655594250e-15 1.634912951590402589e-16
1.029884934425354004e+00 3.259866225089193097e-15 1.907098783558895476e-16
1.030029177665710449e+00 2.993312579884790069e-15 1.753907316394238904e-16
1.030173301696777344e+00 3.116448300525989472e-15 1.337762411688365300e-16
1.030317544937133789e+00 3.072813398248184190e-15 1.198494710338691331e-16
1.030461668968200684e+00 3.152680770119502610e-15 1.164822768405168740e-16
1.030605912208557129e+00 3.299995681514786457e-15 1.163130158348538233e-16
1.030750036239624023e+00 3.378538293856599151e-15 1.198590001545257440e-16
1.030894279479980469e+00 3.733904190613562823e-15 1.232519759132100559e-16
1.031038403511047363e+00 3.511294826470949711e-15 1.333477616115340617e-16
1.031182646751403809e+00 3.351203481857518811e-15 1.440617357775658973e-16
1.031326770782470703e+00 3.069209696574090769e-15 1.380213056026790663e-16
1.031471014022827148e+00 3.427472022494190522e-15 1.225911446305638923e-16
1.031615257263183594e+00 3.321735840897252143e-15 1.164733168201216996e-16
1.031759381294250488e+00 3.226256169500379273e-15 1.186647631082359856e-16
1.031903624534606934e+00 3.111643294374452640e-15 1.213480179013497998e-16
1.032047748565673828e+00 3.127661534439978713e-15 1.176745551231161068e-16
1.032191991806030273e+00 3.149375012284605889e-15 1.149306845347144068e-16
1.032336115837097168e+00 3.286216149528853499e-15 1.149799712643327664e-16
1.032480359077453613e+00 3.271423354379767584e-15 1.165413044490286581e-16
1.032624483108520508e+00 2.887860366083418694e-15 1.193235297480732169e-16
1.032768726348876953e+00 2.934372215766573207e-15 1.243211035462123940e-16
1.032912850379943848e+00 3.293634887597380288e-15 1.297666651292204900e-16
1.033057093620300293e+00 3.362526830054651111e-15 1.296464129204899811e-16
1.033201217651367188e+00 3.867521943977034193e-15 1.232637020255736076e-16
1.033345460891723633e+00 3.968437449312911536e-15 1.196097607097961662e-16
1.033489584922790527e+00 3.848009693004084131e-15 1.209266719496499888e-16
1.033633828163146973e+00 3.856552443793617377e-15 1.205504966768404735e-16
1.033778071403503418e+00 3.380849635011419323e-15 1.192925336361596298e-16
1.033922195434570312e+00 3.352839314236903678e-15 1.165451690368505058e-16
1.034066438674926758e+00 3.108911189603083894e-15 1.163231405255514724e-16
1.034210562705993652e+00 3.062143112453384955e-15 1.223872743880716229e-16
1.034354805946350098e+00 3.185398052981910401e-15 1.252188261214039438e-16
1.034498929977416992e+00 2.899800989540862566e-15 1.264064457227932780e-16
1.034643173217773438e+00 2.765773272230920114e-15 1.234993360035879133e-16
1.034787297248840332e+00 3.347706294576542618e-15 1.324273147305544550e-16
1.034931540489196777e+00 3.353605455537695193e-15 1.628382459915969941e-16
1.035075664520263672e+00 3.425212773865626489e-15 1.670323825694858657e-16
1.035219907760620117e+00 3.287697186637127643e-15 1.419924872269828450e-16
1.035364031791687012e+00 3.027648542709400828e-15 1.228860841497757999e-16
1.035508275032043457e+00 3.219415954934827170e-15 1.268510983154323831e-16
1.035652399063110352e+00 3.302342809811628123e-15 1.276469916484962051e-16
1.035796642303466797e+00 3.145483531166682820e-15 1.252163776667907869e-16
1.035940885543823242e+00 3.560351374885892956e-15 1.207368042205670170e-16
1.036085009574890137e+00 3.816995581640367924e-15 1.202496146921079850e-16
1.036229252815246582e+00 3.851390625013049671e-15 1.227690744890464988e-16
1.036373376846313477e+00 3.699772574487477164e-15 1.230889485406432048e-16
1.036517620086669922e+00 3.498619190173525920e-15 1.184192294326506453e-16
1.036661744117736816e+00 3.468859746362930145e-15 1.168922010823185528e-16
1.036805987358093262e+00 3.445814732725219209e-15 1.167630020880826703e-16
1.036950111389160156e+00 3.471736905526516190e-15 1.187307390338932151e-16
1.037094354629516602e+00 3.519778073195938342e-15 1.225464371728166263e-16
1.037238478660583496e+00 3.739213393126952778e-15 1.383217773058277285e-16
1.037382721900939941e+00 3.371374512705195906e-15 1.959320747037287245e-16
1.037526845932006836e+00 3.436201120532119714e-15 2.609868123261497577e-16
1.037671089172363281e+00 3.208719199360426239e-15 2.466127690903626877e-16
1.037815213203430176e+00 3.193968120583992598e-15 1.805881125688864764e-16
1.037959456443786621e+00 3.192759404568260712e-15 1.383804608072046905e-16
1.038103580474853516e+00 3.114108372009199467e-15 1.247915112344039502e-16
1.038247823715209961e+00 2.860292620023843421e-15 1.184922727894615279e-16
1.038392066955566406e+00 3.063487777257151157e-15 1.159032901163991572e-16
1.038536190986633301e+00 3.414660649166969229e-15 1.161965885092757595e-16
1.038680434226989746e+00 3.479829458304583775e-15 1.167838999790782100e-16
1.038824558258056641e+00 3.267916002703424340e-15 1.195657547012083451e-16
1.038968801498413086e+00 3.227684267049450023e-15 1.222411876744498578e-16
1.039112925529479980e+00 3.223516441432485238e-15 1.195746220773749135e-16
1.039257168769836426e+00 3.273035046320155704e-15 1.164532394922938125e-16
1.039401292800903320e+00 3.335933595400891911e-15 1.166888337656387157e-16
1.039545536041259766e+00 3.084253213475563957e-15 1.184025931761709788e-16
1.039689660072326660e+00 3.512355099962675281e-15 1.303781170380196881e-16
1.039833903312683105e+00 3.115135822974218933e-15 1.719439560536991296e-16
1.039978027343750000e+00 2.787573359194404042e-15 1.783327020583646899e-16
1.040122270584106445e+00 3.538320894960755858e-15 1.449139303318425285e-16
1.040266394615173340e+00 3.822286572945391911e-15 1.198050415088076849e-16
1.040410637855529785e+00 3.744123219605712330e-15 1.186311200183622289e-16
1.040554881095886230e+00 3.612687846630841665e-15 1.217401941559285408e-16
1.040699005126953125e+00 3.492520341195058144e-15 1.238522046354581345e-16
1.040843248367309570e+00 3.412289803947604443e-15 1.203750814474200282e-16
1.040987372398376465e+00 3.415371521567952401e-15 1.209725043730303269e-16
1.041131615638732910e+00 3.595607427249458699e-15 1.225384432993769138e-16
1.041275739669799805e+00 3.660262299146326698e-15 1.208559446985542547e-16
1.041419982910156250e+00 3.587877404572815954e-15 1.209687059596574834e-16
1.041564106941223145e+00 3.620225169311984056e-15 1.213437297970543249e-16
1.041708350181579590e+00 3.617800537500468622e-15 1.206142491410111604e-16
1.041852474212646484e+00 3.815944837269298964e-15 1.416530255384808833e-16
1.041996717453002930e+00 3.866588937185633582e-15 2.253534332543618256e-16
1.042140841484069824e+00 3.563065691965369361e-15 2.669397069398937771e-16
1.042285084724426270e+00 3.580019056404664182e-15 2.219897992463659947e-16
1.042429208755493164e+00 3.851114492272244769e-15 1.409296726364155116e-16
1.042573451995849609e+00 3.417689638986350607e-15 1.265342021140408680e-16
1.042717576026916504e+00 3.330222687512266605e-15 1.211954593266154198e-16
1.042861819267272949e+00 3.088039027233317052e-15 1.164138392253566867e-16
1.043006062507629395e+00 3.116897016229797437e-15 1.188234626718379593e-16
1.043150186538696289e+00 3.162330592971097226e-15 1.226543412293629436e-16
1.043294429779052734e+00 3.582754549307821945e-15 1.236249086380183633e-16
1.043438553810119629e+00 3.687626122023850497e-15 1.198950122896738526e-16
1.043582797050476074e+00 3.775770064581027499e-15 1.169814571791354747e-16
1.043726921081542969e+00 3.675439859011702878e-15 1.167042127075873016e-16
1.043871164321899414e+00 3.577508874265476063e-15 1.163394723795657193e-16
1.044015288352966309e+00 3.581860506031995031e-15 1.178224285468609865e-16
1.044159531593322754e+00 3.470443909732532500e-15 1.209517520658225966e-16
1.044303655624389648e+00 3.712525079024864283e-15 1.185320833379824800e-16
1.044447898864746094e+00 3.666772594378923250e-15 1.165627582053958334e-16
1.044592022895812988e+00 3.740898988691988836e-15 1.166000673597444252e-16
1.044736266136169434e+00 3.510935896259550701e-15 1.159621853760129328e-16
1.044880390167236328e+00 3.835690869335691214e-15 1.179378764905937875e-16
1.045024633407592773e+00 3.516215240861549941e-15 1.216696521932900186e-16
1.045168876647949219e+00 3.664666446955575432e-15 1.443209543292053149e-16
1.045313000679016113e+00 3.969065947759774227e-15 1.639796361229119647e-16
1.045457243919372559e+00 3.430879000766284131e-15 1.596405907365936036e-16
1.045601367950439453e+00 4.110137167542609812e-15 1.307394030598032489e-16
1.045745611190795898e+00 4.390585117697298756e-15 1.242711815418835936e-16
1.045889735221862793e+00 4.331480429187314560e-15 1.292648378126417196e-16
1.046033978462219238e+00 4.154412850245012973e-15 1.261681515319290018e-16
1.046178102493286133e+00 3.733762736111371355e-15 1.212358919149570118e-16
1.046322345733642578e+00 3.181292484286568807e-15 1.178306341785375125e-16
1.046466469764709473e+00 3.053588714960826962e-15 1.148201467350977206e-16
1.046610713005065918e+00 3.340279086178543286e-15 1.156939935690885399e-16
1.046754837036132812e+00 3.158009242632442599e-15 1.161826521703154661e-16
1.046899080276489258e+00 3.086202024528959288e-15 1.278085234785155603e-16
1.047043204307556152e+00 3.234976161934125481e-15 1.859299523205253232e-16
1.047187447547912598e+00 3.351450391961643439e-15 2.166990064646890203e-16
1.047331690788269043e+00 4.172225953125770909e-15 1.881551211078521710e-16
1.047475814819335938e+00 3.265257801556703532e-15 1.338314571290856697e-16
1.047620058059692383e+00 3.409143076548554717e-15 1.200493443396415463e-16
1.047764182090759277e+00 3.677563794126943036e-15 1.191905852800236943e-16
1.047908425331115723e+00 3.383380992974288799e-15 1.151750932446666750e-16
1.048052549362182617e+00 3.079039090410503297e-15 1.139243167491476921e-16
1.048196792602539062e+00 3.290618815030444538e-15 1.132339981320252382e-16
1.048340916633605957e+00 3.180348889583327517e-15 1.136722185682211310e-16
1.048485159873962402e+00 3.337291812731814182e-15 1.164617098217663555e-16
1.048629283905029297e+00 3.399398174248630805e-15 1.163193950517378322e-16
1.048773527145385742e+00 3.436611931511538050e-15 1.161435960105131624e-16
1.048917651176452637e+00 3.639777230833455071e-15 1.190441147545977046e-16
1.049061894416809082e+00 3.472882941104151258e-15 1.203348076777560464e-16
1.049206018447875977e+00 3.492538552403424111e-15 1.191238814354274181e-16
1.049350261688232422e+00 3.531398518199320088e-15 1.199907137778237877e-16
1.049494385719299316e+00 3.402816163949038721e-15 1.185055606188215797e-16
1.049638628959655762e+00 3.694402385601884900e-15 1.166268018371421390e-16
1.049782872200012207e+00 3.344913203432971563e-15 1.146293260939490878e-16
1.049926996231079102e+00 3.157908445711719338e-15 1.145372774353841869e-16
1.050071239471435547e+00 3.118215211253961942e-15 1.161296332017732673e-16
1.050215363502502441e+00 3.229915775348991477e-15 1.182068094513470278e-16
1.050359606742858887e+00 3.387602605183404232e-15 1.179442292376981947e-16
1.050503730773925781e+00 3.302709998594262862e-15 1.155454319310740162e-16
1.050647974014282227e+00 3.144322460754233987e-15 1.145845127570834150e-16
1.050792098045349121e+00 3.072268120788389234e-15 1.148064618590436434e-16
1.050936341285705566e+00 3.476205004323282624e-15 1.192717945638417003e-16
1.051080465316772461e+00 3.362456526320029004e-15 1.356095248691602554e-16
1.051224708557128906e+00 3.350005141995390789e-15 1.467726647252532855e-16
1.051368832588195801e+00 3.176429244619908242e-15 1.338401789214644288e-16
1.051513075828552246e+00 3.248829174028232750e-15 1.187855976521177319e-16
1.051657199859619141e+00 3.069625166234719003e-15 1.155477348018993638e-16
1.051801443099975586e+00 3.599981928905553533e-15 1.178307929972151227e-16
1.051945686340332031e+00 3.517330359736610228e-15 1.185983239614357265e-16
1.052089810371398926e+00 3.608433623653256941e-15 1.176082483252138561e-16
1.052234053611755371e+00 3.248812445127524477e-15 1.142345955056387830e-16
1.052378177642822266e+00 3.338508575560544984e-15 1.131162870221364921e-16
1.052522420883178711e+00 3.221810093560241450e-15 1.241303358446229645e-16
1.052666544914245605e+00 3.042488348187059356e-15 1.567139595549319874e-16
1.052810788154602051e+00 3.219068671426452907e-15 1.719883723438707769e-16
1.052954912185668945e+00 3.514372097168324584e-15 1.480746734791913528e-16
1.053099155426025391e+00 3.398939929424166229e-15 1.191656507476388958e-16
1.053243279457092285e+00 3.295346317667307602e-15 1.147853919144806926e-16
1.053387522697448730e+00 3.207027039290048960e-15 1.130507743176222923e-16
1.053531646728515625e+00 3.287807724436744329e-15 1.133243262549160288e-16
1.053675889968872070e+00 3.217050191913145910e-15 1.152725020336009196e-16
1.053820013999938965e+00 3.306676018611544310e-15 1.166427895840215639e-16
1.053964257240295410e+00 3.070090187322761614e-15 1.152722770404743051e-16
1.054108500480651855e+00 3.076821769912828353e-15 1.130319940089948884e-16
1.054252624511718750e+00 3.252807899539723012e-15 1.135501531795879058e-16
1.054396867752075195e+00 3.300225015685255558e-15 1.139775739457063062e-16
1.054540991783142090e+00 3.279732324075858643e-15 1.148562647493642360e-16
1.054685235023498535e+00 3.310276543912085527e-15 1.173098544997639272e-16
1.054829359054565430e+00 2.857603925691021458e-15 1.147211365244975734e-16
1.054973602294921875e+00 3.155938882351116276e-15 1.129093198154308242e-16
1.055117726325988770e+00 3.448188542559899386e-15 1.119742616161110808e-16
1.055261969566345215e+00 3.486278131890267577e-15 1.128117125031495669e-16
1.055406093597412109e+00 3.315040892482154153e-15 1.157419700446166155e-16
1.055550336837768555e+00 3.312391796939616329e-15 1.171122443601474591e-16
1.055694460868835449e+00 3.450798674586863513e-15 1.140329487246330561e-16
1.055838704109191895e+00 2.932898801954824351e-15 1.117281985449337066e-16
1.055982828140258789e+00 2.800341957357788993e-15 1.112280917640290465e-16
1.056127071380615234e+00 3.090100493668697205e-15 1.122091015007373356e-16
1.056271195411682129e+00 3.226792129597754431e-15 1.132134708179441222e-16
1.056415438652038574e+00 3.122768648620164247e-15 1.135510002125351601e-16
1.056559681892395020e+00 2.812563160479010851e-15 1.133003313997070906e-16
1.056703805923461914e+00 2.996943174854958813e-15 1.102238349433855671e-16
1.056848049163818359e+00 2.986134822689757128e-15 1.106319129180600275e-16
1.056992173194885254e+00 2.979395828561401914e-15 1.107617670393410520e-16
1.057136416435241699e+00 3.200874827235904163e-15 1.111350637236188828e-16
1.057280540466308594e+00 2.968574347385517787e-15 1.137576762516652094e-16
1.057424783706665039e+00 3.210680292391556757e-15 1.205063318495750422e-16
1.057568907737731934e+00 3.193220825766277492e-15 1.234104637185752160e-16
1.057713150978088379e+00 3.217266397072932570e-15 1.190069247142573204e-16
1.057857275009155273e+00 3.562834028454295310e-15 1.186327346749179324e-16
1.058001518249511719e+00 3.381682056640333486e-15 1.157434126476049080e-16
1.058145642280578613e+00 3.440396686478107077e-15 1.158072312862245992e-16
1.058289885520935059e+00 3.314715631830408502e-15 1.142714679086239467e-16
1.058434009552001953e+00 3.566711321770351870e-15 1.134782744930794979e-16
1.058578252792358398e+00 3.210056240867667152e-15 1.150952868591675589e-16
1.058722496032714844e+00 3.167348627908868515e-15 1.263393051268335739e-16
1.058866620063781738e+00 2.998886903710670619e-15 1.377921567206671764e-16
1.059010863304138184e+00 3.074109146899246456e-15 1.338121474248662318e-16
1.059154987335205078e+00 3.444634815829693969e-15 1.263022342005013974e-16
1.059299230575561523e+00 3.137240206524003969e-15 1.209838334386998532e-16
1.059443354606628418e+00 3.034285257609375085e-15 1.131177031553451829e-16
1.059587597846984863e+00 3.316917705735032869e-15 1.136645158623570372e-16
1.059731721878051758e+00 3.551287063559087874e-15 1.152031909157138763e-16
1.059875965118408203e+00 3.254709276748072103e-15 1.165594759527252230e-16
1.060020089149475098e+00 3.330893749364728824e-15 1.162489324984381151e-16
1.060164332389831543e+00 3.116089793831064089e-15 1.142186077587593581e-16
1.060308456420898438e+00 2.945541403967305225e-15 1.135501796493675075e-16
1.060452699661254883e+00 2.888650859581443769e-15 1.135157424661056998e-16
1.060596823692321777e+00 3.011720299894520524e-15 1.147378389554262442e-16
1.060741066932678223e+00 3.097746871841798588e-15 1.143412687174336214e-16
1.060885310173034668e+00 2.930025454439500951e-15 1.131723367804430853e-16
1.061029434204101562e+00 2.855527000904353914e-15 1.108690821432912316e-16
1.061173677444458008e+00 2.717251201605694333e-15 1.104122071299210430e-16
1.061317801475524902e+00 2.766260739692064964e-15 1.106063629632994896e-16
1.061462044715881348e+00 3.083813815134175788e-15 1.140305796793587042e-16
1.061606168746948242e+00 3.132609265643127895e-15 1.138894163447428548e-16
1.061750411987304688e+00 3.336742935381993395e-15 1.144567034262766216e-16
1.061894536018371582e+00 3.255295423547572078e-15 1.117697296291287690e-16
1.062038779258728027e+00 3.145060649967766110e-15 1.116204268372853977e-16
1.062182903289794922e+00 3.045727190419122987e-15 1.116360043025809963e-16
1.062327146530151367e+00 3.073965998331160479e-15 1.114073186417121361e-16
1.062471270561218262e+00 2.881620909635706704e-15 1.123283478578429801e-16
1.062615513801574707e+00 3.231260863669231306e-15 1.120457829605948658e-16
1.062759637832641602e+00 3.270788079669326859e-15 1.118644385005436405e-16
1.062903881072998047e+00 3.059725045147210741e-15 1.131299454284109677e-16
1.063048005104064941e+00 3.031935164697218028e-15 1.135080662300212077e-16
1.063192248344421387e+00 2.806695551495143499e-15 1.054809136599045149e-16
1.063336491584777832e+00 3.291184209522736784e-15 1.127701284793953011e-16
1.063480615615844727e+00 3.292998765853992309e-15 1.128882895755372760e-16
1.063624858856201172e+00 2.645341916032066878e-15 9.446604427425038986e-17
1.063768982887268066e+00 3.259668442896009218e-15 1.184113282034395388e-16
1.063913226127624512e+00 3.260173062774335967e-15 1.192008952591785552e-16
1.064057350158691406e+00 3.404058337766187152e-15 1.187744274051258158e-16
1.064201593399047852e+00 3.579800521904272573e-15 1.196119841712827087e-16
1.064345717430114746e+00 3.599218328703603781e-15 1.221126107200346152e-16
1.064489960670471191e+00 3.739091843899021786e-15 1.215176230141476726e-16
1.064634084701538086e+00 3.713691443393233454e-15 1.169671105585913550e-16
1.064778327941894531e+00 3.394089395251714478e-15 1.152915205702447388e-16
1.064922451972961426e+00 3.530693575028967697e-15 1.166659241713934470e-16
1.065066695213317871e+00 3.685326427572055072e-15 1.196697809350430138e-16
1.065210819244384766e+00 3.437549596984148560e-15 1.185372184752252092e-16
1.065355062484741211e+00 3.545533804023099853e-15 1.226474458517767016e-16
1.065499305725097656e+00 3.331521400778644261e-15 1.240223920834072446e-16
1.065643429756164551e+00 3.277652434673875709e-15 1.226694554735155126e-16
1.065787672996520996e+00 3.207392322248552377e-15 1.167215768830060147e-16
1.065931797027587891e+00 2.932444792295096046e-15 1.143073079902046443e-16
1.066076040267944336e+00 3.191941806015923498e-15 1.150896090914429949e-16
1.066220164299011230e+00 3.314310538323384132e-15 1.141899145176711186e-16
1.066364407539367676e+00 3.176242262096801855e-15 1.170035726799926925e-16
1.066508531570434570e+00 2.983944819004631134e-15 1.164809533515367892e-16
1.066652774810791016e+00 3.125630984707173342e-15 1.141923894420638773e-16
1.066796898841857910e+00 3.186874854925448274e-15 1.156218237150045134e-16
1.066941142082214355e+00 2.915349973353609757e-15 1.157016962749526337e-16
1.067085266113281250e+00 3.155690066422860325e-15 1.149919885442719368e-16
1.067229509353637695e+00 3.011317323969864290e-15 1.152898000345706285e-16
1.067373633384704590e+00 3.129203134403981540e-15 1.156377849921043366e-16
1.067517876625061035e+00 3.213937134073749542e-15 1.154897792194614485e-16
1.067662119865417480e+00 3.447217631044109144e-15 1.142658563153483870e-16
1.067806243896484375e+00 3.564052061832446994e-15 1.142844116308491765e-16
1.067950487136840820e+00 3.139258897795547780e-15 1.136705774418858257e-16
1.068094611167907715e+00 3.168776301941465638e-15 1.158673706254796545e-16
1.068238854408264160e+00 3.539328864167988475e-15 1.166021849421125609e-16
1.068382978439331055e+00 3.388930752844698975e-15 1.179819089689612102e-16
1.068527221679687500e+00 3.757245454024575951e-15 1.259297382270565180e-16
1.068671345710754395e+00 3.933831071219889841e-15 1.317465384689784128e-16
1.068815588951110840e+00 3.663877859281681679e-15 1.326540019230633871e-16
1.068959712982177734e+00 3.560738045426314544e-15 1.316940886006976504e-16
1.069103956222534180e+00 3.563808539860111382e-15 1.298083815018727643e-16
1.069248080253601074e+00 3.665841705169890774e-15 1.316676982304347586e-16
1.069392323493957520e+00 3.419472219823847282e-15 1.301758482171933213e-16
1.069536447525024414e+00 3.657811832829920007e-15 1.280132407539550841e-16
1.069680690765380859e+00 3.522200375666848828e-15 1.218730195099698558e-16
1.069824814796447754e+00 3.202187516545911515e-15 1.259335895799885648e-16
1.069969058036804199e+00 3.441878570619328476e-15 1.377619017625824368e-16
1.070113301277160645e+00 3.502901365238370035e-15 1.382005854199213593e-16
1.070257425308227539e+00 3.789046458996291403e-15 1.272793131749388345e-16
1.070401668548583984e+00 3.283326708387532267e-15 1.228388091234071692e-16
1.070545792579650879e+00 3.339725550147512600e-15 1.279569130629626731e-16
1.070690035820007324e+00 3.425433637706623048e-15 1.282617919844150178e-16
1.070834159851074219e+00 3.735413603325569987e-15 1.227924473044347971e-16
1.070978403091430664e+00 4.076186392950762946e-15 1.277947591931226780e-16
1.071122527122497559e+00 3.696331503139256569e-15 1.278401151604701856e-16
1.071266770362854004e+00 3.330002035429506860e-15 1.604634303052919530e-16
1.071410894393920898e+00 3.630441657205291800e-15 1.720711962842444865e-16
1.071555137634277344e+00 3.508698035212904839e-15 1.503142682964011254e-16
1.071699261665344238e+00 3.396025500810900995e-15 1.242074555474925084e-16
1.071843504905700684e+00 3.292147921258475364e-15 1.238432843197323626e-16
1.071987628936767578e+00 3.504655146955660064e-15 1.219266472834428937e-16
1.072131872177124023e+00 3.595954710757832962e-15 1.247534609262265109e-16
1.072276115417480469e+00 3.349416665855285864e-15 1.378891419931277938e-16
1.072420239448547363e+00 3.343093564904032512e-15 1.396171950846449732e-16
1.072564482688903809e+00 3.370062458669898994e-15 1.263322641654595225e-16
1.072708606719970703e+00 3.463127874408860295e-15 1.220411687848896353e-16
1.072852849960327148e+00 3.360070858024087267e-15 1.262918977515669347e-16
1.072996973991394043e+00 3.457684628931567347e-15 1.698826616718863871e-16
1.073141217231750488e+00 4.036917098483106328e-15 2.198300240495451390e-16
1.073285341262817383e+00 3.730155222789015290e-15 2.079457944575426823e-16
1.073429584503173828e+00 3.169603429614459462e-15 1.449532379545510484e-16
1.073573708534240723e+00 3.300998568524335548e-15 1.142932128325667407e-16
1.073717951774597168e+00 3.298112727273040147e-15 1.156851923673709757e-16
1.073862075805664062e+00 3.227071650470348350e-15 1.172189837463913017e-16
1.074006319046020508e+00 3.271903833819097586e-15 1.183014918529822976e-16
1.074150443077087402e+00 3.627474500791059986e-15 1.181137417062674616e-16
1.074294686317443848e+00 3.520613035923694269e-15 1.180326912411270657e-16
1.074438929557800293e+00 3.680003249015035421e-15 1.358756652681655168e-16
1.074583053588867188e+00 3.995022001878961379e-15 1.600884197027849123e-16
1.074727296829223633e+00 3.790318702483067362e-15 1.555662431462922113e-16
1.074871420860290527e+00 3.573681555893307507e-15 1.296971290182068323e-16
1.075015664100646973e+00 3.593272580930352220e-15 1.208733750484219721e-16
1.075159788131713867e+00 3.781625179828922850e-15 1.520530019439875896e-16
1.075304031372070312e+00 3.411775443190384269e-15 2.258975989834135101e-16
1.075448155403137207e+00 3.657042726913813102e-15 2.398648811160613041e-16
1.075592398643493652e+00 3.647517417905464868e-15 1.824137729726849132e-16
1.075736522674560547e+00 3.634321491620190123e-15 1.210256292206909326e-16
1.075880765914916992e+00 3.616251737756414134e-15 1.126404000895673847e-16
1.076024889945983887e+00 3.468554814501918597e-15 1.131737132089823735e-16
1.076169133186340332e+00 3.560131146319606837e-15 1.133506636856197172e-16
1.076313257217407227e+00 3.634459981507066201e-15 1.140225196314699875e-16
1.076457500457763672e+00 3.769565971758863376e-15 1.151888178253901549e-16
1.076601624488830566e+00 3.523098230590938386e-15 1.171431875325018427e-16
1.076745867729187012e+00 3.695265935691610659e-15 1.167267517249181465e-16
1.076890110969543457e+00 3.884748053025344899e-15 1.142078345584614674e-16
1.077034235000610352e+00 3.415414084973551929e-15 1.137026720496528832e-16
1.077178478240966797e+00 3.770406651959013269e-15 1.150452589757203518e-16
1.077322602272033691e+00 3.940252427993024692e-15 1.339243660554876258e-16
1.077466845512390137e+00 3.907419313375079875e-15 1.613970326667336030e-16
1.077610969543457031e+00 3.933803966165577704e-15 1.576824623207784748e-16
1.077755212783813477e+00 3.341061744621806259e-15 1.271813352857431535e-16
1.077899336814880371e+00 3.168474969970479921e-15 1.121725732048869939e-16
1.078043580055236816e+00 3.597318433802912385e-15 1.113361281694733723e-16
1.078187704086303711e+00 3.669431007283880872e-15 1.118758072708825693e-16
1.078331947326660156e+00 3.763247529488819923e-15 1.123440576720365872e-16
1.078476071357727051e+00 3.494845870151744825e-15 1.130812277990540446e-16
1.078620314598083496e+00 3.389115829543674040e-15 1.128747238134914063e-16
1.078764438629150391e+00 3.670441094073481625e-15 1.132591708924264519e-16
1.078908681869506836e+00 3.423533319289458025e-15 1.157007830675563752e-16
1.079052925109863281e+00 3.709073419764803009e-15 1.146564179133714246e-16
1.079197049140930176e+00 3.549907035129773805e-15 1.124837122292151399e-16
1.079341292381286621e+00 3.669490299590188673e-15 1.117702060851615995e-16
1.079485416412353516e+00 3.427363602276941972e-15 1.127135360906068732e-16
1.079629659652709961e+00 3.391666457506093552e-15 1.145637075103164812e-16
1.079773783683776855e+00 3.520416312521694457e-15 1.134512223783265637e-16
1.079918026924133301e+00 3.756008785921584672e-15 1.110989060046829648e-16
1.080062150955200195e+00 3.664142133561225020e-15 1.098940678116627268e-16
1.080206394195556641e+00 3.629932590403991965e-15 1.139430044135464901e-16
1.080350518226623535e+00 3.641738112106348776e-15 1.143490905373059229e-16
1.080494761466979980e+00 3.475465968076803247e-15 1.144480742781264684e-16
1.080638885498046875e+00 3.818836184234751518e-15 1.132528049104322438e-16
1.080783128738403320e+00 3.781463396535997279e-15 1.123981089619832522e-16
1.080927252769470215e+00 3.708008699350104354e-15 1.117816013252801301e-16
1.081071496009826660e+00 3.703837062084876924e-15 1.133005166881643024e-16
1.081215739250183105e+00 3.804261711827820400e-15 1.146602692663034715e-16
1.081359863281250000e+00 3.855378879645196544e-15 1.155976171015587616e-16
1.081504106521606445e+00 3.858723812753903776e-15 1.153317678701291189e-16
1.081648230552673340e+00 3.873168689119904987e-15 1.131065726130226694e-16
1.081792473793029785e+00 3.831665345253865151e-15 1.111677141967575759e-16
1.081936597824096680e+00 3.926187869420340662e-15 1.111515808660903416e-16
1.082080841064453125e+00 4.060870343198510687e-15 1.126276416557993668e-16
1.082224965095520020e+00 3.652589451193623618e-15 1.108177043010843380e-16
1.082369208335876465e+00 3.904405993665222702e-15 1.115062759127530799e-16
1.082513332366943359e+00 3.831871597776521574e-15 1.127249710353948062e-16
1.082657575607299805e+00 3.830058100236450117e-15 1.134489724470604194e-16
1.082801699638366699e+00 3.406396360458845834e-15 1.139572583898620039e-16
1.082945942878723145e+00 4.203437423166197368e-15 1.219944099192232377e-16
1.083090066909790039e+00 4.487760125538101108e-15 1.562882328547080956e-16
1.083234310150146484e+00 4.002464033353537662e-15 2.572849342395136431e-16
1.083378434181213379e+00 4.611419312540703669e-15 3.678544446521626703e-16
1.083522677421569824e+00 4.228793777958728475e-15 3.564932976097591466e-16
1.083666920661926270e+00 4.060198222554864400e-15 2.239229534251269225e-16
1.083811044692993164e+00 3.760854237896352897e-15 1.209623267427734745e-16
1.083955287933349609e+00 3.575418820468126077e-15 1.219924643904225130e-16
1.084099411964416504e+00 3.708273820662594950e-15 1.266485912665896011e-16
1.084243655204772949e+00 3.761747434139232557e-15 1.478405218088347422e-16
1.084387779235839844e+00 3.595824691200429427e-15 2.081980646920366545e-16
1.084532022476196289e+00 3.567562166365868814e-15 2.261364887443188245e-16
1.084676146507263184e+00 3.780629069082951793e-15 1.770077307706221506e-16
1.084820389747619629e+00 3.741908228448642335e-15 1.180192578279792045e-16
1.084964513778686523e+00 3.623898327687752330e-15 1.112328298545777502e-16
1.085108757019042969e+00 3.928729391778577190e-15 1.120910595186035683e-16
1.085252881050109863e+00 3.605188216915852090e-15 1.130339527726854140e-16
1.085397124290466309e+00 3.846133091509442228e-15 1.139429117693178842e-16
1.085541248321533203e+00 3.800760501140344749e-15 1.135337948557940571e-16
1.085685491561889648e+00 4.000109705276644334e-15 1.154940143841977200e-16
1.085829734802246094e+00 3.562513850000233184e-15 1.346771136478006818e-16
1.085973858833312988e+00 3.930203229106799673e-15 1.539678919748233466e-16
1.086118102073669434e+00 3.949607059862501185e-15 1.436766269541408093e-16
1.086262226104736328e+00 3.973315088539675424e-15 1.215085835844136931e-16
1.086406469345092773e+00 4.209228163910101392e-15 1.129630799378018705e-16
1.086550593376159668e+00 4.238682040584975177e-15 1.114084833120146108e-16
1.086694836616516113e+00 4.125914426734642038e-15 1.104975126121324116e-16
1.086838960647583008e+00 3.742164455915186760e-15 1.101597449895249585e-16
1.086983203887939453e+00 3.806146783651934845e-15 1.116861777698160128e-16
1.087127327919006348e+00 3.847859344655946492e-15 1.140048907582552574e-16
1.087271571159362793e+00 4.159481918917856333e-15 1.181069389729098255e-16
1.087415695190429688e+00 3.985526762540240672e-15 1.177920677096578402e-16
1.087559938430786133e+00 3.829689217387920869e-15 1.142776618370507438e-16
1.087704062461853027e+00 3.659522839383373694e-15 1.137816181673149442e-16
1.087848305702209473e+00 3.731687928907071947e-15 1.204921969872677361e-16
1.087992548942565918e+00 3.882443699892339575e-15 1.215297197034256481e-16
1.088136672973632812e+00 3.982228416243632427e-15 1.153125772799178887e-16
1.088280916213989258e+00 3.673716993996987631e-15 1.073127746095746491e-16
1.088425040245056152e+00 3.574920765095140548e-15 1.072173113494411293e-16
1.088569283485412598e+00 3.736693893625344862e-15 1.099534461447542334e-16
1.088713407516479492e+00 4.142236751628232405e-15 1.126214609622623705e-16
1.088857650756835938e+00 4.051503005834825380e-15 1.134216556345114682e-16
1.089001774787902832e+00 4.091384281606873230e-15 1.101282988913581426e-16
1.089146018028259277e+00 3.797384227812589108e-15 1.090423960355332291e-16
1.089290142059326172e+00 3.853081302775769254e-15 1.098338159758443643e-16
1.089434385299682617e+00 3.973343040626934816e-15 1.109701106745860082e-16
1.089578509330749512e+00 3.682578652691162122e-15 1.131926920409567902e-16
1.089722752571105957e+00 3.464820881512184828e-15 1.513945529415055787e-16
1.089866876602172852e+00 3.840427477576737261e-15 1.948803906554839047e-16
1.090011119842529297e+00 4.069562171786760690e-15 1.691901857677263949e-16
1.090155243873596191e+00 4.171389931606830914e-15 1.226478164286911253e-16
1.090299487113952637e+00 3.851319050729006682e-15 1.119224073178713566e-16
1.090443730354309082e+00 3.943106505508798057e-15 1.117254589227449310e-16
1.090587854385375977e+00 4.088312093107181883e-15 1.105182450670054407e-16
1.090732097625732422e+00 4.078888428052504164e-15 1.094437175989643565e-16
1.090876221656799316e+00 3.890692106732701952e-15 1.095418476893927472e-16
1.091020464897155762e+00 3.688826791226583468e-15 1.072511397277720979e-16
1.091164588928222656e+00 3.732317697903355519e-15 1.066921244523638614e-16
1.091308832168579102e+00 3.400481952904642682e-15 1.071318801357766526e-16
1.091452956199645996e+00 3.624027500212208611e-15 1.065825991218169401e-16
1.091597199440002441e+00 3.832396758203819240e-15 1.073902979765831189e-16
1.091741323471069336e+00 4.008852355841729595e-15 1.132724454868967029e-16
1.091885566711425781e+00 4.381331282748545525e-15 1.144631091129402322e-16
1.092029690742492676e+00 4.160418313841045962e-15 1.111832916620531745e-16
1.092173933982849121e+00 4.030282289407263394e-15 1.105807865387593500e-16
1.092318058013916016e+00 4.183448716160416761e-15 1.216434868161537413e-16
1.092462301254272461e+00 3.663973574004721415e-15 2.112642048470890141e-16
1.092606544494628906e+00 3.814045365885081196e-15 3.171920276483436787e-16
1.092750668525695801e+00 3.903785118514885299e-15 3.072555106138830832e-16
1.092894911766052246e+00 4.167959024653977371e-15 1.898272303201811641e-16
1.093039035797119141e+00 4.082559045329430675e-15 1.169898480992692127e-16
1.093183279037475586e+00 3.907810642596711362e-15 1.125322975096740546e-16
1.093327403068542480e+00 3.655996641223954041e-15 1.111293991907841196e-16
1.093471646308898926e+00 3.742596442718286454e-15 1.107871184707545772e-16
1.093615770339965820e+00 4.046641883750532950e-15 1.120322039636591953e-16
1.093760013580322266e+00 3.910914594831924745e-15 1.119721837384123476e-16
1.093904137611389160e+00 4.006239682715923706e-15 1.103457944529003855e-16
1.094048380851745605e+00 4.409789048677448253e-15 1.130883614046567019e-16
1.094192504882812500e+00 5.066904080146652015e-15 1.174740730124128546e-16
1.094336748123168945e+00 4.423170051661698063e-15 1.136402033697928786e-16
1.094480872154235840e+00 3.831894467666097440e-15 1.105194163547528158e-16
1.094625115394592285e+00 3.961621375186356181e-15 1.137387106545805935e-16
1.094769239425659180e+00 3.926988315555495976e-15 1.139065952317043560e-16
1.094913482666015625e+00 3.989751339364671495e-15 1.393564942253478606e-16
1.095057725906372070e+00 4.072935480499200941e-15 1.921521769417166084e-16
1.095201849937438965e+00 3.858806398466261070e-15 2.008736649180103127e-16
1.095346093177795410e+00 4.005915269097125309e-15 1.581412630106146869e-16
1.095490217208862305e+00 4.365556141138881435e-15 1.181707179068601141e-16
1.095634460449218750e+00 4.395918884166159085e-15 1.140021511360664818e-16
1.095778584480285645e+00 4.044988475437492556e-15 1.153323899099497588e-16
1.095922827720642090e+00 4.133984109623133757e-15 1.156257280074957637e-16
1.096066951751708984e+00 3.835531627141607405e-15 1.126981571486582873e-16
1.096211194992065430e+00 3.771530664680019726e-15 1.124032440992259814e-16
1.096355319023132324e+00 3.900330494639508636e-15 1.096350146961458198e-16
1.096499562263488770e+00 4.086335118208290346e-15 1.102741804641879945e-16
1.096643686294555664e+00 4.084207794961261170e-15 1.113010027719419206e-16
1.096787929534912109e+00 4.133437773372154733e-15 1.116070728334763416e-16
1.096932053565979004e+00 4.058418182816209488e-15 1.113747872825816506e-16
1.097076296806335449e+00 3.837191811718225834e-15 1.123418739152194472e-16
1.097220540046691895e+00 3.615187017341715478e-15 1.216883398576888166e-16
1.097364664077758789e+00 3.902571743817943514e-15 2.175400837115329389e-16
1.097508907318115234e+00 4.247645766749293811e-15 3.129372223356077180e-16
1.097653031349182129e+00 3.882582613295689281e-15 2.984292420150360618e-16
1.097797274589538574e+00 4.129403355444382501e-15 1.869960094590938644e-16
1.097941398620605469e+00 4.031580790915404236e-15 1.187082926607909762e-16
1.098085641860961914e+00 3.866212431040579045e-15 1.134950430984571729e-16
1.098229765892028809e+00 4.145126828044264078e-15 1.122602675847074157e-16
1.098374009132385254e+00 3.950597241377841462e-15 1.126741490585595482e-16
1.098518133163452148e+00 3.920859185149163859e-15 1.165156419977048130e-16
1.098662376403808594e+00 3.842271044786436246e-15 1.185667058097014995e-16
1.098806500434875488e+00 3.981124732313360073e-15 1.132492447250758156e-16
1.098950743675231934e+00 3.995972372845780704e-15 1.083133124261840901e-16
1.099094867706298828e+00 3.933695122431855526e-15 1.078539558709762424e-16
1.099239110946655273e+00 3.688175422890144911e-15 1.068610942904512934e-16
1.099383354187011719e+00 3.608246005855440114e-15 1.074531504682473481e-16
1.099527478218078613e+00 3.888104844595313692e-15 1.102469298260880476e-16
1.099671721458435059e+00 4.142975364358238155e-15 1.120688778432973464e-16
1.099815845489501953e+00 3.803492605911713495e-15 1.114592258795110637e-16
1.099960088729858398e+00 3.976967494608235967e-15 1.084309441267340311e-16
1.100104212760925293e+00 3.997469503580052680e-15 1.056213424581364173e-16
1.100248456001281738e+00 3.924358701770745000e-15 1.044732157679128149e-16
1.100392580032348633e+00 3.439904983852225956e-15 1.015232316231976016e-16
1.100536823272705078e+00 3.586813954707538180e-15 1.062278709879296997e-16
1.100680947303771973e+00 3.588378424561116872e-15 1.176050454818820508e-16
1.100825190544128418e+00 3.816447974839968019e-15 1.601356153198147379e-16
1.100969314575195312e+00 3.985826612203568695e-15 1.823438662847568317e-16
1.101113557815551758e+00 3.708979822624131409e-15 1.548505135407521284e-16
1.101257681846618652e+00 3.874617962492657094e-15 1.113767460462721762e-16
1.101401925086975098e+00 3.720153457747836512e-15 1.031833764951466277e-16
1.101546049118041992e+00 3.967982169103762349e-15 1.056315200883932697e-16
1.101690292358398438e+00 4.115751725433484942e-15 1.072770073198878562e-16
1.101834535598754883e+00 4.116162112896429651e-15 1.090903394238368026e-16
1.101978659629821777e+00 3.846100904257446565e-15 1.111106982914955208e-16
1.102122902870178223e+00 3.920849444270270434e-15 1.099026704900332783e-16
1.102267026901245117e+00 3.764619722863371890e-15 1.076627448005784845e-16
1.102411270141601562e+00 3.854573351312357704e-15 1.072471957306114451e-16
1.102555394172668457e+00 3.682254239072363725e-15 1.066450744191218452e-16
1.102699637413024902e+00 3.852604423226465083e-15 1.225822507846177222e-16
1.102843761444091797e+00 4.318496261138853390e-15 2.009928583355567538e-16
1.102988004684448242e+00 3.886630583750617582e-15 2.597185393063140531e-16
1.103132128715515137e+00 3.645757283441070432e-15 2.299013119668477743e-16
1.103276371955871582e+00 3.645105915104631875e-15 1.396552056881530100e-16
1.103420495986938477e+00 3.661981352512779300e-15 1.050492577290498429e-16
1.103564739227294922e+00 3.544274901305243149e-15 1.033259162583017655e-16
1.103708863258361816e+00 3.650977547494998685e-15 1.016817922204566664e-16
1.103853106498718262e+00 3.813330470077598566e-15 1.070307258730287679e-16
1.103997349739074707e+00 3.896816578457824171e-15 1.059156136154133820e-16
1.104141473770141602e+00 3.655232193989057035e-15 1.092187972642438376e-16
1.104285717010498047e+00 3.625983299287418790e-15 1.105944780322583277e-16
1.104429841041564941e+00 3.969164627098129353e-15 1.092944081896760847e-16
1.104574084281921387e+00 3.458912614946849269e-15 1.041698985634569702e-16
1.104718208312988281e+00 3.421904898448361633e-15 1.018375668734126526e-16
1.104862451553344727e+00 3.447297252141151049e-15 1.013629504902644266e-16
1.105006575584411621e+00 3.537146483779387771e-15 9.962962329516160897e-17
1.105150818824768066e+00 3.779786694816907391e-15 9.913839050786841774e-17
1.105294942855834961e+00 3.798971991072217294e-15 1.039466855295207608e-16
1.105439186096191406e+00 3.457488117287804349e-15 1.101895565788013696e-16
1.105583310127258301e+00 3.260738457266628212e-15 1.095822736602894388e-16
1.105727553367614746e+00 3.240935462234533111e-15 1.039334771094995141e-16
1.105871677398681641e+00 3.550733315769820375e-15 1.021767440117838960e-16
1.106015920639038086e+00 3.467226878598860668e-15 1.030942924518971169e-16
1.106160163879394531e+00 3.534491459006219166e-15 1.047846128725920774e-16
1.106304287910461426e+00 3.562241105391217300e-15 1.065387122272373267e-16
1.106448531150817871e+00 3.328904704246338914e-15 1.066049528506905731e-16
1.106592655181884766e+00 3.589150071576065540e-15 1.058345763851627869e-16
1.106736898422241211e+00 3.740007486515003685e-15 1.031419049679556691e-16
1.106881022453308105e+00 3.746281883071789914e-15 1.017961284334461961e-16
1.107025265693664551e+00 3.513890347179573700e-15 1.099715316216670928e-16
1.107169389724731445e+00 3.309544283929184184e-15 1.343356534909387920e-16
1.107313632965087891e+00 3.429503631018179961e-15 1.419780347273203185e-16
1.107457756996154785e+00 3.441611543482706558e-15 1.220454171845157076e-16
1.107602000236511230e+00 3.537768417720909241e-15 1.013832197239944259e-16
1.107746124267578125e+00 3.585769139567100000e-15 1.003766865023052006e-16
1.107890367507934570e+00 3.617196603009076306e-15 1.021798211236625933e-16
1.108034491539001465e+00 3.659869699375274330e-15 1.037722298296108771e-16
1.108178734779357910e+00 3.597395090284638899e-15 1.068073738727496496e-16
1.108322858810424805e+00 3.499011578186341474e-15 1.098351328473795487e-16
1.108467102050781250e+00 3.793696246360243884e-15 1.118926685204888502e-16
1.108611345291137695e+00 3.935248157340646286e-15 1.122137072423880309e-16
1.108755469322204590e+00 3.642671542414223015e-15 1.238504179253350200e-16
1.108899712562561035e+00 3.737791224808512808e-15 1.678767817736697972e-16
1.109043836593627930e+00 3.908998182788761891e-15 1.976379328850498811e-16
1.109188079833984375e+00 4.126784329571472204e-15 1.592829443095052761e-16
1.109332203865051270e+00 3.786542206087734064e-15 1.131481036972177318e-16
1.109476447105407715e+00 3.734341259614346042e-15 1.031040928877946451e-16
1.109620571136474609e+00 3.769121279461554869e-15 1.106595672202989003e-16
1.109764814376831055e+00 3.600979733717419098e-15 1.088394125306576166e-16
1.109908938407897949e+00 3.726358821119421516e-15 1.015131598720591560e-16
1.110053181648254395e+00 3.774521538016774660e-15 9.957087361933564273e-17
1.110197305679321289e+00 3.771614097425324275e-15 9.852609818356686581e-17
1.110341548919677734e+00 3.767979055532182445e-15 1.017782878019946524e-16
1.110485672950744629e+00 3.349792960242103587e-15 1.074508012753076975e-16
1.110629916191101074e+00 3.450825144366465209e-15 1.096550126146349018e-16
1.110774159431457520e+00 3.516926960295480367e-15 1.076277716042797425e-16
1.110918283462524414e+00 3.472129081781094931e-15 1.056839103996699283e-16
1.111062526702880859e+00 3.608556866947082442e-15 1.055452616941162400e-16
1.111206650733947754e+00 3.449606475713603085e-15 1.069457446456175201e-16
1.111350893974304199e+00 3.242011194077546073e-15 1.133658441042212904e-16
1.111495018005371094e+00 3.159958900718785185e-15 1.108754745950650414e-16
1.111639261245727539e+00 3.449483655936251211e-15 1.042025424191507629e-16
1.111783385276794434e+00 3.557055146171652846e-15 9.798047661663708790e-17
1.111927628517150879e+00 3.562644716590583974e-15 9.722762976265052551e-17
1.112071752548217773e+00 3.577870557333953649e-15 9.995457954444184078e-17
1.112215995788574219e+00 3.701173566982235777e-15 1.023431859859193660e-16
1.112360119819641113e+00 3.480097967748863388e-15 1.066103725380640205e-16
1.112504363059997559e+00 3.322612096481186716e-15 1.044108860543957191e-16
1.112648487091064453e+00 3.464454328004260529e-15 1.014716618750885957e-16
1.112792730331420898e+00 3.812517741964708065e-15 1.039703495124846778e-16
1.112936973571777344e+00 3.438940848600013749e-15 1.125820606953252447e-16
1.113081097602844238e+00 3.504000602245669303e-15 1.201913811769842518e-16
1.113225340843200684e+00 3.629130450202942143e-15 1.227035088449730956e-16
1.113369464874267578e+00 3.807664243176940924e-15 1.179174947603004809e-16
1.113513708114624023e+00 3.803718340192156766e-15 1.149543749874579255e-16
1.113657832145690918e+00 3.640365918731796810e-15 1.182348409479452248e-16
1.113802075386047363e+00 3.803155910315179911e-15 1.218704122366790887e-16
1.113946199417114258e+00 3.529248536820951861e-15 1.252002575710133535e-16
1.114090442657470703e+00 3.609904496366164034e-15 1.257696490000254552e-16
1.114234566688537598e+00 3.332796820638972424e-15 1.170781512840204735e-16
1.114378809928894043e+00 3.682025963693078691e-15 1.045574955461646177e-16
1.114522933959960938e+00 3.848715271449146963e-15 1.019416129595820226e-16
1.114667177200317383e+00 3.901967809326551198e-15 1.026642974997124514e-16
1.114811301231384277e+00 3.724494078086041174e-15 1.074066496829320671e-16
1.114955544471740723e+00 3.992638027648914151e-15 1.224586766185472003e-16
1.115099668502807617e+00 3.583870091699355859e-15 1.438151168410168874e-16
1.115243911743164062e+00 3.679857559348107682e-15 1.401585020774996746e-16
1.115388154983520508e+00 4.238769284978542370e-15 1.368923827375564950e-16
1.115532279014587402e+00 4.072563209518882676e-15 1.499442604822388055e-16
1.115676522254943848e+00 3.727867386798481425e-15 1.491035008727501074e-16
1.115820646286010742e+00 3.744961782223494087e-15 1.289034591466295529e-16
1.115964889526367188e+00 3.670768895824069039e-15 1.131588901324054233e-16
1.116109013557434082e+00 3.829211067289195816e-15 1.170602047734505230e-16
1.116253256797790527e+00 3.599233998813127985e-15 1.369584380725525296e-16
1.116397380828857422e+00 3.347569498755561049e-15 1.679031589090428881e-16
1.116541624069213867e+00 3.270946051313989786e-15 1.941168963326525597e-16
1.116685748100280762e+00 3.046810333800424424e-15 1.856542166264144467e-16
1.116829991340637207e+00 3.260019326294409311e-15 1.587024752777298642e-16
1.116974115371704102e+00 3.555173462479327418e-15 1.338651399236288290e-16
1.117118358612060547e+00 3.161730470127967554e-15 1.264494061750868321e-16
1.117262482643127441e+00 3.482379239234056033e-15 1.386279267767009547e-16
1.117406725883483887e+00 3.071216317626136207e-15 1.455339716841224772e-16
1.117550969123840332e+00 3.456002845014793934e-15 1.284357249061777680e-16
1.117695093154907227e+00 3.529682005931709249e-15 1.089373771849634967e-16
1.117839336395263672e+00 3.410030767077277224e-15 1.072597490235875498e-16
1.117983460426330566e+00 3.433263822029278614e-15 1.094105575825683307e-16
1.118127703666687012e+00 3.645923301898732274e-15 1.131682471994946231e-16
1.118271827697753906e+00 3.764202982653322774e-15 1.314499445885413992e-16
1.118416070938110352e+00 3.600606615704153579e-15 1.342647806560552486e-16
1.118560194969177246e+00 4.010582844152970131e-15 1.177372223263231242e-16
1.118704438209533691e+00 3.992156912934873708e-15 1.143915480637870447e-16
1.118848562240600586e+00 3.871185361473909042e-15 1.376623621563902557e-16
1.118992805480957031e+00 3.463442758907002081e-15 1.543585329821851892e-16
1.119136929512023926e+00 3.364069488809838006e-15 1.551133055126377750e-16
1.119281172752380371e+00 3.312665388581579468e-15 1.590594202556587467e-16
1.119425296783447266e+00 3.279371699798565125e-15 1.533381494483193760e-16
1.119569540023803711e+00 3.723541166020380086e-15 1.240390018701073094e-16
1.119713783264160156e+00 3.716085582018647734e-15 1.087217609777729743e-16
1.119857907295227051e+00 3.472345075182644777e-15 1.156685825806709109e-16
1.120002150535583496e+00 3.152194149691305014e-15 1.276809788455047839e-16
1.120146274566650391e+00 3.569811885873776236e-15 1.346745460791793172e-16
1.120290517807006836e+00 3.576066377156301990e-15 1.541054289496337636e-16
1.120434641838073730e+00 3.666065321867965909e-15 1.539258314950362502e-16
1.120578885078430176e+00 3.787405332660986196e-15 1.243148037386671901e-16
1.120723009109497070e+00 3.615921818423458584e-15 1.093417957126080226e-16
1.120867252349853516e+00 3.658433978529678290e-15 1.065597821718002774e-16
1.121011376380920410e+00 3.823372045667298297e-15 1.044200975376971096e-16
1.121155619621276855e+00 3.720001838850277992e-15 1.168239222858359757e-16
1.121299743652343750e+00 3.269495930908290424e-15 1.424143096347154865e-16
1.121443986892700195e+00 3.427604583150435820e-15 1.450592361869660436e-16
1.121588110923767090e+00 3.696271363800001514e-15 1.227085778077668205e-16
1.121732354164123535e+00 3.593538549275790070e-15 1.240662392733174555e-16
1.121876478195190430e+00 3.088476943267047525e-15 1.657846368637312770e-16
1.122020721435546875e+00 3.200521826255135933e-15 1.918193988725640751e-16
1.122164964675903320e+00 3.708663032301858301e-15 1.667154466634249480e-16
1.122309088706970215e+00 3.503572427090832254e-15 1.792157736105467005e-16
1.122453331947326660e+00 3.646343430240570407e-15 2.145526117414568224e-16
1.122597455978393555e+00 3.493530851501132524e-15 2.149133948374279510e-16
1.122741699218750000e+00 2.674710030621031166e-15 2.090602383532231255e-16
1.122885823249816895e+00 3.611928905110101812e-15 1.823650421084381892e-16
1.123030066490173340e+00 3.904980705519934744e-15 1.355424107429801530e-16
1.123174190521240234e+00 3.706009701594584205e-15 1.060253507041971168e-16
1.123318433761596680e+00 3.712943936817281534e-15 1.052644239499871365e-16
1.123462557792663574e+00 3.766094830741015254e-15 1.333210800736955512e-16
1.123606801033020020e+00 3.673928328717327579e-15 2.186533364671313056e-16
1.123750925064086914e+00 3.255752397822615773e-15 2.810524934510120988e-16
1.123895168304443359e+00 3.519466153313111946e-15 1.826156182770376528e-16
1.124039292335510254e+00 3.740949387152350467e-15 1.199022650092847176e-16
1.124183535575866699e+00 3.765288878891702787e-15 1.092178774394026786e-16
1.124327778816223145e+00 3.561213654426197833e-15 1.160417402986058328e-16
1.124471902847290039e+00 3.513686000481048601e-15 1.201817064725398316e-16
1.124616146087646484e+00 4.074794717818424131e-15 1.111080116088659486e-16
1.124760270118713379e+00 4.012877456407082030e-15 1.076289296571373167e-16
1.124904513359069824e+00 4.067125681513983695e-15 1.106731528346794713e-16
1.125048637390136719e+00 3.708357253407899498e-15 1.204149714052797854e-16
1.125192880630493164e+00 3.952747010997972876e-15 1.479345159962003678e-16
1.125337004661560059e+00 4.501221173135866449e-15 2.396434349399135079e-16
1.125481247901916504e+00 4.004364351770702685e-15 3.721169262009831231e-16
1.125625371932983398e+00 3.900138218160481909e-15 3.489553925934655177e-16
1.125769615173339844e+00 4.216303853634990190e-15 2.002823962161574085e-16
1.125913739204406738e+00 3.899607128502553463e-15 1.351000080816071921e-16
1.126057982444763184e+00 3.866669405315622740e-15 1.328227864726936073e-16
1.126202106475830078e+00 3.547026911350872370e-15 1.554890572689736632e-16
1.126346349716186523e+00 3.696520815002967905e-15 1.522717482026160127e-16
1.126490592956542969e+00 3.456772374447374466e-15 1.285170400691141809e-16
1.126634716987609863e+00 3.464321555589778417e-15 1.172020960270054191e-16
1.126778960227966309e+00 3.291781791267024693e-15 1.176194053373159714e-16
1.126923084259033203e+00 3.890784433323952671e-15 1.140919498633652385e-16
1.127067327499389648e+00 3.811151054304313252e-15 1.110244068099939889e-16
1.127211451530456543e+00 3.895497324642475598e-15 1.285514243128167851e-16
1.127355694770812988e+00 3.562718408456995098e-15 1.569396673655956568e-16
1.127499818801879883e+00 3.838208674771404622e-15 1.500958396751279227e-16
1.127644062042236328e+00 3.817214963173706788e-15 1.460506485470577996e-16
1.127788186073303223e+00 2.946345449992486369e-15 1.770451722738687508e-16
1.127932429313659668e+00 3.519572667706229174e-15 1.734446602082173345e-16
1.128076553344726562e+00 3.773400066394609967e-15 1.296304119387207553e-16
1.128220796585083008e+00 3.637705388244471053e-15 1.121428344075044875e-16
1.128364920616149902e+00 3.544809379094960612e-15 1.269679756272636757e-16
1.128509163856506348e+00 3.522874613892863251e-15 1.429755219018306639e-16
1.128653287887573242e+00 3.928067859046771582e-15 1.285638254045601801e-16
1.128797531127929688e+00 3.707162513435797307e-15 1.300553445455565962e-16
1.128941774368286133e+00 3.425014991672442610e-15 1.573070282017978070e-16
1.129085898399353027e+00 3.385385072927492474e-15 1.781548251394412868e-16
1.129230141639709473e+00 3.586177409447676573e-15 1.590426516502810718e-16
1.129374265670776367e+00 4.408885264522727915e-15 1.450322899513315162e-16
1.129518508911132812e+00 4.220638121226090445e-15 1.585414860781923438e-16
1.129662632942199707e+00 4.298146294581068824e-15 2.127407420928308698e-16
1.129806876182556152e+00 4.060468426065038522e-15 2.621719437682565323e-16
1.129951000213623047e+00 3.977426586465647798e-15 2.133646612678224671e-16
1.130095243453979492e+00 3.480885284873336261e-15 1.827724252513981051e-16
1.130239367485046387e+00 3.119176170132621946e-15 1.472263964522957727e-16
1.130383610725402832e+00 3.538937111429883361e-15 1.222598223992894524e-16
1.130527734756469727e+00 3.640866091687150474e-15 1.232832102531400582e-16
1.130671977996826172e+00 3.591156692628110977e-15 1.283188078896770729e-16
1.130816102027893066e+00 3.566865058250278525e-15 1.241732301224675143e-16
1.130960345268249512e+00 3.830551073411752119e-15 1.124588306363895449e-16
1.131104588508605957e+00 3.733949930392714556e-15 1.353934652931614046e-16
1.131248712539672852e+00 4.016877145984016836e-15 1.774210828488822491e-16
1.131392955780029297e+00 3.678657313661848338e-15 1.879084757015235595e-16
1.131537079811096191e+00 3.565131605323722599e-15 1.474819754092399570e-16
1.131681323051452637e+00 3.709205133388101053e-15 1.091870467636116022e-16
1.131825447082519531e+00 3.727258370109405583e-15 1.024981069884831975e-16
1.131969690322875977e+00 3.765470143942415207e-15 1.063384021701014855e-16
1.132113814353942871e+00 3.623712827472303638e-15 1.172502313212111049e-16
1.132258057594299316e+00 4.162643045877009382e-15 1.483018238928433146e-16
1.132402181625366211e+00 3.714262767116156480e-15 1.793672336894276101e-16
1.132546424865722656e+00 3.869079637567034852e-15 1.514839678570001108e-16
1.132690548896789551e+00 3.699274095598018008e-15 1.163344828261107995e-16
1.132834792137145996e+00 3.621521976754230390e-15 1.137417414443449878e-16
1.132978916168212891e+00 3.624991423706184004e-15 1.863844913758456621e-16
1.133123159408569336e+00 3.497193633723296932e-15 2.742618303128743730e-16
1.133267402648925781e+00 3.682470232473913571e-15 2.921727390292605791e-16
1.133411526679992676e+00 4.096798516205722718e-15 2.036011639477283632e-16
1.133602619171142578e+00 3.258482385011616383e-15 1.571798673805912551e-16
1.133775472640991211e+00 3.339961660581559737e-15 1.331640481062084844e-16
1.133948206901550293e+00 3.481712412546330085e-15 1.234858628857706496e-16
1.134120941162109375e+00 3.189728720682984825e-15 1.353655661454612161e-16
1.134293675422668457e+00 3.505099839252968572e-15 1.322849867256361308e-16
1.134466409683227539e+00 3.462178562233225038e-15 2.022308102228587146e-16
1.134639263153076172e+00 3.878297050099056148e-15 4.870067811006619125e-16
1.134811997413635254e+00 4.168679002659143526e-15 6.298873161983918872e-16
1.134984731674194336e+00 4.036258106850142482e-15 2.829293861132296199e-16
1.135157465934753418e+00 3.183982449168811651e-15 2.145607776684639459e-16
1.135330200195312500e+00 3.263389670391534172e-15 2.502240940609813972e-16
1.135503053665161133e+00 3.498461430287099806e-15 1.965100820460011785e-16
1.135675787925720215e+00 3.412784682947037768e-15 1.260590828050802098e-16
1.135848522186279297e+00 3.281905598860276364e-15 1.178603068014710147e-16
1.136021256446838379e+00 3.267400583155020098e-15 1.607178445919336626e-16
1.136193990707397461e+00 3.577486851408847451e-15 1.563059279023718299e-16
1.136366844177246094e+00 3.543124207046398182e-15 1.058996986604278617e-16
1.136539578437805176e+00 3.775885684578327711e-15 8.858395632094090964e-17
1.136712312698364258e+00 3.546431658947189411e-15 8.336993913499865711e-17
1.136885046958923340e+00 3.465806616104552020e-15 8.258247642673797561e-17
1.137057781219482422e+00 3.473856605477020076e-15 8.378791680724415221e-17
1.137230634689331055e+00 3.377143230592471318e-15 8.970583160724452916e-17
1.137403368949890137e+00 3.421772549550353149e-15 9.537208497768177298e-17
1.137576103210449219e+00 3.152795119567381940e-15 1.116422776403465985e-16
1.137748837471008301e+00 3.429689554750102280e-15 1.142148755198355188e-16
1.137921571731567383e+00 3.359526639355476380e-15 9.851068615439377779e-17
1.138094425201416016e+00 3.307882828803144874e-15 9.284426734783402337e-17
1.138267159461975098e+00 2.868841935318717888e-15 9.344777832275271237e-17
1.138439893722534180e+00 2.490179667896945566e-15 1.111025323644883973e-16
1.138612627983093262e+00 2.862931339412777380e-15 1.105097813549777981e-16
1.138785481452941895e+00 3.066863415310196357e-15 9.654623146125384343e-17
1.138958215713500977e+00 3.209690110876216480e-15 9.480101933510986395e-17
1.139130949974060059e+00 3.317347363197527613e-15 8.636468367702033978e-17
1.139303684234619141e+00 3.514052977505446526e-15 8.062665088174819444e-17
1.139476418495178223e+00 3.526345543152474560e-15 8.019099139672876582e-17
1.139649271965026855e+00 3.368304230029635880e-15 8.760095473331759282e-17
1.139822006225585938e+00 3.172984996898135443e-15 1.064850182793152845e-16
1.139994740486145020e+00 3.103416063357771620e-15 1.093877273976618671e-16
1.140167474746704102e+00 3.565802455417948005e-15 8.773305216841986113e-17
1.140340209007263184e+00 3.391981130245998524e-15 7.785638992308360263e-17
1.140513062477111816e+00 2.693216641727353561e-15 8.006051523562710145e-17
1.140685796737670898e+00 2.167973628717330056e-15 9.614242173854015659e-17
1.140858530998229980e+00 2.172056962797806225e-15 1.167784604393700613e-16
1.141031265258789062e+00 2.750494491928347045e-15 9.523765158452965492e-17
1.141203999519348145e+00 3.159314308645924663e-15 8.174740781986364227e-17
1.141376852989196777e+00 3.317832501318067513e-15 9.230227214070967794e-17
1.141549587249755859e+00 3.401325597720107966e-15 1.090859719102025226e-16
1.141722321510314941e+00 3.625758412039922773e-15 9.328344731354047768e-17
1.141895055770874023e+00 3.789355626022039222e-15 8.448225221342116364e-17
1.142067790031433105e+00 3.449617275383680577e-15 8.984656480794185108e-17
1.142240643501281738e+00 3.560054066321406696e-15 9.999685178246575071e-17
1.142413377761840820e+00 3.579714971576599888e-15 9.612161649177322284e-17
1.142586112022399902e+00 3.341382134834105198e-15 9.206796826912035754e-17
1.142758846282958984e+00 3.452176373675572632e-15 8.802393519390780863e-17
1.142931580543518066e+00 3.645678085860502154e-15 8.625143272499447965e-17
1.143104434013366699e+00 3.534498235269797201e-15 8.759905552663117107e-17
1.143277168273925781e+00 3.740932446493405381e-15 9.109233189767121288e-17
1.143449902534484863e+00 3.788271423849553718e-15 9.029320263405108348e-17
1.143622636795043945e+00 3.715128434788250375e-15 1.055263358017010267e-16
1.143795371055603027e+00 3.195434122857452978e-15 2.054951296177889787e-16
1.143968224525451660e+00 3.340713190564011115e-15 3.159331514002665766e-16
1.144140958786010742e+00 3.504733073986807459e-15 3.553884754789639203e-16
1.144313693046569824e+00 3.538991321538507637e-15 2.316082951138020030e-16
1.144486427307128906e+00 3.568910642817897660e-15 1.265563573195674883e-16
1.144659161567687988e+00 3.560738045426314544e-15 1.002333394108722111e-16
1.144832015037536621e+00 3.198375868283267164e-15 1.154455482177470130e-16
1.145004749298095703e+00 3.428974023667909210e-15 1.748588478881073932e-16
1.145177483558654785e+00 3.526858209843800225e-15 2.163109197910587415e-16
1.145350217819213867e+00 3.609077368693170210e-15 1.948839111361709304e-16
1.145522952079772949e+00 3.822307325252599641e-15 1.258348573020742355e-16
1.145695805549621582e+00 3.555262400938789119e-15 9.764481334150796970e-17
1.145868539810180664e+00 3.233905512288796046e-15 1.068848244478642147e-16
1.146041274070739746e+00 3.372403022461399440e-15 1.094312172455474551e-16
1.146214008331298828e+00 3.553619157021115776e-15 9.291426667999071079e-17
1.146386742591857910e+00 3.703023063422565542e-15 1.018643939950389724e-16
1.146559596061706543e+00 3.217788381126678032e-15 1.292531646398373713e-16
1.146732330322265625e+00 3.624357843061637788e-15 1.753362568330035982e-16
1.146905064582824707e+00 4.034216333930785992e-15 1.637868567180728063e-16
1.147077798843383789e+00 4.079642287375560492e-15 1.354291465560644920e-16
1.147250533103942871e+00 3.492840307890883456e-15 1.135461959475374521e-16
1.147423386573791504e+00 3.636179034873518803e-15 1.200527192365407627e-16
1.147596120834350586e+00 3.430480895281074610e-15 1.265951090769043726e-16
1.147768855094909668e+00 3.652560228556943345e-15 1.024323229687280803e-16
1.147941589355468750e+00 3.809705169063350161e-15 8.504126748882940017e-17
1.148114323616027832e+00 3.567533790762135795e-15 7.945042652047739078e-17
1.148287177085876465e+00 3.429413422009297378e-15 7.807023265504081135e-17
1.148459911346435547e+00 3.671831498656399559e-15 8.714190919802006501e-17
1.148632645606994629e+00 3.787181715962911061e-15 1.023752872111313239e-16
1.148805379867553711e+00 3.399320247217483409e-15 1.116105403746041639e-16
1.148978114128112793e+00 3.804831341484848917e-15 1.054009219859481869e-16
1.149150967597961426e+00 4.040830814215894823e-15 9.023855577406338026e-17
1.149323701858520508e+00 3.753598553670172561e-15 8.891134117249959714e-17
1.149496436119079590e+00 3.629562013489568209e-15 1.033284375048088271e-16
1.149669170379638672e+00 3.594727360017261480e-15 1.265709156983484216e-16
1.149841904640197754e+00 3.599217058154182899e-15 1.312651061175827498e-16
1.150014758110046387e+00 3.897526392067623274e-15 1.151202610962217599e-16
1.150187492370605469e+00 3.658531387318612535e-15 9.783057163730777802e-17
1.150360226631164551e+00 3.828180228192387333e-15 8.740915471032369719e-17
1.150532960891723633e+00 3.855134510639913678e-15 8.273231523161828126e-17
1.150705695152282715e+00 3.746380138893671413e-15 8.634132409652184228e-17
1.150878548622131348e+00 3.668439555219119713e-15 9.525496943783406511e-17
1.151051282882690430e+00 3.878167030541652613e-15 9.685169933530232591e-17
1.151224017143249512e+00 3.740243385190814007e-15 1.014787028364626470e-16
1.151396751403808594e+00 4.023264621439261515e-15 9.513512089324248204e-17
1.151569485664367676e+00 3.931528412152779026e-15 7.954522803612086817e-17
1.151742339134216309e+00 3.913210901151931154e-15 8.085877761396527527e-17
1.151915073394775391e+00 3.548214239784686086e-15 9.839949984517685003e-17
1.152087807655334473e+00 3.406197942990951515e-15 1.119471300920193415e-16
1.152260541915893555e+00 3.710722592913107132e-15 9.009088749111041376e-17
1.152433395385742188e+00 4.013914224734521294e-15 9.374652287278236384e-17
1.152606129646301270e+00 3.210027229989223692e-15 1.223921315926285343e-16
1.152778863906860352e+00 3.650347354982241485e-15 1.345854223312604038e-16
1.152951598167419434e+00 3.750658502310252884e-15 9.389462790709875834e-17
1.153124332427978516e+00 3.669833771450300292e-15 7.975179157868761025e-17
1.153297185897827148e+00 3.731599413964083872e-15 7.843800377282678787e-17
1.153469920158386230e+00 3.764476574295285913e-15 8.372008137956990352e-17
1.153642654418945312e+00 3.739260826971999019e-15 1.279923163931799427e-16
1.153815388679504395e+00 3.703266585394901153e-15 2.557228731358787048e-16
1.153988122940063477e+00 3.752188243812994151e-15 2.797827116537390975e-16
1.154160976409912109e+00 3.535199578550123761e-15 1.691464179871549891e-16
1.154333710670471191e+00 3.546298674774470486e-15 9.763095641188648138e-17
1.154506444931030273e+00 3.865569956550086658e-15 9.472895536014424417e-17
1.154679179191589355e+00 3.865062160298207705e-15 8.989904776344711558e-17
1.154851913452148438e+00 3.655826811118029554e-15 8.559999159666201803e-17
1.155024766921997070e+00 3.555845159606500078e-15 8.431356030801954939e-17
1.155197501182556152e+00 3.851956443021815543e-15 8.208598938819384756e-17
1.155370235443115234e+00 3.950419364458918059e-15 8.546969410657266511e-17
1.155542969703674316e+00 4.099621677018921301e-15 9.804283279993378534e-17
1.155715703964233398e+00 3.572728643827646419e-15 1.041708382406328305e-16
1.155888557434082031e+00 3.829341086846599351e-15 9.365808733913309455e-17
1.156061291694641113e+00 3.960887421137560330e-15 8.053834107955203320e-17
1.156234025955200195e+00 3.773200590135531579e-15 8.390642201052094917e-17
1.156406760215759277e+00 3.721175402998698825e-15 1.159549723610714704e-16
1.156579494476318359e+00 3.307883040561381688e-15 1.328828728723894593e-16
1.156752347946166992e+00 3.783046924630889193e-15 1.034314049474594280e-16
1.156925082206726074e+00 3.877483051436744765e-15 8.253289852954399735e-17
1.157097816467285156e+00 3.544569457012650832e-15 8.295227910010838238e-17
1.157270550727844238e+00 3.506087056152993459e-15 9.017257323096125035e-17
1.157443284988403320e+00 3.867980188801498770e-15 8.821905055679681680e-17
1.157616138458251953e+00 3.878502455588765316e-15 8.995149101428297754e-17
1.157788872718811035e+00 3.454354307141200252e-15 9.700894306102620626e-17
1.157961606979370117e+00 3.581249371760551053e-15 9.407572090424376758e-17
1.158134341239929199e+00 3.930831304037188736e-15 8.856518924720330655e-17
1.158307075500488281e+00 3.599154377716086081e-15 8.270035297274923227e-17
1.158479928970336914e+00 3.642536864175609582e-15 7.987203055252831835e-17
1.158652663230895996e+00 3.792511247267035118e-15 7.934929211006420740e-17
1.158825397491455078e+00 3.866738014984350338e-15 9.237316482792792263e-17
1.158998131752014160e+00 3.708027757591417575e-15 1.705849446293888081e-16
1.159170866012573242e+00 3.565659306849862029e-15 2.352630305229674954e-16
1.159343719482421875e+00 3.440136012088589566e-15 1.922601207029323283e-16
1.159516453742980957e+00 3.465882849069804907e-15 1.142447334312262329e-16
1.159689188003540039e+00 3.285176840102572472e-15 8.773984166688769638e-17
1.159861922264099121e+00 3.320073538738265578e-15 8.742172785563450321e-17
1.160034656524658203e+00 3.446437937216161561e-15 8.346419140271539930e-17
1.160207509994506836e+00 3.508926734108663500e-15 8.508159419805258537e-17
1.160380244255065918e+00 3.544343722732207561e-15 8.747026681397911487e-17
1.160552978515625000e+00 3.618793683631124289e-15 8.569522324622402300e-17
1.160725712776184082e+00 3.663858801040368457e-15 8.712805888584347711e-17
1.160898447036743164e+00 3.732251629333469684e-15 8.707144002727544747e-17
1.161071300506591797e+00 3.557905990767169790e-15 8.323911224931727026e-17
1.161244034767150879e+00 3.280550346144669484e-15 7.987567676466845209e-17
1.161416769027709961e+00 3.651367182650735663e-15 8.177106518538265886e-17
1.161589503288269043e+00 3.701608941917124487e-15 8.465632410152682278e-17
1.161762237548828125e+00 3.826344284279213637e-15 8.105262242743340199e-17
1.161935091018676758e+00 3.709362681516290353e-15 7.532272908938877844e-17
1.162107825279235840e+00 3.769735801864787864e-15 7.678207421327933198e-17
1.162280559539794922e+00 3.447671005429127009e-15 8.259112542722283007e-17
1.162453293800354004e+00 3.574875025315988816e-15 8.844162169857768506e-17
1.162626028060913086e+00 3.961026334540910035e-15 1.105788608622933265e-16
1.162798881530761719e+00 3.893980288633943146e-15 1.249473255920293389e-16
1.162971615791320801e+00 3.708654985488859385e-15 1.103672085045981582e-16
1.163144350051879883e+00 3.910191228694969573e-15 8.426038252079974034e-17
1.163317084312438965e+00 3.931235762269502665e-15 8.168589866951419913e-17
1.163489818572998047e+00 3.834402955739391050e-15 8.248205008292913763e-17
1.163662672042846680e+00 3.695560279640781529e-15 8.055096716442204261e-17
1.163835406303405762e+00 3.578629075338219875e-15 7.914011467676179776e-17
1.164008140563964844e+00 3.565951533216664762e-15 7.897244847531974927e-17
1.164180874824523926e+00 3.566572408367002164e-15 8.098595167006162796e-17
1.164353609085083008e+00 3.597329445231226691e-15 8.011411653932053764e-17
1.164526462554931641e+00 3.834486812001169226e-15 7.635794231727644236e-17
1.164699196815490723e+00 3.820952072536992761e-15 7.753634381791948559e-17
1.164871931076049805e+00 4.004797185606749632e-15 1.085378026269860814e-16
1.165044665336608887e+00 3.780735371717832208e-15 1.766718822070358205e-16
1.165217399597167969e+00 3.475443521703701008e-15 1.771153701293724510e-16
1.165390253067016602e+00 3.417457551958802929e-15 1.067226771954691200e-16
1.165562987327575684e+00 3.487743710647254330e-15 7.716180305400037508e-17
1.165735721588134766e+00 3.330807140245872072e-15 7.897012575215970036e-17
1.165908455848693848e+00 3.339654187621706426e-15 8.432150785934495888e-17
1.166081190109252930e+00 3.742326662724585959e-15 8.064167248167215742e-17
1.166254043579101562e+00 3.781767481364061573e-15 7.517146091640998116e-17
1.166426777839660645e+00 3.628513386700867385e-15 7.438720766892600541e-17
1.166599512100219727e+00 3.695716557219549947e-15 7.678384768851264567e-17
1.166772246360778809e+00 3.782600538267686177e-15 8.135228680230421243e-17
1.166945099830627441e+00 3.794926138199657129e-15 8.099401833539524509e-17
1.167117834091186523e+00 3.591148645815112062e-15 7.674076812221088399e-17
1.167290568351745605e+00 3.800071863354227003e-15 7.659406598621337943e-17
1.167463302612304688e+00 3.682694272688462334e-15 7.523945516276184004e-17
1.167636036872863770e+00 3.651542941987290930e-15 7.828800614926887205e-17
1.167808890342712402e+00 3.526944818962656977e-15 8.137757867671363381e-17
1.167981624603271484e+00 3.673586127406636842e-15 7.808510867117696500e-17
1.168154358863830566e+00 3.625692343470036938e-15 7.784850854620719738e-17
1.168327093124389648e+00 3.414345129394117002e-15 8.124747970997129361e-17
1.168499827384948730e+00 3.349038253886100006e-15 8.323199849604931422e-17
1.168672680854797363e+00 3.350341625833687560e-15 7.789753719547444044e-17
1.168845415115356445e+00 3.312994460881587763e-15 7.269471672630370570e-17
1.169018149375915527e+00 3.317452818799460773e-15 7.127193960293289640e-17
1.169190883636474609e+00 2.749495204808823784e-15 7.218114344502668230e-17
1.169363617897033691e+00 2.335449618323160760e-15 7.759574200334569340e-17
1.169536471366882324e+00 2.376535374946204225e-15 1.006724134974602586e-16
1.169709205627441406e+00 2.939890635417934973e-15 1.022238999241443190e-16
1.169881939888000488e+00 3.244434131823166999e-15 8.466540985337510524e-17
1.170054674148559570e+00 3.037771645220273785e-15 7.247583150133237373e-17
1.170227408409118652e+00 3.411839182419665155e-15 7.522623350785079244e-17
1.170400261878967285e+00 3.825471840343541707e-15 8.024575075327977625e-17
1.170572996139526367e+00 3.635975746966177771e-15 7.562459045596652972e-17
1.170745730400085449e+00 3.670855293184688978e-15 7.234765159361115656e-17
1.170918464660644531e+00 3.711716586076710053e-15 7.264926811472759214e-17
1.171091198921203613e+00 3.631964622444455032e-15 7.722142623255319731e-17
1.171264052391052246e+00 3.541833964109493069e-15 8.312165921977964075e-17
1.171436786651611328e+00 3.752529598090737634e-15 1.054643634302085539e-16
1.171609520912170410e+00 3.769387247806992719e-15 1.313079342209782954e-16
1.171782255172729492e+00 3.579408769166167459e-15 1.253656142841851539e-16
1.171954989433288574e+00 3.692873491132090888e-15 9.160362877790249035e-17
1.172127842903137207e+00 3.455813533151082598e-15 7.830339832610725879e-17
1.172300577163696289e+00 3.377704601678264106e-15 7.504739044197192743e-17
1.172473311424255371e+00 3.466023456539049120e-15 7.212015045537947225e-17
1.172646045684814453e+00 3.469703602936632242e-15 7.142516653960221925e-17
1.172818779945373535e+00 3.404478889624498912e-15 7.448781930119205527e-17
1.172991633415222168e+00 3.645576865423305266e-15 7.883166895250812438e-17
1.173164367675781250e+00 3.578172524579649807e-15 7.484201803948726172e-17
1.173337101936340332e+00 3.612280847299685974e-15 7.191049656604423207e-17
1.173509836196899414e+00 3.536979830047015487e-15 7.180167268465675575e-17
1.173682570457458496e+00 3.445808379978114802e-15 7.622696323036234575e-17
1.173855423927307129e+00 3.357902877195589886e-15 8.252364072412830386e-17
1.174028158187866211e+00 3.314769841939032777e-15 8.055127818433236255e-17
1.174200892448425293e+00 3.502914282490815663e-15 7.801479170166505722e-17
1.174373626708984375e+00 3.573235169530104491e-15 7.470792875346996573e-17
1.174546360969543457e+00 3.515599447908896065e-15 7.409246005561621017e-17
1.174719214439392090e+00 3.569910565212131362e-15 7.708519951183306429e-17
1.174891948699951172e+00 3.622532063543831143e-15 7.387407113901241001e-17
1.175064682960510254e+00 3.486842044074902128e-15 7.212557676019782011e-17
1.175237417221069336e+00 3.547145495963487973e-15 7.385799736534927958e-17
1.175410151481628418e+00 3.283077892459276316e-15 7.623589678097791845e-17
1.175583004951477051e+00 3.478145980321915853e-15 7.946554076462995970e-17
1.175755739212036133e+00 3.575065607729121034e-15 7.659017492861192999e-17
1.175928473472595215e+00 3.560399655763886451e-15 7.335846630215095638e-17
1.176101207733154297e+00 3.742014954599996376e-15 6.971484820041817668e-17
1.176273941993713379e+00 3.567128909013348240e-15 7.186261935218966283e-17
1.176446795463562012e+00 3.515044853086681312e-15 7.514151697823556156e-17
1.176619529724121094e+00 3.689359998466880050e-15 7.331823223715637711e-17
1.176792263984680176e+00 3.475675185214775059e-15 7.099016879907283305e-17
1.176964998245239258e+00 3.345888985388208517e-15 7.943492184707569683e-17
1.177137732505798340e+00 2.900214553377359478e-15 8.623349283186942959e-17
1.177310585975646973e+00 2.347522590678613116e-15 8.505364872823809388e-17
1.177483320236206055e+00 1.973909486655423678e-15 7.672417157040062005e-17
1.177656054496765137e+00 1.955386781923103452e-15 7.414684883525279684e-17
1.177828788757324219e+00 2.523534554810399032e-15 7.215153037909728391e-17
1.178001523017883301e+00 2.830730958406431526e-15 7.214117407782812000e-17
1.178174376487731934e+00 3.132578348940553113e-15 7.655458630993744852e-17
1.178347110748291016e+00 3.266392190431313854e-15 7.769908664035561846e-17
1.178519845008850098e+00 3.111430053829981369e-15 7.698446876555880680e-17
1.178692579269409180e+00 3.242239257698594293e-15 8.892179011799736699e-17
1.178865313529968262e+00 3.440912741301221760e-15 9.919566449348158938e-17
1.179038166999816895e+00 3.476798562661071075e-15 9.242136629658261266e-17
1.179210901260375977e+00 3.481746717380693884e-15 7.710860541444586476e-17
1.179383635520935059e+00 3.571290381883208617e-15 7.409013733245616126e-17
1.179556369781494141e+00 3.448886285950200116e-15 7.418368815101345848e-17
1.179729104042053223e+00 3.176454232091852244e-15 7.535608101168691651e-17
1.179901957511901855e+00 3.371381712485247567e-15 7.644281104812438300e-17
1.180074691772460938e+00 3.490214717512631938e-15 7.293858942321903953e-17
1.180247426033020020e+00 3.375828423700095830e-15 6.890660671517016313e-17
1.180420160293579102e+00 3.463397442644323976e-15 6.867024481821681079e-17
1.180592894554138184e+00 3.378430297155824227e-15 7.183652014950238970e-17
1.180765748023986816e+00 3.332543769545980201e-15 7.603820723202264526e-17
1.180938482284545898e+00 3.418256092269826921e-15 7.485754256522365695e-17
1.181111216545104980e+00 3.636499213327580929e-15 7.297776469702955092e-17
1.181283950805664062e+00 3.444784528903121167e-15 7.230045597658133101e-17
1.181456804275512695e+00 3.442946679165816148e-15 7.310238441939433986e-17
1.181629538536071777e+00 3.329348761268936981e-15 7.766166498944371949e-17
1.181802272796630859e+00 3.279173494088907619e-15 8.429906810368762034e-17
1.181975007057189941e+00 3.270187533309723560e-15 8.025146822567374278e-17
1.182147741317749023e+00 3.271776143602299000e-15 7.703053941695556022e-17
1.182320594787597656e+00 3.513140723021253645e-15 7.554865527573416178e-17
1.182493329048156738e+00 3.471242450043556492e-15 7.526354266219938420e-17
1.182666063308715820e+00 3.426779149543336504e-15 7.421236153976699663e-17
1.182838797569274902e+00 3.353592750043486378e-15 6.987033168579854419e-17
1.183011531829833984e+00 3.228790703836800953e-15 6.838564174793936587e-17
1.183184385299682617e+00 3.160912236300919900e-15 7.040843583532144017e-17
1.183357119560241699e+00 3.438165601695039250e-15 7.438068948569908755e-17
1.183529853820800781e+00 3.390300828636882806e-15 7.305803430367169672e-17
1.183702588081359863e+00 3.289881472849859670e-15 7.103719236253524757e-17
1.183875322341918945e+00 3.190449969237571862e-15 7.049250385533642948e-17
1.184048175811767578e+00 3.150195998968732120e-15 7.057697553949034467e-17
1.184220910072326660e+00 3.363392074210271379e-15 7.681946277696672883e-17
1.184393644332885742e+00 3.453259305298637255e-15 7.769903370079641507e-17
1.184566378593444824e+00 3.450603433492521396e-15 7.285155678788866017e-17
1.184739112854003906e+00 3.398970422610267383e-15 7.268856911999121160e-17
1.184911966323852539e+00 3.305116630955649143e-15 7.613300874766612265e-17
1.185084700584411621e+00 3.173121580960880199e-15 8.148317324498970311e-17
1.185257434844970703e+00 2.957407700283627532e-15 8.006320191825667368e-17
1.185430169105529785e+00 2.916897926064716991e-15 7.202223212318789505e-17
1.185602903366088867e+00 3.274573681668843141e-15 6.858808923977804408e-17
1.185775756835937500e+00 3.427060152723588118e-15 6.976027695965958896e-17
1.185948491096496582e+00 3.361763865127411800e-15 7.263452444748944698e-17
1.186121225357055664e+00 3.274943835066793270e-15 7.304423693105431222e-17
1.186293959617614746e+00 3.226459669165957118e-15 7.099775900837361963e-17
1.186466693878173828e+00 3.327198144615858312e-15 7.478887333949195480e-17
1.186639547348022461e+00 3.553982957671961498e-15 8.215399025199060686e-17
1.186812281608581543e+00 3.524963397140792355e-15 8.424148971560902919e-17
1.186985015869140625e+00 3.191822797886834269e-15 7.736582549772535425e-17
1.187157750129699707e+00 3.167719628339765899e-15 7.222370023318131047e-17
1.187330484390258789e+00 3.396448805526291331e-15 7.146868285726740893e-17
1.187503337860107422e+00 3.403230363060246073e-15 7.551115421548345772e-17
1.187676072120666504e+00 3.396626258928741107e-15 7.939530982190175744e-17
1.187848806381225586e+00 3.378037273868298232e-15 7.793166997627082857e-17
1.188021540641784668e+00 3.207722665097981554e-15 7.454312790566980092e-17
1.188194274902343750e+00 3.351953953048786121e-15 7.457952385262213413e-17
1.188367128372192383e+00 3.288665768812312935e-15 7.473072585115192717e-17
1.188539862632751465e+00 2.896676708514915079e-15 7.495308523469598186e-17
1.188712596893310547e+00 2.646231935901394335e-15 7.515735252388227672e-17
1.188885331153869629e+00 2.953032351594585443e-15 7.221642104379084382e-17
1.189058065414428711e+00 3.247436228346473053e-15 7.060011674430712817e-17
1.189230918884277344e+00 3.317877605822508805e-15 7.162714419285296733e-17
1.189403653144836426e+00 3.346174435491433216e-15 7.290752713685644823e-17
1.189576387405395508e+00 3.291924092802163415e-15 7.207828849893938863e-17
1.189749121665954590e+00 3.420608302764352113e-15 6.943727285662498229e-17
1.189921855926513672e+00 3.442811365652492274e-15 6.976078650291692163e-17
1.190094709396362305e+00 3.541246758518809025e-15 7.136797196332785270e-17
1.190267443656921387e+00 3.525212424827285120e-15 7.436451645036245076e-17
1.190440177917480469e+00 3.510945637138444125e-15 7.602986925144811074e-17
1.190612912178039551e+00 3.426328528015397216e-15 7.306311650135522253e-17
1.190785646438598633e+00 3.219195938126777866e-15 7.220939993475149372e-17
1.190958499908447266e+00 3.323556538217375261e-15 7.241072246095709981e-17
1.191131234169006348e+00 3.537452474431583387e-15 7.322382115076202474e-17
1.191303968429565430e+00 3.394496818099343796e-15 7.501231798399967906e-17
1.191476702690124512e+00 3.374730033725743816e-15 7.100839985977350178e-17
1.191649436950683594e+00 3.317894122964980264e-15 7.101227106504024995e-17
1.191822290420532227e+00 3.173247577111784276e-15 7.198427445923906171e-17
1.191995024681091309e+00 3.197261808199390945e-15 7.116351276823944553e-17
1.192167758941650391e+00 3.357760999176924790e-15 7.227302005002417219e-17
1.192340493202209473e+00 3.409566169505708240e-15 6.975629325782953358e-17
1.192513227462768555e+00 3.419614309600749191e-15 6.822129750383733033e-17
1.192686080932617188e+00 3.456536899288037770e-15 6.863652893644914938e-17
1.192858815193176270e+00 3.705534939627648169e-15 7.050813426019123149e-17
1.193031549453735352e+00 3.588371648297538838e-15 7.258521124809148568e-17
1.193204283714294434e+00 3.573744236331404325e-15 7.215121935918696397e-17
1.193377017974853516e+00 3.405287594330889955e-15 7.403756173272229082e-17
1.193549871444702148e+00 3.414086149070494000e-15 7.495491164948849894e-17
1.193722605705261230e+00 3.302683528814661165e-15 7.471524764752983491e-17
1.193895339965820312e+00 3.259457955208616524e-15 7.659440347590330106e-17
1.194068074226379395e+00 3.281263547886257605e-15 7.237301625991448260e-17
1.194240808486938477e+00 3.286846977316321139e-15 6.848970106899853675e-17
1.194413661956787109e+00 3.293314073868607722e-15 6.824042191959955633e-17
1.194586396217346191e+00 3.471396821798193588e-15 6.940249156622835258e-17
1.194759130477905273e+00 3.480899472675202770e-15 7.135496206665361868e-17
1.194931864738464355e+00 3.359184438044785642e-15 7.104830966996796026e-17
1.195104718208312988e+00 2.924395438197338430e-15 7.291565997663906960e-17
1.195277452468872070e+00 3.174318014998876898e-15 7.401213750941486097e-17
1.195450186729431152e+00 3.157479000007461407e-15 7.324520211523529540e-17
1.195622920989990234e+00 3.196990969414506382e-15 7.419621497420996153e-17
1.195795655250549316e+00 3.379622496029084655e-15 7.165947702863644008e-17
1.195968508720397949e+00 3.231020941586921526e-15 6.960244428133957086e-17
1.196141242980957031e+00 3.399181757330607331e-15 6.914819639359485060e-17
1.196313977241516113e+00 3.254096236652496803e-15 7.112744769353213353e-17
1.196486711502075195e+00 3.068426614614354168e-15 7.299817951454735964e-17
1.196659445762634277e+00 3.185753595061520393e-15 7.594177120748876308e-17
1.196832299232482910e+00 3.174269098846172962e-15 8.243635662589170838e-17
1.197005033493041992e+00 3.244056355128691581e-15 8.392192006647774269e-17
1.197177767753601074e+00 3.310248380066589322e-15 8.115371051573228240e-17
1.197350502014160156e+00 3.143126661990947729e-15 8.782293030505742290e-17
1.197523236274719238e+00 2.686359486502856372e-15 9.566725610746519537e-17
1.197696089744567871e+00 2.627804734133877031e-15 8.681015021538219709e-17
1.197868824005126953e+00 2.692983495908621815e-15 7.244173180776048771e-17
1.198041558265686035e+00 2.794522841010151949e-15 6.874473739546088625e-17
1.198214292526245117e+00 2.930262623664732155e-15 7.683482848402551388e-17
1.198387026786804199e+00 2.958965817390101817e-15 8.511566742184486969e-17
1.198559880256652832e+00 2.949707323760138687e-15 8.526797453367303357e-17
1.198732614517211914e+00 3.161546028703702930e-15 1.048748615861440630e-16
1.198905348777770996e+00 3.371050734361107949e-15 1.235334158448250980e-16
1.199078083038330078e+00 3.182947798423740524e-15 1.083516869891616502e-16
1.199250817298889160e+00 3.067268297058983913e-15 7.701674866178307615e-17
1.199423670768737793e+00 2.925765090473048634e-15 6.999255589310937956e-17
1.199596405029296875e+00 3.074145145799504764e-15 7.003368993061041652e-17
1.199769139289855957e+00 3.155016675229793156e-15 7.275481636088935848e-17
1.199941873550415039e+00 3.311527399816943315e-15 8.836016756929836332e-17
1.200114607810974121e+00 3.078472425368790170e-15 9.503789077532054895e-17
1.200287461280822754e+00 3.002705539995129819e-15 8.315695005343360312e-17
1.200460195541381836e+00 2.799577721881128800e-15 8.374845698330292258e-17
1.200632929801940918e+00 2.948268426540990444e-15 1.257318898594236346e-16
1.200805664062500000e+00 2.969910965376285072e-15 1.440516772613172525e-16
1.200978398323059082e+00 3.187535540624306628e-15 1.041381215930451331e-16
1.201151251792907715e+00 3.171138676831357882e-15 7.286398434941165686e-17
1.201323986053466797e+00 2.856102771550250025e-15 6.834888845896240975e-17
1.201496720314025879e+00 2.996804261451609108e-15 6.915377489964590822e-17
1.201669454574584961e+00 3.079099441507995166e-15 7.220486036754980271e-17
1.201842188835144043e+00 3.186860667123581764e-15 7.374603681507900218e-17
1.202015042304992676e+00 3.079569544793721303e-15 6.979726847665296036e-17
1.202187776565551758e+00 3.195141261215939804e-15 7.335303337988770809e-17
1.202360510826110840e+00 2.882088895339064705e-15 9.451539056087285328e-17
1.202533245086669922e+00 2.844221016882640327e-15 1.046368254756309033e-16
1.202705979347229004e+00 3.138651363414129633e-15 9.016323601620675177e-17
1.202878832817077637e+00 3.137087740593498195e-15 1.031491312177869324e-16
1.203051567077636719e+00 2.876435585690852691e-15 1.434133055866631287e-16
1.203224301338195801e+00 3.216591523572207706e-15 1.496591809559285301e-16
1.203397035598754883e+00 3.286853118305188733e-15 1.139758534100321959e-16
1.203569769859313965e+00 3.204488269788891008e-15 8.429405208045309878e-17
1.203742623329162598e+00 3.280065208024129583e-15 8.148403351282675826e-17
1.203915357589721680e+00 3.263924571697725263e-15 7.605355308674672903e-17
1.204088091850280762e+00 3.209124928142161048e-15 7.215580524850295796e-17
1.204260826110839844e+00 3.287028030608796746e-15 7.362120533447739966e-17
1.204433560371398926e+00 3.240049465771705113e-15 7.455212763073437786e-17
1.204606413841247559e+00 3.370967936890513841e-15 7.068618323268204559e-17
1.204779148101806641e+00 3.267916426219897967e-15 6.859811466880218677e-17
1.204951882362365723e+00 3.171437679461738650e-15 7.007982013901127376e-17
1.205124616622924805e+00 3.209789425489282047e-15 7.255673638268496026e-17
1.205297350883483887e+00 3.377406446080830592e-15 7.514517642526549615e-17
1.205470204353332520e+00 3.366377865349342788e-15 9.132295646989589742e-17
1.205642938613891602e+00 3.263640180385684632e-15 1.014756918990329540e-16
1.205815672874450684e+00 3.416254553415465009e-15 9.225612207997411942e-17
1.205988407135009766e+00 3.570833831124638549e-15 7.741528428091112488e-17
1.206161141395568848e+00 3.459741648443974416e-15 7.265583923751371340e-17
1.206333994865417480e+00 3.418769182477626213e-15 7.045091983158216368e-17
1.206506729125976562e+00 3.537764182556172969e-15 7.001788747218820348e-17
1.206679463386535645e+00 3.389167922069930179e-15 6.907918306072832640e-17
1.206852197647094727e+00 3.290926923265008290e-15 6.897295321774181637e-17
1.207024931907653809e+00 3.160599257626909436e-15 6.973417113952741541e-17
1.207197785377502441e+00 3.104318576963071077e-15 6.820681853439520214e-17
1.207370519638061523e+00 3.336044768475219038e-15 6.802194035876715024e-17
1.207543253898620605e+00 3.467601267161547068e-15 6.866388545366750311e-17
1.207715988159179688e+00 3.514167326953325857e-15 6.910785644948186455e-17
1.207888722419738770e+00 3.417273534051011932e-15 7.038864967506917175e-17
1.208061575889587402e+00 3.381290092143991559e-15 7.073309429958115290e-17
1.208234310150146484e+00 3.567627811419281023e-15 7.025641989106889496e-17
1.208407044410705566e+00 3.385826377093011964e-15 6.928772521932029531e-17
1.208579778671264648e+00 3.414732011692775404e-15 6.999027949206363362e-17
1.208752512931823730e+00 3.557857709889176295e-15 7.128376497696995448e-17
1.208925366401672363e+00 3.431814548656526506e-15 7.003313406523878088e-17
1.209098100662231445e+00 3.114353588047429587e-15 6.954710920708222352e-17
1.209270834922790527e+00 3.104039479606950785e-15 6.938776113388000827e-17
1.209443569183349609e+00 3.175561247607209397e-15 6.954464751757926571e-17
1.209616422653198242e+00 3.427521362163368085e-15 7.210590971395375933e-17
1.209789156913757324e+00 3.497620538328713100e-15 7.251420606430993379e-17
1.209961891174316406e+00 3.487262807691450701e-15 7.077778852243861809e-17
1.210134625434875488e+00 3.559932093577002077e-15 6.936993373731826541e-17
1.210307359695434570e+00 3.410977749912307531e-15 6.871962419206377633e-17
1.210480213165283203e+00 3.403772675904725639e-15 6.939960636025176762e-17
1.210652947425842285e+00 3.326175352332048744e-15 6.864161113413267518e-17
1.210825681686401367e+00 3.158599836354915660e-15 6.777899410413787580e-17
1.210998415946960449e+00 3.003401589319536040e-15 6.743720307503096477e-17
1.211171150207519531e+00 3.060037600304747578e-15 6.951009122030925042e-17
1.211344003677368164e+00 2.969818427026797540e-15 7.259380069157223632e-17
1.211516737937927246e+00 3.006020615192446337e-15 7.117653589980348040e-17
1.211689472198486328e+00 3.064314057897197727e-15 7.085316783729935040e-17
1.211862206459045410e+00 3.089680788843332700e-15 8.349495590405747150e-17
1.212034940719604492e+00 3.176032833200593229e-15 1.362593050188227106e-16
1.212207794189453125e+00 3.645841563219322234e-15 2.175409042747005915e-16
1.212380528450012207e+00 3.830443500227450823e-15 2.265488085011744569e-16
1.212553262710571289e+00 3.514366167937693804e-15 1.476380941693307652e-16
1.212725996971130371e+00 3.479581701167511892e-15 7.617548612648194573e-17
1.212898731231689453e+00 3.415058754652178750e-15 7.340815669590824185e-17
1.213071584701538086e+00 3.402927760539839475e-15 7.979081465126541188e-17
1.213244318962097168e+00 2.982245247395965380e-15 8.308478019934957656e-17
1.213417053222656250e+00 2.924178809521078143e-15 1.056461975811824106e-16
1.213589787483215332e+00 3.101736820539839970e-15 1.405446961618884321e-16
1.213762521743774414e+00 3.488322234150229018e-15 1.366642529420592704e-16
1.213935375213623047e+00 3.473710492293618710e-15 9.561271512659589894e-17
1.214108109474182129e+00 3.465392628751581480e-15 7.575987749951080250e-17
1.214280843734741211e+00 3.502716923814105411e-15 7.546083516446063194e-17
1.214453577995300293e+00 3.480056463134447928e-15 7.409418720873522089e-17
1.214626312255859375e+00 3.374299317472065005e-15 7.282447820335612425e-17
1.214799165725708008e+00 3.467853471221592036e-15 7.410686623316443370e-17
1.214971899986267090e+00 3.518738128494946875e-15 7.386808896882242651e-17
1.215144634246826172e+00 3.558013140434997459e-15 7.281479026402190319e-17
1.215317368507385254e+00 3.597015196007795346e-15 8.135092360865472504e-17
1.215490102767944336e+00 3.665042953100629969e-15 9.860948460675711142e-17
1.215662956237792969e+00 3.336553411760045246e-15 9.653837655415703988e-17
1.215835690498352051e+00 3.392042328376437647e-15 7.767889681596442416e-17
1.216008424758911133e+00 3.329412500498217867e-15 6.944203079950838730e-17
1.216181159019470215e+00 3.220390042824169616e-15 6.861778171504624756e-17
1.216353893280029297e+00 3.406018583764370417e-15 7.019076822021178626e-17
1.216526746749877930e+00 3.619118097249922686e-15 7.092402743729309296e-17
1.216699481010437012e+00 3.504637994538478164e-15 7.086228667637213497e-17
1.216872215270996094e+00 3.572670198554285872e-15 6.953773228765832239e-17
1.217044949531555176e+00 3.497793968324663418e-15 6.794168398701480528e-17
1.217217683792114258e+00 3.512048050519295597e-15 6.818940141941728559e-17
1.217390537261962891e+00 3.404593874347088683e-15 6.915188892784928732e-17
1.217563271522521973e+00 3.465583846439424139e-15 6.861569721990261393e-17
1.217736005783081055e+00 3.349092252236487467e-15 6.983015056036316831e-17
1.217908740043640137e+00 3.372382270154191709e-15 7.588849415859544767e-17
1.218081474304199219e+00 3.611961939395044729e-15 8.055125833199766128e-17
1.218254327774047852e+00 3.479444693588293509e-15 7.648368700527430342e-17
1.218427062034606934e+00 3.636683442993608739e-15 7.105106914449143716e-17
1.218599796295166016e+00 3.624204106581711132e-15 6.931127670572090511e-17
1.218772530555725098e+00 3.762241254347481814e-15 6.858659369723054820e-17
1.218945264816284180e+00 3.654196696211038653e-15 6.910274116457383663e-17
1.219118118286132812e+00 3.425282865842011783e-15 6.940911562857367723e-17
1.219290852546691895e+00 3.426060653845828044e-15 7.194601239282480886e-17
1.219463586807250977e+00 3.733193106454342838e-15 9.102721623985103854e-17
1.219636321067810059e+00 3.847947436082460940e-15 1.174187511730453081e-16
1.219809055328369141e+00 3.729174358636094810e-15 1.129282589427358383e-16
1.219981908798217773e+00 3.443069287184931208e-15 7.983969109929994518e-17
1.220154643058776855e+00 3.534828154602752751e-15 6.925212998320091342e-17
1.220327377319335938e+00 3.345688238579709248e-15 6.779600755497686647e-17
1.220500111579895020e+00 3.594548636065390823e-15 6.748165906987201468e-17
1.220672845840454102e+00 3.352665672482716547e-15 6.772966766985011365e-17
1.220845699310302734e+00 3.335023670257303979e-15 6.881484260673598045e-17
1.221018433570861816e+00 3.622112782234940265e-15 7.142057403284132484e-17
1.221191167831420898e+00 3.545259577106426273e-15 7.155502066088324374e-17
1.221363902091979980e+00 3.447196031703954160e-15 7.013184649081840899e-17
1.221536636352539062e+00 3.361611187438669213e-15 6.867238887036454823e-17
1.221709489822387695e+00 3.139877655363517046e-15 6.976489593620008507e-17
1.221882224082946777e+00 3.220456323152292265e-15 6.998705017895222660e-17
1.222054958343505859e+00 3.230034359961607079e-15 6.820361569106339682e-17
1.222227692604064941e+00 3.382227757616602069e-15 6.816072803066374744e-17
1.222400426864624023e+00 3.507548823261717567e-15 6.944508144160748287e-17
1.222573280334472656e+00 3.402309002971870208e-15 7.416403433965919854e-17
1.222746014595031738e+00 3.352880818851319139e-15 1.284124182652384739e-16
1.222918748855590820e+00 3.274972422428763102e-15 1.936941474826338588e-16
1.223091483116149902e+00 3.438300915208363125e-15 1.868344246895153058e-16
1.223264217376708984e+00 3.643497823054269585e-15 1.083646240939419795e-16
1.223437070846557617e+00 3.912183450186911687e-15 7.315593940097347308e-17
1.223609805107116699e+00 3.785947165442287918e-15 7.149439824815045745e-17
1.223782539367675781e+00 3.745179469690938442e-15 7.081174263222269477e-17
1.223955273628234863e+00 3.612715798718101057e-15 7.098108304722455060e-17
1.224128127098083496e+00 3.659010384450284842e-15 7.084267918713217801e-17
1.224300861358642578e+00 3.704812844040113878e-15 7.014678868140356688e-17
1.224473595619201660e+00 3.513497112133810892e-15 6.904816709648003807e-17
1.224646329879760742e+00 3.510929119995972666e-15 6.956369914144758704e-17
1.224819064140319824e+00 3.708801945705208006e-15 7.018274787699247210e-17
1.224991917610168457e+00 3.755969398889537347e-15 7.226511882081306567e-17
1.225164651870727539e+00 3.738042793593847335e-15 7.172710069807387520e-17
1.225337386131286621e+00 3.584986481123837027e-15 7.187836225360777205e-17
1.225510120391845703e+00 3.661099167698213946e-15 7.842508652038115979e-17
1.225682854652404785e+00 3.389544851731458343e-15 1.117582682145612342e-16
1.225855708122253418e+00 3.537153895317676246e-15 1.267706831250024280e-16
1.226028442382812500e+00 3.294490179115870318e-15 1.030148301735328228e-16
1.226201176643371582e+00 3.373629526169023667e-15 7.407894723312954391e-17
1.226373910903930664e+00 3.566756214516556348e-15 6.785544544507247683e-17
1.226546645164489746e+00 3.632203485735580745e-15 6.711598568211947263e-17
1.226719498634338379e+00 3.563864444034630166e-15 6.695589645508840987e-17
1.226892232894897461e+00 3.610457608880721092e-15 6.782129281194138742e-17
1.227064967155456543e+00 3.642395409673418114e-15 6.866186713297287372e-17
1.227237701416015625e+00 3.631945140686668183e-15 6.797248157558137961e-17
1.227410435676574707e+00 3.573513419853277528e-15 6.743748100771678258e-17
1.227583289146423340e+00 3.629790288868853243e-15 6.745984797148021645e-17
1.227756023406982422e+00 3.548857773066362541e-15 6.764729371572963295e-17
1.227928757667541504e+00 3.487660277901949782e-15 6.858742749528800166e-17
1.228101491928100586e+00 3.824119128726776590e-15 6.822033797432676882e-17
1.228274226188659668e+00 3.884199175675524113e-15 7.046736418215971787e-17
1.228447079658508301e+00 3.770391828882436319e-15 1.005471849701646307e-16
1.228619813919067383e+00 3.612731045311151634e-15 1.754200072156633671e-16
1.228792548179626465e+00 3.829634583762822966e-15 2.004328372085236528e-16
1.228965282440185547e+00 3.707924419571852551e-15 1.406426872859739140e-16
1.229138016700744629e+00 3.459986017449257281e-15 8.277854470169264487e-17
1.229310870170593262e+00 3.636722406509182437e-15 6.925062120576361670e-17
1.229483604431152344e+00 3.593282745325719271e-15 6.942247624982763373e-17
1.229656338691711426e+00 3.482404861980710475e-15 7.057380578338304147e-17
1.229829072952270508e+00 3.505939037145460770e-15 7.001449272295428585e-17
1.230001807212829590e+00 3.428396347197881777e-15 6.820182898094028228e-17
1.230174660682678223e+00 3.527531177520393767e-15 6.705863890461239633e-17
1.230347394943237305e+00 3.547389017935823584e-15 6.749089702295300690e-17
1.230520129203796387e+00 3.691795641706709791e-15 6.799376327838114391e-17
1.230692863464355469e+00 3.658424237650784866e-15 6.654045988168467768e-17
1.230865597724914551e+00 3.724685084015647019e-15 6.642177600739556926e-17
1.231038451194763184e+00 3.664116299056333764e-15 6.665316158578380259e-17
1.231211185455322266e+00 3.436422831406063527e-15 6.750122685444256911e-17
1.231383919715881348e+00 3.452159433016627546e-15 7.020907207280635966e-17
1.231556653976440430e+00 3.510686656814821123e-15 7.006238978914355636e-17
1.231729388236999512e+00 3.627028537944330597e-15 6.843404173994106863e-17
1.231902241706848145e+00 3.527563153014152617e-15 6.705980357491487099e-17
1.232074975967407227e+00 3.671211470539009411e-15 6.718754673127266016e-17
1.232247710227966309e+00 3.402765553730440276e-15 6.983645036790837217e-17
1.232420444488525391e+00 3.291562197975449015e-15 9.259367794434475896e-17
1.232593178749084473e+00 3.353817002016271955e-15 1.136157055887715081e-16
1.232766032218933105e+00 3.562412629563036295e-15 1.072295073003926111e-16
1.232938766479492188e+00 3.669613119367540546e-15 8.245556045099273947e-17
1.233111500740051270e+00 3.651286291004272877e-15 6.874513444215491170e-17
1.233284235000610352e+00 3.538851137585737050e-15 6.705679925493007840e-17
1.233456969261169434e+00 3.280590156693190436e-15 6.563455152715130304e-17
1.233629822731018066e+00 3.343709569614923202e-15 6.596740900564264137e-17
1.233802556991577148e+00 3.504372873225987568e-15 6.611536845617122654e-17
1.233975291252136230e+00 3.478091346696817951e-15 6.642893608277782827e-17
1.234148025512695312e+00 3.439537795069591217e-15 6.614480946853321390e-17
1.234320759773254395e+00 3.474386848102001268e-15 6.636150431924250546e-17
1.234493613243103027e+00 3.494801824438487602e-15 6.590023532245843510e-17
1.234666347503662109e+00 3.368646854856800245e-15 6.676027816638696946e-17
1.234839081764221191e+00 3.346934224045120324e-15 7.955764898019896444e-17
1.235011816024780273e+00 3.618095728482586745e-15 1.278208054562507477e-16
1.235184550285339355e+00 3.424701801240195333e-15 1.626552471703206627e-16
1.235357403755187988e+00 3.351568553057785414e-15 1.445551721740109298e-16
1.235530138015747070e+00 3.663524646542676635e-15 9.560509183007061024e-17
1.235702872276306152e+00 3.576511069453610497e-15 7.048711725518748417e-17
1.235875606536865234e+00 3.550963073456763104e-15 6.724661404445384676e-17
1.236048340797424316e+00 3.531983817965872810e-15 6.659718461937111410e-17
1.236221194267272949e+00 3.657664872613571386e-15 6.840520291506501987e-17
1.236393928527832031e+00 3.807544811531378068e-15 7.018197363593912247e-17
1.236566662788391113e+00 3.599354701008111723e-15 6.952198938624021317e-17
1.236739397048950195e+00 3.515710197466749565e-15 6.723730329947894989e-17
1.236912131309509277e+00 3.640061833903732516e-15 6.565507884123241897e-17
1.237084984779357910e+00 3.697350483774803492e-15 6.554875635401730301e-17
1.237257719039916992e+00 3.674109593768040000e-15 6.686979687948899033e-17
1.237430453300476074e+00 3.593216253239359809e-15 6.648786442961610596e-17
1.237603187561035156e+00 3.472083553760180012e-15 6.571700489061058884e-17
1.237776041030883789e+00 3.387019211240982833e-15 6.466459292342672236e-17
1.237948775291442871e+00 3.282740773346269104e-15 6.453047716762982467e-17
1.238121509552001953e+00 3.503376127205306070e-15 6.506279105286484946e-17
1.238294243812561035e+00 3.685777896132941614e-15 6.547222560374389689e-17
1.238466978073120117e+00 3.700802143034864766e-15 6.595164625188983088e-17
1.238639831542968750e+00 3.739100737744967956e-15 6.589991106765831432e-17
1.238812565803527832e+00 3.527033333905645052e-15 6.820621634690926353e-17
1.238985300064086914e+00 3.360096480770741710e-15 6.778198518923286755e-17
1.239158034324645996e+00 3.112133514692676066e-15 6.893750356541024382e-17
1.239330768585205078e+00 2.935755208811202666e-15 7.174451119560689132e-17
1.239503622055053711e+00 3.082726013071664453e-15 7.161522617458730331e-17
1.239676356315612793e+00 3.470026746006009757e-15 6.985470128094374218e-17
1.239849090576171875e+00 3.382870443865331270e-15 7.695234107056724720e-17
1.240021824836730957e+00 3.417748296017947968e-15 9.543900719795976313e-17
1.240194559097290039e+00 3.583955642027028543e-15 1.002477654407551359e-16
1.240367412567138672e+00 3.442644711920119990e-15 8.538636062294162289e-17
1.240540146827697754e+00 3.477619549345197306e-15 6.880779502791702865e-17
1.240712881088256836e+00 3.370419271298929868e-15 6.732019341430166368e-17
1.240885615348815918e+00 3.162665594501736302e-15 6.635529053848100711e-17
1.241058349609375000e+00 3.316378781022342320e-15 6.536606855265129153e-17
1.241231203079223633e+00 3.592644505999963156e-15 6.576217556950088457e-17
1.241403937339782715e+00 3.616901835543431809e-15 6.648507186786812694e-17
1.241576671600341797e+00 3.579752241026279078e-15 6.564183071654176968e-17
1.241749405860900879e+00 3.414573828289875664e-15 6.505746400972000796e-17
1.241922140121459961e+00 3.288730778591014703e-15 6.698750798937773638e-17
1.242094993591308594e+00 3.086395571557406896e-15 8.371827481711208770e-17
1.242267727851867676e+00 3.164751836650823644e-15 1.196747175489387303e-16
1.242440462112426758e+00 3.340509690898433269e-15 1.301798583888029784e-16
1.242613196372985840e+00 3.396940296393935639e-15 1.055463072504105070e-16
1.242785930633544922e+00 3.277401501163251622e-15 7.419385916382541051e-17
1.242958784103393555e+00 3.339561437513982080e-15 6.920764090113536138e-17
1.243131518363952637e+00 3.256053094518891050e-15 6.556396985984337829e-17
1.243304252624511719e+00 3.132363837846660962e-15 6.561090739652208730e-17
1.243476986885070801e+00 2.722653789501519074e-15 6.328056755739279731e-17
1.243649721145629883e+00 2.634777932872148058e-15 6.183360367291093748e-17
1.243822574615478516e+00 2.793230904007352328e-15 6.360848180454351875e-17
1.243995308876037598e+00 3.140569893039660623e-15 6.542841811850308854e-17
1.244168043136596680e+00 3.098927000495560642e-15 6.372086587128742330e-17
1.244340777397155762e+00 3.390736415330008330e-15 6.416736473105374679e-17
1.244513511657714844e+00 3.184649699373011227e-15 6.325826676807836768e-17
1.244686365127563477e+00 3.269960104963385780e-15 6.412917545653339861e-17
1.244859099388122559e+00 3.477410332207225493e-15 6.541531557760024858e-17
1.245031833648681641e+00 3.436250671959534091e-15 6.593448721726303087e-17
1.245204567909240723e+00 3.287426983126953521e-15 6.658007190685861706e-17
1.245377302169799805e+00 3.422708944473542778e-15 6.699969732288431779e-17
1.245550155639648438e+00 3.269863331449161976e-15 6.587352731484032295e-17
1.245722889900207520e+00 3.464047963947815278e-15 6.622294825791742311e-17
1.245895624160766602e+00 3.482063295944730179e-15 6.616345742826260936e-17
1.246068358421325684e+00 3.540798466331474686e-15 6.530572407260432305e-17
1.246241092681884766e+00 3.279991727915955273e-15 6.457844702571299985e-17
1.246413946151733398e+00 3.278591158937670287e-15 6.376092788271459154e-17
1.246586680412292480e+00 3.242808675597385996e-15 6.394920742502146148e-17
1.246759414672851562e+00 3.210247670313746624e-15 6.436328080477570629e-17
1.246932148933410645e+00 3.337913111398625211e-15 6.357559310338841037e-17
1.247104883193969727e+00 3.613086799148998440e-15 6.388063084351836528e-17
1.247277736663818359e+00 3.501892548998190163e-15 6.575125678541518461e-17
1.247450470924377441e+00 3.639617141606424008e-15 6.723447103306156832e-17
1.247623205184936523e+00 3.341797180978259806e-15 6.919651697625774827e-17
1.247795939445495605e+00 3.497177963613772728e-15 6.881271840692294427e-17
1.247968673706054688e+00 3.447881704874756516e-15 6.879932469844448565e-17
1.248141527175903320e+00 3.536153761165205731e-15 7.802355981615811931e-17
1.248314261436462402e+00 3.371505591053783508e-15 8.623033631065192724e-17
1.248486995697021484e+00 3.478556367784860562e-15 8.077937489260508504e-17
1.248659729957580566e+00 3.393773875478862251e-15 6.928911488274938440e-17
1.248832464218139648e+00 3.403095684821632640e-15 6.633776754438468377e-17
1.249005317687988281e+00 3.618276993533299166e-15 6.344490518404993242e-17
1.249178051948547363e+00 3.648430519422605003e-15 6.397762935086878352e-17
1.249350786209106445e+00 3.589159812454958964e-15 6.426201404546451443e-17
1.249523520469665527e+00 3.399971827312158780e-15 6.864503897059109493e-17
1.249696254730224609e+00 3.238672613715943248e-15 7.035108905781436387e-17
1.249869108200073242e+00 3.411342821112574135e-15 6.774611863787256827e-17
1.250041842460632324e+00 3.500471862987407888e-15 7.619746927844115499e-17
1.250214576721191406e+00 3.499756755421688445e-15 9.332925326714121414e-17
1.250387310981750488e+00 3.446154604695304997e-15 9.335259299530501037e-17
1.250560045242309570e+00 3.478208025485302231e-15 7.494096207563840468e-17
1.250732898712158203e+00 3.598616511794579600e-15 6.514435106126257799e-17
1.250905632972717285e+00 3.372488149272598497e-15 6.687564008333606491e-17
1.251078367233276367e+00 3.408686525789984649e-15 7.513624949209482388e-17
1.251251101493835449e+00 3.400896787290560476e-15 7.578084156495534644e-17
1.251423835754394531e+00 3.327249813625640824e-15 6.811568308322655976e-17
1.251596689224243164e+00 3.474485527440356394e-15 6.500677438178275843e-17
1.251769423484802246e+00 3.376361419182155599e-15 6.456974508566894200e-17
1.251942157745361328e+00 3.250066689164171282e-15 6.364058964720037707e-17
1.252114892005920410e+00 3.356420569537894860e-15 6.324550171686544936e-17
1.252287745475769043e+00 3.000379375763732696e-15 6.251111753415107054e-17
1.252460479736328125e+00 2.422836736941966045e-15 6.927466900053175832e-17
1.252633213996887207e+00 2.224264473776535467e-15 7.971033990383135292e-17
1.252805948257446289e+00 2.616171371878049656e-15 7.764676912097286457e-17
1.252978682518005371e+00 2.972965789700557707e-15 6.562144236880356266e-17
1.253151535987854004e+00 3.454707943396678922e-15 6.290025638152051688e-17
1.253324270248413086e+00 3.370985089307695741e-15 6.325656608473895865e-17
1.253497004508972168e+00 3.465328466005826967e-15 6.381242483892969283e-17
1.253669738769531250e+00 3.471344093997227008e-15 6.511406963339823675e-17
1.253842473030090332e+00 3.448249105415628069e-15 6.623595153714675670e-17
1.254015326499938965e+00 3.504895069037969844e-15 7.264081102014484999e-17
1.254188060760498047e+00 3.801524524858768128e-15 8.491541030426823190e-17
1.254360795021057129e+00 3.710936045215815215e-15 8.516315420645031390e-17
1.254533529281616211e+00 3.562409241431247278e-15 7.081837331201291984e-17
1.254706263542175293e+00 3.698385558036348247e-15 6.611082888896953553e-17
1.254879117012023926e+00 3.704173757681410509e-15 6.627504078417356258e-17
1.255051851272583008e+00 3.526461374908011585e-15 6.539450371338841441e-17
1.255224585533142090e+00 3.609162495504369267e-15 6.484565283334722948e-17
1.255397319793701172e+00 3.562302515279893236e-15 6.478870971997907906e-17
1.255570054054260254e+00 3.611687924236607963e-15 6.928295404154708945e-17
1.255742907524108887e+00 3.586823272069957977e-15 8.304080727798625761e-17
1.255915641784667969e+00 3.860281506343904434e-15 8.527869479441172081e-17
1.256088376045227051e+00 3.658755004016687670e-15 7.357190536996923921e-17
1.256261110305786133e+00 3.536122209187920508e-15 6.656429591821600572e-17
1.256433844566345215e+00 3.636993457052303813e-15 6.552154542058675861e-17
1.256606698036193848e+00 3.773088781786494011e-15 6.442588183353371942e-17
1.256779432296752930e+00 3.625913419069270310e-15 6.362924072919614953e-17
1.256952166557312012e+00 3.400182950274261914e-15 6.671398252186360161e-17
1.257124900817871094e+00 3.508914028614454686e-15 7.367832050141296112e-17
1.257297635078430176e+00 3.392838327588619876e-15 8.277374705413983731e-17
1.257470488548278809e+00 3.497359440422721961e-15 8.399246864656116532e-17
1.257643222808837891e+00 3.414255343901708047e-15 7.685137209627657443e-17
1.257815957069396973e+00 3.477028743864487431e-15 6.726862366619265773e-17
1.257988691329956055e+00 3.566682522650145223e-15 6.604304640085449023e-17
1.258161425590515137e+00 3.464230076031474953e-15 6.636581227587268162e-17
1.258334279060363770e+00 3.562773042082093000e-15 6.733189967433051413e-17
1.258507013320922852e+00 3.688227938932874678e-15 6.982895942028109195e-17
1.258679747581481934e+00 3.737383801960883489e-15 7.601121467427381486e-17
1.258852481842041016e+00 3.745738934952599908e-15 8.733331217431993519e-17
1.259025216102600098e+00 3.461973156743515870e-15 9.701389290981172358e-17
1.259198069572448730e+00 3.422812706009581429e-15 9.356262407899957473e-17
1.259370803833007812e+00 3.468408277802043603e-15 8.276935968817085605e-17
1.259543538093566895e+00 3.341925294711532018e-15 8.010745277230581045e-17
1.259716272354125977e+00 3.245349986197385711e-15 8.323432121920936312e-17
1.259889006614685059e+00 3.347450914142945447e-15 8.301524408833591885e-17
1.260061860084533691e+00 3.541748837298294011e-15 8.433242664343065884e-17
1.260234594345092773e+00 3.401142638603501037e-15 8.655098460330198288e-17
1.260407328605651855e+00 3.449603722856524508e-15 9.193105995157548082e-17
1.260580062866210938e+00 3.677631980279197008e-15 9.705374316300207824e-17
1.260752797126770020e+00 3.671377912513144881e-15 1.029151582184426332e-16
1.260925650596618652e+00 3.542329690141873648e-15 1.045592359341734293e-16
1.261098384857177734e+00 3.537637339372321638e-15 1.002491881914087271e-16
1.261271119117736816e+00 3.882754560983981904e-15 9.839897044958481609e-17
1.261443853378295898e+00 3.957156664521378764e-15 9.736966659999323100e-17
1.261616587638854980e+00 3.800841816303281162e-15 9.777994156637463230e-17
1.261789441108703613e+00 3.666051345824336213e-15 9.626410331536915718e-17
1.261962175369262695e+00 3.516928866119611689e-15 9.365389849651112601e-17
1.262134909629821777e+00 3.440936881740218507e-15 8.912828748611510482e-17
1.262307643890380859e+00 3.480802487402742153e-15 9.027892218795596801e-17
1.262480378150939941e+00 3.475474650164512604e-15 9.710570334036020923e-17
1.262653231620788574e+00 3.713060827364002628e-15 9.826717741694796730e-17
1.262825965881347656e+00 3.744725460031210137e-15 8.974012982416342790e-17
1.262998700141906738e+00 3.729210357536353118e-15 8.163735971116958747e-17
1.263171434402465820e+00 3.494231771264985457e-15 8.100810025814334783e-17
1.263344168663024902e+00 3.534009497259231469e-15 8.374332846350509381e-17
1.263517022132873535e+00 3.595569310766832255e-15 8.388114998844622906e-17
1.263689756393432617e+00 3.614813475811976332e-15 7.989816284244009360e-17
1.263862490653991699e+00 3.549604856125840834e-15 7.868206837564423401e-17
1.264035224914550781e+00 3.510583530553492912e-15 8.639641432531787392e-17
1.264207959175109863e+00 3.316098836633274774e-15 9.964124352840675390e-17
1.264380812644958496e+00 3.314548342823325777e-15 9.923492579407580628e-17
1.264553546905517578e+00 3.611793803355014751e-15 8.509842897787926459e-17
1.264726281166076660e+00 3.482815884718365625e-15 7.812943893456490685e-17
1.264899015426635742e+00 3.280087442638995009e-15 8.045648328613378558e-17
1.265071749687194824e+00 3.537252151139557745e-15 8.112000786885442184e-17
1.265244603157043457e+00 3.600127195056007645e-15 7.789389098333430669e-17
1.265417337417602539e+00 3.544238690646748027e-15 7.558639456400128112e-17
1.265590071678161621e+00 3.426998107560201741e-15 7.991917984744384093e-17
1.265762805938720703e+00 3.471448067291502473e-15 8.771762028691207184e-17
1.265935540199279785e+00 3.543479537367771361e-15 1.016684911562068137e-16
1.266108393669128418e+00 3.573620993037578825e-15 1.086822879189419438e-16
1.266281127929687500e+00 3.567864980644512227e-15 9.951970753536556265e-17
1.266453862190246582e+00 3.608888903862406128e-15 9.572033463301149805e-17
1.266626596450805664e+00 3.600735364712136233e-15 1.016542437973362004e-16
1.266799449920654297e+00 3.574834367734520610e-15 9.781817054556438303e-17
1.266972184181213379e+00 3.609948542079421258e-15 8.770011714515044978e-17
1.267144918441772461e+00 3.673380721916927674e-15 8.990255500924434042e-17
1.267317652702331543e+00 3.514983654956242189e-15 1.170392142382263773e-16
1.267490386962890625e+00 3.670533844181205971e-15 1.376249074182538546e-16
1.267663240432739258e+00 3.621303865770312408e-15 1.230063760631757114e-16
1.267835974693298340e+00 3.578322025894840192e-15 9.029187252762609821e-17
1.268008708953857422e+00 3.448075887177914564e-15 8.698361329855701721e-17
1.268181443214416504e+00 3.526689862045533433e-15 1.388659033302100105e-16
1.268354177474975586e+00 3.453272434309319697e-15 2.264368678032388808e-16
1.268527030944824219e+00 3.522293125774573173e-15 2.933110983708111554e-16
1.268699765205383301e+00 3.573660803586099777e-15 2.980899788498811128e-16
1.268872499465942383e+00 3.292732797508554458e-15 2.564142902488546292e-16
1.269045233726501465e+00 3.735218785747701498e-15 2.159104055559054659e-16
1.269217967987060547e+00 3.554909188199784076e-15 1.933473404302924262e-16
1.269390821456909180e+00 3.386255399280796267e-15 1.815759912134014059e-16
1.269563555717468262e+00 3.336549600111782601e-15 1.837551025842213011e-16
1.269736289978027344e+00 3.138138908481040781e-15 1.910753598377399774e-16
1.269909024238586426e+00 3.165960764424792344e-15 1.888306828228466789e-16
1.270081758499145508e+00 3.488297670194758643e-15 1.749334397270249750e-16
1.270254611968994141e+00 3.483547721184793340e-15 1.455949315865451852e-16
1.270427346229553223e+00 3.533134088708244150e-15 1.139182816393985052e-16
1.270600080490112305e+00 3.568581570517889365e-15 1.082644955351536606e-16
1.270772814750671387e+00 3.451995955657807466e-15 1.191278254325880710e-16
1.270945549011230469e+00 3.270053702104057380e-15 1.314334406809597412e-16
1.271118402481079102e+00 3.389915852162355726e-15 1.302204895004915831e-16
1.271291136741638184e+00 3.566363614745503979e-15 1.067265682530705694e-16
1.271463871002197266e+00 3.531438964022551481e-15 8.216939566371879444e-17
1.271636605262756348e+00 3.434577993646943661e-15 8.801017090851492625e-17
1.271809339523315430e+00 3.519146821891997075e-15 1.005851227817787627e-16
1.271982192993164062e+00 3.578942477528703967e-15 1.106893655746855106e-16
1.272154927253723145e+00 3.695504375466262745e-15 1.079629319535964284e-16
1.272327661514282227e+00 3.608507739036141693e-15 1.120656352952961385e-16
1.272500395774841309e+00 3.443136838062474739e-15 1.461117275634887152e-16
1.272673130035400391e+00 3.435320629783448869e-15 1.553217947316705406e-16
1.272845983505249023e+00 3.540725197981537190e-15 1.242814518163690520e-16
1.273018717765808105e+00 3.703625727364536976e-15 1.060311211161502867e-16
1.273191452026367188e+00 3.517393040174707046e-15 9.805995212989118280e-17
1.273364186286926270e+00 3.634896626991375793e-15 8.163911995151310031e-17
1.273536920547485352e+00 3.630567865114432691e-15 7.511570232567900667e-17
1.273709774017333984e+00 3.564211727543004429e-15 8.619863874957889522e-17
1.273882508277893066e+00 3.604737171871439175e-15 9.787157994335570692e-17
1.274055242538452148e+00 3.284168023862392601e-15 1.061626494509911186e-16
1.274227976799011230e+00 3.197011509963477299e-15 1.159220571901367603e-16
1.274400711059570312e+00 3.160430274553932203e-15 1.370675862087401267e-16
1.274573564529418945e+00 3.162456377363764490e-15 1.424800076276868982e-16
1.274746298789978027e+00 3.478552556136597917e-15 1.290693849600627898e-16
1.274919033050537109e+00 3.450518094923085526e-15 1.193388954551320019e-16
1.275091767311096191e+00 3.518238379056066838e-15 1.300829789954607678e-16
1.275264501571655273e+00 3.736974685047359662e-15 1.351789674341590539e-16
1.275437355041503906e+00 3.685301440100111070e-15 1.173686174104796942e-16
1.275610089302062988e+00 3.438867580250076252e-15 8.534543834367739950e-17
1.275782823562622070e+00 3.613218936288770111e-15 8.763376402513389611e-17
1.275955557823181152e+00 3.718129896036845988e-15 1.163214067549875612e-16
1.276128292083740234e+00 3.833257343678229609e-15 1.427312587756662051e-16
1.276301145553588867e+00 3.878122984828395389e-15 1.755880770812443415e-16
1.276473879814147949e+00 3.871694851791682504e-15 1.881755028381454776e-16
1.276646614074707031e+00 3.770463403166479308e-15 1.499406870619925764e-16
1.276819348335266113e+00 3.628784437243988761e-15 9.002906732085065068e-17
1.276992082595825195e+00 3.556693039586701632e-15 9.547712368058620665e-17
1.277164936065673828e+00 3.798107170433070653e-15 1.181558286558341596e-16
1.277337670326232910e+00 3.862650233980901085e-15 1.262934462336736340e-16
1.277510404586791992e+00 3.645145725653152827e-15 1.220569977130914500e-16
1.277683138847351074e+00 3.658692747095064479e-15 1.162330771004566987e-16
1.277855873107910156e+00 3.734524642247426598e-15 9.754417523946231814e-17
1.278028726577758789e+00 3.701671622355221306e-15 1.053328417128126225e-16
1.278201460838317871e+00 3.368500741673398878e-15 1.629327298698852512e-16
1.278374195098876953e+00 3.497098342516730823e-15 2.024119826293425289e-16
1.278546929359436035e+00 3.384563450968655803e-15 1.820364594993525249e-16
1.278719663619995117e+00 3.439980793301005216e-15 1.234625827146109572e-16
1.278892517089843750e+00 3.461090548412476889e-15 8.147420660714962829e-17
1.279065251350402832e+00 3.510326667812238045e-15 6.473755025345389940e-17
1.279237985610961914e+00 3.699507029658512941e-15 6.988512829259589275e-17
1.279410719871520996e+00 3.751520781850557762e-15 8.669852053735694090e-17
1.279583454132080078e+00 3.789695286233888197e-15 9.803106698290083108e-17
1.279756307601928711e+00 4.037957254942334609e-15 1.016342127916226162e-16
1.279929041862487793e+00 3.661617551861933578e-15 9.926212349261654983e-17
1.280101776123046875e+00 3.619373901199993485e-15 1.097246413698771655e-16
1.280274510383605957e+00 3.578895890716604980e-15 1.297466142711722046e-16
1.280447363853454590e+00 3.823114124134859362e-15 1.529113771918012171e-16
1.280620098114013672e+00 3.658831660498414184e-15 1.712756470583154866e-16
1.280792832374572754e+00 3.782894882216857046e-15 1.590354386353396094e-16
1.280965566635131836e+00 3.601468048211511203e-15 1.262423727939321599e-16
1.281138300895690918e+00 3.627858630232639811e-15 8.094686242303482208e-17
1.281311154365539551e+00 3.826040622967622970e-15 6.976628559962917415e-17
1.281483888626098633e+00 3.793710645920347208e-15 6.564711143757230821e-17
1.281656622886657715e+00 3.688536682442148870e-15 6.568647199984003148e-17
1.281829357147216797e+00 3.582054900093389893e-15 6.867577038470866501e-17
1.282002091407775879e+00 3.970715544424551977e-15 7.394226390871128161e-17
1.282174944877624512e+00 4.525187123345479623e-15 8.595757184930134126e-17
1.282347679138183594e+00 4.274192626349190838e-15 1.161188467665855758e-16
1.282520413398742676e+00 3.912778914348831460e-15 1.335602477672866834e-16
1.282693147659301758e+00 3.645650980806190017e-15 1.139664434033837927e-16
1.282865881919860840e+00 3.835689175269796705e-15 7.189195448543324340e-17
1.283038735389709473e+00 3.912066136123716967e-15 6.787492058541442531e-17
1.283211469650268555e+00 3.787197386072435265e-15 7.790014446876520758e-17
1.283384203910827637e+00 3.560414055323989774e-15 9.846226631005737377e-17
1.283556938171386719e+00 3.549004309766237535e-15 1.002802570952162188e-16
1.283729672431945801e+00 3.759336778371346818e-15 8.208379239648690671e-17
1.283902525901794434e+00 3.820562013864782155e-15 6.210805558271113164e-17
1.284075260162353516e+00 3.734247238957200815e-15 6.147145738329032154e-17
1.284247994422912598e+00 3.540525298205985175e-15 6.775045306428234613e-17
1.284420728683471680e+00 3.806049374863000601e-15 9.587072930326343933e-17
1.284593462944030762e+00 3.639600624463952550e-15 1.161730039356506476e-16
1.284766316413879395e+00 3.857072945539705144e-15 1.037194689414197948e-16
1.284939050674438477e+00 3.780576129523748399e-15 6.924559856508419472e-17
1.285111784934997559e+00 3.703654526484743623e-15 6.214196998782580577e-17
1.285284519195556641e+00 3.728576776891806902e-15 6.072266702302771919e-17
1.285457253456115723e+00 3.838228580045665098e-15 6.142069496345916734e-17
1.285630106925964355e+00 3.673611538395054471e-15 6.097223734000231828e-17
1.285802841186523438e+00 3.494651052573876336e-15 6.119229385272102533e-17
1.285975575447082520e+00 3.609372136158814706e-15 5.952921745268111129e-17
1.286148309707641602e+00 3.412199171422248233e-15 5.987189521940467917e-17
1.286321043968200684e+00 3.498196097216372397e-15 6.191649378773365128e-17
1.286493897438049316e+00 3.636674125631188942e-15 7.758215638896512247e-17
1.286666631698608398e+00 3.509615583653018060e-15 9.787445853188739145e-17
1.286839365959167480e+00 3.439646427045076581e-15 9.332014766295823041e-17
1.287012100219726562e+00 3.517759805440868158e-15 6.773615938329742982e-17
1.287184834480285645e+00 3.779579595261303715e-15 6.205874900075807076e-17
1.287357687950134277e+00 3.784369990094500411e-15 6.228909564029693749e-17
1.287530422210693359e+00 3.929548896155045726e-15 6.115564644286247600e-17
1.287703156471252441e+00 3.652404374494648553e-15 5.882212361273608196e-17
1.287875890731811523e+00 3.432274064030411964e-15 5.805970793342350614e-17
1.288048624992370605e+00 3.410784202883859924e-15 5.971659040503662311e-17
1.288221478462219238e+00 3.349621012553810964e-15 6.265344553906939469e-17
1.288394212722778320e+00 3.546215877303876378e-15 6.477785049289748291e-17
1.288566946983337402e+00 3.583454198522253997e-15 6.732903432068863044e-17
1.288739681243896484e+00 3.516008564822419892e-15 8.078679966578336102e-17
1.288912415504455566e+00 3.510020253643568802e-15 8.324757596134491284e-17
1.289085268974304199e+00 3.556334744650013063e-15 7.035128758116137660e-17
1.289258003234863281e+00 3.603559372558282070e-15 6.146159739038868945e-17
1.289430737495422363e+00 3.591514140531852292e-15 6.529297887372610600e-17
1.289603471755981445e+00 3.685878269537191249e-15 6.682708127265675198e-17
1.289776206016540527e+00 3.839303041339257178e-15 6.643845858598953873e-17
1.289949059486389160e+00 3.836269816355139528e-15 6.544285738327581419e-17
1.290121793746948242e+00 3.657786421841502378e-15 7.156259763529422948e-17
1.290294528007507324e+00 2.940885687372721963e-15 1.137923781327230340e-16
1.290467262268066406e+00 3.113381405982218464e-15 1.978051689525734021e-16
1.290639996528625488e+00 3.643585914480784033e-15 2.239378029714834744e-16
1.290812849998474121e+00 3.881512810683307099e-15 1.734628184770240986e-16
1.290985584259033203e+00 3.497798203489399689e-15 8.610358577102920170e-17
1.291158318519592285e+00 3.529194114954090772e-15 7.227828753616490987e-17
1.291331052780151367e+00 3.539492129768571742e-15 6.414819399317721782e-17
1.291503787040710449e+00 3.598757542780297441e-15 6.882101668282807625e-17
1.291676640510559082e+00 3.730334370257359575e-15 7.177765135966821582e-17
1.291849374771118164e+00 3.871268370702739964e-15 8.011244232576073031e-17
1.292022109031677246e+00 3.713039651540321270e-15 1.261676221363369679e-16
1.292194843292236328e+00 3.625987110935681434e-15 1.407148439051681397e-16
1.292367577552795410e+00 3.817832450192255173e-15 1.086003440987399907e-16
1.292540431022644043e+00 3.827116354810635931e-15 6.479952924239127266e-17
1.292713165283203125e+00 3.711298575317240056e-15 5.984445929284752034e-17
1.292885899543762207e+00 3.520789642293196790e-15 5.921802548879376185e-17
1.293058633804321289e+00 3.663735134230069329e-15 6.197711620046643757e-17
1.293231368064880371e+00 3.558211769661128593e-15 6.300276722047298849e-17
1.293404221534729004e+00 3.496624215824505229e-15 6.145095653898880730e-17
1.293576955795288086e+00 3.488313975578993288e-15 6.057725528878579735e-17
1.293749690055847168e+00 3.479971336323248871e-15 6.127464133706190435e-17
1.293922424316406250e+00 3.775092014706750432e-15 5.906096043408219295e-17
1.294095158576965332e+00 3.528839419907428034e-15 6.831693943498316161e-17
1.294268012046813965e+00 3.588347084342068463e-15 8.861108784503264895e-17
1.294440746307373047e+00 3.612145322028125285e-15 9.170025009089358440e-17
1.294613480567932129e+00 3.823086172047599970e-15 7.310925332720098020e-17
1.294786214828491211e+00 3.785371606554628621e-15 5.929778555217857499e-17
1.294959068298339844e+00 3.856196266439296944e-15 5.835708928980367022e-17
1.295131802558898926e+00 3.666915742947009227e-15 5.913942347826652295e-17
1.295304536819458008e+00 3.879903448083523929e-15 6.168160096354819311e-17
1.295477271080017090e+00 3.787455731121347827e-15 6.237734588548899490e-17
1.295650005340576172e+00 3.516716260849850860e-15 6.061541147608164341e-17
1.295822858810424805e+00 3.494105986872318194e-15 5.790658687587259008e-17
1.295995593070983887e+00 3.613193525300352482e-15 5.740994763609575226e-17
1.296168327331542969e+00 3.600599839440575545e-15 5.745767264871761175e-17
1.296341061592102051e+00 3.427701356664659624e-15 5.810951082374409883e-17
1.296513795852661133e+00 3.595400327693855022e-15 5.887000082659065120e-17
1.296686649322509766e+00 3.730740522555568012e-15 5.829358828853919939e-17
1.296859383583068848e+00 3.603908350132550842e-15 5.795317368797157660e-17
1.297032117843627930e+00 3.799086764036570252e-15 6.365718619901064102e-17
1.297204852104187012e+00 3.565227320046762335e-15 7.012775029242504640e-17
1.297377586364746094e+00 3.612805160694036385e-15 6.867775561817879228e-17
1.297550439834594727e+00 3.730383921684773951e-15 6.138308140664515606e-17
1.297723174095153809e+00 3.634266857995092220e-15 5.840881123914538594e-17
1.297895908355712891e+00 3.628470611537031043e-15 5.756948099775517939e-17
1.298068642616271973e+00 3.661945777128994620e-15 5.693554301118433983e-17
1.298241376876831055e+00 3.591945703818478358e-15 5.918698305476587183e-17
1.298414230346679688e+00 3.663012191609587784e-15 8.664372809358142835e-17
1.298586964607238770e+00 3.676734125355107449e-15 1.075272923209117011e-16
1.298759698867797852e+00 3.625439080618807902e-15 9.731646896043872068e-17
1.298932433128356934e+00 3.689615802416950849e-15 6.453794826292240361e-17
1.299105167388916016e+00 3.791387658062502289e-15 5.759603018669568137e-17
1.299278020858764648e+00 3.764217805729899724e-15 5.705386292600392491e-17
1.299450755119323730e+00 3.678975798050015955e-15 5.760217117556327504e-17
1.299623489379882812e+00 3.678043638291562598e-15 5.773180692116258554e-17
1.299796223640441895e+00 3.810603023987439719e-15 5.781390294259724843e-17
1.299968957901000977e+00 3.798237613506947816e-15 5.798835864250713218e-17
1.300141811370849609e+00 3.666577776801054761e-15 5.989409674704560243e-17
1.300314545631408691e+00 3.425494412320588544e-15 6.157652255597435690e-17
1.300487279891967773e+00 3.510536731983157112e-15 6.132735590313868369e-17
1.300660014152526855e+00 3.653603349631487016e-15 6.024103614828504351e-17
1.300832748413085938e+00 3.828468642910927422e-15 6.097410345946423791e-17
1.301005601882934570e+00 3.546502174440048331e-15 6.119660842679610193e-17
1.301178336143493652e+00 3.513243637524345042e-15 6.111248746722190922e-17
1.301351070404052734e+00 3.468087675831507850e-15 6.080122271144065512e-17
1.301523804664611816e+00 3.532188164664397910e-15 6.151806404772400933e-17
1.301696538925170898e+00 3.636728759256286844e-15 6.093088492681956732e-17
1.301869392395019531e+00 3.739973181680639885e-15 7.529297705711647114e-17
1.302042126655578613e+00 3.845748962067862403e-15 1.543692929475932790e-16
1.302214860916137695e+00 3.308610853621309945e-15 1.876587730356509519e-16
1.302387595176696777e+00 3.320309649172312715e-15 1.507154442760444434e-16
1.302560329437255859e+00 3.459131784721951319e-15 7.660687735954060072e-17
1.302733182907104492e+00 3.615390728765530137e-15 5.894082072191499122e-17
1.302905917167663574e+00 3.597830041703053983e-15 5.750535133922516826e-17
1.303078651428222656e+00 3.578075962823662817e-15 5.605681250285700747e-17
1.303251385688781738e+00 3.503123287870550662e-15 5.644776453012917005e-17
1.303424119949340820e+00 3.571224313313322782e-15 5.811501653790125178e-17
1.303596973419189453e+00 3.716423971681075827e-15 5.669406582932295957e-17
1.303769707679748535e+00 3.487404897468352610e-15 5.542431711927446039e-17
1.303942441940307617e+00 3.571942597252594429e-15 5.616203649421865301e-17
1.304115176200866699e+00 3.529886352630234349e-15 5.836816027512207994e-17
1.304287910461425781e+00 3.617958085628657922e-15 5.992265763923583337e-17
1.304460763931274414e+00 3.586822848553484350e-15 5.869395693990466564e-17
1.304633498191833496e+00 3.615413175138632376e-15 5.643713691361908875e-17
1.304806232452392578e+00 3.577326762181816389e-15 5.685682850409379372e-17
1.304978966712951660e+00 3.784180254714315447e-15 6.450047367245130125e-17
1.305151700973510742e+00 3.392607299352256266e-15 1.034789248192893743e-16
1.305324554443359375e+00 3.445981386457591493e-15 1.213662423446055681e-16
1.305497288703918457e+00 3.892869828440092758e-15 1.035154994372540190e-16
1.305670022964477539e+00 4.022921573095623524e-15 6.767012390063609651e-17
1.305842757225036621e+00 3.773423783317133087e-15 5.810042507189581637e-17
1.306015491485595703e+00 3.522762593785588869e-15 5.619084884931510007e-17
1.306188344955444336e+00 3.520095922309395518e-15 5.634447283267844837e-17
1.306361079216003418e+00 3.612444324658506054e-15 5.671035136122290357e-17
1.306533813476562500e+00 3.571709663192099496e-15 5.902595415055894882e-17
1.306706547737121582e+00 3.462426531128533734e-15 5.954519858211563578e-17
1.306879281997680664e+00 3.598192148288005196e-15 5.763977149748748547e-17
1.307052135467529297e+00 3.549197433278211515e-15 5.645740614734908814e-17
1.307224869728088379e+00 3.686611376553039846e-15 5.746384672480970754e-17
1.307397603988647461e+00 3.653781226550410419e-15 5.617876539492692545e-17
1.307570338249206543e+00 3.597307422374598079e-15 5.519421863391935957e-17
1.307743072509765625e+00 3.675887939440800403e-15 5.589731222842208246e-17
1.307915925979614258e+00 3.522448132803920710e-15 5.776351771712541841e-17
1.308088660240173340e+00 3.513014303353875940e-15 6.096932566424613162e-17
1.308261394500732422e+00 3.425371592543236671e-15 9.447095441836650463e-17
1.308434128761291504e+00 3.591379885809712486e-15 1.711927437086029720e-16
1.308606863021850586e+00 3.502520200412105600e-15 1.919983875222307495e-16
1.308779716491699219e+00 3.731496075944518848e-15 1.390822937784538826e-16
1.308952450752258301e+00 3.788515369338362956e-15 7.396496836216463712e-17
1.309125185012817383e+00 3.862165731135071625e-15 5.648890518507510743e-17
1.309297919273376465e+00 3.664395819928927683e-15 5.518462003009129424e-17
1.309470772743225098e+00 3.756827019748632326e-15 5.708090842331195870e-17
1.309643507003784180e+00 3.624504803277986409e-15 5.956227158995873027e-17
1.309816241264343262e+00 3.566308981120406077e-15 5.868408371211323270e-17
1.309988975524902344e+00 3.444459480009612329e-15 5.716771606551572364e-17
1.310161709785461426e+00 3.330333648828356918e-15 5.647344683378771645e-17
1.310334563255310059e+00 3.373999467808736982e-15 5.820674755911093234e-17
1.310507297515869141e+00 3.597660635113603123e-15 6.096906096645011465e-17
1.310680031776428223e+00 3.595205933632460160e-15 6.037169759784391976e-17
1.310852766036987305e+00 3.643365262398024287e-15 5.774519401219614374e-17
1.311025500297546387e+00 3.561520280353103890e-15 5.569448092477917965e-17
1.311198353767395020e+00 3.586989714044093447e-15 5.450264601098827526e-17
1.311371088027954102e+00 3.538669449018551003e-15 5.364510125250965104e-17
1.311543822288513184e+00 3.491927841648453761e-15 5.352424023884830306e-17
1.311716556549072266e+00 3.597257447430710076e-15 5.413241320369934092e-17
1.311889290809631348e+00 3.719576628310756333e-15 5.427996899008900021e-17
1.312062144279479980e+00 3.578755283247360766e-15 5.529467806495269968e-17
1.312234878540039062e+00 3.388070590886762233e-15 5.777973045713145775e-17
1.312407612800598145e+00 3.396205495312192534e-15 6.123118457640081848e-17
1.312580347061157227e+00 3.425581656714155737e-15 8.393199181761618836e-17
1.312753081321716309e+00 3.026696689434923808e-15 1.118890024560140152e-16
1.312925934791564941e+00 3.233636367569805992e-15 1.138264447390704179e-16
1.313098669052124023e+00 3.303581383738750724e-15 8.010833289247756687e-17
1.313271403312683105e+00 3.615996357322816962e-15 6.221319354728907167e-17
1.313444137573242188e+00 3.792582398034604479e-15 6.067064728866548439e-17
1.313616871833801270e+00 3.502377475360493250e-15 6.259314076369182876e-17
1.313789725303649902e+00 3.587503016010129553e-15 6.182273121093954048e-17
1.313962459564208984e+00 3.543165076386103202e-15 5.971708009595925451e-17
1.314135193824768066e+00 3.637708352859786443e-15 6.040320987045973990e-17
1.314307928085327148e+00 3.497908529530779562e-15 6.035025045892164486e-17
1.314480662345886230e+00 3.474713379303167801e-15 5.863907185190054714e-17
1.314653515815734863e+00 3.442442694562199840e-15 5.592977741310356369e-17
1.314826250076293945e+00 3.504854834972975265e-15 5.656197501166559168e-17
1.314998984336853027e+00 3.516376177121528258e-15 5.653302369022623571e-17
1.315171718597412109e+00 3.493303634913031558e-15 5.642760117551757744e-17
1.315344452857971191e+00 3.288214300251426393e-15 6.786584145101104328e-17
1.315517306327819824e+00 3.574755593670425960e-15 1.179407749314601733e-16
1.315690040588378906e+00 3.560621578396067077e-15 1.472229818507271538e-16
1.315862774848937988e+00 3.514493434638018762e-15 1.317047691567669351e-16
1.316035509109497070e+00 3.427568796008414326e-15 8.130531617840100131e-17
1.316208243370056152e+00 3.557949612963953387e-15 5.752834696025414243e-17
1.316381096839904785e+00 3.816052833970073888e-15 5.491499223762350934e-17
1.316553831100463867e+00 3.742670981617644832e-15 5.505898783865674040e-17
1.316726565361022949e+00 3.680525021310544070e-15 5.665121125614781231e-17
1.316899299621582031e+00 3.573496055677858815e-15 5.989538714880118515e-17
1.317072033882141113e+00 3.504804224754376821e-15 5.881216435816094350e-17
1.317244887351989746e+00 3.538510842099177635e-15 5.530573912410375876e-17
1.317417621612548828e+00 3.355575442414771882e-15 5.423673060510962834e-17
1.317590355873107910e+00 3.547575365184219530e-15 5.454632445605352533e-17
1.317763090133666992e+00 3.580900817702755909e-15 5.442031507025964731e-17
1.317935824394226074e+00 3.409562781373919223e-15 5.451206925252647935e-17
1.318108677864074707e+00 3.461878500811660202e-15 5.587031967067325206e-17
1.318281412124633789e+00 3.632599473638422130e-15 5.815782478896209607e-17
1.318454146385192871e+00 3.652082501974691919e-15 5.759618238792839112e-17
1.318626880645751953e+00 3.730045955538819485e-15 5.737375682993533219e-17
1.318799614906311035e+00 3.702871444525007022e-15 5.771598461040567123e-17
1.318972468376159668e+00 3.957932546701063703e-15 5.615754324913126497e-17
1.319145202636718750e+00 3.889895048729335655e-15 5.610259198667814223e-17
1.319317936897277832e+00 3.867594788810498063e-15 5.752057146249614397e-17
1.319490671157836914e+00 3.590396904074423870e-15 5.651623523251385946e-17
1.319663405418395996e+00 3.659636341798305770e-15 5.444077951861420921e-17
1.319836258888244629e+00 3.866974760693107915e-15 5.603970640778941086e-17
1.320008993148803711e+00 3.651143142436186900e-15 6.068339910498860186e-17
1.320181727409362793e+00 3.455980398641691695e-15 6.221716401422932620e-17
1.320354461669921875e+00 3.293394965515070508e-15 5.873683136541451417e-17
1.320527195930480957e+00 3.292993260139835156e-15 5.528299165725855050e-17
1.320700049400329590e+00 3.558995698653812448e-15 5.509965534629229745e-17
1.320872783660888672e+00 3.559963010279576859e-15 7.199084558202518296e-17
1.321045517921447754e+00 3.567071310772934947e-15 9.376965746015424692e-17
1.321218252182006836e+00 3.435986185921753935e-15 9.625446169814923908e-17
1.321390986442565918e+00 3.466523417736165971e-15 7.405428401598566283e-17
1.321563839912414551e+00 3.596897034911653371e-15 5.889861465834008553e-17
1.321736574172973633e+00 3.765636162400077050e-15 5.577191164755904347e-17
1.321909308433532715e+00 3.635191394457020289e-15 5.593662646857550276e-17
1.322082042694091797e+00 3.610314460312635115e-15 5.714623583936894661e-17
1.322254776954650879e+00 3.567724796691741640e-15 5.769498745773662517e-17
1.322427630424499512e+00 3.562319455938838322e-15 5.741884148204192241e-17
1.322600364685058594e+00 3.803577309206438925e-15 5.722033136991899662e-17
1.322773098945617676e+00 3.833575404549923599e-15 5.863455213703355740e-17
1.322945833206176758e+00 3.955158090282332242e-15 6.114910840730085687e-17
1.323118686676025391e+00 3.497422120860818780e-15 6.065038467238038542e-17
1.323291420936584473e+00 3.384753186348840766e-15 6.332325669444543396e-17
1.323464155197143555e+00 3.587301422168683029e-15 9.678309628401962801e-17
1.323636889457702637e+00 3.332927687229323213e-15 1.246155798442812718e-16
1.323809623718261719e+00 3.231461610477730576e-15 1.222077298730333129e-16
1.323982477188110352e+00 3.444685637806529227e-15 8.719455097220293969e-17
1.324155211448669434e+00 3.349874487163276814e-15 6.217138453040819144e-17
1.324327945709228516e+00 3.561115822120789962e-15 5.734813408328088961e-17
1.324500679969787598e+00 3.862126767619497927e-15 5.594792906446542733e-17
1.324673414230346680e+00 3.708385205495158890e-15 5.674116880212417917e-17
1.324846267700195312e+00 3.571212031335587594e-15 5.692307574499194060e-17
1.325019001960754395e+00 3.468051888689486356e-15 5.407789538388719597e-17
1.325191736221313477e+00 3.418316655125555603e-15 5.355120963553998198e-17
1.325364470481872559e+00 3.266161585711423870e-15 5.355060083060914295e-17
1.325537204742431641e+00 3.317826572087436733e-15 5.291823448720215414e-17
1.325710058212280273e+00 3.468561379007259818e-15 5.243806275906002200e-17
1.325882792472839355e+00 3.563878420078259862e-15 5.196952449905283564e-17
1.326055526733398438e+00 3.699105536041514403e-15 5.203815402011513524e-17
1.326228260993957520e+00 3.684809737474229949e-15 5.244449822422568455e-17
1.326400995254516602e+00 3.465224069195077874e-15 5.271248819908061446e-17
1.326573848724365234e+00 3.714487654363652497e-15 5.377276169080618491e-17
1.326746582984924316e+00 3.589975505183164856e-15 5.605785144170637407e-17
1.326919317245483398e+00 3.439918748137618838e-15 5.893615542326019214e-17
1.327092051506042480e+00 3.437443717865741773e-15 5.793238829353934412e-17
1.327264785766601562e+00 3.234898658419451713e-15 5.403186774588229530e-17
1.327437639236450195e+00 3.480085050496417760e-15 5.300902913995842467e-17
1.327610373497009277e+00 3.570705505633129523e-15 5.613445498387368486e-17
1.327783107757568359e+00 3.563965240955353428e-15 5.861682400214532091e-17
1.327955842018127441e+00 3.540636471280312302e-15 5.756772737485656697e-17
1.328128576278686523e+00 3.626833720366462108e-15 5.769741606001508086e-17
1.328301429748535156e+00 3.469410106020408627e-15 5.965138872043274326e-17
1.328474164009094238e+00 3.509874987493114690e-15 5.880007428632786845e-17
1.328646898269653320e+00 3.617752680138948754e-15 5.706381556313416294e-17
1.328819632530212402e+00 3.608871116170513788e-15 5.872626330590853668e-17
1.328992366790771484e+00 3.386454875539874655e-15 5.730052156722233734e-17
1.329165220260620117e+00 3.326241209143697766e-15 5.826885227950141365e-17
1.329337954521179199e+00 3.287104898848760073e-15 5.579325952480781200e-17
1.329510688781738281e+00 3.175290620580561649e-15 5.210179067900006476e-17
1.329683423042297363e+00 3.185231611007774931e-15 5.248993360091199726e-17
1.329856157302856445e+00 3.174312509284719745e-15 5.536952136677649762e-17
1.330029010772705078e+00 3.027668447983661304e-15 6.412523145937274577e-17
1.330201745033264160e+00 3.124742235387266767e-15 6.906187844231371706e-17
1.330374479293823242e+00 3.205417253173792162e-15 6.245357223329698151e-17
1.330547213554382324e+00 3.323159068006876181e-15 5.508467345103773701e-17
1.330719947814941406e+00 3.281140728108905731e-15 5.415404563107882770e-17
1.330892801284790039e+00 3.225386901938259547e-15 5.490026511399761523e-17
1.331065535545349121e+00 3.346977422725430293e-15 5.723124353655979616e-17
1.331238269805908203e+00 3.101842911416483571e-15 6.224653885214230932e-17
1.331411004066467285e+00 2.916966747491681403e-15 6.144808456790202319e-17
1.331583738327026367e+00 3.231653251682046861e-15 5.712744229585174183e-17
1.331756591796875000e+00 3.184570501792442949e-15 5.792336209869516548e-17
1.331929326057434082e+00 2.907482519581275002e-15 5.850846995934577471e-17
1.332102060317993164e+00 3.009059345890721139e-15 5.701210684868224807e-17
1.332274794578552246e+00 2.663326543084643810e-15 7.473521909623931521e-17
1.332447528839111328e+00 2.595982341580243408e-15 9.805198472623107204e-17
1.332620382308959961e+00 2.777509972506312513e-15 8.748323038853904592e-17
1.332793116569519043e+00 2.963147195534222671e-15 6.215869227108917778e-17
1.332965850830078125e+00 3.250198402787469326e-15 5.355253974196496724e-17
1.333138585090637207e+00 3.229406708547691643e-15 5.201800059167089327e-17
1.333311319351196289e+00 3.266207113732338789e-15 5.019230379192550419e-17
1.333484172821044922e+00 3.061430969502980902e-15 5.344456620224719544e-17
1.333656907081604004e+00 3.097156278119325527e-15 6.057036652864445573e-17
1.333829641342163086e+00 3.153035465166165348e-15 6.252096429216290178e-17
1.334002375602722168e+00 2.885033181863720653e-15 5.775047473322668227e-17
1.334175109863281250e+00 2.832983219013180710e-15 5.275719565682788050e-17
1.334347963333129883e+00 2.790926974390820631e-15 4.902764672434064208e-17
1.334520697593688965e+00 2.764705587200906069e-15 4.842400009180149439e-17
1.334693431854248047e+00 2.422490300466539036e-15 5.089393162238278312e-17
1.334866166114807129e+00 2.207915890861580216e-15 5.342793656321242937e-17
1.335038900375366211e+00 2.186590565865032323e-15 5.027252045900844661e-17
1.335211753845214844e+00 2.478157305760091654e-15 4.803145987775323000e-17
1.335384488105773926e+00 2.725190017903835263e-15 4.884436666165604263e-17
1.335557222366333008e+00 2.774171815661183316e-15 4.817737122908513387e-17
1.335729956626892090e+00 2.702620189749533990e-15 5.183109747790331156e-17
1.335902690887451172e+00 2.465054764857251696e-15 6.326540037368102499e-17
1.336075544357299805e+00 2.735891220401209280e-15 7.323704942311797276e-17
1.336248278617858887e+00 2.727636884330216123e-15 5.940265881896049805e-17
1.336421012878417969e+00 2.718363355865439229e-15 4.783895840559988940e-17
1.336593747138977051e+00 2.530938681560585685e-15 4.531839349536300474e-17
1.336766481399536133e+00 2.607526341860135453e-15 4.693798335623978102e-17
1.336939334869384766e+00 2.452613968444454159e-15 5.127429904653671715e-17
1.337112069129943848e+00 2.428220054838240750e-15 5.228835630307772484e-17
1.337284803390502930e+00 2.275483073789345313e-15 5.208519081846735060e-17
1.337457537651062012e+00 2.253941120116537133e-15 5.404985726984409854e-17
1.337630391120910645e+00 2.587890847593359890e-15 5.267418311927450885e-17
1.337803125381469727e+00 2.824476467123905772e-15 5.325234266277967265e-17
1.337975859642028809e+00 2.653809916164004933e-15 5.517447548705894391e-17
1.338148593902587891e+00 2.719659104516501495e-15 4.958662229507947606e-17
1.338321328163146973e+00 2.791817206018384900e-15 4.578864898232185118e-17
1.338494181632995605e+00 2.682227871544386709e-15 4.707592068646667370e-17
1.338666915893554688e+00 2.459650906412006073e-15 4.939151685835781853e-17
1.338839650154113770e+00 2.642961753450282295e-15 4.993252275746955053e-17
1.339012384414672852e+00 2.784647072119877248e-15 4.927209183023986260e-17
1.339185118675231934e+00 2.475855281967691279e-15 5.161851206047718345e-17
1.339357972145080566e+00 2.312091202494965733e-15 5.066778375163323556e-17
1.339530706405639648e+00 2.570099344052756939e-15 4.655884677683732589e-17
1.339703440666198730e+00 2.966532150949687668e-15 4.716434298522614215e-17
1.339876174926757812e+00 3.283103303447693945e-15 5.363320639530113850e-17
1.340048909187316895e+00 2.951822576787669489e-15 6.713514318510620076e-17
1.340221762657165527e+00 2.585149001943097720e-15 7.477076801024439413e-17
1.340394496917724609e+00 2.331168290291263899e-15 6.643900121647137351e-17
1.340567231178283691e+00 2.436477779041022924e-15 5.777437032676211413e-17
1.340739965438842773e+00 2.732982297502101199e-15 4.881300989899538245e-17
1.340912699699401855e+00 2.591790375524281875e-15 4.516054758215318579e-17
1.341085553169250488e+00 2.691126376171766761e-15 4.610809620872247984e-17
1.341258287429809570e+00 2.697843135685256549e-15 5.100389701301558261e-17
1.341431021690368652e+00 2.454117240167593729e-15 5.545816204121768007e-17
1.341603755950927734e+00 2.563006501910686241e-15 5.652712754681995773e-17
1.341776490211486816e+00 2.446641115616890461e-15 5.162462657956517543e-17
1.341949343681335449e+00 2.388794906308289341e-15 5.823166223916102953e-17
1.342122077941894531e+00 2.324674512201138805e-15 6.911238939923865514e-17
1.342294812202453613e+00 2.232041506781750825e-15 6.750033349938101184e-17
1.342467546463012695e+00 2.412738621903037090e-15 5.722834509569341035e-17
1.342640280723571777e+00 2.513063321758204557e-15 5.231726130240277784e-17
1.342813134193420410e+00 2.408229018491855195e-15 5.092806109445672104e-17
1.342985868453979492e+00 2.280312432138115707e-15 4.714163522305033643e-17
1.343158602714538574e+00 2.131979598898469004e-15 4.635818930384421244e-17
1.343331336975097656e+00 2.179402432516395517e-15 4.462813112652220442e-17
1.343504071235656738e+00 2.584976418980094656e-15 4.484913393386167214e-17
1.343676924705505371e+00 2.632241069195121429e-15 5.121048040791702596e-17
1.343849658966064453e+00 2.590312514789559935e-15 6.242721495025859184e-17
1.344022393226623535e+00 2.492552842456915302e-15 6.796671778107311011e-17
1.344195127487182617e+00 2.691392132758967798e-15 6.567403120342723394e-17
1.344367861747741699e+00 2.552184385460091673e-15 6.363264871331986801e-17
1.344540715217590332e+00 2.068358742471961692e-15 6.707976178873455045e-17
1.344713449478149414e+00 1.863076284298382547e-15 6.187136943095765851e-17
1.344886183738708496e+00 2.092711151463759640e-15 5.294577629287771975e-17
1.345058917999267578e+00 2.456179977152394764e-15 4.574074198996523003e-17
1.345231652259826660e+00 2.734477522412241852e-15 4.596871627550729467e-17
1.345404505729675293e+00 2.603964568316931120e-15 5.262948558769459345e-17
1.345577239990234375e+00 2.385324188806914845e-15 5.711336699054853951e-17
1.345749974250793457e+00 2.573285034967380362e-15 5.444913404280099479e-17
1.345922708511352539e+00 2.784942051343758558e-15 5.373642199213550530e-17
1.346095442771911621e+00 3.075990407075098257e-15 5.169156203473296643e-17
1.346268296241760254e+00 2.862609466892820746e-15 5.259871446890762082e-17
1.346441030502319336e+00 2.330033266141943137e-15 6.037218728876655115e-17
1.346613764762878418e+00 2.334437837467665498e-15 6.317177014578492268e-17
1.346786499023437500e+00 2.165989030521913231e-15 5.061552248053213527e-17
1.346959233283996582e+00 2.343195311109327710e-15 4.587127109062609780e-17
1.347132086753845215e+00 2.410349565475306335e-15 4.785132310139633206e-17
1.347304821014404297e+00 2.675436149615064915e-15 5.199670565398132813e-17
1.347477555274963379e+00 2.637667797529942917e-15 6.680485327523622702e-17
1.347650289535522461e+00 2.544036563782215744e-15 1.191315973761813128e-16
1.347823023796081543e+00 1.982120835804343680e-15 1.653641776496481228e-16
1.347995877265930176e+00 1.789156354266210197e-15 1.076787921044620132e-16
1.348168611526489258e+00 2.835944022680308117e-15 7.943116313837225587e-17
1.348341345787048340e+00 2.493583258037250158e-15 8.857226991324676046e-17
1.348514080047607422e+00 2.725617557783961871e-15 9.528688537458881113e-17
1.348686814308166504e+00 2.656215489734207146e-15 7.866549167616867133e-17
1.348859667778015137e+00 2.373182183266261264e-15 9.033495209392785989e-17
1.349032402038574219e+00 2.451884037802157766e-15 7.726326833665857967e-17
1.349205136299133301e+00 2.216216813744672359e-15 5.752689773982094953e-17
1.349377870559692383e+00 2.787262709860998527e-15 5.416409752988257209e-17
1.349550604820251465e+00 2.794691188808418741e-15 4.980483254067096476e-17
1.349723458290100098e+00 2.768991150397539201e-15 5.329467114908523618e-17
1.349896192550659180e+00 2.544527207616912798e-15 6.024445736729856283e-17
1.350068926811218262e+00 2.790478893961723106e-15 7.434072673594542568e-17
1.350241661071777344e+00 2.910502192038236582e-15 1.165414367979266666e-16
1.350414395332336426e+00 2.470914115269883318e-15 1.609554638034180955e-16
1.350587248802185059e+00 1.864188862074601070e-15 1.220634563393142641e-16
1.350759983062744141e+00 1.945984292692107091e-15 9.968924647371443120e-17
1.350932717323303223e+00 2.267736322211994296e-15 8.353914720110250445e-17
1.351105451583862305e+00 2.588293611759779310e-15 7.123465030091900591e-17
1.351278185844421387e+00 2.819770352068960879e-15 7.602613039507937105e-17
1.351451039314270020e+00 2.467194158323779245e-15 1.031570192121082381e-16
1.351623773574829102e+00 2.696109047483990183e-15 1.211312039366323006e-16
1.351796507835388184e+00 2.006635239847304013e-15 1.195759588012447992e-16
1.351969242095947266e+00 2.095735059085457493e-15 9.133728323810531586e-17
1.352142095565795898e+00 2.271704459811643879e-15 6.094202870403188171e-17
1.352314829826354980e+00 2.317551176872966953e-15 7.584051106562247164e-17
1.352487564086914062e+00 1.787819101000732470e-15 1.169184061641242328e-16
1.352660298347473145e+00 2.627822945342242998e-15 1.148347845232174590e-16
1.352833032608032227e+00 nan nan
1.353005886077880859e+00 nan nan
1.353178620338439941e+00 nan nan
1.353351354598999023e+00 nan nan
1.353524088859558105e+00 nan nan
1.353696823120117188e+00 nan nan
1.353869676589965820e+00 nan nan
1.354042410850524902e+00 nan nan
1.354215145111083984e+00 nan nan
1.354387879371643066e+00 nan nan
1.354560613632202148e+00 nan nan
1.354733467102050781e+00 nan nan
1.354906201362609863e+00 nan nan
1.355078935623168945e+00 nan nan
1.355251669883728027e+00 nan nan
1.355424404144287109e+00 nan nan
1.355597257614135742e+00 nan nan
1.355769991874694824e+00 nan nan
1.355942726135253906e+00 nan nan
1.356115460395812988e+00 nan nan
1.356288194656372070e+00 nan nan
1.356461048126220703e+00 nan nan
1.356633782386779785e+00 nan nan
1.356806516647338867e+00 nan nan
1.356979250907897949e+00 nan nan
1.357151985168457031e+00 nan nan
1.357324838638305664e+00 nan nan
1.357497572898864746e+00 nan nan
1.357670307159423828e+00 nan nan
1.357843041419982910e+00 nan nan
1.358015775680541992e+00 nan nan
1.358188629150390625e+00 nan nan
1.358361363410949707e+00 nan nan
1.358534097671508789e+00 nan nan
1.358706831932067871e+00 nan nan
1.358879566192626953e+00 nan nan
1.359052419662475586e+00 nan nan
1.359225153923034668e+00 nan nan
1.359397888183593750e+00 nan nan
1.359570622444152832e+00 nan nan
1.359743356704711914e+00 nan nan
1.359916210174560547e+00 nan nan
1.360088944435119629e+00 nan nan
1.360261678695678711e+00 nan nan
1.360434412956237793e+00 nan nan
1.360607147216796875e+00 nan nan
1.360780000686645508e+00 nan nan
1.360952734947204590e+00 nan nan
1.361125469207763672e+00 nan nan
1.361298203468322754e+00 nan nan
1.361470937728881836e+00 nan nan
1.361643791198730469e+00 nan nan
1.361816525459289551e+00 nan nan
1.361989259719848633e+00 nan nan
1.362161993980407715e+00 nan nan
1.362334728240966797e+00 nan nan
1.362507581710815430e+00 nan nan
1.362680315971374512e+00 nan nan
1.362853050231933594e+00 nan nan
1.363025784492492676e+00 nan nan
1.363198518753051758e+00 nan nan
1.363371372222900391e+00 nan nan
1.363544106483459473e+00 nan nan
1.363716840744018555e+00 nan nan
1.363889575004577637e+00 nan nan
1.364062309265136719e+00 nan nan
1.364235162734985352e+00 nan nan
1.364407896995544434e+00 nan nan
1.364580631256103516e+00 nan nan
1.364753365516662598e+00 nan nan
1.364926099777221680e+00 nan nan
1.365098953247070312e+00 nan nan
1.365271687507629395e+00 nan nan
1.365444421768188477e+00 nan nan
1.365617156028747559e+00 nan nan
1.365789890289306641e+00 nan nan
1.365962743759155273e+00 nan nan
1.366135478019714355e+00 nan nan
1.366308212280273438e+00 nan nan
1.366480946540832520e+00 nan nan
1.366653800010681152e+00 nan nan
1.366826534271240234e+00 nan nan
1.366999268531799316e+00 nan nan
1.367172002792358398e+00 nan nan
1.367344737052917480e+00 nan nan
1.367517590522766113e+00 nan nan
1.367690324783325195e+00 nan nan
1.367863059043884277e+00 nan nan
1.368035793304443359e+00 nan nan
1.368208527565002441e+00 nan nan
1.368381381034851074e+00 nan nan
1.368554115295410156e+00 nan nan
1.368726849555969238e+00 nan nan
1.368899583816528320e+00 nan nan
1.369072318077087402e+00 nan nan
1.369245171546936035e+00 nan nan
1.369417905807495117e+00 nan nan
1.369590640068054199e+00 nan nan
1.369763374328613281e+00 nan nan
1.369936108589172363e+00 nan nan
1.370108962059020996e+00 nan nan
1.370281696319580078e+00 nan nan
1.370454430580139160e+00 nan nan
1.370627164840698242e+00 nan nan
1.370799899101257324e+00 nan nan
1.370972752571105957e+00 nan nan
1.371145486831665039e+00 nan nan
1.371318221092224121e+00 nan nan
1.371490955352783203e+00 nan nan
1.371663689613342285e+00 nan nan
1.371836543083190918e+00 nan nan
1.372009277343750000e+00 nan nan
1.372182011604309082e+00 nan nan
1.372354745864868164e+00 nan nan
1.372527480125427246e+00 nan nan
1.372700333595275879e+00 nan nan
1.372873067855834961e+00 nan nan
1.373045802116394043e+00 nan nan
1.373218536376953125e+00 nan nan
1.373391270637512207e+00 nan nan
1.373564124107360840e+00 nan nan
1.373736858367919922e+00 nan nan
1.373909592628479004e+00 nan nan
1.374082326889038086e+00 nan nan
1.374255061149597168e+00 nan nan
1.374427914619445801e+00 nan nan
1.374600648880004883e+00 nan nan
1.374773383140563965e+00 nan nan
1.374946117401123047e+00 nan nan
1.375118851661682129e+00 nan nan
1.375291705131530762e+00 nan nan
1.375464439392089844e+00 nan nan
1.375637173652648926e+00 nan nan
1.375809907913208008e+00 nan nan
1.375982642173767090e+00 nan nan
1.376155495643615723e+00 nan nan
1.376328229904174805e+00 nan nan
1.376500964164733887e+00 nan nan
1.376673698425292969e+00 nan nan
1.376846432685852051e+00 nan nan
1.377019286155700684e+00 nan nan
1.377192020416259766e+00 nan nan
1.377364754676818848e+00 nan nan
1.377537488937377930e+00 nan nan
1.377710223197937012e+00 nan nan
1.377883076667785645e+00 nan nan
1.378055810928344727e+00 nan nan
1.378228545188903809e+00 nan nan
1.378401279449462891e+00 nan nan
1.378574013710021973e+00 nan nan
1.378746867179870605e+00 nan nan
1.378919601440429688e+00 nan nan
1.379092335700988770e+00 nan nan
1.379265069961547852e+00 nan nan
1.379437804222106934e+00 nan nan
1.379610657691955566e+00 nan nan
1.379783391952514648e+00 nan nan
1.379956126213073730e+00 nan nan
1.380128860473632812e+00 nan nan
1.380301713943481445e+00 nan nan
1.380474448204040527e+00 nan nan
1.380647182464599609e+00 nan nan
1.380819916725158691e+00 nan nan
1.380992650985717773e+00 nan nan
1.381165504455566406e+00 nan nan
1.381338238716125488e+00 nan nan
1.381510972976684570e+00 nan nan
1.381683707237243652e+00 nan nan
1.381856441497802734e+00 nan nan
1.382029294967651367e+00 nan nan
1.382202029228210449e+00 nan nan
1.382374763488769531e+00 nan nan
1.382547497749328613e+00 nan nan
1.382720232009887695e+00 nan nan
1.382893085479736328e+00 nan nan
1.383065819740295410e+00 nan nan
1.383238554000854492e+00 nan nan
1.383411288261413574e+00 nan nan
1.383584022521972656e+00 nan nan
1.383756875991821289e+00 nan nan
1.383929610252380371e+00 nan nan
1.384102344512939453e+00 nan nan
1.384275078773498535e+00 nan nan
1.384447813034057617e+00 nan nan
1.384620666503906250e+00 nan nan
1.384793400764465332e+00 nan nan
1.384966135025024414e+00 nan nan
1.385138869285583496e+00 nan nan
1.385311603546142578e+00 nan nan
1.385484457015991211e+00 nan nan
1.385657191276550293e+00 nan nan
1.385829925537109375e+00 nan nan
1.386002659797668457e+00 nan nan
1.386175394058227539e+00 nan nan
1.386348247528076172e+00 nan nan
1.386520981788635254e+00 nan nan
1.386693716049194336e+00 nan nan
1.386866450309753418e+00 nan nan
1.387039184570312500e+00 nan nan
1.387212038040161133e+00 nan nan
1.387384772300720215e+00 nan nan
1.387557506561279297e+00 nan nan
1.387730240821838379e+00 nan nan
1.387902975082397461e+00 nan nan
1.388075828552246094e+00 nan nan
1.388248562812805176e+00 nan nan
1.388421297073364258e+00 nan nan
1.388594031333923340e+00 nan nan
1.388766765594482422e+00 nan nan
1.388939619064331055e+00 nan nan
1.389112353324890137e+00 nan nan
1.389285087585449219e+00 nan nan
1.389457821846008301e+00 nan nan
1.389630556106567383e+00 nan nan
1.389803409576416016e+00 nan nan
1.389976143836975098e+00 nan nan
1.390148878097534180e+00 nan nan
1.390321612358093262e+00 nan nan
1.390494346618652344e+00 nan nan
1.390667200088500977e+00 nan nan
1.390839934349060059e+00 nan nan
1.391012668609619141e+00 nan nan
1.391185402870178223e+00 nan nan
1.391358137130737305e+00 nan nan
1.391530990600585938e+00 nan nan
1.391703724861145020e+00 nan nan
1.391876459121704102e+00 nan nan
1.392049193382263184e+00 nan nan
1.392221927642822266e+00 nan nan
1.392394781112670898e+00 nan nan
1.392567515373229980e+00 nan nan
1.392740249633789062e+00 nan nan
1.392912983894348145e+00 nan nan
1.393085718154907227e+00 nan nan
1.393258571624755859e+00 nan nan
1.393431305885314941e+00 nan nan
1.393604040145874023e+00 nan nan
1.393776774406433105e+00 nan nan
1.393949508666992188e+00 nan nan
1.394122362136840820e+00 nan nan
1.394295096397399902e+00 nan nan
1.394467830657958984e+00 nan nan
1.394640564918518066e+00 nan nan
1.394813418388366699e+00 nan nan
1.394986152648925781e+00 nan nan
1.395158886909484863e+00 nan nan
1.395331621170043945e+00 nan nan
1.395504355430603027e+00 nan nan
1.395677208900451660e+00 nan nan
1.395849943161010742e+00 nan nan
1.396022677421569824e+00 nan nan
1.396195411682128906e+00 nan nan
1.396368145942687988e+00 nan nan
1.396540999412536621e+00 nan nan
1.396713733673095703e+00 nan nan
1.396886467933654785e+00 nan nan
1.397059202194213867e+00 nan nan
1.397231936454772949e+00 nan nan
1.397404789924621582e+00 nan nan
1.397577524185180664e+00 nan nan
1.397750258445739746e+00 nan nan
1.397922992706298828e+00 nan nan
1.398095726966857910e+00 nan nan
1.398268580436706543e+00 nan nan
1.398441314697265625e+00 nan nan
1.398614048957824707e+00 nan nan
1.398786783218383789e+00 nan nan
1.398959517478942871e+00 nan nan
1.399132370948791504e+00 nan nan
1.399305105209350586e+00 nan nan
1.399477839469909668e+00 nan nan
1.399650573730468750e+00 nan nan
1.399823307991027832e+00 nan nan
1.399996161460876465e+00 nan nan
1.400168895721435547e+00 nan nan
1.400341629981994629e+00 nan nan
1.400514364242553711e+00 nan nan
1.400687098503112793e+00 nan nan
1.400859951972961426e+00 nan nan
1.401032686233520508e+00 nan nan
1.401205420494079590e+00 nan nan
1.401378154754638672e+00 nan nan
1.401550889015197754e+00 nan nan
1.401723742485046387e+00 nan nan
1.401896476745605469e+00 nan nan
1.402069211006164551e+00 nan nan
1.402241945266723633e+00 nan nan
1.402414679527282715e+00 nan nan
1.402587532997131348e+00 nan nan
1.402760267257690430e+00 nan nan
1.402933001518249512e+00 nan nan
1.403105735778808594e+00 nan nan
1.403278470039367676e+00 nan nan
1.403451323509216309e+00 nan nan
1.403624057769775391e+00 nan nan
1.403796792030334473e+00 nan nan
1.403969526290893555e+00 nan nan
1.404142260551452637e+00 nan nan
1.404315114021301270e+00 nan nan
1.404487848281860352e+00 nan nan
1.404660582542419434e+00 nan nan
1.404833316802978516e+00 nan nan
1.405006051063537598e+00 nan nan
1.405178904533386230e+00 nan nan
1.405351638793945312e+00 nan nan
1.405524373054504395e+00 nan nan
1.405697107315063477e+00 nan nan
1.405869841575622559e+00 nan nan
1.406042695045471191e+00 nan nan
1.406215429306030273e+00 nan nan
1.406388163566589355e+00 nan nan
1.406560897827148438e+00 nan nan
1.406733632087707520e+00 nan nan
1.406906485557556152e+00 nan nan
1.407079219818115234e+00 nan nan
1.407251954078674316e+00 nan nan
1.407424688339233398e+00 nan nan
1.407597422599792480e+00 nan nan
1.407770276069641113e+00 nan nan
1.407943010330200195e+00 nan nan
1.408115744590759277e+00 nan nan
1.408288478851318359e+00 nan nan
1.408461213111877441e+00 nan nan
1.408634066581726074e+00 nan nan
1.408806800842285156e+00 nan nan
1.408979535102844238e+00 nan nan
1.409152269363403320e+00 nan nan
1.409325122833251953e+00 nan nan
1.409497857093811035e+00 nan nan
1.409670591354370117e+00 nan nan
1.409843325614929199e+00 nan nan
1.410016059875488281e+00 nan nan
1.410188913345336914e+00 nan nan
1.410361647605895996e+00 nan nan
1.410534381866455078e+00 nan nan
1.410707116127014160e+00 nan nan
1.410879850387573242e+00 nan nan
1.411052703857421875e+00 nan nan
1.411225438117980957e+00 nan nan
1.411398172378540039e+00 nan nan
1.411570906639099121e+00 nan nan
1.411743640899658203e+00 nan nan
1.411916494369506836e+00 nan nan
1.412089228630065918e+00 nan nan
1.412261962890625000e+00 nan nan
1.412434697151184082e+00 nan nan
1.412607431411743164e+00 nan nan
1.412780284881591797e+00 nan nan
1.412953019142150879e+00 nan nan
1.413125753402709961e+00 nan nan
1.413298487663269043e+00 nan nan
1.413471221923828125e+00 nan nan
1.413644075393676758e+00 nan nan
1.413816809654235840e+00 nan nan
1.413989543914794922e+00 nan nan
1.414162278175354004e+00 nan nan
1.414335012435913086e+00 nan nan
1.414507865905761719e+00 nan nan
1.414680600166320801e+00 nan nan
1.414880156517028809e+00 nan nan
1.415095925331115723e+00 nan nan
1.415311694145202637e+00 2.210092130261313327e-15 1.199826404950452702e-16
1.415527343750000000e+00 2.238903744203931540e-15 9.033031988249756294e-17
1.415743112564086914e+00 2.076602067114640543e-15 6.470437700216807278e-17
1.415958881378173828e+00 2.243264269816396678e-15 7.176546202616163441e-17
1.416174530982971191e+00 2.171663515993806602e-15 1.091714428285364019e-16
1.416390299797058105e+00 1.935714018206648700e-15 1.228707978520558199e-16
1.416606068611145020e+00 2.256703929832243848e-15 1.064769714663163687e-16
1.416821837425231934e+00 2.035477135217786566e-15 7.270310764643744361e-17
1.417037487030029297e+00 1.870396554786791024e-15 6.342848730325197993e-17
1.417253255844116211e+00 2.049683995325609319e-15 5.894968809808155967e-17
1.417469024658203125e+00 2.083233699816931274e-15 7.287724570899210700e-17
1.417684674263000488e+00 1.969261605115602519e-15 8.753014145543815323e-17
1.417900443077087402e+00 2.085621062178767519e-15 6.950788761115740916e-17
1.418116211891174316e+00 2.093906526710572272e-15 6.343386066851112439e-17
1.418331861495971680e+00 2.073660321688826358e-15 9.134412567613235450e-17
1.418547630310058594e+00 2.180088740961908314e-15 2.064973019432888245e-16
1.418763399124145508e+00 1.879048572826520075e-15 4.748527053405099570e-16
1.418979048728942871e+00 2.497524290582587604e-15 5.589402600528453179e-16
1.419194817543029785e+00 2.222213807011232806e-15 4.478635357234685751e-16
1.419410586357116699e+00 1.773811611272869699e-15 3.191031722053657956e-16
1.419626235961914062e+00 2.285859439151447306e-15 1.522813302628318270e-16
1.419842004776000977e+00 2.092094299719921696e-15 9.358184113899040667e-17
1.420057773590087891e+00 2.187117632116461312e-15 7.767723583729441768e-17
1.420273542404174805e+00 2.345462818309127472e-15 7.507376095990011796e-17
1.420489192008972168e+00 2.158935575411889858e-15 9.131582948173814053e-17
1.420704960823059082e+00 2.262611137606395338e-15 8.312174524656334627e-17
1.420920729637145996e+00 2.210747945520724969e-15 6.349352355173334917e-17
1.421136379241943359e+00 2.237007025676792348e-15 6.326647901719979414e-17
1.421352148056030273e+00 2.252698734541151888e-15 6.365029743886929940e-17
1.421567916870117188e+00 2.198293808339008178e-15 5.779597628436199922e-17
1.421783566474914551e+00 2.081249313379751262e-15 5.035686972043170394e-17
1.421999335289001465e+00 1.991184511856438320e-15 4.766698093880521452e-17
1.422215104103088379e+00 2.176450310936977467e-15 4.799916674663915980e-17
1.422430753707885742e+00 2.399741324843893478e-15 5.056213624379796287e-17
1.422646522521972656e+00 2.223050463804883241e-15 6.866399133278590990e-17
1.422862291336059570e+00 2.272727040337216634e-15 8.474446846760047341e-17
1.423077940940856934e+00 2.416196210393729144e-15 9.588569796362819892e-17
1.423293709754943848e+00 2.218171554028698471e-15 1.050281083751480871e-16
1.423509478569030762e+00 2.080036362199283104e-15 8.635876768127936053e-17
1.423725128173828125e+00 2.017576152668750997e-15 9.324550950192634561e-17
1.423940896987915039e+00 2.063550136430399029e-15 1.270697651647220011e-16
1.424156665802001953e+00 2.207714932294844133e-15 7.227813533493220011e-17
1.424372434616088867e+00 2.157051138862485853e-15 4.672926583535795086e-17
1.424588084220886230e+00 2.262496788158516008e-15 4.639268604411012390e-17
1.424803853034973145e+00 2.204258826111809774e-15 5.067716397977958690e-17
1.425019621849060059e+00 2.110812245546584039e-15 5.091847241679600634e-17
1.425235271453857422e+00 2.033646061744059583e-15 5.611053292055865130e-17
1.425451040267944336e+00 1.890226654873198263e-15 7.294088567659948673e-17
1.425666809082031250e+00 1.974269475658006756e-15 9.301343570926846817e-17
1.425882458686828613e+00 2.011413352702765521e-15 7.415797276013040996e-17
1.426098227500915527e+00 1.983951909278070663e-15 5.159612855310149852e-17
1.426313996315002441e+00 1.940821626878592131e-15 4.803685971279197616e-17
1.426529645919799805e+00 2.172058445105463920e-15 6.157153961996433746e-17
1.426745414733886719e+00 2.178941011318378737e-15 6.604495884243071283e-17
1.426961183547973633e+00 2.009602819778009454e-15 6.197826101843421096e-17
1.427176833152770996e+00 1.859650247784975716e-15 6.543957513060520378e-17
1.427392601966857910e+00 1.938717173521138822e-15 7.126248989161509061e-17
1.427608370780944824e+00 1.924039363094642678e-15 6.887023062055253118e-17
1.427824020385742188e+00 2.362040735394551824e-15 7.172813301947834137e-17
1.428039789199829102e+00 2.388957536634162167e-15 7.399585859495981738e-17
1.428255558013916016e+00 1.938583554073709456e-15 8.954270497300417168e-17
1.428471326828002930e+00 1.897200912402653358e-15 8.082879397112145313e-17
1.428686976432800293e+00 1.793066681867209675e-15 7.354752670295607638e-17
1.428902745246887207e+00 1.992702818414391654e-15 7.974098529116521749e-17
1.429118514060974121e+00 2.349943199083629093e-15 8.715557422173944102e-17
1.429334163665771484e+00 2.321721543588773501e-15 7.837334471870474281e-17
1.429549932479858398e+00 2.091742357530337534e-15 7.344152847054108120e-17
1.429765701293945312e+00 2.218469074351421544e-15 6.236480582740269100e-17
1.429981350898742676e+00 2.192324767159707123e-15 5.845343267010894646e-17
1.430197119712829590e+00 2.260128907554466611e-15 4.194989235664291184e-17
1.430412888526916504e+00 2.425761965225308771e-15 3.733033017227311776e-17
1.430628538131713867e+00 2.432529546715633817e-15 4.171589950496391137e-17
1.430844306945800781e+00 2.334175045495779852e-15 5.774056180076584679e-17
1.431060075759887695e+00 2.213967094236764938e-15 8.514293129483461748e-17
1.431275725364685059e+00 2.286227686725266113e-15 1.027574645064655240e-16
1.431491494178771973e+00 2.015310763051319370e-15 1.058116204688032153e-16
1.431707262992858887e+00 1.745866617914411043e-15 1.240384989442948772e-16
1.431923031806945801e+00 1.979397624878921104e-15 9.407432462336977807e-17
1.432138681411743164e+00 2.185702663578073003e-15 8.480132555418491832e-17
1.432354450225830078e+00 1.756651888431800049e-15 1.298732324618969217e-16
1.432570219039916992e+00 2.116804791890171400e-15 1.324879702305117434e-16
1.432785868644714355e+00 1.961553817053825199e-15 6.898084121206312204e-17
1.433001637458801270e+00 1.906973343273363035e-15 5.183900863328176872e-17
1.433217406272888184e+00 2.110649826978948027e-15 4.801423466867742575e-17
1.433433055877685547e+00 2.219765670035431064e-15 5.015599718047932670e-17
1.433648824691772461e+00 2.064674996184352740e-15 5.372319371977955728e-17
1.433864593505859375e+00 2.006016058762861119e-15 6.385365152065933573e-17
1.434080243110656738e+00 2.088174442998265608e-15 1.079238096193451204e-16
1.434296011924743652e+00 1.904916747277429594e-15 1.834255935328495775e-16
1.434511780738830566e+00 2.581558852796160368e-15 1.260697633611494945e-16
1.434727430343627930e+00 2.322165812369608381e-15 5.961651478580750761e-17
1.434943199157714844e+00 2.046980477916210406e-15 5.586343752797681087e-17
1.435158967971801758e+00 1.996481644150329901e-15 7.149153951195347419e-17
1.435374617576599121e+00 2.185702875336309817e-15 9.754498918518507032e-17
1.435590386390686035e+00 2.076128152180651762e-15 1.367728319779854310e-16
1.435806155204772949e+00 2.204365552263163816e-15 1.711812293544762338e-16
1.436021924018859863e+00 1.692051756039148359e-15 1.451379573115014901e-16
1.436237573623657227e+00 1.958441818005612900e-15 7.661802775419781554e-17
1.436453342437744141e+00 2.140336425956079931e-15 5.564462509489938357e-17
1.436669111251831055e+00 2.048008987672413940e-15 5.358608687888766783e-17
1.436884760856628418e+00 2.079415275290708888e-15 6.638233603578904090e-17
1.437100529670715332e+00 2.031565325309129394e-15 8.914443405167213992e-17
1.437316298484802246e+00 2.077582719509324209e-15 1.223262218414203090e-16
1.437531948089599609e+00 1.989813589031307235e-15 1.838729063383386531e-16
1.437747716903686523e+00 1.728909865343327204e-15 2.226004438268873410e-16
1.437963485717773438e+00 1.628367266262478567e-15 1.068315540164157997e-16
1.438179135322570801e+00 2.047975953387471022e-15 5.625796297549520253e-17
1.438394904136657715e+00 2.092449841799531689e-15 4.764239713100013854e-17
1.438610672950744629e+00 2.288016832068104009e-15 5.056801915231444000e-17
1.438826322555541992e+00 2.439487710619091081e-15 4.650178785818341804e-17
1.439042091369628906e+00 2.418940808901069890e-15 4.983328424502033870e-17
1.439257860183715820e+00 2.247688322899905888e-15 6.628621103116547866e-17
1.439473509788513184e+00 1.913413123013100667e-15 1.004702439383073982e-16
1.439689278602600098e+00 1.985446498913500876e-15 8.161381484221387809e-17
1.439905047416687012e+00 2.040521639935159552e-15 5.778178186505058926e-17
1.440120816230773926e+00 2.313694212347644497e-15 6.134104077919276098e-17
1.440336465835571289e+00 2.281459738265171656e-15 6.880751047778631041e-17
1.440552234649658203e+00 2.289582360712866770e-15 5.992333923606057706e-17
1.440768003463745117e+00 2.136148059790144230e-15 4.961671843448660542e-17
1.440983653068542480e+00 2.090879866231795843e-15 5.010923169736802873e-17
1.441199421882629395e+00 2.004172915069635762e-15 6.318583221619832415e-17
1.441415190696716309e+00 1.796602409147285938e-15 8.874915421543509990e-17
1.441630840301513672e+00 2.215884565071111860e-15 7.156164472322856839e-17
1.441846609115600586e+00 2.046800483414918867e-15 4.967205020002150254e-17
1.442062377929687500e+00 2.046767660888212763e-15 4.991007638436731157e-17
1.442278027534484863e+00 2.094546671860459709e-15 5.124438488686434946e-17
1.442493796348571777e+00 2.154951344186242443e-15 5.111442819518736838e-17
1.442709565162658691e+00 2.077983789609849120e-15 6.869838881137831500e-17
1.442925214767456055e+00 2.045491182236700532e-15 9.878276240147471966e-17
1.443140983581542969e+00 2.281173017612526076e-15 6.005570798640376276e-17
1.443356752395629883e+00 2.297992127329681090e-15 4.138557319914698530e-17
1.443572521209716797e+00 2.338795398464815246e-15 4.096873041870191295e-17
1.443788170814514160e+00 2.349633185024934019e-15 4.545351841150721713e-17
1.444003939628601074e+00 2.188822497681047405e-15 4.771243616782622850e-17
1.444219708442687988e+00 2.050620390248798948e-15 5.189130960905227155e-17
1.444435358047485352e+00 2.133721522154497473e-15 5.299902025454653303e-17
1.444651126861572266e+00 2.192752730556307358e-15 4.720560606290273738e-17
1.444866895675659180e+00 2.095266861623862678e-15 4.412851072781772549e-17
1.445082545280456543e+00 2.062340149865246261e-15 5.177680134249533083e-17
1.445298314094543457e+00 2.145085951449571607e-15 8.192996988977654569e-17
1.445514082908630371e+00 2.753072648461552321e-15 1.854213752101481201e-16
1.445729732513427734e+00 2.875861085594377461e-15 2.567212338131159063e-16
1.445945501327514648e+00 2.229610310464894170e-15 1.010422161708306654e-16
1.446161270141601562e+00 2.227505645349204047e-15 5.883154023682938562e-17
1.446376919746398926e+00 2.235646479005265128e-15 4.895543716558721297e-17
1.446592688560485840e+00 2.139317657078769822e-15 4.963839387525794495e-17
1.446808457374572754e+00 2.000325056148496289e-15 6.752945025694287841e-17
1.447024106979370117e+00 2.057879039090294675e-15 8.454234523056191599e-17
1.447239875793457031e+00 1.927085505331205956e-15 6.589783980740448154e-17
1.447455644607543945e+00 1.961211827501371276e-15 4.592440586445405409e-17
1.447671413421630859e+00 2.059285113782736813e-15 3.852540101662032960e-17
1.447887063026428223e+00 2.012267797188308296e-15 3.892667625793715396e-17
1.448102831840515137e+00 1.967994867342983713e-15 4.428844113617117807e-17
1.448318600654602051e+00 2.181297880494113828e-15 4.459909377829914293e-17
1.448534250259399414e+00 2.314335839805189629e-15 4.241164111818226294e-17
1.448750019073486328e+00 2.258289363751267084e-15 4.365809642218126886e-17
1.448965787887573242e+00 2.192950089233017610e-15 4.376591445194388070e-17
1.449181437492370605e+00 2.195357780385587959e-15 4.039144768664605536e-17
1.449397206306457520e+00 2.217579266240330901e-15 4.119468969227179842e-17
1.449612975120544434e+00 2.273161568239158090e-15 4.678393254768035536e-17
1.449828624725341797e+00 2.158695653329580078e-15 5.787262614864361297e-17
1.450044393539428711e+00 1.924477279128373151e-15 7.186814491868151705e-17
1.450260162353515625e+00 1.840650239986877691e-15 9.259885940370179112e-17
1.450475811958312988e+00 1.820721037045641699e-15 1.224462887616936061e-16
1.450691580772399902e+00 1.704487152616907149e-15 1.471994105119918427e-16
1.450907349586486816e+00 1.878216362955842725e-15 1.198633809030498249e-16
1.451122999191284180e+00 2.186728420477197961e-15 9.356210791829734164e-17
1.451338768005371094e+00 2.151001206036722013e-15 7.047045452892821598e-17
1.451554536819458008e+00 2.376642312855795081e-15 9.375354398182171394e-17
1.451770305633544922e+00 2.478178269825536198e-15 2.039432990839700963e-16
1.451985955238342285e+00 2.356267994100776954e-15 2.777706642968753121e-16
1.452201724052429199e+00 2.119608682703819948e-15 2.082123451381317700e-16
1.452417492866516113e+00 2.145835999124365290e-15 7.616829958132008502e-17
1.452633142471313477e+00 2.165215054166359614e-15 5.324369697101726841e-17
1.452848911285400391e+00 2.208333054588102959e-15 5.309738195554643866e-17
1.453064680099487305e+00 2.215501282662479289e-15 5.183323491260614859e-17
1.453280329704284668e+00 2.159583767374776211e-15 4.559953564195752779e-17
1.453496098518371582e+00 2.129478310605227055e-15 4.029027026284101923e-17
1.453711867332458496e+00 2.087716198173801031e-15 3.823471982320184503e-17
1.453927516937255859e+00 2.081673465128088853e-15 3.960568897044723310e-17
1.454143285751342773e+00 2.119327679523568334e-15 4.369694082374675904e-17
1.454359054565429688e+00 2.192884444179605402e-15 4.461354958668411965e-17
1.454574704170227051e+00 2.271919182663772845e-15 4.206807992256448843e-17
1.454790472984313965e+00 2.355330963902876884e-15 4.306105730837519476e-17
1.455006241798400879e+00 2.438184973946213967e-15 5.214575036547358287e-17
1.455222010612487793e+00 2.401737357984098237e-15 6.782035313476552718e-17
1.455437660217285156e+00 2.478448049819236693e-15 6.317441712374509237e-17
1.455653429031372070e+00 2.208168730196335625e-15 4.761332669555257493e-17
1.455869197845458984e+00 2.085920488325621915e-15 4.790559276702471110e-17
1.456084847450256348e+00 2.156267845144512439e-15 6.944887323753542595e-17
1.456300616264343262e+00 1.994213713434056512e-15 1.153020423076364133e-16
1.456516385078430176e+00 1.986181935269954422e-15 1.178842884217901521e-16
1.456732034683227539e+00 1.962964762185714050e-15 7.941477834479880550e-17
1.456947803497314453e+00 2.146463650538280726e-15 4.569844328216171841e-17
1.457163572311401367e+00 2.151806946127797666e-15 4.428337879082235354e-17
1.457379221916198730e+00 2.168189622118879903e-15 4.882426948149345427e-17
1.457594990730285645e+00 2.226590214491458962e-15 5.284032399966700957e-17
1.457810759544372559e+00 2.231910004916689595e-15 4.750341424447897883e-17
1.458026409149169922e+00 2.306748753938396047e-15 3.917584291077282716e-17
1.458242177963256836e+00 2.394974646933219903e-15 3.750170545158185403e-17
1.458457946777343750e+00 2.366601372540805791e-15 3.977894691283014007e-17
1.458673596382141113e+00 2.368053398770636475e-15 3.970297864537327001e-17
1.458889365196228027e+00 2.237144880288957985e-15 3.790815884353326034e-17
1.459105134010314941e+00 2.203824721726341945e-15 3.792906004325125025e-17
1.459320902824401855e+00 2.244284732759601296e-15 3.968874783011490772e-17
1.459536552429199219e+00 2.307170364587891875e-15 4.051815852159937835e-17
1.459752321243286133e+00 2.362276210553888520e-15 4.177409993286314239e-17
1.459968090057373047e+00 2.364447155997701291e-15 5.448102350977613911e-17
1.460183739662170410e+00 2.227652605565552668e-15 1.170907508991108812e-16
1.460399508476257324e+00 1.812462677568149085e-15 2.470473499318633472e-16
1.460615277290344238e+00 2.147123489204191826e-15 1.931041360953120352e-16
1.460830926895141602e+00 2.336006118969506835e-15 1.140531716362487525e-16
1.461046695709228516e+00 2.150538937805757979e-15 7.134238230389791224e-17
1.461262464523315430e+00 2.022602234419521201e-15 6.362733490506482736e-17
1.461478114128112793e+00 2.060032620358688733e-15 5.219620176539441713e-17
1.461693882942199707e+00 2.164307881879850258e-15 4.812338611358747307e-17
1.461909651756286621e+00 2.051512951216968167e-15 4.476669049656973698e-17
1.462125301361083984e+00 2.035918651141542871e-15 3.966460739111816016e-17
1.462341070175170898e+00 2.140572536390127067e-15 3.868992724045712680e-17
1.462556838989257812e+00 2.141608669442855890e-15 4.238629299549118796e-17
1.462772488594055176e+00 2.079219187163419517e-15 5.061011271932603847e-17
1.462988257408142090e+00 1.979236476860705973e-15 6.624664532810584225e-17
1.463204026222229004e+00 1.926487923586918047e-15 7.081329773177429446e-17
1.463419795036315918e+00 2.134904827181811730e-15 5.511896835923418554e-17
1.463635444641113281e+00 2.090456985032879134e-15 4.501703836332013591e-17
1.463851213455200195e+00 1.997534717862003810e-15 4.176732366928510799e-17
1.464066982269287109e+00 2.169707928676833236e-15 3.682372836919869127e-17
1.464282631874084473e+00 2.151540977782359816e-15 3.530750299766654133e-17
1.464498400688171387e+00 2.275094285666555589e-15 3.849942423666371431e-17
1.464714169502258301e+00 2.285638151793977120e-15 4.137484632096339763e-17
1.464929819107055664e+00 2.272963574287737397e-15 4.842886391380330619e-17
1.465145587921142578e+00 2.006362495238288128e-15 6.860105281433797513e-17
1.465361356735229492e+00 2.177328472345043363e-15 6.778401674481729778e-17
1.465577006340026855e+00 2.468043097095164867e-15 4.868239808027325938e-17
1.465792775154113770e+00 1.918882414753521684e-15 4.290513707163139926e-17
1.466008543968200684e+00 2.224391952235097239e-15 5.508756858318167261e-17
1.466224193572998047e+00 2.115549489062340527e-15 7.920407889916929829e-17
1.466439962387084961e+00 1.931022302711807130e-15 1.256840324979037666e-16
1.466655731201171875e+00 2.244337460560567876e-15 1.275242645153729375e-16
1.466871500015258789e+00 2.082168344127522178e-15 7.577229182614399834e-17
1.467087149620056152e+00 2.255135013055692070e-15 5.698181880337300641e-17
1.467302918434143066e+00 2.206653811770171308e-15 4.548730708516878320e-17
1.467518687248229980e+00 2.181029159291597401e-15 4.313118568070744045e-17
1.467734336853027344e+00 2.002091966876468759e-15 4.737853975048552356e-17
1.467950105667114258e+00 2.091657230719138477e-15 4.706947529513366051e-17
1.468165874481201172e+00 2.021193195111763673e-15 4.169605709642998934e-17
1.468381524085998535e+00 2.032370006609020979e-15 3.866220345504679952e-17
1.468597292900085449e+00 2.022565812002789266e-15 3.658467648089331649e-17
1.468813061714172363e+00 2.082622142029013669e-15 3.804509693958018897e-17
1.469028711318969727e+00 2.010105110315731254e-15 4.353525348377224383e-17
1.469244480133056641e+00 1.994700969136964548e-15 5.024688116874175296e-17
1.469460248947143555e+00 1.569235578577300640e-15 7.733332060837447047e-17
1.469675898551940918e+00 1.966809656491538133e-15 1.811033203590539046e-16
1.469891667366027832e+00 2.320127639340277721e-15 1.688100532628664260e-16
1.470107436180114746e+00 2.211333457045514504e-15 1.138021851860654627e-16
1.470323085784912109e+00 2.066774579102359337e-15 7.644412130221466700e-17
1.470538854598999023e+00 1.985837192860421922e-15 8.696552120419925739e-17
1.470754623413085938e+00 1.968794042928718145e-15 1.006778398022786065e-16
1.470970392227172852e+00 1.874305400080132807e-15 7.884255464936932222e-17
1.471186041831970215e+00 2.084571588357119441e-15 6.159884319762348780e-17
1.471401810646057129e+00 2.195195361817951947e-15 4.928475100233437414e-17
1.471617579460144043e+00 2.000518391418707083e-15 4.540617390196713204e-17
1.471833229064941406e+00 2.236514052501490345e-15 4.448823834132723638e-17
1.472048997879028320e+00 2.172496149380957579e-15 4.905801748771113904e-17
1.472264766693115234e+00 2.045643436408969493e-15 6.929456103990243353e-17
1.472480416297912598e+00 2.067730032266862188e-15 7.859056896500606830e-17
1.472696185111999512e+00 2.289491092912800119e-15 5.005460799843747699e-17
1.472911953926086426e+00 2.276344718054939750e-15 4.095357646987994149e-17
1.473127603530883789e+00 2.201687022325708905e-15 4.369699045458351222e-17
1.473343372344970703e+00 2.144828665191843113e-15 4.577195316883808087e-17
1.473559141159057617e+00 2.023663778460667653e-15 4.941522054599113809e-17
1.473774790763854980e+00 2.022615151671966829e-15 6.844073197673539752e-17
1.473990559577941895e+00 2.036841070021102804e-15 7.476599683247118827e-17
1.474206328392028809e+00 2.018719011872833861e-15 6.040780237722063431e-17
1.474422097206115723e+00 2.020622083147077461e-15 4.140978643003763752e-17
1.474637746810913086e+00 2.068045552039714415e-15 3.601833569398031035e-17
1.474853515625000000e+00 2.195656783015968727e-15 3.640330885978493964e-17
1.475069284439086914e+00 2.248280822446510271e-15 3.674626455919432534e-17
1.475284934043884277e+00 2.186208765764057448e-15 4.228218073487281369e-17
1.475500702857971191e+00 2.167578064330962298e-15 5.710938990616338455e-17
1.475716471672058105e+00 1.917689792363787629e-15 7.252761962512309368e-17
1.475932121276855469e+00 2.312887201707147962e-15 6.146266941646255817e-17
1.476147890090942383e+00 2.168853272433053647e-15 4.314236254514425696e-17
1.476363658905029297e+00 2.149119945860870212e-15 3.786084080377277695e-17
1.476579308509826660e+00 1.963048194931018599e-15 4.088033789844449642e-17
1.476795077323913574e+00 1.933872145062844224e-15 5.329180579544335250e-17
1.477010846138000488e+00 1.912658628415333899e-15 7.729978339761912052e-17
1.477226495742797852e+00 1.995944837020007488e-15 8.305868761410720386e-17
1.477442264556884766e+00 2.164523875281400105e-15 6.969354002783881069e-17
1.477658033370971680e+00 2.097490323110405216e-15 6.268506369080362162e-17
1.477873682975769043e+00 2.071422884158654124e-15 6.796227747554492546e-17
1.478089451789855957e+00 2.218213270401350745e-15 8.686349343872451674e-17
1.478305220603942871e+00 2.246351916667375416e-15 9.791041111003139625e-17
1.478520989418029785e+00 2.175620642165141880e-15 8.801982576062464519e-17
1.478736639022827148e+00 2.144153579932881436e-15 5.698109750187886017e-17
1.478952407836914062e+00 2.240017169013097317e-15 4.570461074080891379e-17
1.479168176651000977e+00 2.030349621271582659e-15 5.256416148036005575e-17
1.479383826255798340e+00 2.112704093634276518e-15 6.080750266665115771e-17
1.479599595069885254e+00 2.023034009464384081e-15 6.794786468055180151e-17
1.479815363883972168e+00 2.062617341397235231e-15 8.623884634479387279e-17
1.480031013488769531e+00 2.067533732381336004e-15 1.191743196004584515e-16
1.480246782302856445e+00 1.900855859570055664e-15 1.294577760361584882e-16
1.480462551116943359e+00 2.077248353253395574e-15 1.083737826376841666e-16
1.480678200721740723e+00 2.115949500371681370e-15 8.552608797201408032e-17
1.480893969535827637e+00 2.058854821045531629e-15 5.462561137212795814e-17
1.481109738349914551e+00 2.156541225028238765e-15 4.019064132114268236e-17
1.481325387954711914e+00 2.224496349045846331e-15 4.029671234545158221e-17
1.481541156768798828e+00 2.071214514053629566e-15 4.628744881785867751e-17
1.481756925582885742e+00 2.019057401535261954e-15 5.189711972567484402e-17
1.481972575187683105e+00 1.967689088449024910e-15 5.014673937506363322e-17
1.482188344001770020e+00 1.976737094391595347e-15 4.585177940667189826e-17
1.482404112815856934e+00 2.120727613227142878e-15 4.059155922043488382e-17
1.482619881629943848e+00 2.271970216398844916e-15 4.031316662219648704e-17
1.482835531234741211e+00 2.185543844900462822e-15 5.305621152209844937e-17
1.483051300048828125e+00 2.185675346765524052e-15 9.624530977185195239e-17
1.483267068862915039e+00 2.001414764035138946e-15 1.376391878643489701e-16
1.483482718467712402e+00 2.172735224430320106e-15 1.223961947037973948e-16
1.483698487281799316e+00 2.327472473784156573e-15 6.984972496237862316e-17
1.483914256095886230e+00 2.385602862646561510e-15 4.154539441965958088e-17
1.484129905700683594e+00 2.290168507512366745e-15 4.350510109608346086e-17
1.484345674514770508e+00 2.062412359423999690e-15 4.908164838345055393e-17
1.484561443328857422e+00 2.063147584022216423e-15 4.563670252124076043e-17
1.484777092933654785e+00 2.159526169134362919e-15 4.636879706801959246e-17
1.484992861747741699e+00 2.044063084687629782e-15 4.621373709911285211e-17
1.485208630561828613e+00 2.082498475218714541e-15 4.831812097339470684e-17
1.485424280166625977e+00 2.149039901247354681e-15 4.772678940581524863e-17
1.485640048980712891e+00 2.187498161668015306e-15 4.672384945670695364e-17
1.485855817794799805e+00 2.035300952364757672e-15 4.945361165258094921e-17
1.486071586608886719e+00 2.086950268631246330e-15 7.116628547765272328e-17
1.486287236213684082e+00 2.252992019699138690e-15 1.089006569832110427e-16
1.486503005027770996e+00 2.170057541525812449e-15 1.286652708348836834e-16
1.486718773841857910e+00 2.306085103624222303e-15 9.639103914344909459e-17
1.486934423446655273e+00 2.255757582271923981e-15 5.653469128634114262e-17
1.487150192260742188e+00 2.109181918881356324e-15 4.943256156035269976e-17
1.487365961074829102e+00 2.100893277975999368e-15 4.741996826428462940e-17
1.487581610679626465e+00 2.126813968469638653e-15 4.808078300331854193e-17
1.487797379493713379e+00 2.134992071575378923e-15 5.152071284229381388e-17
1.488013148307800293e+00 2.193282126148341296e-15 5.499411040885298133e-17
1.488228797912597656e+00 2.131756617475104310e-15 6.849219584572599669e-17
1.488444566726684570e+00 2.105848844233910652e-15 1.283892572080869892e-16
1.488660335540771484e+00 1.936618437636079479e-15 1.786358207394735218e-16
1.488875985145568848e+00 2.120831586521418344e-15 1.749561640328130318e-16
1.489091753959655762e+00 2.241935698638628308e-15 1.156768279170168395e-16
1.489307522773742676e+00 2.291446256713299857e-15 5.404144980609810957e-17
1.489523172378540039e+00 2.203880414142623916e-15 5.167879367479759789e-17
1.489738941192626953e+00 2.142840678864637270e-15 4.926974263730021200e-17
1.489954710006713867e+00 2.150992523949012657e-15 4.320689586781319396e-17
1.490170478820800781e+00 2.126772463855223193e-15 4.054789070153698438e-17
1.490386128425598145e+00 2.126544400234174972e-15 4.289021473338094264e-17
1.490601897239685059e+00 2.140592018147913916e-15 5.354748732278349335e-17
1.490817666053771973e+00 2.198963387883812702e-15 6.528949809770848286e-17
1.491033315658569336e+00 2.393667251579132890e-15 6.751008099571933672e-17
1.491249084472656250e+00 2.461934930754277294e-15 6.083076298547614885e-17
1.491464853286743164e+00 2.145933619671536348e-15 5.175093705910202276e-17
1.491680502891540527e+00 2.100396493152434721e-15 4.643668874397549476e-17
1.491896271705627441e+00 2.205197126859130725e-15 4.508614103169281584e-17
1.492112040519714355e+00 2.155930090756794787e-15 4.396142355280446411e-17
1.492327690124511719e+00 2.105949005879923473e-15 4.265526566091383087e-17
1.492543458938598633e+00 2.042124226271364688e-15 4.357082886755692444e-17
1.492759227752685547e+00 2.079937471102691164e-15 5.963658549619049428e-17
1.492974877357482910e+00 2.134492322136498886e-15 9.396538824541899454e-17
1.493190646171569824e+00 2.298449736879435226e-15 1.101568333137687718e-16
1.493406414985656738e+00 2.449636435876618480e-15 8.912027376034069109e-17
1.493622064590454102e+00 2.338573687590871433e-15 5.071445328179347738e-17
1.493837833404541016e+00 2.195884211362306507e-15 4.398562354880531549e-17
1.494053602218627930e+00 1.967356204500753970e-15 4.409058615109339428e-17
1.494269371032714844e+00 1.995450169778810977e-15 4.270966436671776818e-17
1.494485020637512207e+00 2.203800369529108384e-15 4.181666002974022077e-17
1.494700789451599121e+00 2.267926904625126514e-15 4.284676789888720741e-17
1.494916558265686035e+00 2.265163671392946172e-15 4.421433237073132722e-17
1.495132207870483398e+00 2.141503425599159544e-15 4.354882917198546412e-17
1.495347976684570312e+00 2.225829367146587787e-15 4.294830597343931666e-17
1.495563745498657227e+00 2.317050156884666035e-15 4.413525721289370798e-17
1.495779395103454590e+00 2.195804590265264603e-15 4.487565665302257242e-17
1.495995163917541504e+00 2.181608953343992970e-15 4.475840214683195564e-17
1.496210932731628418e+00 2.185964608517011395e-15 4.778791143563801695e-17
1.496426582336425781e+00 2.022877943643852476e-15 4.991052637062054042e-17
1.496642351150512695e+00 2.139702633553296901e-15 4.603777262176567164e-17
1.496858119964599609e+00 2.208361641950072791e-15 4.148362057151412077e-17
1.497073769569396973e+00 2.222693651175852367e-15 4.074601038441078515e-17
1.497289538383483887e+00 2.152877807531363916e-15 4.131385002259373737e-17
1.497505307197570801e+00 2.176290645226420031e-15 4.207597122560824431e-17
1.497721076011657715e+00 2.244160218916354914e-15 4.339519195373231497e-17
1.497936725616455078e+00 2.264692297557799154e-15 4.483906218272322647e-17
1.498152494430541992e+00 2.163897282658668736e-15 4.446989809278571065e-17
1.498368263244628906e+00 2.259335449441126145e-15 4.295096618628928720e-17
1.498583912849426270e+00 2.376921833728389000e-15 4.344470367647728900e-17
1.498799681663513184e+00 2.296017058254920876e-15 4.495473842830509208e-17
1.499015450477600098e+00 2.203735783266880244e-15 4.694601362562644581e-17
1.499231100082397461e+00 2.276362293988595277e-15 4.855875112230883281e-17
1.499446868896484375e+00 2.205441707622650405e-15 4.788893334948789312e-17
1.499662637710571289e+00 2.166897896874317095e-15 4.574541390606492953e-17
1.499878287315368652e+00 2.247106411265142184e-15 4.407035662203279743e-17
1.500094056129455566e+00 2.224997580792384064e-15 4.309459782785299493e-17
1.500309824943542480e+00 2.319694805504230774e-15 4.453898752626858973e-17
1.500525474548339844e+00 2.065224085292410340e-15 4.751244705676805789e-17
1.500741243362426758e+00 2.056323251324425339e-15 4.874701081228100148e-17
1.500957012176513672e+00 2.096455884123570902e-15 4.626370542555595540e-17
1.501172661781311035e+00 2.149401160799358640e-15 4.452125939138035324e-17
1.501388430595397949e+00 2.146776417454054377e-15 4.416417213838611162e-17
1.501604199409484863e+00 2.151081674166711172e-15 4.480679552138875797e-17
1.501819968223571777e+00 2.076043872402399959e-15 4.511865253848860004e-17
1.502035617828369141e+00 2.171705867641169317e-15 4.446569601527394127e-17
1.502251386642456055e+00 2.095268132173283560e-15 4.627006479010526308e-17
1.502467155456542969e+00 2.157425315666935441e-15 5.194795493739990289e-17
1.502682805061340332e+00 2.374566870376785231e-15 5.401938393607764500e-17
1.502898573875427246e+00 2.389026781577600206e-15 4.944566079253308950e-17
1.503114342689514160e+00 2.391216573504489386e-15 4.696511157160907011e-17
1.503329992294311523e+00 2.348580111313260110e-15 4.650738621656917693e-17
1.503545761108398438e+00 2.196657975959623310e-15 4.843660963305925274e-17
1.503761529922485352e+00 2.032947683079048412e-15 5.122824824747466499e-17
1.503977179527282715e+00 2.188053391764940500e-15 5.086335240949792279e-17
1.504192948341369629e+00 2.246201144802764151e-15 4.969371240590304123e-17
1.504408717155456543e+00 2.462795727986924477e-15 5.156141012843142284e-17
1.504624366760253906e+00 2.217516797560470897e-15 5.426842485746021015e-17
1.504840135574340820e+00 2.215359404643814194e-15 6.222208739323524182e-17
1.505055904388427734e+00 2.207764060205784883e-15 1.043755025765131508e-16
1.505271553993225098e+00 2.632916154454083106e-15 2.187659521444467250e-16
1.505487322807312012e+00 2.090108219216847175e-15 2.966423201336847084e-16
1.505703091621398926e+00 1.974075505113085521e-15 2.640465335596487058e-16
1.505918860435485840e+00 2.131319548474321091e-15 1.166701328663501168e-16
1.506134510040283203e+00 2.183662161208137394e-15 6.484917993147915559e-17
1.506350278854370117e+00 2.178902683077515480e-15 7.195416508494213150e-17
1.506566047668457031e+00 2.164246471991174321e-15 1.062144177224471373e-16
1.506781697273254395e+00 2.293791690944247015e-15 1.584874612580252804e-16
1.506997466087341309e+00 2.457185617019022432e-15 1.594561096076595771e-16
1.507213234901428223e+00 2.350883617413318180e-15 9.627664999090036150e-17
1.507428884506225586e+00 2.115431539724435366e-15 5.300904899229312594e-17
1.507644653320312500e+00 2.060624484630582676e-15 4.850795892397562670e-17
1.507860422134399414e+00 2.218066945459712565e-15 5.182159813574875259e-17
1.508076071739196777e+00 2.254838975040626692e-15 5.624513836727818039e-17
1.508291840553283691e+00 2.333479843204320885e-15 5.866947901121799644e-17
1.508507609367370605e+00 2.016352825334678973e-15 7.699499712039538173e-17
1.508723258972167969e+00 2.098868022199114336e-15 1.011418550386963529e-16
1.508939027786254883e+00 2.286007458158979995e-15 9.495223456852945783e-17
1.509154796600341797e+00 2.539847774099806416e-15 6.669506324689328876e-17
1.509370565414428711e+00 2.462522983377908592e-15 4.943466259910858445e-17
1.509586215019226074e+00 2.424346573170446835e-15 4.723456400178699377e-17
1.509801983833312988e+00 2.302235974153661949e-15 4.751373084107874019e-17
1.510017752647399902e+00 2.195441213130892508e-15 4.638843764448405155e-17
1.510233402252197266e+00 2.224806363104541405e-15 4.504811057585007784e-17
1.510449171066284180e+00 2.192032964309378017e-15 4.645929724447779411e-17
1.510664939880371094e+00 2.140253628485485823e-15 4.753828817910421447e-17
1.510880589485168457e+00 2.283172862400993479e-15 4.872152041452456738e-17
1.511096358299255371e+00 2.312891648630121047e-15 5.224370178488966219e-17
1.511312127113342285e+00 2.252302746638310503e-15 5.542031356510970373e-17
1.511527776718139648e+00 2.305554437482767484e-15 5.272282464801507709e-17
1.511743545532226562e+00 2.257350639487472506e-15 4.678818094730642771e-17
1.511959314346313477e+00 2.253998718356950426e-15 4.257428137022243925e-17
1.512174963951110840e+00 2.455786953864868769e-15 4.212422232509968752e-17
1.512390732765197754e+00 2.408972713419544470e-15 4.222775555928927468e-17
1.512606501579284668e+00 2.184203415261432892e-15 4.192880586846771005e-17
1.512822151184082031e+00 2.251402985890089622e-15 4.283080000434248376e-17
1.513037919998168945e+00 2.179892652834618944e-15 4.259038823111007180e-17
1.513253688812255859e+00 2.053338095460064371e-15 4.274908448598959527e-17
1.513469457626342773e+00 2.098287381113771513e-15 4.352178036595498011e-17
1.513685107231140137e+00 2.015559155463101694e-15 4.326876897763216043e-17
1.513900876045227051e+00 2.176312456324811830e-15 4.264842984033169265e-17
1.514116644859313965e+00 2.360126017417283478e-15 4.267039644867865085e-17
1.514332294464111328e+00 2.461167942420538525e-15 4.226428385513961638e-17
1.514548063278198242e+00 2.386917457780700184e-15 4.235021468589407511e-17
1.514763832092285156e+00 2.357259446165538112e-15 4.353437005487803720e-17
1.514979481697082520e+00 2.335648882824002334e-15 4.350542204216113144e-17
1.515195250511169434e+00 2.302489025246654171e-15 4.204868419156134504e-17
1.515411019325256348e+00 2.363933854031665185e-15 4.035652412118406653e-17
1.515626668930053711e+00 2.346220065763972816e-15 3.937897199943624907e-17
1.515842437744140625e+00 2.431211139933232498e-15 3.920811288082974588e-17
1.516058206558227539e+00 2.316167760311863867e-15 3.972023363295112616e-17
1.516273856163024902e+00 2.177374847398905536e-15 3.998833941309181349e-17
1.516489624977111816e+00 2.109979823917669875e-15 4.031470186941338546e-17
1.516705393791198730e+00 2.131384558253022858e-15 4.138085165221053261e-17
1.516921043395996094e+00 2.035316834232518690e-15 4.097066933005773725e-17
1.517136812210083008e+00 2.119874015774547357e-15 4.031533052667892576e-17
1.517352581024169922e+00 2.023212733416254738e-15 4.019140894475113157e-17
1.517568349838256836e+00 1.921278670961304100e-15 3.992010693872353935e-17
1.517783999443054199e+00 2.078409847182318033e-15 4.034389803631405712e-17
1.517999768257141113e+00 2.256560569505921057e-15 4.181611739925838599e-17
1.518215537071228027e+00 2.364404804350338576e-15 5.071188240444966257e-17
1.518431186676025391e+00 2.414458098785963319e-15 9.525133646058373221e-17
1.518646955490112305e+00 2.315593895490099079e-15 1.246659253650836993e-16
1.518862724304199219e+00 2.269999806005294600e-15 1.133803098387736177e-16
1.519078373908996582e+00 2.340972273139258798e-15 7.022574803395542869e-17
1.519294142723083496e+00 2.317037663148694034e-15 4.224463666123025687e-17
1.519509911537170410e+00 2.276004846084853962e-15 3.961899665214198621e-17
1.519725561141967773e+00 2.319127081671333579e-15 3.882243164842077120e-17
1.519941329956054688e+00 2.323628214753042931e-15 3.890748897644837393e-17
1.520157098770141602e+00 2.225922964287259387e-15 3.888574405250557994e-17
1.520372748374938965e+00 2.268581872851590901e-15 3.897486118297959292e-17
1.520588517189025879e+00 2.358860126677611926e-15 3.925467984059403113e-17
1.520804286003112793e+00 2.398975395301338777e-15 3.939063524607324676e-17
1.521020054817199707e+00 2.342391900358857006e-15 3.941185739186890723e-17
1.521235704421997070e+00 2.478793851019953261e-15 3.946529325943983282e-17
1.521451473236083984e+00 2.538033429526787704e-15 3.928343925613127479e-17
1.521667242050170898e+00 2.370751833982351862e-15 3.948277985758920383e-17
1.521882891654968262e+00 2.268399125493220786e-15 4.129467266727230798e-17
1.522098660469055176e+00 2.273318057576163322e-15 4.103459384779583523e-17
1.522314429283142090e+00 2.327422922356742196e-15 3.986080139752593747e-17
1.522530078887939453e+00 2.326648098968241325e-15 3.942896679565895406e-17
1.522745847702026367e+00 2.240081755275325458e-15 3.954803448175228707e-17
1.522961616516113281e+00 2.311819304918897103e-15 4.050974444040848896e-17
1.523177266120910645e+00 2.363637180741889367e-15 4.164926183481663946e-17
1.523393034934997559e+00 2.431124954330849373e-15 4.501233666871838450e-17
1.523608803749084473e+00 2.506236447961571710e-15 7.805429123027568940e-17
1.523824453353881836e+00 2.429748102275087508e-15 1.703190424583999620e-16
1.524040222167968750e+00 2.082101428524689088e-15 2.270842392029575815e-16
1.524255990982055664e+00 2.148474506755062435e-15 1.987499680307865699e-16
1.524471640586853027e+00 2.262646077715469578e-15 1.124768168516288979e-16
1.524687409400939941e+00 2.143556633463303968e-15 4.668180552053210835e-17
1.524903178215026855e+00 2.181798265207704306e-15 4.080289063205238154e-17
1.525118947029113770e+00 2.248685492437061013e-15 3.932371302579525660e-17
1.525334596633911133e+00 2.260300008209811980e-15 3.880253299160519556e-17
1.525550365447998047e+00 2.337367936190454937e-15 3.855623500113385625e-17
1.525766134262084961e+00 2.296473185497017316e-15 3.819823123202090588e-17
1.525981783866882324e+00 2.120733118941300031e-15 3.772160645434540112e-17
1.526197552680969238e+00 2.156887237987192146e-15 3.830530810795467020e-17
1.526413321495056152e+00 2.247218854888890192e-15 3.992230393043048019e-17
1.526628971099853516e+00 2.300118391785526198e-15 4.137964396851620519e-17
1.526844739913940430e+00 2.200675241470213643e-15 4.178290113458070661e-17
1.527060508728027344e+00 2.226498311416681870e-15 4.110679348038191370e-17
1.527276158332824707e+00 2.226346480760886537e-15 3.945813649278002403e-17
1.527491927146911621e+00 2.183819921094563507e-15 3.785878608713119523e-17
1.527707695960998535e+00 2.230596468573734989e-15 3.747070603094581676e-17
1.527923345565795898e+00 2.317880460931212062e-15 3.852426281609745663e-17
1.528139114379882812e+00 2.346883292561672933e-15 4.273830797696925442e-17
1.528354883193969727e+00 2.455792459579025921e-15 6.772846329487823645e-17
1.528570532798767090e+00 2.363343895583902565e-15 1.107934248957446815e-16
1.528786301612854004e+00 2.204344164681245645e-15 1.303436269151986770e-16
1.529002070426940918e+00 2.328870501663599796e-15 1.031802795309332292e-16
1.529217839241027832e+00 2.326383401172224356e-15 5.354737813494263635e-17
1.529433488845825195e+00 2.321178595469583494e-15 3.931109024964769740e-17
1.529649257659912109e+00 2.403057670590630877e-15 3.854152442112021321e-17
1.529865026473999023e+00 2.423137221880004508e-15 3.798452415768415586e-17
1.530080676078796387e+00 2.387048536129287787e-15 3.737995770030384920e-17
1.530296444892883301e+00 2.371132787050379484e-15 3.738620456828984967e-17
1.530512213706970215e+00 2.350743009944073966e-15 3.813108070989385109e-17
1.530727863311767578e+00 2.379773581903557415e-15 3.996122774133477546e-17
1.530943632125854492e+00 2.420712590068489073e-15 4.346595229205255117e-17
1.531159400939941406e+00 2.361445059474395237e-15 4.434000426683528361e-17
1.531375050544738770e+00 2.353712495698910730e-15 4.390529107643661565e-17
1.531590819358825684e+00 2.330347303607137668e-15 4.109563646827979846e-17
1.531806588172912598e+00 2.332993434534360103e-15 3.853408310432968617e-17
1.532022237777709961e+00 2.159181426724830419e-15 3.803447594051500809e-17
1.532238006591796875e+00 2.126966010883670800e-15 3.877968957180893115e-17
1.532453775405883789e+00 2.152111242714098774e-15 4.078756462966299904e-17
1.532669544219970703e+00 2.198494131631033820e-15 5.757253163985427496e-17
1.532885193824768066e+00 2.103007683970582915e-15 1.274371921753731556e-16
1.533100962638854980e+00 2.420457844909602342e-15 2.062896068176441099e-16
1.533316731452941895e+00 2.374148647859078420e-15 2.126913230143145017e-16
1.533532381057739258e+00 2.285546036960963215e-15 1.437519467119974378e-16
1.533748149871826172e+00 2.471675386131228121e-15 5.356832565677492922e-17
1.533963918685913086e+00 2.367710350426998483e-15 4.055138140372195816e-17
1.534179568290710449e+00 2.355841301253597600e-15 3.889301993317359637e-17
1.534395337104797363e+00 2.324542798577840762e-15 3.913254166006690127e-17
1.534611105918884277e+00 2.254951630422611514e-15 4.404726504805276711e-17
1.534826755523681641e+00 2.256652260822461335e-15 4.959890096409221320e-17
1.535042524337768555e+00 2.209771740049014388e-15 4.705425848058513501e-17
1.535258293151855469e+00 2.306073033404723929e-15 3.923536351892969282e-17
1.535473942756652832e+00 2.350888699611001706e-15 3.669851307679286416e-17
1.535689711570739746e+00 2.220769827594401037e-15 3.630892424317018897e-17
1.535905480384826660e+00 2.227174243708590802e-15 3.540388939136367033e-17
1.536121129989624023e+00 2.410222722291455004e-15 3.549221573717208263e-17
1.536336898803710938e+00 2.396192045036661146e-15 3.539779141588792941e-17
1.536552667617797852e+00 2.359248279525691210e-15 3.500559200025203687e-17
1.536768436431884766e+00 2.359574598968620929e-15 3.520695753984949571e-17
1.536984086036682129e+00 2.369459896979552241e-15 3.682364895985988618e-17
1.537199854850769043e+00 2.307953234789391662e-15 4.037266076057375100e-17
1.537415623664855957e+00 2.276293472561630865e-15 4.511384165604599163e-17
1.537631273269653320e+00 2.304101775978226359e-15 4.717341881090707397e-17
1.537847042083740234e+00 2.223017429519940323e-15 4.478679760289967597e-17
1.538062810897827148e+00 2.279977854123950258e-15 3.908718238399694345e-17
1.538278460502624512e+00 2.281454867825724944e-15 3.626080549257675424e-17
1.538494229316711426e+00 2.293456265897134312e-15 3.803842986384301157e-17
1.538709998130798340e+00 2.378786153245295715e-15 4.243144713076923264e-17
1.538925647735595703e+00 2.407409090598913032e-15 4.582792351780586894e-17
1.539141416549682617e+00 2.435020035338798274e-15 6.229222569173483814e-17
1.539357185363769531e+00 2.337747406950824863e-15 1.009552894146186928e-16
1.539572834968566895e+00 2.109934084138518143e-15 1.095837228807226317e-16
1.539788603782653809e+00 2.386066189668709613e-15 8.141952004249252252e-17
1.540004372596740723e+00 2.411197868971981517e-15 4.046464655341209789e-17
1.540220022201538086e+00 2.414761971855790799e-15 3.803498548377234076e-17
1.540435791015625000e+00 2.295963271662770228e-15 4.040758101731328962e-17
1.540651559829711914e+00 2.302462978983526101e-15 4.191661653496112864e-17
1.540867328643798828e+00 2.304207231580159519e-15 4.082808324478829655e-17
1.541082978248596191e+00 2.213477932709725579e-15 3.990094612701436101e-17
1.541298747062683105e+00 2.341536185323893349e-15 3.869627337011663363e-17
1.541514515876770020e+00 2.440407164883335624e-15 3.613260573252083580e-17
1.541730165481567383e+00 2.511746185525224120e-15 3.559596734704338378e-17
1.541945934295654297e+00 2.350881711589186858e-15 3.603105442307892570e-17
1.542161703109741211e+00 2.283140675148997815e-15 3.719939740747332411e-17
1.542377352714538574e+00 2.223536025441896768e-15 3.839664208247032531e-17
1.542593121528625488e+00 2.229624074750287052e-15 4.413497928020789017e-17
1.542808890342712402e+00 2.362469334065862500e-15 8.068981439332274363e-17
1.543024539947509766e+00 2.499348587792736553e-15 1.514465263537535106e-16
1.543240308761596680e+00 2.285582459377695150e-15 1.715808568520128525e-16
1.543456077575683594e+00 2.279255970294652781e-15 1.239937385469884077e-16
1.543671727180480957e+00 2.336038729737976126e-15 5.162539089445117443e-17
1.543887495994567871e+00 2.277793779669455045e-15 3.956383032272959969e-17
1.544103264808654785e+00 2.271431503444391181e-15 3.687287613247414197e-17
1.544319033622741699e+00 2.318777257064117553e-15 3.452203544904333774e-17
1.544534683227539062e+00 2.413079129147833318e-15 3.385538743232970125e-17
1.544750452041625977e+00 2.405842079646492576e-15 3.363826244770188212e-17
1.544966220855712891e+00 2.404484921106754373e-15 3.324678433356013582e-17
1.545181870460510254e+00 2.311266827679050485e-15 3.323819819880183539e-17
1.545397639274597168e+00 2.399298114854242665e-15 3.328831541775519823e-17
1.545613408088684082e+00 2.381655053837646030e-15 3.360219737299457012e-17
1.545829057693481445e+00 2.387350503374983945e-15 3.516405333583759528e-17
1.546044826507568359e+00 2.397813477855942690e-15 4.150292696701110844e-17
1.546260595321655273e+00 2.497147784437533068e-15 4.354049450013337981e-17
1.546476244926452637e+00 2.414644446034359265e-15 3.831803345449818598e-17
1.546692013740539551e+00 2.320507957133594902e-15 3.512785260350982457e-17
1.546907782554626465e+00 2.427615273313901180e-15 3.484977764262664815e-17
1.547123432159423828e+00 2.368944265672911186e-15 3.573003016328107808e-17
1.547339200973510742e+00 2.314107987942378222e-15 3.864119637621040283e-17
1.547554969787597656e+00 2.319985126046902185e-15 3.770898698692029213e-17
1.547770619392395020e+00 2.281017375308468098e-15 3.324903095610382984e-17
1.547986388206481934e+00 2.449449876869985721e-15 3.220857340313257973e-17
1.548202157020568848e+00 2.434926861714600300e-15 3.243759324496891139e-17
1.548417925834655762e+00 2.471871262500280678e-15 3.418384100123980727e-17
1.548633575439453125e+00 2.456992069990574824e-15 4.217078928486397277e-17
1.548849344253540039e+00 2.388828575867942700e-15 4.573084229239419540e-17
1.549065113067626953e+00 2.384054062902507022e-15 4.022506196079223895e-17
1.549280762672424316e+00 2.373564406883709767e-15 3.347926840780183957e-17
1.549496531486511230e+00 2.450752825301099648e-15 3.307315912298525531e-17
1.549712300300598145e+00 2.570215599324767591e-15 3.970410030228389191e-17
1.549927949905395508e+00 2.629363274756824943e-15 5.531136395226911935e-17
1.550143718719482422e+00 2.401209656457958808e-15 5.744175107628719107e-17
1.550359487533569336e+00 2.313830584652152439e-15 4.413318264391742499e-17
1.550575137138366699e+00 2.345514063802436357e-15 4.397456910709915683e-17
1.550790905952453613e+00 2.291341012869603511e-15 7.017218643493139505e-17
1.551006674766540527e+00 2.037479944621569360e-15 7.691711641136228907e-17
1.551222324371337891e+00 2.239555536056843724e-15 5.759489198617280840e-17
1.551438093185424805e+00 2.496754337633533445e-15 4.220076300154044428e-17
1.551653861999511719e+00 2.358673779429215980e-15 4.900635840409597736e-17
1.551869630813598633e+00 2.315855205154327030e-15 4.849863494411092897e-17
1.552085280418395996e+00 2.504215427349422950e-15 3.812563124401835174e-17
1.552301049232482910e+00 2.524890866317189980e-15 3.316127701927930424e-17
1.552516818046569824e+00 2.454281141042887436e-15 3.240886029921126942e-17
1.552732467651367188e+00 2.407276106426194107e-15 3.211531706087335139e-17
1.552948236465454102e+00 2.461637410431554221e-15 3.248944754320863559e-17
1.553164005279541016e+00 2.604390202372926406e-15 3.310782129937367738e-17
1.553379654884338379e+00 2.500348510186970255e-15 3.469424452640952746e-17
1.553595423698425293e+00 2.385954381319672045e-15 5.148569663260321911e-17
1.553811192512512207e+00 2.466956777340311227e-15 9.286700488851188100e-17
1.554026842117309570e+00 2.332487544106612472e-15 1.103293831895473334e-16
1.554242610931396484e+00 2.307754182046786902e-15 9.720908768203953684e-17
1.554458379745483398e+00 2.359225409636115343e-15 9.129564627479184666e-17
1.554674029350280762e+00 2.242202090500539785e-15 8.703562641547435159e-17
1.554889798164367676e+00 2.317409510612538671e-15 5.849432186214866772e-17
1.555105566978454590e+00 2.465590936712863668e-15 3.660460160748849382e-17
1.555321216583251953e+00 2.486787512701428907e-15 3.257012412271215749e-17
1.555536985397338867e+00 2.384941965189466342e-15 3.146537478381083584e-17
1.555752754211425781e+00 2.397732797967716718e-15 3.164009849023918677e-17
1.555968523025512695e+00 2.380908394294641364e-15 3.345261995718783123e-17
1.556184172630310059e+00 2.416775792687887899e-15 3.429354500279904001e-17
1.556399941444396973e+00 2.389216305199548356e-15 3.338782193672287725e-17
1.556615710258483887e+00 2.300651175509349153e-15 3.913823928012616653e-17
1.556831359863281250e+00 2.432564275066471243e-15 5.664363428173682657e-17
1.557047128677368164e+00 2.518897896457128992e-15 6.103732652804289092e-17
1.557262897491455078e+00 2.467367588319729563e-15 4.817359597676944185e-17
1.557478547096252441e+00 2.384934130134704240e-15 3.610355184068552326e-17
1.557694315910339355e+00 2.395189581543585682e-15 3.332223974903722301e-17
1.557910084724426270e+00 2.398939819917554096e-15 3.363770327360779628e-17
1.558125734329223633e+00 2.330685269753092134e-15 3.381717830547465180e-17
1.558341503143310547e+00 2.344887471179704988e-15 3.273205299942553818e-17
1.558557271957397461e+00 2.404798535055475278e-15 3.171837624596630489e-17
1.558772921562194824e+00 2.361339180355988450e-15 3.157648168368895852e-17
1.558988690376281738e+00 2.423826071424359067e-15 3.232690986156441587e-17
1.559204459190368652e+00 2.408098575417978032e-15 3.788927927323235004e-17
1.559420108795166016e+00 2.372472157898225346e-15 7.958322540473910405e-17
1.559635877609252930e+00 2.411736158409961625e-15 1.185921300330089294e-16
1.559851646423339844e+00 2.528351419423197424e-15 1.169937391568706621e-16
1.560067415237426758e+00 2.420315543374463620e-15 7.224066074446109775e-17
1.560283064842224121e+00 2.355724410706876507e-15 3.862693578244998864e-17
1.560498833656311035e+00 2.320422406805922218e-15 3.210529163184920869e-17
1.560714602470397949e+00 2.415293273271956059e-15 3.152465385522883602e-17
1.560930252075195312e+00 2.441360500465470339e-15 3.239758086437849634e-17
1.561146020889282227e+00 2.384466356189583053e-15 3.478059556491516313e-17
1.561361789703369141e+00 2.479324305403171266e-15 3.563377280975950736e-17
1.561577439308166504e+00 2.403428882779765074e-15 3.334312109642051164e-17
1.561793208122253418e+00 2.355895934878695502e-15 3.193979264361204913e-17
1.562008976936340332e+00 2.360983850034615271e-15 3.213557967715845035e-17
1.562224626541137695e+00 2.446939906489034415e-15 3.175406743503674293e-17
1.562440395355224609e+00 2.482581147085364051e-15 3.231883988750834853e-17
1.562656164169311523e+00 2.455214571350761675e-15 4.065086476163248569e-17
1.562871813774108887e+00 2.249218699677357595e-15 7.145187454722033140e-17
1.563087582588195801e+00 2.335257341844134034e-15 8.927216397314012824e-17
1.563303351402282715e+00 2.456773535490183215e-15 7.785379588468263634e-17
1.563519120216369629e+00 2.445635263992025979e-15 4.830959439564051024e-17
1.563734769821166992e+00 2.460456434744844913e-15 3.356154971769371434e-17
1.563950538635253906e+00 2.520675606855178955e-15 3.349378708191337031e-17
1.564166307449340820e+00 2.537192961084874625e-15 3.351223651829575304e-17
1.564381957054138184e+00 2.467622545236853107e-15 3.255915239906725413e-17
1.564597725868225098e+00 2.382077088003615485e-15 3.220434485584120865e-17
1.564813494682312012e+00 2.346986207064764331e-15 3.424139953698369715e-17
1.565029144287109375e+00 2.419996000195111935e-15 5.843118482035372023e-17
1.565244913101196289e+00 2.485976055137959287e-15 1.197299864487470734e-16
1.565460681915283203e+00 2.237575384784399983e-15 1.507484653260975603e-16
1.565676331520080566e+00 2.288438230959363023e-15 1.281591686488992390e-16
1.565892100334167480e+00 2.094795276030478846e-15 7.585667086606930759e-17
1.566107869148254395e+00 2.335901086884047302e-15 4.016496894365148660e-17
1.566323518753051758e+00 2.429179531409243059e-15 3.252590635588752284e-17
1.566539287567138672e+00 2.500411190625067073e-15 3.190336691815766400e-17
1.566755056381225586e+00 2.450789882992542024e-15 3.182426529054044307e-17
1.566970705986022949e+00 2.487696379053832771e-15 3.154802997933958458e-17
1.567186474800109863e+00 2.461473086039786887e-15 3.111736666521997625e-17
1.567402243614196777e+00 2.458023967878567376e-15 3.105662513847898233e-17
1.567618012428283691e+00 2.489718881973639227e-15 3.157128698944212551e-17
1.567833662033081055e+00 2.526088359146370747e-15 3.297272947045396712e-17
1.568049430847167969e+00 2.463108071386224500e-15 4.019954178453375294e-17
1.568265199661254883e+00 2.544188606196247891e-15 4.278602306342376327e-17
1.568480849266052246e+00 2.498500496054298185e-15 3.685622664110467463e-17
1.568696618080139160e+00 2.457698495468584911e-15 3.342007867188999512e-17
1.568912386894226074e+00 2.333186346288097270e-15 3.192164760969508591e-17
1.569128036499023438e+00 2.250598939864908478e-15 3.225725794526500072e-17
1.569343805313110352e+00 2.302280231625155986e-15 3.301401240046526362e-17
1.569559574127197266e+00 2.386010497252427642e-15 3.490674722577440027e-17
1.569775223731994629e+00 2.352328443863097203e-15 4.371810341253831570e-17
1.569990992546081543e+00 2.276189711025592213e-15 6.806380893265213429e-17
1.570206761360168457e+00 2.307009216569676745e-15 8.336455915229461222e-17
1.570422410964965820e+00 2.304939279804824048e-15 7.108605557567998002e-17
1.570638179779052734e+00 2.442121347810341514e-15 4.578963167288956418e-17
1.570853948593139648e+00 2.395752223178799351e-15 3.682608087086079209e-17
1.571069598197937012e+00 2.310056629355660904e-15 3.838859857819385967e-17
1.571285367012023926e+00 2.264191912844208676e-15 3.675443048620144883e-17
1.571501135826110840e+00 2.354758369630532977e-15 3.355840643136601283e-17
1.571716904640197754e+00 2.401354499091939293e-15 3.522061925484642152e-17
1.571932554244995117e+00 2.329684712084147992e-15 3.772262554086006645e-17
1.572148323059082031e+00 2.283783149639490202e-15 3.966615256450240921e-17
1.572364091873168945e+00 2.239429116389466019e-15 4.162332475952942672e-17
1.572579741477966309e+00 2.315574201974075416e-15 4.051628909341500851e-17
1.572795510292053223e+00 2.349132588553106728e-15 3.574514109871119679e-17
1.573011279106140137e+00 2.469071395093131588e-15 3.663943252872187671e-17
1.573226928710937500e+00 2.527543561749753635e-15 3.969454802057012955e-17
1.573442697525024414e+00 2.386507282075992289e-15 4.113070892625204683e-17
1.573658466339111328e+00 2.432576557044206431e-15 4.498728633104782861e-17
1.573874115943908691e+00 2.502047446520925568e-15 4.634985794071457834e-17
1.574089884757995605e+00 2.565539130422976599e-15 4.077550102760952569e-17
1.574305653572082520e+00 2.601064327505532396e-15 3.665745513990818208e-17
1.574521303176879883e+00 2.604879152141728951e-15 3.927879050108872678e-17
1.574737071990966797e+00 2.516016925645280303e-15 4.098594901033281678e-17
1.574952840805053711e+00 2.409830546036876263e-15 4.250330927366538947e-17
1.575168609619140625e+00 2.592999726814724203e-15 4.298033109803491968e-17
1.575384259223937988e+00 2.583023372761963053e-15 3.836897454534165164e-17
1.575600028038024902e+00 2.524952064447629103e-15 3.530369465812634720e-17
1.575815796852111816e+00 2.403603371566899460e-15 4.173615881252656012e-17
1.576031446456909180e+00 2.446679655615990531e-15 4.708030805243565496e-17
1.576247215270996094e+00 2.524207522486992573e-15 4.716247024831932209e-17
1.576462984085083008e+00 2.440221664667886932e-15 4.824697020582534562e-17
1.576678633689880371e+00 2.456531072309031671e-15 4.812781649294830709e-17
1.576894402503967285e+00 2.571009057438108057e-15 4.209267365653691505e-17
1.577110171318054199e+00 2.599888222258269800e-15 3.816516385985348604e-17
1.577325820922851562e+00 2.581273614451172482e-15 4.038429753743114699e-17
1.577541589736938477e+00 2.563793607276922300e-15 4.325617597998665314e-17
1.577757358551025391e+00 2.402878099605812966e-15 4.807603167788003734e-17
1.577973008155822754e+00 2.346036047856181819e-15 5.257610927712777168e-17
1.578188776969909668e+00 2.344060767023184791e-15 4.985976725951183643e-17
1.578404545783996582e+00 2.357130273641081832e-15 4.156160054222071980e-17
1.578620195388793945e+00 2.366221690022199051e-15 3.705364156609658021e-17
1.578835964202880859e+00 2.435476586097368341e-15 3.756579209672001240e-17
1.579051733016967773e+00 2.569672862963814398e-15 4.193897026383476166e-17
1.579267501831054688e+00 2.489647519447833052e-15 4.567085846309430004e-17
1.579483151435852051e+00 2.384844768158768911e-15 4.322073294509998101e-17
1.579698920249938965e+00 2.470793624833136394e-15 3.766255899349891579e-17
1.579914689064025879e+00 2.489521735055165788e-15 4.442515093036904206e-17
1.580130338668823242e+00 2.438654230198992849e-15 6.108763234417591585e-17
1.580346107482910156e+00 2.373007906237363691e-15 7.263183776485987475e-17
1.580561876296997070e+00 2.370474007175652452e-15 8.155206746384801968e-17
1.580777525901794434e+00 2.417123499712735789e-15 8.771109548624025356e-17
1.580993294715881348e+00 2.573731421330583378e-15 7.667721418138720977e-17
1.581209063529968262e+00 2.686452236610580718e-15 5.240433033368010953e-17
1.581424713134765625e+00 2.517181807705991779e-15 3.717068762277283363e-17
1.581640481948852539e+00 2.391040814167934118e-15 3.431249074754895456e-17
1.581856250762939453e+00 2.394446945407080474e-15 3.473171911688062983e-17
1.582071900367736816e+00 2.529090455669676801e-15 3.720321236445841867e-17
1.582287669181823730e+00 2.586349247629357063e-15 4.036171881543089955e-17
1.582503437995910645e+00 2.549019658610912793e-15 4.583476264711045737e-17
1.582719087600708008e+00 2.481751266555291650e-15 7.314864697669320559e-17
1.582934856414794922e+00 2.462512395466067913e-15 1.489688623388060761e-16
1.583150625228881836e+00 2.132621438114250950e-15 2.244574841544035894e-16
1.583366394042968750e+00 1.602231217641999876e-15 2.325086911367333243e-16
1.583582043647766113e+00 1.986995086899318551e-15 1.627659173188353574e-16
1.583797812461853027e+00 2.239610593198415253e-15 6.566190804436965677e-17
1.584013581275939941e+00 2.346820612123576115e-15 5.490487085564831049e-17
1.584229230880737305e+00 2.396097177346568664e-15 6.266182322431333176e-17
1.584444999694824219e+00 2.518029264169719707e-15 9.280591925463606501e-17
1.584660768508911133e+00 2.567522034552498916e-15 1.297541978630280908e-16
1.584876418113708496e+00 2.515696111916507736e-15 1.296819485996052591e-16
1.585092186927795410e+00 2.560910518882705475e-15 8.936820295097998496e-17
1.585307955741882324e+00 2.391993514475358393e-15 4.772657433885598485e-17
1.585523605346679688e+00 2.444407277976744057e-15 4.178498232100189003e-17
1.585739374160766602e+00 2.380707647486142095e-15 4.018183019325776751e-17
1.585955142974853516e+00 2.350020702598302862e-15 4.022301386159555766e-17
1.586170792579650879e+00 2.555561294062557755e-15 4.045329763540787035e-17
1.586386561393737793e+00 2.453288630186942210e-15 4.572105840010891819e-17
1.586602330207824707e+00 2.474939851109946194e-15 6.300462010504510727e-17
1.586818099021911621e+00 2.536951556694907149e-15 7.847721875130670181e-17
1.587033748626708984e+00 2.411475272262207301e-15 7.449745430096707294e-17
1.587249517440795898e+00 2.495541598211302101e-15 5.568309891955044999e-17
1.587465286254882812e+00 2.549583782553784157e-15 4.069995958534873299e-17
1.587680935859680176e+00 2.509796950955355162e-15 3.515764103172908420e-17
1.587896704673767090e+00 2.420941924238958175e-15 3.460569980491940117e-17
1.588112473487854004e+00 2.498334265838399529e-15 3.677370710319638459e-17
1.588328123092651367e+00 2.550595351651042605e-15 3.727098823512856355e-17
1.588543891906738281e+00 2.578918439341331900e-15 3.707943967504088404e-17
1.588759660720825195e+00 2.658580405722941152e-15 3.799705759832555933e-17
1.588975310325622559e+00 2.698092798646459754e-15 3.769595392918890662e-17
1.589191079139709473e+00 2.586737612235673160e-15 3.856633983949680404e-17
1.589406847953796387e+00 2.536991790759901728e-15 4.581704443838957152e-17
1.589622497558593750e+00 2.408823847379064527e-15 5.187642035802631705e-17
1.589838266372680664e+00 2.421860319712018650e-15 5.012598375913345265e-17
1.590054035186767578e+00 2.525374310371835372e-15 4.257229613675231198e-17
1.590269684791564941e+00 2.434870745781844703e-15 3.562436611183355433e-17
1.590485453605651855e+00 2.495003097015085179e-15 3.156011012500530900e-17
1.590701222419738770e+00 2.704851062774365003e-15 3.058410979408664101e-17
1.590916991233825684e+00 2.666175961919207277e-15 3.162485520591105958e-17
1.591132640838623047e+00 2.624481188607087970e-15 3.453877758464141102e-17
1.591348409652709961e+00 2.668203970553170885e-15 3.728689988139163359e-17
1.591564178466796875e+00 2.476721796672732429e-15 3.725426264314274133e-17
1.591779828071594238e+00 2.361312498818149939e-15 3.462830499669925031e-17
1.591995596885681152e+00 2.394899896275624711e-15 3.118462968391033825e-17
1.592211365699768066e+00 2.396254937232994778e-15 3.099518878002344385e-17
1.592427015304565430e+00 2.469479241457234533e-15 3.380072072000729676e-17
1.592642784118652344e+00 2.576288190281870484e-15 3.470097115915080869e-17
1.592858552932739258e+00 2.620336444637935865e-15 3.355953139699908495e-17
1.593074202537536621e+00 2.479229437713078785e-15 3.251555667206325936e-17
1.593289971351623535e+00 2.421249185440574672e-15 3.203229128843017889e-17
1.593505740165710449e+00 2.487319661150541421e-15 3.134465604521484699e-17
1.593721389770507812e+00 2.643583475633566951e-15 3.058677662438151197e-17
1.593937158584594727e+00 2.548439441042043598e-15 2.959404739275457155e-17
1.594152927398681641e+00 2.499632132071829931e-15 2.976227938573560632e-17
1.594368577003479004e+00 2.566310777437925267e-15 2.972935097991109539e-17
1.594584345817565918e+00 2.504433538333340932e-15 2.958328411862403155e-17
1.594800114631652832e+00 2.343220510339508525e-15 2.898758503741029335e-17
1.595015883445739746e+00 2.398590418826811697e-15 2.911579472363356243e-17
1.595231533050537109e+00 2.494424997028584119e-15 3.085796282512334677e-17
1.595447301864624023e+00 2.612813733275133610e-15 3.186495265051070139e-17
1.595663070678710938e+00 2.631499703608037102e-15 3.088491898692522484e-17
1.595878720283508301e+00 2.708318603902187295e-15 2.982044010896543480e-17
1.596094489097595215e+00 2.673974594264577620e-15 2.988969828729327470e-17
1.596310257911682129e+00 2.750246734791275162e-15 3.044888892499137247e-17
1.596525907516479492e+00 2.667118921347738127e-15 3.126158064193492131e-17
1.596741676330566406e+00 2.520233455656712210e-15 4.257347735066703770e-17
1.596957445144653320e+00 2.386421731748319605e-15 7.716409930738082228e-17
1.597173094749450684e+00 2.268056712424293235e-15 1.048752056932788850e-16
1.597388863563537598e+00 2.411904294449991604e-15 9.375094994342074765e-17
1.597604632377624512e+00 2.571894206867988801e-15 5.016135069340376990e-17
1.597820281982421875e+00 2.593804619872852602e-15 3.127302551289020500e-17
1.598036050796508789e+00 2.577784262224958392e-15 3.086030870934054716e-17
1.598251819610595703e+00 2.590736454779660712e-15 3.194208558827004612e-17
1.598467588424682617e+00 2.529179605887375316e-15 3.135359290455286990e-17
1.598683238029479980e+00 2.477437327754925499e-15 2.954533968956499907e-17
1.598899006843566895e+00 2.471164413505796964e-15 2.913066412232481566e-17
1.599114775657653809e+00 2.431827779918833629e-15 2.914930877333176090e-17
1.599330425262451172e+00 2.447178134505449687e-15 2.927516926661537938e-17
1.599546194076538086e+00 2.474405373320228731e-15 2.953408341578937747e-17
1.599761962890625000e+00 2.471234717240419071e-15 2.961906464320062532e-17
1.599977612495422363e+00 2.595466922031839166e-15 3.007454337569682448e-17
1.600193381309509277e+00 2.639754886711977513e-15 3.046472777936053784e-17
1.600409150123596191e+00 2.674433686121989451e-15 3.067183395240911470e-17
1.600624799728393555e+00 2.634344675519627484e-15 3.102049719804511629e-17
1.600840568542480469e+00 2.498220975181704266e-15 3.145058479445838771e-17
1.601056337356567383e+00 2.553120145108570861e-15 3.288086610034627807e-17
1.601271986961364746e+00 2.580943271601743305e-15 3.409460806548003685e-17
1.601487755775451660e+00 2.480575373066265868e-15 3.345236187683671468e-17
1.601703524589538574e+00 2.443650877554845967e-15 3.222768789272745509e-17
1.601919174194335938e+00 2.427312670793494581e-15 3.322707758264667249e-17
1.602134943008422852e+00 2.362950025263429316e-15 3.316706728356717544e-17
1.602350711822509766e+00 2.377061805922922773e-15 3.688807640341041640e-17
1.602566480636596680e+00 2.594281499422156773e-15 6.963460506355563257e-17
1.602782130241394043e+00 2.657130708833715417e-15 1.551906634435237342e-16
1.602997899055480957e+00 2.565856556019960148e-15 2.137269531412308923e-16
1.603213667869567871e+00 2.470581019563375565e-15 1.873557469987707259e-16
1.603429317474365234e+00 2.632485861716877922e-15 8.621428238932349808e-17
1.603645086288452148e+00 2.625936391210470858e-15 3.794501139418372283e-17
1.603860855102539062e+00 2.658645203743406106e-15 3.633933471121008848e-17
1.604076504707336426e+00 2.538161543260059917e-15 3.716582049204857161e-17
1.604292273521423340e+00 2.574149008573579749e-15 3.709495427460992862e-17
1.604508042335510254e+00 2.476032523611904242e-15 3.398664445192961568e-17
1.604723691940307617e+00 2.492714413991604060e-15 3.142491903441209237e-17
1.604939460754394531e+00 2.490206349434784076e-15 3.122682913004034351e-17
1.605155229568481445e+00 2.497417776189470376e-15 3.096804732976435391e-17
1.605370879173278809e+00 2.465061329362592916e-15 3.160613776301020967e-17
1.605586647987365723e+00 2.428338215934382725e-15 3.342609392930448074e-17
1.605802416801452637e+00 2.410169359215777983e-15 3.442265135280631657e-17
1.606018066406250000e+00 2.434872016331265585e-15 3.337343892023180521e-17
1.606233835220336914e+00 2.384679808492291136e-15 3.196563376594820571e-17
1.606449604034423828e+00 2.467420951395406584e-15 3.246955219511551017e-17
1.606665372848510742e+00 2.567508058508869220e-15 3.327155342982242368e-17
1.606881022453308105e+00 2.486506721279414106e-15 3.311074290129721468e-17
1.607096791267395020e+00 2.456966447243920382e-15 3.453108149622221765e-17
1.607312560081481934e+00 2.393050823351768573e-15 3.781292057652635495e-17
1.607528209686279297e+00 2.346930302890245547e-15 5.822409849963984464e-17
1.607743978500366211e+00 2.449973554989625692e-15 1.078679451494957392e-16
1.607959747314453125e+00 2.702615107551850464e-15 1.245096874909846834e-16
1.608175396919250488e+00 2.538342808310772337e-15 9.430912480332663030e-17
1.608391165733337402e+00 2.641218347886596131e-15 4.134468731582971424e-17
1.608606934547424316e+00 2.675774327519256195e-15 3.394324393955018343e-17
1.608822584152221680e+00 2.746791687399424871e-15 3.340790919071811498e-17
1.609038352966308594e+00 2.653030010577820536e-15 3.355160700673082694e-17
1.609254121780395508e+00 2.557880258513903216e-15 3.351528716039484860e-17
1.609469771385192871e+00 2.504527558990486159e-15 3.408340142254116844e-17
1.609685540199279785e+00 2.581041950940098431e-15 3.439678045196810808e-17
1.609901309013366699e+00 2.551629155363166479e-15 3.352512399223932921e-17
1.610117077827453613e+00 2.599327274688950640e-15 3.258867282076804658e-17
1.610332727432250977e+00 2.498242574521859251e-15 3.267157947920301144e-17
1.610548496246337891e+00 2.603626602170976655e-15 3.238002147433522067e-17
1.610764265060424805e+00 2.444191284575194210e-15 3.135824165959541791e-17
1.610979914665222168e+00 2.401915870177732081e-15 3.126243429232707604e-17
1.611195683479309082e+00 2.276469020139949319e-15 3.074436445724021438e-17
1.611411452293395996e+00 2.362645305160654581e-15 3.215872749942013428e-17
1.611627101898193359e+00 2.399556036386681600e-15 3.583410602795250002e-17
1.611842870712280273e+00 2.245725112286407234e-15 3.786564837749293515e-17
1.612058639526367188e+00 2.422617778925100808e-15 3.766472951542625494e-17
1.612274289131164551e+00 2.621346319669299804e-15 4.987387896076199108e-17
1.612490057945251465e+00 2.364043544798334617e-15 1.205009849540954994e-16
1.612705826759338379e+00 2.098971783735152988e-15 1.970349513057232261e-16
1.612921476364135742e+00 2.383647063571351331e-15 1.952917310304942743e-16
1.613137245178222656e+00 2.349976445126808824e-15 1.113166993512457268e-16
1.613353013992309570e+00 2.408467881782980907e-15 4.160334338465259579e-17
1.613568663597106934e+00 2.478634397067632639e-15 3.393455523439592642e-17
1.613784432411193848e+00 2.418167679578463528e-15 3.235433586195422405e-17
1.614000201225280762e+00 2.466401123726912406e-15 3.197928886350023109e-17
1.614215970039367676e+00 2.477373376767407799e-15 3.162589745348287640e-17
1.614431619644165039e+00 2.496944073013718408e-15 3.170465166524282505e-17
1.614647388458251953e+00 2.559000459586647028e-15 3.169425565930425860e-17
1.614863157272338867e+00 2.462375599645086344e-15 3.075459502705627022e-17
1.615078806877136230e+00 2.439967131267237015e-15 3.082304918582870858e-17
1.615294575691223145e+00 2.383203006548753264e-15 3.111858096635920410e-17
1.615510344505310059e+00 2.306688191082667365e-15 3.245360415290548780e-17
1.615725994110107422e+00 2.472471385343410349e-15 3.934480944013780902e-17
1.615941762924194336e+00 2.444460852810657892e-15 4.141710532409750671e-17
1.616157531738281250e+00 2.466732101851052024e-15 3.654117339811792766e-17
1.616373181343078613e+00 2.577817084751664496e-15 3.095715501545825564e-17
1.616588950157165527e+00 2.515744604552738045e-15 3.033279908910323035e-17
1.616804718971252441e+00 2.424648328657906179e-15 3.069068705293042331e-17
1.617020368576049805e+00 2.414002395060340506e-15 3.139060427388094257e-17
1.617236137390136719e+00 2.539015140712655438e-15 3.144944659393551474e-17
1.617451906204223633e+00 2.696851895378732204e-15 3.093763024427955398e-17
1.617667675018310547e+00 2.634866236056899319e-15 3.038261521431362389e-17
1.617883324623107910e+00 2.687507216146385949e-15 3.036485068347843507e-17
1.618099093437194824e+00 2.615181613879183006e-15 3.011526051416913471e-17
1.618314862251281738e+00 2.403904915296121991e-15 2.997023920917633790e-17
1.618530511856079102e+00 2.410742800521069144e-15 3.079719813732520136e-17
1.618746280670166016e+00 2.437295589351596951e-15 3.258425236757456320e-17
1.618962049484252930e+00 2.567263477745349541e-15 4.266853363793918143e-17
1.619177699089050293e+00 2.657388630366154351e-15 7.965228505971993123e-17
1.619393467903137207e+00 2.613315176779908156e-15 9.990305611844713780e-17
1.619609236717224121e+00 2.313705859050669243e-15 8.349271259023622769e-17
1.619824886322021484e+00 2.406598903584864294e-15 4.169914744319848745e-17
1.620040655136108398e+00 2.480888139982039518e-15 3.133864078780036137e-17
1.620256423950195312e+00 2.466427593506514103e-15 3.051687655389833092e-17
1.620472073554992676e+00 2.512103209912491808e-15 3.119317280527678592e-17
1.620687842369079590e+00 2.459864782231187784e-15 3.341289212672813441e-17
1.620903611183166504e+00 2.312934000277483762e-15 3.483470310314348178e-17
1.621119260787963867e+00 2.316709226123396179e-15 3.356453749406625587e-17
1.621335029602050781e+00 2.499285695596402922e-15 3.158622587130483319e-17
1.621550798416137695e+00 2.663188688472478173e-15 3.099843132802465172e-17
1.621766567230224609e+00 2.638188722792504312e-15 3.355569658767928911e-17
1.621982216835021973e+00 2.641698827325926133e-15 3.798408409759827765e-17
1.622197985649108887e+00 2.631263169657516339e-15 3.936375849361017378e-17
1.622413754463195801e+00 2.629794626285214196e-15 3.667849861469153110e-17
1.622629404067993164e+00 2.571593510171713524e-15 3.684078814215198492e-17
1.622845172882080078e+00 2.550043086169432802e-15 4.206129373281910339e-17
1.623060941696166992e+00 2.582127423662004817e-15 6.666104958010510826e-17
1.623276591300964355e+00 2.698858092914304015e-15 1.305660657080815368e-16
1.623492360115051270e+00 2.707987625778047677e-15 1.562966502446214352e-16
1.623708128929138184e+00 2.489980826912577619e-15 1.214198833529684068e-16
1.623923778533935547e+00 2.547703792927353238e-15 5.245988709234162108e-17
1.624139547348022461e+00 2.604713345442303922e-15 3.456612086696996390e-17
1.624355316162109375e+00 2.672098416286409345e-15 3.749068078837774728e-17
1.624570965766906738e+00 2.672030441892392187e-15 3.838237817998746090e-17
1.624786734580993652e+00 2.539937559592215371e-15 3.478328224754473536e-17
1.625002503395080566e+00 2.317576376103147769e-15 3.294481047041907733e-17
1.625218152999877930e+00 2.351334238941257468e-15 3.375145053400118822e-17
1.625433921813964844e+00 2.304327086742196003e-15 3.232051410106815586e-17
1.625649690628051758e+00 2.227898245120256415e-15 3.058384840501307425e-17
1.625865459442138672e+00 2.082559673349153664e-15 3.019437206795370628e-17
1.626081109046936035e+00 2.242515492691023876e-15 2.998357336065069270e-17
1.626296877861022949e+00 2.518458921632214451e-15 3.010921216953014697e-17
1.626512646675109863e+00 2.498899872088928588e-15 3.029355102339881430e-17
1.626728296279907227e+00 2.224559453000416777e-15 3.292024320622625240e-17
1.626944065093994141e+00 2.425450468858956002e-15 3.646187655587614421e-17
1.627159833908081055e+00 2.624808143324728130e-15 3.471036131346451066e-17
1.627375483512878418e+00 2.525378122020098016e-15 2.986794343718313007e-17
1.627591252326965332e+00 2.302862355018156504e-15 3.004118483595378598e-17
1.627807021141052246e+00 2.419448393394712030e-15 3.287008297388103681e-17
1.628022670745849609e+00 2.553174778733668764e-15 3.279431322977117947e-17
1.628238439559936523e+00 2.515899399823848769e-15 2.996132551089546647e-17
1.628454208374023438e+00 2.525114906531738743e-15 2.903021130873637598e-17
1.628669857978820801e+00 2.574996465037307676e-15 2.910120325762812702e-17
1.628885626792907715e+00 2.521820795399866769e-15 2.891841288586615897e-17
1.629101395606994629e+00 2.488001099156607505e-15 2.914241670446796907e-17
1.629317164421081543e+00 2.335739515349358544e-15 2.824083946762192209e-17
1.629532814025878906e+00 2.456469027145645294e-15 2.806397832649073414e-17
1.629748582839965820e+00 2.458793073794674280e-15 2.944041348322387261e-17
1.629964351654052734e+00 2.513918189760220960e-15 3.586160151151376266e-17
1.630180001258850098e+00 2.523773841617998372e-15 4.033171201152992592e-17
1.630395770072937012e+00 2.404797688022528024e-15 3.976019969142723825e-17
1.630611538887023926e+00 2.348938618008185493e-15 3.992038156268690695e-17
1.630827188491821289e+00 2.445982123983926615e-15 3.887750202488210157e-17
1.631042957305908203e+00 2.373609723146387872e-15 3.282586851577885237e-17
1.631258726119995117e+00 2.408285981457558046e-15 4.145425565976848829e-17
1.631474375724792480e+00 2.669338782944254834e-15 6.712294723415471892e-17
1.631690144538879395e+00 2.677242023858611084e-15 7.383804576897450055e-17
1.631905913352966309e+00 2.619917375087281800e-15 5.536064406444257853e-17
1.632121562957763672e+00 2.470611512749476719e-15 3.213911008401282667e-17
1.632337331771850586e+00 2.616784835490098583e-15 2.906554515578219111e-17
1.632553100585937500e+00 2.662804347272661534e-15 2.896843084314601544e-17
1.632768750190734863e+00 2.578855970661471896e-15 2.861752759241122026e-17
1.632984519004821777e+00 2.543832428841927458e-15 2.850403179492404444e-17
1.633200287818908691e+00 2.654234914945289778e-15 2.862983273120355910e-17
1.633416056632995605e+00 2.576157535449756508e-15 2.874616079510811648e-17
1.633631706237792969e+00 2.526290376504290898e-15 3.165005443609187502e-17
1.633847475051879883e+00 2.584673604701451244e-15 4.379380036475426837e-17
1.634063243865966797e+00 2.705714401105853949e-15 5.290718335421844569e-17
1.634278893470764160e+00 2.467934253361442690e-15 4.865144829047397530e-17
1.634494662284851074e+00 2.592398121663936836e-15 3.807591438048146457e-17
1.634710431098937988e+00 2.749656564585275728e-15 5.913813969395584065e-17
1.634926080703735352e+00 2.546571945151584679e-15 9.434134514254679583e-17
1.635141849517822266e+00 2.317881096205922503e-15 1.005467151315767005e-16
1.635357618331909180e+00 2.495526351618251523e-15 6.910921302568645151e-17
1.635573267936706543e+00 2.471533296354326212e-15 3.886200066020285783e-17
1.635789036750793457e+00 2.650790455465280165e-15 4.133950585647268208e-17
1.636004805564880371e+00 2.519991839508507921e-15 4.402556644622427609e-17
1.636220455169677734e+00 2.458126458865185146e-15 4.185085567626316294e-17
1.636436223983764648e+00 2.502396212336957526e-15 3.808618796368937317e-17
1.636651992797851562e+00 2.657971177275628497e-15 3.428600442433500661e-17
1.636867642402648926e+00 2.558159991144733948e-15 3.161805578127587369e-17
1.637083411216735840e+00 2.443125717127548301e-15 3.089183752556861836e-17
1.637299180030822754e+00 2.577108118174812647e-15 3.046845340083947668e-17
1.637514948844909668e+00 2.655761480074478841e-15 2.949012703803830958e-17
1.637730598449707031e+00 2.520701653118307024e-15 2.844880259978510388e-17
1.637946367263793945e+00 2.564371707263423360e-15 2.807437433242930059e-17
1.638162136077880859e+00 2.590336443470319869e-15 2.907564668542268868e-17
1.638377785682678223e+00 2.714975647592895655e-15 3.974908569271697577e-17
1.638593554496765137e+00 2.739773595914949365e-15 6.920803133038448641e-17
1.638809323310852051e+00 2.689992622571866880e-15 7.761289442052759298e-17
1.639024972915649414e+00 2.439650552703200720e-15 5.960754153052253237e-17
1.639240741729736328e+00 2.475319533628552934e-15 3.399276558846250809e-17
1.639456510543823242e+00 2.526032454971851963e-15 3.040159404628804056e-17
1.639672160148620605e+00 2.470008001774558030e-15 3.065412566985557948e-17
1.639887928962707520e+00 2.433661606249639189e-15 2.965945752687281476e-17
1.640103697776794434e+00 2.515352004781685677e-15 2.917079230820098814e-17
1.640319347381591797e+00 2.488955281771689475e-15 2.903928382569485758e-17
1.640535116195678711e+00 2.585491626770262084e-15 2.898574207900552521e-17
1.640750885009765625e+00 2.476830640406454606e-15 2.992698097186226476e-17
1.640966653823852539e+00 2.415544206782580146e-15 3.259198816066315911e-17
1.641182303428649902e+00 2.512901750223515800e-15 4.688503387086903661e-17
1.641398072242736816e+00 2.400950464376098992e-15 5.450871089923951405e-17
1.641613841056823730e+00 2.406423779523019467e-15 4.670527428887146285e-17
1.641829490661621094e+00 2.591192793779993966e-15 3.150360707172303678e-17
1.642045259475708008e+00 2.701817414273773726e-15 2.861386483665883545e-17
1.642261028289794922e+00 2.769994884440035547e-15 2.887954532324351730e-17
1.642476677894592285e+00 2.655916063587352750e-15 2.869853504415976336e-17
1.642692446708679199e+00 2.617466908770875109e-15 2.936677455637195188e-17
1.642908215522766113e+00 2.624427613773174135e-15 2.919617682683901545e-17
1.643123865127563477e+00 2.555448638680572933e-15 2.859609037965629599e-17
1.643339633941650391e+00 2.541593932520571156e-15 2.883228684048713773e-17
1.643555402755737305e+00 2.574780683393994643e-15 3.200862068802136145e-17
1.643771052360534668e+00 2.655840465896810304e-15 5.682848598758527678e-17
1.643986821174621582e+00 2.477807692911112442e-15 1.007478656042148956e-16
1.644202589988708496e+00 2.348073162094328412e-15 1.093712830470843129e-16
1.644418239593505859e+00 2.456671679778275885e-15 8.049878861138219763e-17
1.644634008407592773e+00 2.509884195348922355e-15 5.475991572510451792e-17
1.644849777221679688e+00 2.551424596906404565e-15 4.765159207068927799e-17
1.645065546035766602e+00 2.692773008221229121e-15 3.559693018527639551e-17
1.645281195640563965e+00 2.649272148907326832e-15 3.264708500690409118e-17
1.645496964454650879e+00 2.722119946986512051e-15 3.252389134391534366e-17
1.645712733268737793e+00 2.775815906611803913e-15 3.110420125859058227e-17
1.645928382873535156e+00 2.703302263030310515e-15 3.017684907385738294e-17
1.646144151687622070e+00 2.672744490666927562e-15 2.901027625597384801e-17
1.646359920501708984e+00 2.546028997032394672e-15 2.772600060000769256e-17
1.646575570106506348e+00 2.586242733236239835e-15 2.771614722455096089e-17
1.646791338920593262e+00 2.601875149794291575e-15 2.791337520672442949e-17
1.647007107734680176e+00 2.478733076405987765e-15 2.930826310856240091e-17
1.647222757339477539e+00 2.546053984504338674e-15 4.244297802850822185e-17
1.647438526153564453e+00 2.462804621832870647e-15 6.359564396143669576e-17
1.647654294967651367e+00 2.387921827097906971e-15 8.344035536618407125e-17
1.647869944572448730e+00 2.536137346274358953e-15 8.215648502871806679e-17
1.648085713386535645e+00 2.576549288187861622e-15 5.871205565170732588e-17
1.648301482200622559e+00 2.690769775300972701e-15 3.357394419199220890e-17
1.648517131805419922e+00 2.673845209981884526e-15 2.888428672251467126e-17
1.648732900619506836e+00 2.624303099929927753e-15 2.811028720590390284e-17
1.648948669433593750e+00 2.473310159719428920e-15 2.789735106389805224e-17
1.649164438247680664e+00 2.372004807469577786e-15 2.783600734967111971e-17
1.649380087852478027e+00 2.429301292395410865e-15 2.799713882427399929e-17
1.649595856666564941e+00 2.452732553057069761e-15 3.172396467818471314e-17
1.649811625480651855e+00 2.455270687283517272e-15 6.460790127296478806e-17
1.650027275085449219e+00 2.511742585635198290e-15 1.146495093008953817e-16
1.650243043899536133e+00 2.903807455381375406e-15 1.212455930891810337e-16
1.650458812713623047e+00 2.672772442754186954e-15 7.824441703970977770e-17
1.650674462318420410e+00 2.443680523707999867e-15 3.583018850057144889e-17
1.650890231132507324e+00 2.610041606197007098e-15 2.936741644852729303e-17
1.651105999946594238e+00 2.694663585759500719e-15 2.817571057491194690e-17
1.651321649551391602e+00 2.557091670840009462e-15 2.732963219408453276e-17
1.651537418365478516e+00 2.526538768916073222e-15 2.712799037616248120e-17
1.651753187179565430e+00 2.495130998990120579e-15 2.708381727709092442e-17
1.651968836784362793e+00 2.533787676878675524e-15 2.709574853024638929e-17
1.652184605598449707e+00 2.557505022918269560e-15 2.703864494383940358e-17
1.652400374412536621e+00 2.691318652650793487e-15 2.778888452453519883e-17
1.652616143226623535e+00 2.735396764918249582e-15 3.000610906925908739e-17
1.652831792831420898e+00 2.738942868351929710e-15 3.196086589689745006e-17
1.653047561645507812e+00 2.606475385730829680e-15 3.086370676729691500e-17
1.653263330459594727e+00 2.554168348380798058e-15 2.913014796162258257e-17
1.653478980064392090e+00 2.576737329502152077e-15 2.859104788664217273e-17
1.653694748878479004e+00 2.768218868107880093e-15 3.076001471442971766e-17
1.653910517692565918e+00 2.732570004215025168e-15 3.084662383328646987e-17
1.654126167297363281e+00 2.511350197622382735e-15 2.982938689447080835e-17
1.654341936111450195e+00 2.422584744640157890e-15 2.884385082545062905e-17
1.654557704925537109e+00 2.402013490724903139e-15 2.719490928771802114e-17
1.654773354530334473e+00 2.310489674949944665e-15 2.797942061555311344e-17
1.654989123344421387e+00 2.213409958315708422e-15 4.628193648625662413e-17
1.655204892158508301e+00 2.194199251071980890e-15 6.955420310801547828e-17
1.655420541763305664e+00 2.506367314551922500e-15 6.895626402170294648e-17
1.655636310577392578e+00 2.688788141720871265e-15 4.456655911044620725e-17
1.655852079391479492e+00 2.611379918253668893e-15 3.096253830688475075e-17
1.656067728996276855e+00 2.639998196926076311e-15 2.861582029162691081e-17
1.656283497810363770e+00 2.708269052474772919e-15 2.719937109994213217e-17
1.656499266624450684e+00 2.644373969131592027e-15 2.672627176603732842e-17
1.656715035438537598e+00 2.679144883374617869e-15 2.630044084105625488e-17
1.656930685043334961e+00 2.732529770150030589e-15 2.607487530545794465e-17
1.657146453857421875e+00 2.703652722912236982e-15 2.604419683089957796e-17
1.657362222671508789e+00 2.607415592302281954e-15 2.574298562828329336e-17
1.657577872276306152e+00 2.520526317298225384e-15 2.554294192330469425e-17
1.657793641090393066e+00 2.433501940539081754e-15 2.535907952546885747e-17
1.658009409904479980e+00 2.533021323819647196e-15 2.577220826496356672e-17
1.658225059509277344e+00 2.625860581761691598e-15 2.887961480641497176e-17
1.658440828323364258e+00 2.638343306305378222e-15 3.413624833751595627e-17
1.658656597137451172e+00 2.478694112890414067e-15 3.406685450156765767e-17
1.658872246742248535e+00 2.583591520111333875e-15 2.862160062974743137e-17
1.659088015556335449e+00 2.542669664363584117e-15 2.574463171770227388e-17
1.659303784370422363e+00 2.569380001322301224e-15 2.573291387714484769e-17
1.659519433975219727e+00 2.593149228129914587e-15 2.600259295481061088e-17
1.659735202789306641e+00 2.495120622836516713e-15 2.533300513819996093e-17
1.659950971603393555e+00 2.437053549686919035e-15 2.506815844967273253e-17
1.660166621208190918e+00 2.418071541338950164e-15 2.529275287523190550e-17
1.660382390022277832e+00 2.436962070128615571e-15 2.558264990142968979e-17
1.660598158836364746e+00 2.476524861512495804e-15 2.881702701254675947e-17
1.660813927650451660e+00 2.240999938990149119e-15 3.570774591757889952e-17
1.661029577255249023e+00 2.302939223258119832e-15 3.966081559519021708e-17
1.661245346069335938e+00 2.480914609761641215e-15 3.519921512931599938e-17
1.661461114883422852e+00 2.501338903460547346e-15 2.801906572795155495e-17
1.661676764488220215e+00 2.611778023738878414e-15 2.608624573015809857e-17
1.661892533302307129e+00 2.560476414497237646e-15 2.573375760136965178e-17
1.662108302116394043e+00 2.503682643625599995e-15 2.607588281144403424e-17
1.662323951721191406e+00 2.451424098911798681e-15 2.630024397207046726e-17
1.662539720535278320e+00 2.588729198452904834e-15 2.598125831245164319e-17
1.662755489349365234e+00 2.710984428345433392e-15 2.639581476568361897e-17
1.662971138954162598e+00 2.691622102204147340e-15 2.625345863662446801e-17
1.663186907768249512e+00 2.592613691549013055e-15 2.621315839718088450e-17
1.663402676582336426e+00 2.535382639918355371e-15 2.644777659740297506e-17
1.663618326187133789e+00 2.572000085986395589e-15 2.663250422615954231e-17
1.663834095001220703e+00 2.585679456326315726e-15 2.640440420916436961e-17
1.664049863815307617e+00 2.507130702995635438e-15 2.596020656586216864e-17
1.664265632629394531e+00 2.643760505519543100e-15 2.642555521742735052e-17
1.664481282234191895e+00 2.783668325549324904e-15 2.694204513754423590e-17
1.664697051048278809e+00 2.698461046220278561e-15 2.690013685898984930e-17
1.664912819862365723e+00 2.713581643119951890e-15 2.746996173064292880e-17
1.665128469467163086e+00 2.634449072330376576e-15 2.905205549435267633e-17
1.665344238281250000e+00 2.598516028883717834e-15 3.094154446293815490e-17
1.665560007095336914e+00 2.636704932827151592e-15 3.163897683332856487e-17
1.665775656700134277e+00 2.634497353208370071e-15 3.200691338723705200e-17
1.665991425514221191e+00 2.576625944669588136e-15 3.166292205770074991e-17
1.666207194328308105e+00 2.478105848508545955e-15 2.982645205765747020e-17
1.666422843933105469e+00 2.585057098868320628e-15 2.972160856937759905e-17
1.666638612747192383e+00 2.574239641098935959e-15 2.992629606631507086e-17
1.666854381561279297e+00 2.438776626459871096e-15 2.867082449363923694e-17
1.667070031166076660e+00 2.415470091399695395e-15 2.811960787704615035e-17
1.667285799980163574e+00 2.378355225233380089e-15 2.780684757871740038e-17
1.667501568794250488e+00 2.383048211277642540e-15 2.807677315620570437e-17
1.667717218399047852e+00 2.332251221914328522e-15 2.815386638929564655e-17
1.667932987213134766e+00 2.306867338551011649e-15 2.882328380670011057e-17
1.668148756027221680e+00 2.412784996956899262e-15 3.024460178347037633e-17
1.668364524841308594e+00 2.508438098349722450e-15 3.538425874106656188e-17
1.668580174446105957e+00 2.516055465644380373e-15 5.972288359513692655e-17
1.668795943260192871e+00 2.609696652029237784e-15 1.161494458318051374e-16
1.669011712074279785e+00 2.305357925839004486e-15 1.928163698863721875e-16
1.669227361679077148e+00 2.231026126036229733e-15 2.019112935132866314e-16
1.669443130493164062e+00 2.626432964275798691e-15 1.329845168260599753e-16
1.669658899307250977e+00 2.597701394946696010e-15 4.787214489177551687e-17
1.669874548912048340e+00 2.390095101882324692e-15 3.851126615431302346e-17
1.670090317726135254e+00 2.352923484508543349e-15 4.467357973809831797e-17
1.670306086540222168e+00 2.477072891829369336e-15 5.002334388000542276e-17
1.670521736145019531e+00 2.793426568618168071e-15 8.352429103730105208e-17
1.670737504959106445e+00 2.874928078802976850e-15 1.180807074213245439e-16
1.670953273773193359e+00 2.775562008485864436e-15 1.106541276805907516e-16
1.671168923377990723e+00 2.613380610075083550e-15 6.161740513056917774e-17
1.671384692192077637e+00 2.708506856974714563e-15 3.451202987235389632e-17
1.671600461006164551e+00 2.644687371322076118e-15 3.390918395064769996e-17
1.671816110610961914e+00 2.586708389598992887e-15 3.460123964705651525e-17
1.672031879425048828e+00 2.567096824012977258e-15 3.406214949824345605e-17
1.672247648239135742e+00 2.418773943410460793e-15 3.528599961046261283e-17
1.672463417053222656e+00 2.457565934812339613e-15 3.539514774665020993e-17
1.672679066658020020e+00 2.562826083892921075e-15 3.628240483273173890e-17
1.672894835472106934e+00 2.581992745423391383e-15 5.273462355227253348e-17
1.673110604286193848e+00 2.605322785647853391e-15 6.850315433448109920e-17
1.673326253890991211e+00 2.681453683430596278e-15 6.454073420722548221e-17
1.673542022705078125e+00 2.676628772004798970e-15 4.372000261922473745e-17
1.673757791519165039e+00 2.512294215842097653e-15 2.860240342209130070e-17
1.673973441123962402e+00 2.465052435516646746e-15 2.701745753962947033e-17
1.674189209938049316e+00 2.407530004552133583e-15 2.707577542717568388e-17
1.674404978752136230e+00 2.405673731848225784e-15 2.681987717851505414e-17
1.674620628356933594e+00 2.527943996575568106e-15 2.678000707298999820e-17
1.674836397171020508e+00 2.743097141441738426e-15 2.793275770283777204e-17
1.675052165985107422e+00 2.745417376442504769e-15 3.063382334890107797e-17
1.675267815589904785e+00 2.599747403030788773e-15 3.482042596577081652e-17
1.675483584403991699e+00 2.546100571316437661e-15 3.569644993913387537e-17
1.675699353218078613e+00 2.616586629780441077e-15 3.299125831617515494e-17
1.675915122032165527e+00 2.638188299276030685e-15 3.368505109187033158e-17
1.676130771636962891e+00 2.536411361432795719e-15 3.711187177249786315e-17
1.676346540451049805e+00 2.428229160442423734e-15 3.791877322515354080e-17
1.676562309265136719e+00 2.510841766095793341e-15 3.434509489857334470e-17
1.676777958869934082e+00 2.485404096140325821e-15 2.919603786049610654e-17
1.676993727684020996e+00 2.474878864737743885e-15 2.620902083975689426e-17
1.677209496498107910e+00 2.647505026421117548e-15 2.644215011487638937e-17
1.677425146102905273e+00 2.575384829643623773e-15 2.651739873520033829e-17
1.677640914916992188e+00 2.586790128278402927e-15 2.608257304823836313e-17
1.677856683731079102e+00 2.602691054280734280e-15 2.566764932681441381e-17
1.678072333335876465e+00 2.725368953613942734e-15 2.581214289057640179e-17
1.678288102149963379e+00 2.547499022712354511e-15 2.553071453948993540e-17
1.678503870964050293e+00 2.508661291531323959e-15 2.537061373193029689e-17
1.678719520568847656e+00 2.711258655262106972e-15 2.574499236844934700e-17
1.678935289382934570e+00 2.664583751736606006e-15 2.592786214955012015e-17
1.679151058197021484e+00 2.672957731211398832e-15 2.599674975096353630e-17
1.679366707801818848e+00 2.704268939381364485e-15 2.631731036246866132e-17
1.679582476615905762e+00 2.715717648454690422e-15 2.689885142031794190e-17
1.679798245429992676e+00 2.610635164534795549e-15 2.765700546511464452e-17
1.680014014244079590e+00 2.511577625968720515e-15 2.771348701170099036e-17
1.680229663848876953e+00 2.728741627051672544e-15 2.867027193699005151e-17
1.680445432662963867e+00 2.876598216016725516e-15 2.949564598708526338e-17
1.680661201477050781e+00 2.800312946479345533e-15 2.807063216733811069e-17
1.680876851081848145e+00 2.749967002160444429e-15 2.623320263778426947e-17
1.681092619895935059e+00 2.587634620126815464e-15 2.528959304529195294e-17
1.681308388710021973e+00 2.463378274896398622e-15 2.483246491465432304e-17
1.681524038314819336e+00 2.408158926515469901e-15 2.482588055697840094e-17
1.681739807128906250e+00 2.369983575099192212e-15 2.490612534820217015e-17
1.681955575942993164e+00 2.654879507018150300e-15 2.586868895725052676e-17
1.682171225547790527e+00 2.770313580586439978e-15 2.617970225012556474e-17
1.682386994361877441e+00 2.801162732283678410e-15 2.624557891410928787e-17
1.682602763175964355e+00 2.697764573379398713e-15 2.593189051913325340e-17
1.682818412780761719e+00 2.643452185526742534e-15 2.578934248417199014e-17
1.683034181594848633e+00 2.706040297032310041e-15 2.599868535359691038e-17
1.683249950408935547e+00 2.736493460826707087e-15 2.635738891750808062e-17
1.683465600013732910e+00 2.769757926973041157e-15 3.222219541346010299e-17
1.683681368827819824e+00 2.751715278163577305e-15 5.824569783979482930e-17
1.683897137641906738e+00 2.811823065441347407e-15 8.329056950086296900e-17
1.684112906455993652e+00 2.826321940157736079e-15 7.656314266619369704e-17
1.684328556060791016e+00 2.592354075950679612e-15 4.413597851438785422e-17
1.684544324874877930e+00 2.411642137752816398e-15 2.677068640184775069e-17
1.684760093688964844e+00 2.417566921460623415e-15 2.541822459362762406e-17
1.684975743293762207e+00 2.536377903631379174e-15 2.551597252661301534e-17
1.685191512107849121e+00 2.494206250769955696e-15 2.556406480742684837e-17
1.685407280921936035e+00 2.537430977343053083e-15 2.539816215505076292e-17
1.685622930526733398e+00 2.614583608618421470e-15 2.535396424056082955e-17
1.685838699340820312e+00 2.700433150679723386e-15 2.564319290482367099e-17
1.686054468154907227e+00 2.709270245418427502e-15 2.587275868586428766e-17
1.686270117759704590e+00 2.716355676022209724e-15 2.594342968867836813e-17
1.686485886573791504e+00 2.504378904708243030e-15 2.567060567032367833e-17
1.686701655387878418e+00 2.399821157699172196e-15 2.555835395247778226e-17
1.686917304992675781e+00 2.421891659931067059e-15 2.673581908466741546e-17
1.687133073806762695e+00 2.491823123572855722e-15 2.741626447399843645e-17
1.687348842620849609e+00 2.584391966246489189e-15 2.780347268181818403e-17
1.687564611434936523e+00 2.618879547968658468e-15 2.812174862047143759e-17
1.687780261039733887e+00 2.603857842165577079e-15 2.794137361609812437e-17
1.687996029853820801e+00 2.399118967385898381e-15 2.718299126945235712e-17
1.688211798667907715e+00 2.465107280899981462e-15 2.731658921018579662e-17
1.688427448272705078e+00 2.490128634161873494e-15 2.756700656010765000e-17
1.688643217086791992e+00 2.449735115214973606e-15 2.909030432587712833e-17
1.688858985900878906e+00 2.479609967264632779e-15 3.116734491783043019e-17
1.689074635505676270e+00 2.453454648644604053e-15 3.069143151548172103e-17
1.689290404319763184e+00 2.318672860253368460e-15 2.891522327742415449e-17
1.689506173133850098e+00 2.365554651576236289e-15 3.021821803065238496e-17
1.689721822738647461e+00 2.452234074167610606e-15 4.249827008937371643e-17
1.689937591552734375e+00 2.475487881426819727e-15 9.507079271136545818e-17
1.690153360366821289e+00 2.471945589641402242e-15 1.610133267416274049e-16
1.690369009971618652e+00 2.246860348193964810e-15 1.715482460835435620e-16
1.690584778785705566e+00 2.771213976609371299e-15 1.162595204102787939e-16
1.690800547599792480e+00 2.700103231346767836e-15 4.670177366051913844e-17
1.691016197204589844e+00 2.592493624628739758e-15 3.530854855396080836e-17
1.691231966018676758e+00 2.669901212821231690e-15 3.194880891228887713e-17
1.691447734832763672e+00 2.756819075187258092e-15 3.001187286376735689e-17
1.691663503646850586e+00 2.679092367331888103e-15 2.819637685533597175e-17
1.691879153251647949e+00 2.582748298812342219e-15 2.745896022849597353e-17
1.692094922065734863e+00 2.468119753576891381e-15 2.674311316330890806e-17
1.692310690879821777e+00 2.453263854473235021e-15 2.661084036591677851e-17
1.692526340484619141e+00 2.464246483667334280e-15 2.641704022020172966e-17
1.692742109298706055e+00 2.520139223241330169e-15 2.655602476108411447e-17
1.692957878112792969e+00 2.630642929781889378e-15 2.668588549981003939e-17
1.693173527717590332e+00 2.680078737198965735e-15 2.647526380915811217e-17
1.693389296531677246e+00 2.597012545402341450e-15 2.623952560638662481e-17
1.693605065345764160e+00 2.536359480664776393e-15 2.615816412133590901e-17
1.693820714950561523e+00 2.472404681498814073e-15 2.611163852060225142e-17
1.694036483764648438e+00 2.505829660388652833e-15 2.626533529585950438e-17
1.694252252578735352e+00 2.473313971367691565e-15 2.668782606552708880e-17
1.694467902183532715e+00 2.376547656923939413e-15 2.707582009492876175e-17
1.694683670997619629e+00 2.459763138277517268e-15 2.733839038241024421e-17
1.694899439811706543e+00 2.567762803667755951e-15 3.407299218171280114e-17
1.695115208625793457e+00 2.542970572818096207e-15 6.439577245923678922e-17
1.695330858230590820e+00 2.482292308850350335e-15 9.513424739051562604e-17
1.695546627044677734e+00 2.512341649687143894e-15 9.298142051084021579e-17
1.695762395858764648e+00 2.484324129132576588e-15 5.981137206834539924e-17
1.695978045463562012e+00 2.667758007706441496e-15 2.967391995270269190e-17
1.696193814277648926e+00 2.625758090775073827e-15 2.676278186391419395e-17
1.696409583091735840e+00 2.549682038375665656e-15 2.631511006203927027e-17
1.696625232696533203e+00 2.452987509974193306e-15 2.624640609472184090e-17
1.696841001510620117e+00 2.370742516619932065e-15 2.622869284908463036e-17
1.697056770324707031e+00 2.353103902526308515e-15 2.621923817468314926e-17
1.697272419929504395e+00 2.357383112975837240e-15 2.621948963758936538e-17
1.697488188743591309e+00 2.432743422534815528e-15 2.609007392203299398e-17
1.697703957557678223e+00 2.474839477705696560e-15 2.589791821137570055e-17
1.697919607162475586e+00 2.539691073004564370e-15 2.614049223472932613e-17
1.698135375976562500e+00 2.695832491226711654e-15 2.667511560823459897e-17
1.698351144790649414e+00 2.607382981533812663e-15 2.676935133233909010e-17
1.698566794395446777e+00 2.474047290141776975e-15 2.687972700455571590e-17
1.698782563209533691e+00 2.526665400341687739e-15 2.770289579113786139e-17
1.698998332023620605e+00 2.583960191201626309e-15 2.810999272960583396e-17
1.699214100837707520e+00 2.557910328183530743e-15 2.755506207206238428e-17
1.699429750442504883e+00 2.490966773263181624e-15 2.730639007323301779e-17
1.699645519256591797e+00 2.519005893157903915e-15 2.788926123750728363e-17
1.699861288070678711e+00 2.601112396625289078e-15 2.829300809449441644e-17
1.700076937675476074e+00 2.605685315749278232e-15 2.997252553638943447e-17
1.700292706489562988e+00 2.595411653132030823e-15 5.362938482087114352e-17
1.700508475303649902e+00 2.451457768471452039e-15 1.183642914050873234e-16
1.700724124908447266e+00 2.234843703529504864e-15 1.694890560492091545e-16
1.700939893722534180e+00 2.048377023487995933e-15 1.566537275714483262e-16
1.701155662536621094e+00 2.243258552344002711e-15 9.214061457923721464e-17
1.701371312141418457e+00 2.339523635041217131e-15 3.804234077377916228e-17
1.701587080955505371e+00 2.417597202888487756e-15 2.958808176617683911e-17
1.701802849769592285e+00 2.552555809407462684e-15 2.764236436827245593e-17
1.702018499374389648e+00 2.644720405607019036e-15 2.737732411948189012e-17
1.702234268188476562e+00 2.626191771644068029e-15 2.723639074107633037e-17
1.702450037002563477e+00 2.560157083076122775e-15 2.691523952261384248e-17
1.702665686607360840e+00 2.587093154315283153e-15 2.673383881428096351e-17
1.702881455421447754e+00 2.562792414333267717e-15 2.661337484731364099e-17
1.703097224235534668e+00 2.596894172547962662e-15 2.662868596045199753e-17
1.703312993049621582e+00 2.536660600877525297e-15 2.633463317885674683e-17
1.703528642654418945e+00 2.440930631244738781e-15 2.591175694302371270e-17
1.703744411468505859e+00 2.336339002917777775e-15 2.544751009603445145e-17
1.703960180282592773e+00 2.367022771432064805e-15 2.521718992627518642e-17
1.704175829887390137e+00 2.358821586678511856e-15 2.534803170120759924e-17
1.704391598701477051e+00 2.418799989673588863e-15 2.550151671822803863e-17
1.704607367515563965e+00 2.504776586676978924e-15 2.607599530800734145e-17
1.704823017120361328e+00 2.552838718411845620e-15 2.717377316870606618e-17
1.705038785934448242e+00 2.493037345302744762e-15 2.802418432158203308e-17
1.705254554748535156e+00 2.350013714576488014e-15 3.156008696394815751e-17
1.705470204353332520e+00 2.329959997792005640e-15 3.653976057363168709e-17
1.705685973167419434e+00 2.410594993271773269e-15 3.687248239450256673e-17
1.705901741981506348e+00 2.516959885073811153e-15 3.148405913948718363e-17
1.706117391586303711e+00 2.578574120448273027e-15 2.682801498138135082e-17
1.706333160400390625e+00 2.566661237319851734e-15 2.619241436177927967e-17
1.706548929214477539e+00 2.472883466872249567e-15 2.650057057281855950e-17
1.706764698028564453e+00 2.404477297810229085e-15 2.836550882082346421e-17
1.706980347633361816e+00 2.452765799100249493e-15 3.077288233603859256e-17
1.707196116447448730e+00 2.315431688680699880e-15 3.359052420019022179e-17
1.707411885261535645e+00 2.265894025551716193e-15 5.654840924961972203e-17
1.707627534866333008e+00 2.366714239681027426e-15 8.218852007948102044e-17
1.707843303680419922e+00 2.477152936442884867e-15 8.374081383444293260e-17
1.708059072494506836e+00 2.396217244266841961e-15 5.788560295809334487e-17
1.708274722099304199e+00 2.197935513402319609e-15 3.121572505749743167e-17
1.708490490913391113e+00 2.215182162999601231e-15 2.689627888861290198e-17
1.708706259727478027e+00 2.298086359745063131e-15 2.634610121086918200e-17
1.708921909332275391e+00 2.398004060269074908e-15 2.580870843667308162e-17
1.709137678146362305e+00 2.446507284411224281e-15 2.579260653886912438e-17
1.709353446960449219e+00 2.516498463875794372e-15 2.618874829730444466e-17
1.709569096565246582e+00 2.448347039972660621e-15 2.668026067164467881e-17
1.709784865379333496e+00 2.457218016029254909e-15 2.810775603322949057e-17
1.710000634193420410e+00 2.540649067267908984e-15 2.972238942787584911e-17
1.710216283798217773e+00 2.510673841814000176e-15 3.089507676484737602e-17
1.710432052612304688e+00 2.542839070953034977e-15 3.082888577223088275e-17
1.710647821426391602e+00 2.490254842071014385e-15 2.993991145919769369e-17
1.710863590240478516e+00 2.384828886291007893e-15 2.947663737660879480e-17
1.711079239845275879e+00 2.395099372534703099e-15 2.947560505520432862e-17
1.711295008659362793e+00 2.439159061835556412e-15 2.918891087233834965e-17
1.711510777473449707e+00 2.412531310589196600e-15 2.891333068818263317e-17
1.711726427078247070e+00 2.357000042325441483e-15 3.669609440068175910e-17
1.711942195892333984e+00 2.302011510422639559e-15 8.544002148363916290e-17
1.712157964706420898e+00 2.311890455686466464e-15 1.286237926902478244e-16
1.712373614311218262e+00 2.358587170310359228e-15 1.295909984368938286e-16
1.712589383125305176e+00 2.474296741344743367e-15 8.505202083679258953e-17
1.712805151939392090e+00 2.554573441887822427e-15 4.020732389973665183e-17
1.713020801544189453e+00 2.507463375185669564e-15 2.747494797537539845e-17
1.713236570358276367e+00 2.506522745097743664e-15 2.630152610201992445e-17
1.713452339172363281e+00 2.439138944803059122e-15 2.566509168436039985e-17
1.713667988777160645e+00 2.308391574339595763e-15 2.539645154554400326e-17
1.713883757591247559e+00 2.287438732081602949e-15 2.560500528466454792e-17
1.714099526405334473e+00 2.298678647533430701e-15 2.591967471584707028e-17
1.714315176010131836e+00 2.206403725292494476e-15 2.555018802547065878e-17
1.714530944824218750e+00 2.183887471972107037e-15 2.496526876199971163e-17
1.714746713638305664e+00 2.284872434009659233e-15 2.463638671353230315e-17
1.714962482452392578e+00 2.330523274701929749e-15 2.451215576605541413e-17
1.715178132057189941e+00 2.474567156613154302e-15 2.480025946468518346e-17
1.715393900871276855e+00 2.434100157558080103e-15 2.465039915310895144e-17
1.715609669685363770e+00 2.371682934949621152e-15 2.473138675252279327e-17
1.715825319290161133e+00 2.309435330688849874e-15 2.484854696012357900e-17
1.716041088104248047e+00 2.252825577725003220e-15 2.490976990598107879e-17
1.716256856918334961e+00 2.373358366119290158e-15 2.524313692772974980e-17
1.716472506523132324e+00 2.565504825588612800e-15 2.591324421376508305e-17
1.716688275337219238e+00 2.383157902044311972e-15 2.687919760896368196e-17
1.716904044151306152e+00 2.430709061153747512e-15 2.881323190789636618e-17
1.717119693756103516e+00 2.444741855990909506e-15 3.204918231653851172e-17
1.717335462570190430e+00 2.256900864992480472e-15 3.401311423153131257e-17
1.717551231384277344e+00 2.136762158676903597e-15 3.282772470907342136e-17
1.717766880989074707e+00 2.216502052089660245e-15 2.980562034111093475e-17
1.717982649803161621e+00 2.245515895148435422e-15 2.744538123156030303e-17
1.718198418617248535e+00 2.130640651567096769e-15 2.504203939465075813e-17
1.718414187431335449e+00 2.151129531528231040e-15 2.550504712508241495e-17
1.718629837036132812e+00 2.160573101857169234e-15 3.049291478591389481e-17
1.718845605850219727e+00 2.205207079496260963e-15 3.237942590429418249e-17
1.719061374664306641e+00 2.150030718037405399e-15 2.893305067398589735e-17
1.719277024269104004e+00 2.044274419407969730e-15 2.627337714577474492e-17
1.719492793083190918e+00 2.164382420779208636e-15 2.715327397876577705e-17
1.719708561897277832e+00 2.281589546064338378e-15 2.690668151199636886e-17
1.719924211502075195e+00 2.302923976665069254e-15 2.568320859413653626e-17
1.720139980316162109e+00 2.324405155723911938e-15 2.529563973556971557e-17
1.720355749130249023e+00 2.466295032850268805e-15 2.581790503072344618e-17
1.720571398735046387e+00 2.553129250712753845e-15 3.802941359516618357e-17
1.720787167549133301e+00 2.455739943536296155e-15 6.314291808601907308e-17
1.721002936363220215e+00 2.248453617167750149e-15 7.318747814336889492e-17
1.721218585968017578e+00 2.261530111807462037e-15 5.901300381088881862e-17
1.721434354782104492e+00 2.285099227081286571e-15 3.987266647623239810e-17
1.721650123596191406e+00 2.306980629207706912e-15 3.143546724158336858e-17
1.721865773200988770e+00 2.515320876320874081e-15 2.859512092397838384e-17
1.722081542015075684e+00 2.472857420609121497e-15 2.901587792308205711e-17
1.722297310829162598e+00 2.344602232834717102e-15 2.768846976125493659e-17
1.722513079643249512e+00 2.223847310050012724e-15 2.549834365339828521e-17
1.722728729248046875e+00 2.332789299594071816e-15 2.743281966677807275e-17
1.722944498062133789e+00 2.326497115345393246e-15 2.982175036305571879e-17
1.723160266876220703e+00 2.238222941472575896e-15 2.961292034561058143e-17
1.723375916481018066e+00 2.064756734863762780e-15 2.766619544172010866e-17
1.723591685295104980e+00 2.071762756128739912e-15 2.569893991502606974e-17
1.723807454109191895e+00 2.196982601336658521e-15 2.665292731548347656e-17
1.724023103713989258e+00 2.364893118844430681e-15 3.459022491001975913e-17
1.724238872528076172e+00 2.426767393333699625e-15 4.425096323697762549e-17
1.724454641342163086e+00 2.335015725695929745e-15 6.883293470109374027e-17
1.724670290946960449e+00 2.442667472303083724e-15 9.511248261423813077e-17
1.724886059761047363e+00 2.239631980780333424e-15 9.196265163353010605e-17
1.725101828575134277e+00 2.295024547398975649e-15 5.850127017929411316e-17
1.725317478179931641e+00 2.368490256013182881e-15 3.236709098699979174e-17
1.725533246994018555e+00 2.361069188604051142e-15 3.282629864969737995e-17
1.725749015808105469e+00 2.281840691333199278e-15 3.348641193957184751e-17
1.725964665412902832e+00 2.178237126939210414e-15 2.901559999039623930e-17
1.726180434226989746e+00 2.176646187306030024e-15 2.535112370233732245e-17
1.726396203041076660e+00 2.198012381642282936e-15 2.468131751004495851e-17
1.726611971855163574e+00 2.048570782274680355e-15 2.416179845452490394e-17
1.726827621459960938e+00 2.098352602650710094e-15 2.445094605508771519e-17
1.727043390274047852e+00 2.114944072263290516e-15 2.620123376147032006e-17
1.727259159088134766e+00 2.157021704467568766e-15 3.105308149673480515e-17
1.727474808692932129e+00 2.360735245864596134e-15 3.319079082353519627e-17
1.727690577507019043e+00 2.441924624408341703e-15 3.065017505525002622e-17
1.727906346321105957e+00 2.373364507108157752e-15 3.591229113945101220e-17
1.728121995925903320e+00 2.197612582091178907e-15 4.667425170717827410e-17
1.728337764739990234e+00 2.260737288968832012e-15 4.628538086632729494e-17
1.728553533554077148e+00 2.358752977009784257e-15 3.428661984671074606e-17
1.728769183158874512e+00 2.349641443596169749e-15 2.827220615644993290e-17
1.728984951972961426e+00 2.280460027629174768e-15 2.596701260794225495e-17
1.729200720787048340e+00 2.132238155705618379e-15 2.441139193255665451e-17
1.729416370391845703e+00 2.134440653126716374e-15 2.381724133344961558e-17
1.729632139205932617e+00 2.167891890037920016e-15 2.400025835269942317e-17
1.729847908020019531e+00 2.152515277429939075e-15 2.635334896739637163e-17
1.730063676834106445e+00 2.250717100961050453e-15 3.428755290644170588e-17
1.730279326438903809e+00 2.398342661689739815e-15 3.808102966538949249e-17
1.730495095252990723e+00 2.500932327645865282e-15 3.364387734969989207e-17
1.730710864067077637e+00 2.506531215427216207e-15 2.667235282498867186e-17
1.730926513671875000e+00 2.463057672925862869e-15 2.627001382940410431e-17
1.731142282485961914e+00 2.195076777205336345e-15 2.703320044104757955e-17
1.731358051300048828e+00 2.170736861949510398e-15 2.728165240983400694e-17
1.731573700904846191e+00 2.143731969283385608e-15 2.750611448649517142e-17
1.731789469718933105e+00 1.925329394273310978e-15 2.942816459271318738e-17
1.732005238533020020e+00 1.885888363875598550e-15 3.066373750857344566e-17
1.732220888137817383e+00 2.042907308231101289e-15 2.987687698779870277e-17
1.732436656951904297e+00 2.250314760311104660e-15 2.980282116191805531e-17
1.732652425765991211e+00 2.322759370707396832e-15 4.204022378825615267e-17
1.732868075370788574e+00 2.317823286207272397e-15 6.604403240014465343e-17
1.733083844184875488e+00 2.464222978503047973e-15 7.102813308046656681e-17
1.733299612998962402e+00 2.376704569777418272e-15 5.185866906208092908e-17
1.733515262603759766e+00 2.293320528867336811e-15 2.982262055706012458e-17
1.733731031417846680e+00 2.313464031144228140e-15 2.779600489524805529e-17
1.733946800231933594e+00 2.321394800629370155e-15 2.879532841071826845e-17
1.734162569046020508e+00 2.249987170318754059e-15 2.857584099826099787e-17
1.734378218650817871e+00 2.041069458493796271e-15 2.722459514554132420e-17
1.734593987464904785e+00 2.114070781294671332e-15 2.852442676010715189e-17
1.734809756278991699e+00 2.111855578379364523e-15 3.957867325164125122e-17
1.735025405883789062e+00 2.125075433345399202e-15 4.833792367725922633e-17
1.735241174697875977e+00 2.139413583560046371e-15 4.586393896167642776e-17
1.735456943511962891e+00 2.098274463861325885e-15 3.769693992847906983e-17
1.735672593116760254e+00 2.151567447561961513e-15 4.732924309469981332e-17
1.735888361930847168e+00 2.204276402045465301e-15 5.453830742155666138e-17
1.736104130744934082e+00 2.304252124326363997e-15 4.677910512162549589e-17
1.736319780349731445e+00 2.292073696368978480e-15 3.050934590160164816e-17
1.736535549163818359e+00 2.240635291306356143e-15 2.704278415562461893e-17
1.736751317977905273e+00 2.170300851739911246e-15 2.651029325373850779e-17
1.736966967582702637e+00 2.144393078498717589e-15 2.552816020575837165e-17
1.737182736396789551e+00 2.141610998783460840e-15 2.558813080016846615e-17
1.737398505210876465e+00 2.281927723968529657e-15 2.613760868311396627e-17
1.737614154815673828e+00 2.374292431701874838e-15 2.691549263988128371e-17
1.737829923629760742e+00 2.199133006231500376e-15 3.254351537676755169e-17
1.738045692443847656e+00 2.175428153927878340e-15 5.098732362226247015e-17
1.738261461257934570e+00 2.245967151951085150e-15 7.931494757103100569e-17
1.738477110862731934e+00 2.144855134971444810e-15 1.032324713188628750e-16
1.738692879676818848e+00 2.194648390292262483e-15 9.730589428348784277e-17
1.738908648490905762e+00 2.366105858266662025e-15 6.444699148276607269e-17
1.739124298095703125e+00 2.259820375803429232e-15 3.144617095870980475e-17
1.739340066909790039e+00 2.272985808902602822e-15 2.786867436642206388e-17
1.739555835723876953e+00 2.146940741845821711e-15 2.674933190715408172e-17
1.739771485328674316e+00 2.081625607766568985e-15 2.624592136688288482e-17
1.739987254142761230e+00 2.077934026424197930e-15 2.600946682570092654e-17
1.740203022956848145e+00 2.043962499525143334e-15 2.663832261458824030e-17
1.740418672561645508e+00 2.015426806565093210e-15 2.731160792853700228e-17
1.740634441375732422e+00 1.959063328430660743e-15 2.695345030383011704e-17
1.740850210189819336e+00 1.994543844525248875e-15 2.666392716326920672e-17
1.741065859794616699e+00 2.013188733760210535e-15 2.784034839352579800e-17
1.741281628608703613e+00 2.080958357562369410e-15 2.993336349746872392e-17
1.741497397422790527e+00 2.109977282818828112e-15 3.093978422259464206e-17
1.741713166236877441e+00 2.233094580493424734e-15 3.042809360439178935e-17
1.741928815841674805e+00 2.357081992763088336e-15 2.852337789509043465e-17
1.742144584655761719e+00 2.333820138690880300e-15 3.101450841041023237e-17
1.742360353469848633e+00 2.181784289164074610e-15 4.812481548168596470e-17
1.742576003074645996e+00 1.969054293801762029e-15 6.328366452160619584e-17
1.742791771888732910e+00 1.969278969291021232e-15 5.900598931929436895e-17
1.743007540702819824e+00 2.200589267626067332e-15 4.071256912660649134e-17
1.743223190307617188e+00 2.164569191544078210e-15 2.968814415051615376e-17
1.743438959121704102e+00 2.111926940905170698e-15 2.732566007278305312e-17
1.743654727935791016e+00 2.058539513030916215e-15 2.538332584358401182e-17
1.743870377540588379e+00 1.973101417223743076e-15 2.517304660570568155e-17
1.744086146354675293e+00 1.991619463274853404e-15 2.671593697146409089e-17
1.744301915168762207e+00 2.080669519327355693e-15 3.013247248835513811e-17
1.744517564773559570e+00 2.105765623246842917e-15 5.726313300353494049e-17
1.744733333587646484e+00 2.140450563645722448e-15 9.548373450804173044e-17
1.744949102401733398e+00 2.120132360823459919e-15 1.093469639370752539e-16
1.745164752006530762e+00 2.155334203078401387e-15 8.339901618789112114e-17
1.745380520820617676e+00 2.179436102076048876e-15 4.209071820156883969e-17
1.745596289634704590e+00 2.146973987889001442e-15 2.687274229146331813e-17
1.745812058448791504e+00 2.148185456761811905e-15 2.536215663734755474e-17
1.746027708053588867e+00 2.277628608244740456e-15 2.574969902613477373e-17
1.746243476867675781e+00 2.274112786238924669e-15 2.651745002039831658e-17
1.746459245681762695e+00 2.106079448953800635e-15 2.783734738226345561e-17
1.746674895286560059e+00 2.041222983215486113e-15 2.929779761945238000e-17
1.746890664100646973e+00 1.995976177239055897e-15 2.889401767524074508e-17
1.747106432914733887e+00 1.999812812973644251e-15 2.768287636595285301e-17
1.747322082519531250e+00 1.963266729431410208e-15 2.613792135738551132e-17
1.747537851333618164e+00 2.041637394084930279e-15 2.581262761841535787e-17
1.747753620147705078e+00 2.086951962697140839e-15 2.617970555884801496e-17
1.747969269752502441e+00 2.007865978719664511e-15 2.668067095322850511e-17
1.748185038566589355e+00 1.905787708905443828e-15 2.712887215069546273e-17
1.748400807380676270e+00 2.041292228158924152e-15 2.670707621274242286e-17
1.748616456985473633e+00 2.287722276360696326e-15 2.581570638465528023e-17
1.748832225799560547e+00 2.264000483398129204e-15 2.532277622274513019e-17
1.749047994613647461e+00 2.157943276314181445e-15 2.493257527546916577e-17
1.749263644218444824e+00 2.056370049894761139e-15 2.440658270447527121e-17
1.749479413032531738e+00 2.062571601618083499e-15 2.469846330978195766e-17
1.749695181846618652e+00 2.135594100242639917e-15 2.876538778126629906e-17
1.749910950660705566e+00 2.242521210163417843e-15 3.517694742722607187e-17
1.750126600265502930e+00 2.095519277442144460e-15 4.508248820210778167e-17
1.750342369079589844e+00 1.836275526572546044e-15 6.181369839865046142e-17
1.750558137893676758e+00 1.567896101850336371e-15 6.592212583018903843e-17
1.750773787498474121e+00 1.708384033569868964e-15 4.763410216381745678e-17
1.750989556312561035e+00 1.969611006206344918e-15 2.977463746408714855e-17
1.751205325126647949e+00 1.983078406551214666e-15 2.683472837923283119e-17
1.751420974731445312e+00 1.924533183302891935e-15 2.736372030712784303e-17
1.751636743545532227e+00 2.027519260678332415e-15 2.563831419357083324e-17
1.751852512359619141e+00 1.926406820182218448e-15 2.381849368489702087e-17
1.752068161964416504e+00 1.932469670260427916e-15 2.360902673838021767e-17
1.752283930778503418e+00 2.044659184124259996e-15 2.504204270337320834e-17
1.752499699592590332e+00 2.183241185833352006e-15 3.191012002067854692e-17
1.752715349197387695e+00 2.289501045549930357e-15 3.989747196844163830e-17
1.752931118011474609e+00 2.191879651345924988e-15 4.000773514409495689e-17
1.753146886825561523e+00 1.999838012203825066e-15 3.240291783369068847e-17
1.753362655639648438e+00 1.977418744155898245e-15 2.702079438622050924e-17
1.753578305244445801e+00 2.068608193674928084e-15 2.652334781816581967e-17
1.753794074058532715e+00 1.991797128435539993e-15 2.629159166286316259e-17
1.754009842872619629e+00 1.990755277910417204e-15 2.697825083295568192e-17
1.754225492477416992e+00 1.888016322397338166e-15 2.804922804180768855e-17
1.754441261291503906e+00 1.933618882211615188e-15 2.681199083855497357e-17
1.754657030105590820e+00 1.974579701474938644e-15 2.651146454148588287e-17
1.754872679710388184e+00 2.003921769800774862e-15 2.923871376265894234e-17
1.755088448524475098e+00 2.060733328364304853e-15 2.904276460171248072e-17
1.755304217338562012e+00 2.002595316205374627e-15 2.548760188596367160e-17
1.755519866943359375e+00 1.999631124406458203e-15 2.429400342310680415e-17
1.755735635757446289e+00 1.925954292830147838e-15 2.354141961255503361e-17
1.755951404571533203e+00 1.826146706589279120e-15 2.342333627139063870e-17
1.756167054176330566e+00 1.853504176719698512e-15 2.368984393858787358e-17
1.756382822990417480e+00 1.847709200811058217e-15 2.511695714272968585e-17
1.756598591804504395e+00 1.822103183057323904e-15 2.640700486501023633e-17
1.756814241409301758e+00 1.820303238044408516e-15 2.590525530340904590e-17
1.757030010223388672e+00 1.886875580775623437e-15 2.545608795898662635e-17
1.757245779037475586e+00 2.031284110370640966e-15 2.717169529100733297e-17
1.757461547851562500e+00 2.126573411112618432e-15 2.656058583498173187e-17
1.757677197456359863e+00 1.937503587065960223e-15 2.412433709894360243e-17
1.757892966270446777e+00 1.906048171536724525e-15 2.375191888047630299e-17
1.758108735084533691e+00 1.913464368506409552e-15 2.382124488761437224e-17
1.758324384689331055e+00 1.967454036806161842e-15 2.404907358936862754e-17
1.758540153503417969e+00 1.823813554336067150e-15 2.386993108410801834e-17
1.758755922317504883e+00 1.835288521430757970e-15 2.426217516749698875e-17
1.758971571922302246e+00 1.924041692435247627e-15 2.476890931946942371e-17
1.759187340736389160e+00 1.848889117706583457e-15 2.530205534840067685e-17
1.759403109550476074e+00 1.974272863789795773e-15 2.615941978150576451e-17
1.759618759155273438e+00 2.043918242053649297e-15 2.617637036661820115e-17
1.759834527969360352e+00 2.002720888839805077e-15 2.515171527206916407e-17
1.760050296783447266e+00 2.041191219479964077e-15 2.509726528106724847e-17
1.760265946388244629e+00 2.188343924065848725e-15 2.594791300759840554e-17
1.760481715202331543e+00 2.036132103444250954e-15 2.631423490495118917e-17
1.760697484016418457e+00 1.761666217600427100e-15 2.631824176783839603e-17
1.760913252830505371e+00 1.708629673124572711e-15 2.920856468369260959e-17
1.761128902435302734e+00 1.924428362975669216e-15 3.033790775656635785e-17
1.761344671249389648e+00 2.014746003833737566e-15 2.949225123785134575e-17
1.761560440063476562e+00 2.082819288947487107e-15 2.769248489594826898e-17
1.761776089668273926e+00 2.028892936360542076e-15 2.650593070318790312e-17
1.761991858482360840e+00 1.896180872975922367e-15 2.801064172059331491e-17
1.762207627296447754e+00 1.783670968899791348e-15 3.144616434126490433e-17
1.762423276901245117e+00 1.786538810700957595e-15 3.219141436850577972e-17
1.762639045715332031e+00 1.824306315753132339e-15 3.118999643172458230e-17
1.762854814529418945e+00 1.775162522944621901e-15 3.076256243071638099e-17
1.763070464134216309e+00 1.824043100264773065e-15 2.821330427939125690e-17
1.763286232948303223e+00 1.918623857946372309e-15 2.620246626058302407e-17
1.763502001762390137e+00 2.127655072186262174e-15 2.655466983924075261e-17
1.763717651367187500e+00 2.180369320625686301e-15 2.709288979404940603e-17
1.763933420181274414e+00 2.030017160839785346e-15 2.724100475453315116e-17
1.764149188995361328e+00 1.822311129645874835e-15 2.727942729398623930e-17
1.764364838600158691e+00 1.743006081772414863e-15 3.032248249250346899e-17
1.764580607414245605e+00 1.805410704765783407e-15 4.691120255672776419e-17
1.764796376228332520e+00 2.018595768579008361e-15 9.143050980186249229e-17
1.765012145042419434e+00 2.000679962953395841e-15 1.577538777861438530e-16
1.765227794647216797e+00 1.863829084830254806e-15 2.036877863014749162e-16
1.765443563461303711e+00 1.801017780143085792e-15 2.010991477355473676e-16
1.765659332275390625e+00 1.613064874916500784e-15 1.143217472549773700e-16
1.765874981880187988e+00 2.112337116609878593e-15 5.517571294925532324e-17
1.766090750694274902e+00 2.274915985231158559e-15 4.542989082449025245e-17
1.766306519508361816e+00 2.127242355382712516e-15 4.329760449378575898e-17
1.766522169113159180e+00 2.002505954229439299e-15 4.341494833548253148e-17
1.766737937927246094e+00 1.921429654584152179e-15 6.749981733867877875e-17
1.766953706741333008e+00 1.968121075252124604e-15 9.976960872458518295e-17
1.767169356346130371e+00 1.988293800165696207e-15 1.024738871401476448e-16
1.767385125160217285e+00 1.877165195068300138e-15 7.113127919412947915e-17
1.767600893974304199e+00 1.821596657354865832e-15 3.475029428471612062e-17
1.767816543579101562e+00 1.850000848449854726e-15 2.788277945022731811e-17
1.768032312393188477e+00 1.748203264178530437e-15 2.979801027947544690e-17
1.768248081207275391e+00 1.664353672784814331e-15 3.332049274358351101e-17
1.768463730812072754e+00 1.729226655665600312e-15 3.551542973388277079e-17
1.768679499626159668e+00 1.764087567159271924e-15 3.572201974622911456e-17
1.768895268440246582e+00 1.801498259582415794e-15 3.391443489317618658e-17
1.769111037254333496e+00 1.945437532924654440e-15 3.176889051161369318e-17
1.769326686859130859e+00 1.863830567137912501e-15 3.719989702456330614e-17
1.769542455673217773e+00 1.880568149933894290e-15 5.340933492559733688e-17
1.769758224487304688e+00 2.040346515873314726e-15 6.122773027016279704e-17
1.769973874092102051e+00 1.944950488979983218e-15 5.140642956886348758e-17
1.770189642906188965e+00 1.833829930695586065e-15 3.542255058598286664e-17
1.770405411720275879e+00 1.847408715873019754e-15 2.869259919608408284e-17
1.770621061325073242e+00 1.935753828755169652e-15 2.849295750088318450e-17
1.770836830139160156e+00 1.804012041611629744e-15 2.650164425325365333e-17
1.771052598953247070e+00 1.810024493229477581e-15 2.569574368913916484e-17
1.771268248558044434e+00 1.821974222291104437e-15 2.540546615985960616e-17
1.771484017372131348e+00 1.790430503577117478e-15 2.482926868876741814e-17
1.771699786186218262e+00 1.966053044311403229e-15 2.505587150885386986e-17
1.771915435791015625e+00 1.938550096272292911e-15 2.577701749304495002e-17
1.772131204605102539e+00 1.793488716033179130e-15 2.642894169485514262e-17
1.772346973419189453e+00 1.721934760780924854e-15 2.648119965723379270e-17
1.772562742233276367e+00 1.719365815731020968e-15 2.589184670567956133e-17
1.772778391838073730e+00 1.709218361022914450e-15 2.856198406863950955e-17
1.772994160652160645e+00 1.752734890446340944e-15 3.314763515661707971e-17
1.773209929466247559e+00 1.953994895032527823e-15 3.698668294987163773e-17
1.773425579071044922e+00 2.088510503320088751e-15 3.633079820728854123e-17
1.773641347885131836e+00 2.016696932469501033e-15 3.397948106782490646e-17
1.773857116699218750e+00 1.933334279141337743e-15 3.084273939312992085e-17
1.774072766304016113e+00 1.862283673217989335e-15 2.863248963533107942e-17
1.774288535118103027e+00 1.806740334734735845e-15 2.671981148545328927e-17
1.774504303932189941e+00 1.719568468363651560e-15 2.539327020890812432e-17
1.774719953536987305e+00 1.705079122767919498e-15 2.460822452239732277e-17
1.774935722351074219e+00 1.721950430890449059e-15 2.459651660800724721e-17
1.775151491165161133e+00 1.634042598767319193e-15 2.425699039941750637e-17
1.775367140769958496e+00 1.747874085999403734e-15 2.484126115328821194e-17
1.775582909584045410e+00 1.879462771937727428e-15 2.631731036246866132e-17
1.775798678398132324e+00 1.742644504583055684e-15 2.801063841187086470e-17
1.776014328002929688e+00 1.610598526732333075e-15 2.950645889205255655e-17
1.776230096817016602e+00 1.640977257506490150e-15 2.846725534488993683e-17
1.776445865631103516e+00 1.583946740926094922e-15 2.588430447285430282e-17
1.776661634445190430e+00 1.692318147901059836e-15 2.553009911711419595e-17
1.776877284049987793e+00 1.811435861877840059e-15 2.701396187436082123e-17
1.777093052864074707e+00 1.935084672726838755e-15 2.905885822771031243e-17
1.777308821678161621e+00 1.870804612909130783e-15 2.956607214443802815e-17
1.777524471282958984e+00 1.780848019844829579e-15 3.069647400849584429e-17
1.777740240097045898e+00 1.644344954625654841e-15 3.177005187319371763e-17
1.777956008911132812e+00 1.773261145736272811e-15 3.117154699534219957e-17
1.778171658515930176e+00 1.812897205470090541e-15 2.950374573964338262e-17
1.778387427330017090e+00 1.745008361780605623e-15 3.254341942381649554e-17
1.778603196144104004e+00 1.679911338685270879e-15 3.592762045056284491e-17
1.778818845748901367e+00 1.698151981446155423e-15 3.313066802789239201e-17
1.779034614562988281e+00 1.743410857642084012e-15 2.761143277644664801e-17
1.779250383377075195e+00 1.797551721322921195e-15 2.543196075487967964e-17
1.779466032981872559e+00 1.677922187687762561e-15 2.443890230536894311e-17
1.779681801795959473e+00 1.565615253881617354e-15 2.431440831445726223e-17
1.779897570610046387e+00 1.840893338442739675e-15 2.508029980670378587e-17
1.780113220214843750e+00 1.949513031950368507e-15 2.540275135308920712e-17
1.780328989028930664e+00 1.900042919698928350e-15 2.552876239324431025e-17
1.780544757843017578e+00 1.930011792405732750e-15 2.864739542996928498e-17
1.780760526657104492e+00 1.884675836211604019e-15 5.191098989018613319e-17
1.780976176261901855e+00 1.553006003791434619e-15 9.028751824888161907e-17
1.781191945075988770e+00 1.603056227732625565e-15 8.675162553268284528e-17
1.781407713890075684e+00 1.699876117010291551e-15 4.424228445799071913e-17
1.781623363494873047e+00 1.659875727230036065e-15 3.062467142260379127e-17
1.781839132308959961e+00 1.760314882412201271e-15 3.067316075011164976e-17
1.782054901123046875e+00 1.877829904173657950e-15 3.017936370291954414e-17
1.782270550727844238e+00 1.686242380570404740e-15 2.861710738466004332e-17
1.782486319541931152e+00 1.729091024514921218e-15 2.833521415806932212e-17
1.782702088356018066e+00 1.758616157836482771e-15 3.180487948570465031e-17
1.782917737960815430e+00 1.804743454561583832e-15 3.636887498524558220e-17
1.783133506774902344e+00 1.843816660901951079e-15 3.602547260830541787e-17
1.783349275588989258e+00 2.037823839998154606e-15 3.235779678563714592e-17
1.783564925193786621e+00 1.979726273662455772e-15 3.001894029492100996e-17
1.783780694007873535e+00 1.928312009038830183e-15 2.873007378655518520e-17
1.783996462821960449e+00 1.990322444074370256e-15 2.980370128208981173e-17
1.784212231636047363e+00 1.915756227903442875e-15 3.346939187128795642e-17
1.784427881240844727e+00 1.799814993357984685e-15 4.101313016526130927e-17
1.784643650054931641e+00 1.413668236935154959e-15 4.848430155845661010e-17
1.784859418869018555e+00 1.736273546270282464e-15 4.454026469313437161e-17
1.785075068473815918e+00 1.802995178558450956e-15 3.670442576381139320e-17
1.785290837287902832e+00 1.696524831154479912e-15 3.518361781168569949e-17
1.785506606101989746e+00 1.656176310832902909e-15 3.613900811046199624e-17
1.785722255706787109e+00 1.519570648747991994e-15 3.582499049760216566e-17
1.785938024520874023e+00 1.512290294687222876e-15 3.313355323386897697e-17
1.786153793334960938e+00 1.609441373847265294e-15 2.972098322083450896e-17
1.786369442939758301e+00 1.748345036318077125e-15 2.823921819362131816e-17
1.786585211753845215e+00 1.807765244600913548e-15 2.950153551304664093e-17
1.786800980567932129e+00 1.646522358695690427e-15 3.349844907184571917e-17
1.787016630172729492e+00 1.523708404695329251e-15 3.597655645560148203e-17
1.787232398986816406e+00 1.519043582496563006e-15 3.393767535966647644e-17
1.787448167800903320e+00 1.510089385452900983e-15 5.098445495989813625e-17
1.787663817405700684e+00 1.753826610036233330e-15 1.130463406295390081e-16
1.787879586219787598e+00 1.925196198342355239e-15 1.587083912734708435e-16
1.788095355033874512e+00 1.670773759008528300e-15 1.459643305957766661e-16
1.788311123847961426e+00 1.753890666902869436e-15 8.822740177226115216e-17
1.788526773452758789e+00 1.701585323618732323e-15 3.770741865247889159e-17
1.788742542266845703e+00 1.677876871425084456e-15 3.205712325041902078e-17
1.788958311080932617e+00 1.761635724414325945e-15 2.902741874698839695e-17
1.789173960685729980e+00 1.765801220690685781e-15 2.727681505761179683e-17
1.789389729499816895e+00 1.837038491499785355e-15 2.732949819082529917e-17
1.789605498313903809e+00 1.857893501452370297e-15 2.736793892825186347e-17
1.789821147918701172e+00 1.855832670291700584e-15 2.770843955560319178e-17
1.790036916732788086e+00 1.820794517153816010e-15 2.938905880207413044e-17
1.790252685546875000e+00 1.661120124508671039e-15 3.143624479135916842e-17
1.790468335151672363e+00 1.559567650396458463e-15 3.260833655828965715e-17
1.790684103965759277e+00 1.642585773073326066e-15 3.337010041927954119e-17
1.790899872779846191e+00 1.730724527553701136e-15 3.179004317423789921e-17
1.791115522384643555e+00 1.629491702499958651e-15 3.043933995200006032e-17
1.791331291198730469e+00 1.612945655029174741e-15 3.008615699149706898e-17
1.791547060012817383e+00 1.644209111716738933e-15 2.912373234879162128e-17
1.791762709617614746e+00 1.661941534709270897e-15 3.098229468863496726e-17
1.791978478431701660e+00 1.621235778242189392e-15 3.305821693240009742e-17
1.792194247245788574e+00 1.655727171612621316e-15 3.256117402848433373e-17
1.792410016059875488e+00 1.642244736432937804e-15 3.228121309580453640e-17
1.792625665664672852e+00 1.638183531088208654e-15 3.186634893138469090e-17
1.792841434478759766e+00 1.723230827069342341e-15 2.948841311980909970e-17
1.793057203292846680e+00 1.802619942962817301e-15 3.082570278123377870e-17
1.793272852897644043e+00 1.659853598494289047e-15 3.562079600030977546e-17
1.793488621711730957e+00 1.575197525855668440e-15 3.821482447510871961e-17
1.793704390525817871e+00 1.426474633943811132e-15 3.810791303529746589e-17
1.793920040130615234e+00 1.671552288166173409e-15 3.610920313863048554e-17
1.794135808944702148e+00 1.584863336454142482e-15 2.992770558207886122e-17
1.794351577758789062e+00 1.662202950252617255e-15 2.826219727103804126e-17
1.794567227363586426e+00 1.621857182788118829e-15 2.786899200377728424e-17
1.794782996177673340e+00 1.599969533793712487e-15 2.924039459366365010e-17
1.794998764991760254e+00 1.526655973472655810e-15 3.352742686306467684e-17
1.795214414596557617e+00 1.567026622529979832e-15 3.532895675403371666e-17
1.795430183410644531e+00 1.875979348942144118e-15 3.034752952145157467e-17
1.795645952224731445e+00 1.999097705407924808e-15 2.978380593399668631e-17
1.795861721038818359e+00 1.833664759270871476e-15 3.291863847583789953e-17
1.796077370643615723e+00 1.509836757876382388e-15 3.392540661682108994e-17
1.796293139457702637e+00 1.433568323118829084e-15 3.051586739355101623e-17
1.796508908271789551e+00 1.686413269467513295e-15 3.228360199341358955e-17
1.796724557876586914e+00 1.517191862594746699e-15 4.050839117292635220e-17
1.796940326690673828e+00 1.892015376699562532e-15 4.233369092597771583e-17
1.797156095504760742e+00 1.894233967746658358e-15 3.216940805548941897e-17
1.797371745109558105e+00 1.761127822283328585e-15 2.868559793937943401e-17
1.797587513923645020e+00 1.774979457948896566e-15 2.943097369807341746e-17
1.797803282737731934e+00 1.764389746163204896e-15 3.402442013614368735e-17
1.798018932342529297e+00 1.666488195811895168e-15 3.703385540584431179e-17
1.798234701156616211e+00 1.787883051988250170e-15 3.281995582876032333e-17
1.798450469970703125e+00 1.908449721700427280e-15 2.991266082109774675e-17
1.798666119575500488e+00 1.965950553324785459e-15 3.137915609420320866e-17
1.798881888389587402e+00 1.828886011140699527e-15 5.343187063420573157e-17
1.799097657203674316e+00 1.572420951854568844e-15 1.350407290101891919e-16
1.799313306808471680e+00 1.546237892905517539e-15 2.020011054754751890e-16
1.799529075622558594e+00 1.812169604168399097e-15 2.494549616750948908e-16
1.799744844436645508e+00 1.554816960232664313e-15 1.374084375606711775e-16
1.799960613250732422e+00 nan nan
1.800176262855529785e+00 nan nan
1.800392031669616699e+00 nan nan
1.800607800483703613e+00 nan nan
1.800823450088500977e+00 nan nan
1.801039218902587891e+00 nan nan
1.801254987716674805e+00 nan nan
1.801470637321472168e+00 nan nan
1.801686406135559082e+00 nan nan
1.801902174949645996e+00 nan nan
1.802117824554443359e+00 nan nan
1.802333593368530273e+00 nan nan
1.802549362182617188e+00 nan nan
1.802765011787414551e+00 nan nan
1.802980780601501465e+00 nan nan
1.803196549415588379e+00 nan nan
1.803412199020385742e+00 nan nan
1.803627967834472656e+00 nan nan
1.803843736648559570e+00 nan nan
1.804059505462646484e+00 nan nan
1.804275155067443848e+00 nan nan
1.804490923881530762e+00 nan nan
1.804706692695617676e+00 nan nan
1.804922342300415039e+00 nan nan
1.805138111114501953e+00 nan nan
1.805353879928588867e+00 nan nan
1.805569529533386230e+00 nan nan
1.805785298347473145e+00 nan nan
1.806001067161560059e+00 nan nan
1.806216716766357422e+00 nan nan
1.806432485580444336e+00 nan nan
1.806648254394531250e+00 nan nan
1.806863903999328613e+00 nan nan
1.807079672813415527e+00 nan nan
1.807295441627502441e+00 nan nan
1.807511210441589355e+00 nan nan
1.807726860046386719e+00 nan nan
1.807942628860473633e+00 nan nan
1.808158397674560547e+00 nan nan
1.808374047279357910e+00 nan nan
1.808589816093444824e+00 nan nan
1.808805584907531738e+00 nan nan
1.809021234512329102e+00 nan nan
1.809237003326416016e+00 nan nan
1.809452772140502930e+00 nan nan
1.809668421745300293e+00 nan nan
1.809884190559387207e+00 nan nan
1.810099959373474121e+00 nan nan
1.810315608978271484e+00 nan nan
1.810531377792358398e+00 nan nan
1.810747146606445312e+00 nan nan
1.810962796211242676e+00 nan nan
1.811178565025329590e+00 nan nan
1.811394333839416504e+00 nan nan
1.811610102653503418e+00 nan nan
1.811825752258300781e+00 nan nan
1.812041521072387695e+00 nan nan
1.812257289886474609e+00 nan nan
1.812472939491271973e+00 nan nan
1.812688708305358887e+00 nan nan
1.812904477119445801e+00 nan nan
1.813120126724243164e+00 nan nan
1.813335895538330078e+00 nan nan
1.813551664352416992e+00 nan nan
1.813767313957214355e+00 nan nan
1.813983082771301270e+00 nan nan
1.814198851585388184e+00 nan nan
1.814414501190185547e+00 nan nan
1.814630270004272461e+00 nan nan
1.814846038818359375e+00 nan nan
1.815061688423156738e+00 nan nan
1.815277457237243652e+00 nan nan
1.815493226051330566e+00 nan nan
1.815708994865417480e+00 nan nan
1.815924644470214844e+00 nan nan
1.816140413284301758e+00 nan nan
1.816356182098388672e+00 nan nan
1.816571831703186035e+00 nan nan
1.816787600517272949e+00 nan nan
1.817003369331359863e+00 nan nan
1.817219018936157227e+00 nan nan
1.817434787750244141e+00 nan nan
1.817650556564331055e+00 nan nan
1.817866206169128418e+00 nan nan
1.818081974983215332e+00 nan nan
1.818297743797302246e+00 nan nan
1.818513393402099609e+00 nan nan
1.818729162216186523e+00 nan nan
1.818944931030273438e+00 nan nan
1.819160699844360352e+00 nan nan
1.819376349449157715e+00 nan nan
1.819592118263244629e+00 nan nan
1.819807887077331543e+00 nan nan
1.820023536682128906e+00 nan nan
1.820239305496215820e+00 nan nan
1.820455074310302734e+00 nan nan
1.820670723915100098e+00 nan nan
1.820886492729187012e+00 nan nan
1.821102261543273926e+00 nan nan
1.821317911148071289e+00 nan nan
1.821533679962158203e+00 nan nan
1.821749448776245117e+00 nan nan
1.821965098381042480e+00 nan nan
1.822180867195129395e+00 nan nan
1.822396636009216309e+00 nan nan
1.822612285614013672e+00 nan nan
1.822828054428100586e+00 nan nan
1.823043823242187500e+00 nan nan
1.823259592056274414e+00 nan nan
1.823475241661071777e+00 nan nan
1.823691010475158691e+00 nan nan
1.823906779289245605e+00 nan nan
1.824122428894042969e+00 nan nan
1.824338197708129883e+00 nan nan
1.824553966522216797e+00 nan nan
1.824769616127014160e+00 nan nan
1.824985384941101074e+00 nan nan
1.825201153755187988e+00 nan nan
1.825416803359985352e+00 nan nan
1.825632572174072266e+00 nan nan
1.825848340988159180e+00 nan nan
1.826063990592956543e+00 nan nan
1.826279759407043457e+00 nan nan
1.826495528221130371e+00 nan nan
1.826711177825927734e+00 nan nan
1.826926946640014648e+00 nan nan
1.827142715454101562e+00 nan nan
1.827358484268188477e+00 nan nan
1.827574133872985840e+00 nan nan
1.827789902687072754e+00 nan nan
1.828005671501159668e+00 nan nan
1.828221321105957031e+00 nan nan
1.828437089920043945e+00 nan nan
1.828652858734130859e+00 nan nan
1.828868508338928223e+00 nan nan
1.829084277153015137e+00 nan nan
1.829300045967102051e+00 nan nan
1.829515695571899414e+00 nan nan
1.829731464385986328e+00 nan nan
1.829947233200073242e+00 nan nan
1.830162882804870605e+00 nan nan
1.830378651618957520e+00 nan nan
1.830594420433044434e+00 nan nan
1.830810189247131348e+00 nan nan
1.831025838851928711e+00 nan nan
1.831241607666015625e+00 nan nan
1.831457376480102539e+00 nan nan
1.831673026084899902e+00 nan nan
1.831888794898986816e+00 nan nan
1.832104563713073730e+00 nan nan
1.832320213317871094e+00 nan nan
1.832535982131958008e+00 nan nan
1.832751750946044922e+00 nan nan
1.832967400550842285e+00 nan nan
1.833183169364929199e+00 nan nan
1.833398938179016113e+00 nan nan
1.833614587783813477e+00 nan nan
1.833830356597900391e+00 nan nan
1.834046125411987305e+00 nan nan
1.834261775016784668e+00 nan nan
1.834477543830871582e+00 nan nan
1.834693312644958496e+00 nan nan
1.834909081459045410e+00 nan nan
1.835124731063842773e+00 nan nan
1.835340499877929688e+00 nan nan
1.835556268692016602e+00 nan nan
1.835771918296813965e+00 nan nan
1.835987687110900879e+00 nan nan
1.836203455924987793e+00 nan nan
1.836419105529785156e+00 nan nan
1.836634874343872070e+00 nan nan
1.836850643157958984e+00 nan nan
1.837066292762756348e+00 nan nan
1.837282061576843262e+00 nan nan
1.837497830390930176e+00 nan nan
1.837713479995727539e+00 nan nan
1.837929248809814453e+00 nan nan
1.838145017623901367e+00 nan nan
1.838360786437988281e+00 nan nan
1.838576436042785645e+00 nan nan
1.838792204856872559e+00 nan nan
1.839007973670959473e+00 nan nan
1.839223623275756836e+00 nan nan
1.839439392089843750e+00 nan nan
1.839655160903930664e+00 nan nan
1.839870810508728027e+00 nan nan
1.840086579322814941e+00 nan nan
1.840302348136901855e+00 nan nan
1.840517997741699219e+00 nan nan
1.840733766555786133e+00 nan nan
1.840949535369873047e+00 nan nan
1.841165184974670410e+00 nan nan
1.841380953788757324e+00 nan nan
1.841596722602844238e+00 nan nan
1.841812372207641602e+00 nan nan
1.842028141021728516e+00 nan nan
1.842243909835815430e+00 nan nan
1.842459678649902344e+00 nan nan
1.842675328254699707e+00 nan nan
1.842891097068786621e+00 nan nan
1.843106865882873535e+00 nan nan
1.843322515487670898e+00 nan nan
1.843538284301757812e+00 nan nan
1.843754053115844727e+00 nan nan
1.843969702720642090e+00 nan nan
1.844185471534729004e+00 nan nan
1.844401240348815918e+00 nan nan
1.844616889953613281e+00 nan nan
1.844832658767700195e+00 nan nan
1.845048427581787109e+00 nan nan
1.845264077186584473e+00 nan nan
1.845479846000671387e+00 nan nan
1.845695614814758301e+00 nan nan
1.845911264419555664e+00 nan nan
1.846127033233642578e+00 nan nan
1.846342802047729492e+00 nan nan
1.846558570861816406e+00 nan nan
1.846774220466613770e+00 nan nan
1.846989989280700684e+00 nan nan
1.847205758094787598e+00 nan nan
1.847421407699584961e+00 nan nan
1.847637176513671875e+00 nan nan
1.847852945327758789e+00 nan nan
1.848068594932556152e+00 nan nan
1.848284363746643066e+00 nan nan
1.848500132560729980e+00 nan nan
1.848715782165527344e+00 nan nan
1.848931550979614258e+00 nan nan
1.849147319793701172e+00 nan nan
1.849362969398498535e+00 nan nan
1.849578738212585449e+00 nan nan
1.849794507026672363e+00 nan nan
1.850010275840759277e+00 nan nan
1.850225925445556641e+00 nan nan
1.850441694259643555e+00 nan nan
1.850657463073730469e+00 nan nan
1.850873112678527832e+00 nan nan
1.851088881492614746e+00 nan nan
1.851304650306701660e+00 nan nan
1.851520299911499023e+00 nan nan
1.851736068725585938e+00 nan nan
1.851951837539672852e+00 nan nan
1.852167487144470215e+00 nan nan
1.852383255958557129e+00 nan nan
1.852599024772644043e+00 nan nan
1.882735610008239746e+00 nan nan
1.883023142814636230e+00 nan nan
1.883310675621032715e+00 nan nan
1.883598208427429199e+00 nan nan
1.883885741233825684e+00 nan nan
1.884173274040222168e+00 nan nan
1.884460806846618652e+00 nan nan
1.884748458862304688e+00 nan nan
1.885035991668701172e+00 nan nan
1.885323524475097656e+00 nan nan
1.885611057281494141e+00 nan nan
1.885898590087890625e+00 nan nan
1.886186122894287109e+00 nan nan
1.886473655700683594e+00 nan nan
1.886761188507080078e+00 nan nan
1.887048721313476562e+00 nan nan
1.887336254119873047e+00 nan nan
1.887623786926269531e+00 nan nan
1.887911319732666016e+00 nan nan
1.888198971748352051e+00 nan nan
1.888486504554748535e+00 nan nan
1.888774037361145020e+00 nan nan
1.889061570167541504e+00 nan nan
1.889349102973937988e+00 nan nan
1.889636635780334473e+00 nan nan
1.889924168586730957e+00 nan nan
1.890211701393127441e+00 nan nan
1.890499234199523926e+00 nan nan
1.890786767005920410e+00 nan nan
1.891074299812316895e+00 nan nan
1.891361832618713379e+00 nan nan
1.891649365425109863e+00 nan nan
1.891937017440795898e+00 nan nan
1.892224550247192383e+00 nan nan
1.892512083053588867e+00 nan nan
1.892799615859985352e+00 nan nan
1.893087148666381836e+00 nan nan
1.893374681472778320e+00 nan nan
1.893662214279174805e+00 nan nan
1.893949747085571289e+00 nan nan
1.894237279891967773e+00 nan nan
1.894524812698364258e+00 nan nan
1.894812345504760742e+00 nan nan
1.895099878311157227e+00 nan nan
1.895387530326843262e+00 nan nan
1.895675063133239746e+00 nan nan
1.895962595939636230e+00 nan nan
1.896250128746032715e+00 nan nan
1.896537661552429199e+00 nan nan
1.896825194358825684e+00 nan nan
1.897112727165222168e+00 nan nan
1.897400259971618652e+00 nan nan
1.897687792778015137e+00 nan nan
1.897975325584411621e+00 nan nan
1.898262858390808105e+00 nan nan
1.898550391197204590e+00 nan nan
1.898837924003601074e+00 nan nan
1.899125576019287109e+00 nan nan
1.899413108825683594e+00 nan nan
1.899700641632080078e+00 nan nan
1.899988174438476562e+00 nan nan
1.900275707244873047e+00 nan nan
1.900563240051269531e+00 nan nan
1.900850772857666016e+00 nan nan
1.901138305664062500e+00 nan nan
1.901425838470458984e+00 nan nan
1.901713371276855469e+00 nan nan
1.902000904083251953e+00 nan nan
1.902288436889648438e+00 nan nan
1.902576088905334473e+00 nan nan
1.902863621711730957e+00 nan nan
1.903151154518127441e+00 nan nan
1.903438687324523926e+00 nan nan
1.903726220130920410e+00 nan nan
1.904013752937316895e+00 nan nan
1.904301285743713379e+00 nan nan
1.904588818550109863e+00 nan nan
1.904876351356506348e+00 nan nan
1.905163884162902832e+00 nan nan
1.905451416969299316e+00 nan nan
1.905738949775695801e+00 nan nan
1.906026482582092285e+00 nan nan
1.906314134597778320e+00 nan nan
1.906601667404174805e+00 nan nan
1.906889200210571289e+00 nan nan
1.907176733016967773e+00 nan nan
1.907464265823364258e+00 nan nan
1.907751798629760742e+00 nan nan
1.908039331436157227e+00 nan nan
1.908326864242553711e+00 nan nan
1.908614397048950195e+00 nan nan
1.908901929855346680e+00 nan nan
1.909189462661743164e+00 nan nan
1.909476995468139648e+00 nan nan
1.909764647483825684e+00 nan nan
1.910052180290222168e+00 nan nan
1.910339713096618652e+00 nan nan
1.910627245903015137e+00 nan nan
1.910914778709411621e+00 nan nan
1.911202311515808105e+00 nan nan
1.911489844322204590e+00 nan nan
1.911777377128601074e+00 nan nan
1.912064909934997559e+00 nan nan
1.912352442741394043e+00 nan nan
1.912639975547790527e+00 nan nan
1.912927508354187012e+00 nan nan
1.913215160369873047e+00 nan nan
1.913502693176269531e+00 nan nan
1.913790225982666016e+00 nan nan
1.914077758789062500e+00 nan nan
1.914365291595458984e+00 nan nan
1.914652824401855469e+00 nan nan
1.914940357208251953e+00 nan nan
1.915227890014648438e+00 nan nan
1.915515422821044922e+00 nan nan
1.915802955627441406e+00 nan nan
1.916090488433837891e+00 nan nan
1.916378021240234375e+00 nan nan
1.916665554046630859e+00 nan nan
1.916953206062316895e+00 nan nan
1.917240738868713379e+00 nan nan
1.917528271675109863e+00 nan nan
1.917815804481506348e+00 nan nan
1.918103337287902832e+00 nan nan
1.918390870094299316e+00 nan nan
1.918678402900695801e+00 nan nan
1.918965935707092285e+00 nan nan
1.919253468513488770e+00 nan nan
1.919541001319885254e+00 nan nan
1.919828534126281738e+00 nan nan
1.920116066932678223e+00 nan nan
1.920403718948364258e+00 nan nan
1.920691251754760742e+00 nan nan
1.920978784561157227e+00 nan nan
1.921266317367553711e+00 nan nan
1.921553850173950195e+00 nan nan
1.921841382980346680e+00 nan nan
1.922128915786743164e+00 nan nan
1.922416448593139648e+00 nan nan
1.922703981399536133e+00 nan nan
1.922991514205932617e+00 nan nan
1.923279047012329102e+00 nan nan
1.923566579818725586e+00 nan nan
1.923854112625122070e+00 nan nan
1.924141764640808105e+00 nan nan
1.924429297447204590e+00 nan nan
1.924716830253601074e+00 nan nan
1.925004363059997559e+00 nan nan
1.925291895866394043e+00 1.447798794270056550e-15 1.428580754897379348e-16
1.925579428672790527e+00 1.307432411778454949e-15 8.467071704418524546e-17
1.925866961479187012e+00 1.212526605203346868e-15 6.474756244758824125e-17
1.926154494285583496e+00 1.506196633785557033e-15 7.078324129703656765e-17
1.926442027091979980e+00 1.318236105262446736e-15 8.603674957753491706e-17
1.926729559898376465e+00 1.735269600469549305e-15 2.232981342776288675e-16
1.927017092704772949e+00 1.230273533635100561e-15 4.874537497990161661e-16
1.927304625511169434e+00 1.839574084627391103e-15 3.960817646798530257e-16
1.927592277526855469e+00 1.700635905563978659e-15 1.611618222051929244e-16
1.927879810333251953e+00 1.621401373183377608e-15 1.046011772999523180e-16
1.928167343139648438e+00 1.564456618688891878e-15 1.571497977109637275e-16
1.928454875946044922e+00 1.027470764414608381e-15 3.238419244985595805e-16
1.928742408752441406e+00 1.306160168291678990e-15 2.940771867320434666e-16
1.929029941558837891e+00 1.635199010498558127e-15 1.089363448635590305e-16
1.929317474365234375e+00 1.319111196176078835e-15 6.699983628922722670e-17
1.929605007171630859e+00 1.388237978517975913e-15 6.977725070582917709e-17
1.929892539978027344e+00 1.340988469016881311e-15 1.074553143727297868e-16
1.930180072784423828e+00 1.348371419943386607e-15 1.703437519976581460e-16
1.930467605590820312e+00 1.287881938443760036e-15 1.880067315234050583e-16
1.930755138397216797e+00 7.390129530733275526e-16 2.308613179334421169e-16
1.931042671203613281e+00 6.411018206618020101e-16 2.558011178043813208e-16
1.931330323219299316e+00 1.164521436434183023e-15 1.787580978863435605e-16
1.931617856025695801e+00 1.197243801494274340e-15 1.364878980354629649e-16
1.931905388832092285e+00 1.358904274642493831e-15 1.077144667499202002e-16
1.932192921638488770e+00 1.427534272160826262e-15 6.655595132019657078e-17
1.932480454444885254e+00 1.390677856922541925e-15 6.384578337867273133e-17
1.932767987251281738e+00 1.406585559188451313e-15 7.573841712569872675e-17
1.933055520057678223e+00 1.627885833911082904e-15 6.779712590316503817e-17
1.933343052864074707e+00 1.507109311786223541e-15 6.109961653689058411e-17
1.933630585670471191e+00 1.556845815899575176e-15 1.014364504507734384e-16
1.933918118476867676e+00 1.202834113067034316e-15 1.693347372341312616e-16
1.934205651283264160e+00 1.391447915750714491e-15 1.512627863786483316e-16
1.934493184089660645e+00 1.467275046342748305e-15 1.014372908662757923e-16
1.934780836105346680e+00 1.632955961375110333e-15 9.548144487210618366e-17
1.935068368911743164e+00 1.471412908169203969e-15 9.445877170230482364e-17
1.935355901718139648e+00 1.398772421403859240e-15 8.600298737365295269e-17
1.935643434524536133e+00 1.471863106180669629e-15 7.011219929690904948e-17
1.935930967330932617e+00 1.574511323289274050e-15 7.617693534691513863e-17
1.936218500137329102e+00 1.505013964032953216e-15 1.129496597595438102e-16
1.936506032943725586e+00 1.603113825973038857e-15 1.474616598533956546e-16
1.936793565750122070e+00 1.639227816833054800e-15 1.039574190251492489e-16
1.937081098556518555e+00 1.565921138654694563e-15 6.825509279494379683e-17
1.937368631362915039e+00 1.467310621726532986e-15 6.371899975182550367e-17
1.937656164169311523e+00 1.349564465849594289e-15 8.489227571689634882e-17
1.937943696975708008e+00 9.508604459837195592e-16 1.180173520038478824e-16
1.938231229782104492e+00 1.325606774211216844e-15 1.023358737093043973e-16
1.938518881797790527e+00 1.382913847048890602e-15 7.893945389504623410e-17
1.938806414604187012e+00 1.291157838367266043e-15 1.184631560318996613e-16
1.939093947410583496e+00 1.255699451008424929e-15 1.946296424333170301e-16
1.939381480216979980e+00 1.232496148088695846e-15 2.313398915486407966e-16
1.939669013023376465e+00 1.147938119513719924e-15 2.156220702467041817e-16
1.939956545829772949e+00 1.702769793316349055e-15 1.160755554420470005e-16
1.940244078636169434e+00 1.392481931221075178e-15 6.581404310263040962e-17
1.940531611442565918e+00 1.338238364795383412e-15 6.561313085800862983e-17
1.940819144248962402e+00 1.182554556122990264e-15 8.838962843399505195e-17
1.941106677055358887e+00 1.156418719260748386e-15 1.104459428640234056e-16
1.941394209861755371e+00 1.112610386986992786e-15 1.199218394113001724e-16
1.941681742668151855e+00 1.467436300240081842e-15 9.256144437023479258e-17
1.941969394683837891e+00 1.485888171842187928e-15 5.842368063783663916e-17
1.942256927490234375e+00 1.520449974826360365e-15 4.297481876643286631e-17
1.942544460296630859e+00 1.451965772854074081e-15 4.104727287222504804e-17
1.942831993103027344e+00 1.412705054595008412e-15 4.378048937433706505e-17
1.943119525909423828e+00 1.364190183749834293e-15 4.851374587954104768e-17
1.943407058715820312e+00 1.306305010925659475e-15 6.556374486671676387e-17
1.943694591522216797e+00 1.379546679325317944e-15 8.007869335676856678e-17
1.943982124328613281e+00 1.580730768583607157e-15 7.584480578736284696e-17
1.944269657135009766e+00 1.285525810421853793e-15 8.806500305695984135e-17
1.944557189941406250e+00 1.293947859016403301e-15 1.262419228076789310e-16
1.944844722747802734e+00 1.356463655084098972e-15 1.369227965143188447e-16
1.945132255554199219e+00 1.486326511392392028e-15 8.925235796055315854e-17
1.945419907569885254e+00 1.082065849513410682e-15 6.094727633783791811e-17
1.945707440376281738e+00 1.106935689756862601e-15 5.894538675889628393e-17
1.945994973182678223e+00 1.047563550593782859e-15 6.458230499608994717e-17
1.946282505989074707e+00 1.363201484542151710e-15 6.107994949064652333e-17
1.946570038795471191e+00 1.450773785739050466e-15 5.361848919784259503e-17
1.946857571601867676e+00 1.388352433844973650e-15 6.230253567088969908e-17
1.947145104408264160e+00 1.392810050609017813e-15 7.855764055918155737e-17
1.947432637214660645e+00 1.434155740467749941e-15 7.503869511937277001e-17
1.947720170021057129e+00 1.442058451986514157e-15 6.738356206666812603e-17
1.948007702827453613e+00 1.234233412663514416e-15 7.722617755799170191e-17
1.948295235633850098e+00 1.071210804656991603e-15 8.208005354011816703e-17
1.948582768440246582e+00 1.417157906798724269e-15 6.872703573035225146e-17
1.948870301246643066e+00 1.555385213461153542e-15 6.379312175215515537e-17
1.949157953262329102e+00 1.071678896239468010e-15 7.000798777461716884e-17
1.949445486068725586e+00 1.304072973230525987e-15 6.842389057946381787e-17
1.949733018875122070e+00 1.465897135495802372e-15 6.241999531787222901e-17
1.950020551681518555e+00 1.280982643330136946e-15 5.937698313274685207e-17
1.950308084487915039e+00 1.282450233790373428e-15 5.843975441149976960e-17
1.950595617294311523e+00 1.135267671293098066e-15 6.114572689295674009e-17
1.950883150100708008e+00 1.100381031173653604e-15 6.363967643980411853e-17
1.951170682907104492e+00 1.098072760513267229e-15 5.937763825979199407e-17
1.951458215713500977e+00 1.298225798916511145e-15 6.345820624829978510e-17
1.951745748519897461e+00 1.346121700435479185e-15 8.321457476362649724e-17
1.952033281326293945e+00 1.269028043829063378e-15 9.417696119377535775e-17
1.952320814132690430e+00 1.353807571519746299e-15 8.588675857142190166e-17
1.952608466148376465e+00 1.386840056517651097e-15 8.059394746905029793e-17
1.952895998954772949e+00 1.392218503974479091e-15 9.619874942953256756e-17
1.953183531761169434e+00 1.037825953953029016e-15 1.219502318570680056e-16
1.953471064567565918e+00 1.177162767897243015e-15 1.051914666199599594e-16
1.953758597373962402e+00 1.559838700939579839e-15 8.476162750222727342e-17
1.954046130180358887e+00 1.297777506729176807e-15 9.853260974934888324e-17
1.954333662986755371e+00 1.181593809002567073e-15 1.033373445856447981e-16
1.954621195793151855e+00 1.512510946769982621e-15 8.389262463790356466e-17
1.954908728599548340e+00 1.441556373207029170e-15 7.978704270767217007e-17
1.955196261405944824e+00 1.358242847789806629e-15 1.046102895215802022e-16
1.955483794212341309e+00 1.119029202661285874e-15 1.313990696721469378e-16
1.955771327018737793e+00 1.633978859538038307e-15 1.408115512449429393e-16
1.956058859825134277e+00 1.068713116253775484e-15 1.693724169653942771e-16
1.956346511840820312e+00 1.231567799978505132e-15 1.481218558613313775e-16
1.956634044647216797e+00 1.163977747161164169e-15 1.079467787705944929e-16
1.956921577453613281e+00 1.359634628801263852e-15 9.147085636342037877e-17
1.957209110260009766e+00 1.236357030141399353e-15 8.944830050405471974e-17
1.957496643066406250e+00 1.318154472462155103e-15 9.350353029603878643e-17
1.957784175872802734e+00 1.280601796141227731e-15 1.050626646724181024e-16
1.958071708679199219e+00 1.460553945785403838e-15 1.029816106001326932e-16
1.958359241485595703e+00 1.393672012511967470e-15 8.488624722459206236e-17
1.958646774291992188e+00 1.557095372981659974e-15 8.602655871238826376e-17
1.958934307098388672e+00 1.507822619406930069e-15 1.120155412373999271e-16
1.959221839904785156e+00 1.299732458771439732e-15 1.350290823071644453e-16
1.959509372711181641e+00 1.431271699161467455e-15 9.770025429488372382e-17
1.959797024726867676e+00 1.189683608923556082e-15 5.951356057804670758e-17
1.960084557533264160e+00 1.302382189588687997e-15 4.536660158146259519e-17
1.960372090339660645e+00 1.328768748203317147e-15 4.473742153777516065e-17
1.960659623146057129e+00 1.143270862095230322e-15 5.270012350328417180e-17
1.960947155952453613e+00 1.235618946806985637e-15 6.507700532451096069e-17
1.961234688758850098e+00 1.226429274603986919e-15 5.595882137877152560e-17
1.961522221565246582e+00 1.403845936999675685e-15 5.663483969746416278e-17
1.961809754371643066e+00 1.370742618871556746e-15 7.100898881236963954e-17
1.962097287178039551e+00 1.301121486925818378e-15 7.403921609394739688e-17
1.962384819984436035e+00 1.578421015615563087e-15 6.662917996546466521e-17
1.962672352790832520e+00 1.346821561408148051e-15 7.030382726633553408e-17
1.962959885597229004e+00 1.408132558987492886e-15 7.651420666115505993e-17
1.963247418403625488e+00 1.032182173425473613e-15 8.117556793623838360e-17
1.963535070419311523e+00 1.177549967833256637e-15 8.283871712817220232e-17
1.963822603225708008e+00 1.036082654268461259e-15 9.687197518647722573e-17
1.964110136032104492e+00 1.544385537728990791e-15 1.343892812644118299e-16
1.964397668838500977e+00 1.345891413352944422e-15 1.362539184186737653e-16
1.964685201644897461e+00 1.387961422260697384e-15 8.955718394244629988e-17
1.964972734451293945e+00 1.353681893006197443e-15 5.690434837592374005e-17
1.965260267257690430e+00 1.278640385472741992e-15 5.524881917179275982e-17
1.965547800064086914e+00 1.384719403655081549e-15 5.506446046558939123e-17
1.965835332870483398e+00 1.158175465593353805e-15 5.401316684659369645e-17
1.966122865676879883e+00 1.448432798431076394e-15 5.213043098052910079e-17
1.966410398483276367e+00 1.347308605352819273e-15 4.751128238646558323e-17
1.966697931289672852e+00 1.342831718589225076e-15 4.788707053874842370e-17
1.966985583305358887e+00 1.319947429453255643e-15 4.734206108547193504e-17
1.967273116111755371e+00 1.250184948884444213e-15 5.168488503282843839e-17
1.967560648918151855e+00 1.201525341284408015e-15 7.474709079239067627e-17
1.967848181724548340e+00 1.208948949792381516e-15 8.169472634101136504e-17
1.968135714530944824e+00 1.422018393608306258e-15 7.041872596214159984e-17
1.968423247337341309e+00 1.329652203567303383e-15 4.859851203999303174e-17
1.968710780143737793e+00 1.279817020115596622e-15 4.459881584561332512e-17
1.968998312950134277e+00 1.333061193542646721e-15 4.263456629326530390e-17
1.969285845756530762e+00 1.319417186828274451e-15 4.487655331680657990e-17
1.969573378562927246e+00 1.618146860841789773e-15 5.446510855479061886e-17
1.969860911369323730e+00 1.407315489830747706e-15 7.700635265584450970e-17
1.970148444175720215e+00 1.701117443794492728e-15 1.001198965529442387e-16
1.970435976982116699e+00 1.632506186880118299e-15 8.883465822099348127e-17
1.970723628997802734e+00 1.248327935026707566e-15 5.954136708151829016e-17
1.971011161804199219e+00 1.294218062526577423e-15 4.787952334283948987e-17
1.971298694610595703e+00 1.253229714692468202e-15 4.911546021816927149e-17
1.971586227416992188e+00 1.393270942411442559e-15 5.140555606613663158e-17
1.971873760223388672e+00 1.362818308012637546e-15 4.852808588264026697e-17
1.972161293029785156e+00 1.271263046139512257e-15 4.523500707217275913e-17
1.972448825836181641e+00 1.580479093919154223e-15 4.143212030657656927e-17
1.972736358642578125e+00 1.431153220427970260e-15 3.620459360687010070e-17
1.973023891448974609e+00 1.309337177118593057e-15 3.787889319346113423e-17
1.973311424255371094e+00 1.407184305603041696e-15 4.609677045177540378e-17
1.973598957061767578e+00 1.384944290902577566e-15 5.663929985532704871e-17
1.973886489868164062e+00 1.288143883382698428e-15 6.161780217726320319e-17
1.974174141883850098e+00 1.197999778399698803e-15 5.236943985544262282e-17
1.974461674690246582e+00 1.324937935820241167e-15 4.213834726123964303e-17
1.974749207496643066e+00 1.352839518740153041e-15 4.886921847597958579e-17
1.975036740303039551e+00 1.366528418200729789e-15 6.754720486161071660e-17
1.975324273109436035e+00 1.389257170911759650e-15 7.119986901052237620e-17
1.975611805915832520e+00 1.044574371322922433e-15 5.391567864832064682e-17
1.975899338722229004e+00 1.045862920193933038e-15 4.393574124914591771e-17
1.976186871528625488e+00 1.168282897994702557e-15 4.025450628187667653e-17
1.976474404335021973e+00 1.158468221355748572e-15 3.661674461888077227e-17
1.976761937141418457e+00 1.233384897408602420e-15 6.141099378923514543e-17
1.977049469947814941e+00 1.351637155471525562e-15 1.032337352508388561e-16
1.977337002754211426e+00 1.255044482781960541e-15 1.092363731978993643e-16
1.977624654769897461e+00 1.078347057237609083e-15 7.587767463618325407e-17
1.977912187576293945e+00 1.092032992082870441e-15 4.203349384679242124e-17
1.978199720382690430e+00 9.570945025963928030e-16 3.519720342606627041e-17
1.978487253189086914e+00 1.021083818354955736e-15 3.270114291429565665e-17
1.978774785995483398e+00 1.189113343991817125e-15 3.163053297363562356e-17
1.979062318801879883e+00 1.308314490713901896e-15 3.187709235318052963e-17
1.979349851608276367e+00 1.299873489757157573e-15 3.675636278011237270e-17
1.979637384414672852e+00 1.082775769002328192e-15 4.718345416609856730e-17
1.979924917221069336e+00 1.223799554940117537e-15 5.366689580728919821e-17
1.980212450027465820e+00 1.128493842934787019e-15 4.871915136925021551e-17
1.980499982833862305e+00 1.202488735382791375e-15 4.511831174007622819e-17
1.980787515640258789e+00 1.193101916261319218e-15 3.815956881019017736e-17
1.981075048446655273e+00 1.190893277851353630e-15 3.365287376604201880e-17
1.981362700462341309e+00 1.251456980612983359e-15 3.231529955448662157e-17
1.981650233268737793e+00 1.250524291458937967e-15 3.148944243091367874e-17
1.981937766075134277e+00 1.214478804388531216e-15 3.120385005262362040e-17
1.982225298881530762e+00 1.342153668714948008e-15 3.153761412106631686e-17
1.982512831687927246e+00 1.213051024476815686e-15 3.239502322192448238e-17
1.982800364494323730e+00 1.180141782772736389e-15 3.382323657628099017e-17
1.983087897300720215e+00 1.307096986731342246e-15 3.339816500310224031e-17
1.983375430107116699e+00 1.388505111533716238e-15 3.425491566819281362e-17
1.983662962913513184e+00 1.290696417169249263e-15 5.017736821878524673e-17
1.983950495719909668e+00 1.165330564657047693e-15 6.344162954882422243e-17
1.984238028526306152e+00 1.312591054185470452e-15 5.818089981932987533e-17
1.984525561332702637e+00 1.341712682186783738e-15 3.978280157448463718e-17
1.984813213348388672e+00 1.256407464673211117e-15 3.233845068547075571e-17
1.985100746154785156e+00 1.243604985191935994e-15 3.349109709056134786e-17
1.985388278961181641e+00 1.246929060114317089e-15 3.294425129632499148e-17
1.985675811767578125e+00 1.223238713249916784e-15 3.068251781720084960e-17
1.985963344573974609e+00 1.170580792501485067e-15 2.983407204546030869e-17
1.986250877380371094e+00 1.153644792237608959e-15 3.042659806184429348e-17
1.986538410186767578e+00 1.112885143299258400e-15 3.639435545683466567e-17
1.986825942993164062e+00 1.085794594426342519e-15 4.438965826464561675e-17
1.987113475799560547e+00 1.279500229793323514e-15 4.520802444059127936e-17
1.987401008605957031e+00 1.352294029522121271e-15 3.564254092425256945e-17
1.987688541412353516e+00 1.309991827707702224e-15 3.161104128968142402e-17
1.987976074218750000e+00 1.260828764899641751e-15 3.069059440870181737e-17
1.988263607025146484e+00 1.215036152067824546e-15 3.023030810248546001e-17
1.988551259040832520e+00 1.281773454465517242e-15 3.075148813667552105e-17
1.988838791847229004e+00 1.344116244053736222e-15 3.458688971778994532e-17
1.989126324653625488e+00 1.349878079798315193e-15 4.016952505446542867e-17
1.989413857460021973e+00 1.290459247944018058e-15 4.293144472383303575e-17
1.989701390266418457e+00 1.234715162652265299e-15 4.404613015625234436e-17
1.989988923072814941e+00 1.173404906226749311e-15 4.608771778715162345e-17
1.990276455879211426e+00 1.203712486233337025e-15 4.706403575542551180e-17
1.990563988685607910e+00 1.151092258451058125e-15 4.331614988311919786e-17
1.990851521492004395e+00 1.147469180898296262e-15 3.744186720606976801e-17
1.991139054298400879e+00 1.263734299666960815e-15 3.339503164294188944e-17
1.991426587104797363e+00 1.293210834473173653e-15 3.332448968030336724e-17
1.991714119911193848e+00 1.203842929307214187e-15 3.312589023267428572e-17
1.992001771926879883e+00 1.180371222822323898e-15 3.480844508177859847e-17
1.992289304733276367e+00 1.195565617467526758e-15 4.009135979530161777e-17
1.992576837539672852e+00 1.281564343206663837e-15 4.280179905206637461e-17
1.992864370346069336e+00 1.283342688879424241e-15 3.893478262794017363e-17
1.993151903152465820e+00 1.307060352556373498e-15 3.349904133316430714e-17
1.993439435958862305e+00 1.327526574386168716e-15 3.176882764588713915e-17
1.993726968765258789e+00 1.392551811439223658e-15 3.369380266275114261e-17
1.994014501571655273e+00 1.264523946132038636e-15 3.666853605139394243e-17
1.994302034378051758e+00 1.261239364120823273e-15 3.668846779543402019e-17
1.994589567184448242e+00 1.296186461216878010e-15 3.447537584505044655e-17
1.994877099990844727e+00 1.292318273505004434e-15 3.412924377208885723e-17
1.995164632797241211e+00 1.296173861601787602e-15 3.558944585509401571e-17
1.995452165603637695e+00 1.243881964965688151e-15 3.808598944034236045e-17
1.995739817619323730e+00 1.314730341772879594e-15 4.028540313211675722e-17
1.996027350425720215e+00 1.320159399448306032e-15 3.943480007333867801e-17
1.996314883232116699e+00 1.329878043726865060e-15 3.946409219319040582e-17
1.996602416038513184e+00 1.303721242799178639e-15 4.333422543386470662e-17
1.996889948844909668e+00 1.327391896147555282e-15 4.611076965646225122e-17
1.997177481651306152e+00 1.284015974193373003e-15 4.497884578007733752e-17
1.997465014457702637e+00 1.150756621645708608e-15 4.918020529907502208e-17
1.997752547264099121e+00 1.050473955800548635e-15 5.298639086095407341e-17
1.998040080070495605e+00 1.005959939202611796e-15 6.176586088946529472e-17
1.998327612876892090e+00 1.254992496134822808e-15 6.402130448721158338e-17
1.998615145683288574e+00 1.234455441174813449e-15 6.295974059373043020e-17
1.998902678489685059e+00 1.209369078134219649e-15 6.497256219164756520e-17
1.999190330505371094e+00 1.402784392958529233e-15 7.039041653285758502e-17
1.999477863311767578e+00 1.111636722614123968e-15 7.634560739998205161e-17
1.999765396118164062e+00 9.938681203640830318e-16 8.276132611006174105e-17
2.000052928924560547e+00 1.046766916106890190e-15 9.763743489044399669e-17
2.000340461730957031e+00 1.199020347222021828e-15 1.688859950605436943e-16
2.000627994537353516e+00 1.028965459929157000e-15 3.062140571354543192e-16
2.000915527343750000e+00 8.813139588164579756e-16 3.715853865568014480e-16
2.001203060150146484e+00 1.318935436839523568e-15 3.060163014120500418e-16
2.001490592956542969e+00 1.092508177566280103e-15 1.579039217318160718e-16
2.001778125762939453e+00 1.311395043663947380e-15 1.298588461366833994e-16
2.002065658569335938e+00 1.282261239564017313e-15 1.450278430283584311e-16
2.002353191375732422e+00 9.275860981755395217e-16 1.645088728962682922e-16
2.002640724182128906e+00 1.084573490553757038e-15 1.871836537266902936e-16
2.002928256988525391e+00 1.310810802688578726e-15 2.387324774749211096e-16
2.003215789794921875e+00 1.327295863787160326e-15 2.780724197843346566e-16
2.003503322601318359e+00 1.345341371332821161e-15 2.759703222372658984e-16
2.003790855407714844e+00 1.171393202977020348e-15 2.054035838850365100e-16
2.004078388214111328e+00 1.190953523069727092e-15 1.637546827009669437e-16
2.004365921020507812e+00 1.086695308086629060e-15 1.619219945706842564e-16
2.004653692245483398e+00 1.248625455349430639e-15 1.640564911279854916e-16
2.004941225051879883e+00 9.393946903723301295e-16 1.758150951459982948e-16
2.005228757858276367e+00 1.103776786259196094e-15 1.785183213878215893e-16
2.005516290664672852e+00 9.483787453273828660e-16 1.861948486398893048e-16
2.005803823471069336e+00 9.172114268793320375e-16 1.757387033620677976e-16
2.006091356277465820e+00 9.490977704204833602e-16 1.612100766134068179e-16
2.006378889083862305e+00 1.181819119766536717e-15 1.299469905027570500e-16
2.006666421890258789e+00 9.276760954261852911e-16 1.275101031832860297e-16
2.006953954696655273e+00 1.374620123945850120e-15 1.295882720495948538e-16
2.007241487503051758e+00 1.235548325435008310e-15 1.290062280659331410e-16
2.007529020309448242e+00 1.300017379479072397e-15 9.937089443444482276e-17
2.007816553115844727e+00 1.106038470107483483e-15 9.220469129820802238e-17
2.008104085922241211e+00 1.289632226150142641e-15 8.301934028672928144e-17
2.008391618728637695e+00 1.206656560999756159e-15 7.381309138425500081e-17
2.008679151535034180e+00 1.066945358492855760e-15 6.419671309918712821e-17
2.008966684341430664e+00 1.072542128691838549e-15 5.638605685643271418e-17
2.009254217147827148e+00 1.047655136031204730e-15 6.222998862244634834e-17
2.009541749954223633e+00 1.021882570424216541e-15 7.672857217125940215e-17
2.009829282760620117e+00 1.212514958500322121e-15 9.467857675211731458e-17
2.010116815567016602e+00 1.159594139900886351e-15 1.068179684020352288e-16
2.010404348373413086e+00 1.103883830047905357e-15 1.023719321665668089e-16
2.010691881179809570e+00 1.027398660734973358e-15 1.062079260089998211e-16
2.010979413986206055e+00 1.269397561952303067e-15 1.032760074888627660e-16
2.011266946792602539e+00 1.063292740666058403e-15 1.081296187731932141e-16
2.011554479598999023e+00 1.036667107002066726e-15 1.128871116703450005e-16
2.011842250823974609e+00 1.258516788470111138e-15 1.138771078972280657e-16
2.012129783630371094e+00 1.076651191398087567e-15 1.182735530006127065e-16
2.012417316436767578e+00 1.034605852324923386e-15 1.145907728599592163e-16
2.012704849243164062e+00 1.003109249818627449e-15 1.217646919369499113e-16
2.012992382049560547e+00 9.924609868804568254e-16 1.122200599894924381e-16
2.013279914855957031e+00 1.226726371410236365e-15 1.092457765871028671e-16
2.013567447662353516e+00 9.544718768334566755e-16 1.135040692933013515e-16
2.013854980468750000e+00 9.044839098138889207e-16 1.054706566203088573e-16
2.014142513275146484e+00 7.959724777048310298e-16 1.074266343665313483e-16
2.014430046081542969e+00 1.228127152146758164e-15 9.804590991181248260e-17
2.014717578887939453e+00 1.194557224743820513e-15 9.647232783660590573e-17
2.015005111694335938e+00 1.015751640072871508e-15 1.038586338076757161e-16
2.015292644500732422e+00 1.116317532559769638e-15 9.466387940699347238e-17
2.015580177307128906e+00 9.572230398461386430e-16 9.679171881472488077e-17
2.015867710113525391e+00 1.370224128828718708e-15 9.544993921693526394e-17
2.016155242919921875e+00 1.178694838740589231e-15 9.242646172915593931e-17
2.016442775726318359e+00 9.286235017776892260e-16 1.025545207062593140e-16
2.016730308532714844e+00 1.150619719945608632e-15 1.005128404311314289e-16
2.017017841339111328e+00 1.123658661234504252e-15 9.805006566720994902e-17
2.017305374145507812e+00 1.243527269919025412e-15 9.727555991606429814e-17
2.017592906951904297e+00 1.365712725472523897e-15 8.654932362463197641e-17
2.017880439758300781e+00 1.183963701309866199e-15 9.045771893172053005e-17
2.018167972564697266e+00 1.221479002301995975e-15 8.800538649585191954e-17
2.018455505371093750e+00 1.359390895070691427e-15 7.831505164657690584e-17
2.018743038177490234e+00 9.764661461000986517e-16 8.544407797736312295e-17
2.019030809402465820e+00 1.253233314582494033e-15 9.916404634174736245e-17
2.019318342208862305e+00 1.213226042659542106e-15 1.061859891791549148e-16
2.019605875015258789e+00 1.088169251293969950e-15 1.020899429870250315e-16
2.019893407821655273e+00 9.699339338899918943e-16 7.259833364132902691e-17
2.020180940628051758e+00 9.936441860286526762e-16 6.279147882224734353e-17
2.020468473434448242e+00 9.869298617348862442e-16 6.822090707458820531e-17
2.020756006240844727e+00 1.231574999758556794e-15 6.578104190491199403e-17
2.021043539047241211e+00 1.225256875125868561e-15 6.358536706950633694e-17
2.021331071853637695e+00 1.172760737670362416e-15 6.515849254101478455e-17
2.021618604660034180e+00 1.356942863974008092e-15 5.825512769877793382e-17
2.021906137466430664e+00 1.206537976387140557e-15 5.627336176977848969e-17
2.022193670272827148e+00 1.254924098224332023e-15 5.705069978734152213e-17
2.022481203079223633e+00 1.354437234636911465e-15 5.067125129276105785e-17
2.022768735885620117e+00 1.190689354669302157e-15 4.972225013703612069e-17
2.023056268692016602e+00 1.235562513236874820e-15 5.278132286093482721e-17
2.023343801498413086e+00 1.264363645146770760e-15 4.930462980681524850e-17
2.023631334304809570e+00 1.159714100942041241e-15 4.787409042057624159e-17
2.023918867111206055e+00 1.309440409259039675e-15 4.895510960206464197e-17
2.024206399917602539e+00 1.425056171394515400e-15 4.573729099244965880e-17
2.024493932723999023e+00 1.299250391145333628e-15 4.952018645700166709e-17
2.024781465530395508e+00 1.263689195162519523e-15 4.649427374949898634e-17
2.025068998336791992e+00 1.431944666838060997e-15 4.399956650521050932e-17
2.025356531143188477e+00 1.265377437705515751e-15 4.171552892804948761e-17
2.025644063949584961e+00 1.063365797257759086e-15 4.228674015440920598e-17
2.025931835174560547e+00 1.216779663510629116e-15 4.075319362085019564e-17
2.026219367980957031e+00 1.208693357600547531e-15 3.882183938710218323e-17
2.026506900787353516e+00 1.130141851412788667e-15 4.035808252945811644e-17
2.026794433593750000e+00 1.229065558773197522e-15 4.106064011092390496e-17
2.027081966400146484e+00 1.312785660005102127e-15 5.634453238968255219e-17
2.027369499206542969e+00 1.238560903991036636e-15 1.166085112194373665e-16
2.027657032012939453e+00 1.184729524973302493e-15 1.444362169844809040e-16
2.027944564819335938e+00 1.331745963133797606e-15 1.138558791339875048e-16
2.028232097625732422e+00 1.358738150305713582e-15 5.785972874853268617e-17
2.028519630432128906e+00 1.328320032499509182e-15 4.407131946026580916e-17
2.028807163238525391e+00 1.241711443038349006e-15 4.130563777347231091e-17
2.029094696044921875e+00 1.124798767581508541e-15 4.047368267442362716e-17
2.029382228851318359e+00 1.055282138325637671e-15 3.980924157558428215e-17
2.029669761657714844e+00 1.300195362277114207e-15 3.878896722955932591e-17
2.029957294464111328e+00 1.393598744162029973e-15 3.821615127281125467e-17
2.030244827270507812e+00 1.303941577244583164e-15 3.785954709329474401e-17
2.030532360076904297e+00 1.240267993017109271e-15 3.687838846407619534e-17
2.030819892883300781e+00 1.236502190412735059e-15 3.571593500564317449e-17
2.031107425689697266e+00 1.209351290442327309e-15 3.480120228833508416e-17
2.031394958496093750e+00 1.225632640117094250e-15 4.185853852979255546e-17
2.031682491302490234e+00 1.400243399995884739e-15 3.783240564303565407e-17
2.031970024108886719e+00 1.426731708443302812e-15 4.003209065005096823e-17
2.032257556915283203e+00 1.409723498620673275e-15 3.837891063885963861e-17
2.032545089721679688e+00 1.423538500111272507e-15 3.500733238826084844e-17
2.032832622528076172e+00 1.319607345724933042e-15 3.392637607249900209e-17
2.033120393753051758e+00 1.266694044542904154e-15 3.545494297877044320e-17
2.033407926559448242e+00 1.259343174989276115e-15 4.129249221917761820e-17
2.033695459365844727e+00 1.282004588580999260e-15 7.112951233634106588e-17
2.033982992172241211e+00 1.307376719362172979e-15 8.957980898656085029e-17
2.034270524978637695e+00 1.229248941406278078e-15 7.891348042381206903e-17
2.034558057785034180e+00 1.313665727237299345e-15 4.912368570218049880e-17
2.034845590591430664e+00 1.337974090515840070e-15 3.870751310028000417e-17
2.035133123397827148e+00 1.248785332818224889e-15 3.535828857855484702e-17
2.035420656204223633e+00 1.237733458680687591e-15 3.253869125943514243e-17
2.035708189010620117e+00 1.152729784896337501e-15 3.181445823719801437e-17
2.035995721817016602e+00 1.201332747168026068e-15 3.183192829173513432e-17
2.036283254623413086e+00 1.292154266750592320e-15 3.199168002907627545e-17
2.036570787429809570e+00 1.387566916665513694e-15 3.226777306521177481e-17
2.036858320236206055e+00 1.467520474139215238e-15 3.254020334559488937e-17
2.037145853042602539e+00 1.450989249745008279e-15 3.252317996858854806e-17
2.037433385848999023e+00 1.364254770012062433e-15 3.206724463239421963e-17
2.037720918655395508e+00 1.378568462150357634e-15 3.212906480265398271e-17
2.038008451461791992e+00 1.407570023231397623e-15 3.219904759119841906e-17
2.038295984268188477e+00 1.318067439826824724e-15 3.230942657213749507e-17
2.038583517074584961e+00 1.251721996046355548e-15 3.215024724378024064e-17
2.038871049880981445e+00 1.272227922545553312e-15 3.162821355919802487e-17
2.039158582687377930e+00 1.255084716846955120e-15 3.175020284721489518e-17
2.039446115493774414e+00 1.219157814389163971e-15 3.229826956003537983e-17
2.039733648300170898e+00 1.171225702211700810e-15 3.420580760958676547e-17
2.040021181106567383e+00 1.196413285689491499e-15 3.469735141679027664e-17
2.040308952331542969e+00 1.190689460548420564e-15 3.558372507397759897e-17
2.040596485137939453e+00 1.244036654357680467e-15 3.998900115758185591e-17
2.040884017944335938e+00 1.203303686957168418e-15 8.364179700639788498e-17
2.041171550750732422e+00 1.048318574587141661e-15 1.379444903022749420e-16
2.041459083557128906e+00 9.341474271432081457e-16 1.413931849470208258e-16
2.041746616363525391e+00 1.374942525861398788e-15 9.023985941070876383e-17
2.042034149169921875e+00 1.311370267950240191e-15 4.191967379450512463e-17
2.042321681976318359e+00 1.264217849600724614e-15 3.360633327605733525e-17
2.042609214782714844e+00 1.296746879390605137e-15 3.294412225614943321e-17
2.042896747589111328e+00 1.389184008440940560e-15 3.333571286685448672e-17
2.043184280395507812e+00 1.443781528759466217e-15 3.328012632969092326e-17
2.043471813201904297e+00 1.373162803760099096e-15 3.287289869668616731e-17
2.043759346008300781e+00 1.281779807212621650e-15 3.266611677843771124e-17
2.044046878814697266e+00 1.261120250112615637e-15 3.284143274618465014e-17
2.044334411621093750e+00 1.199764571545303138e-15 3.276024331470134537e-17
2.044621944427490234e+00 1.151250335974839459e-15 3.257401518031360693e-17
2.044909477233886719e+00 1.147534931830826877e-15 3.198776250169522431e-17
2.045197010040283203e+00 1.170763645738973589e-15 3.114130858086971109e-17
2.045484542846679688e+00 1.275086341105181355e-15 3.225001846054393662e-17
2.045772075653076172e+00 1.293469497159441435e-15 3.270912355284556826e-17
2.046059608459472656e+00 1.269849242271426423e-15 3.249394409701847385e-17
2.046347141265869141e+00 1.332512739709299562e-15 3.242592999833191370e-17
2.046634674072265625e+00 1.304297966357140411e-15 3.293772649565317320e-17
2.046922206878662109e+00 1.300859859624235206e-15 3.341863606890170264e-17
2.047209739685058594e+00 1.300017591237309211e-15 3.387141488387852872e-17
2.047497510910034180e+00 1.361878630836777307e-15 3.503249522249471154e-17
2.047785043716430664e+00 1.402372629067045236e-15 3.594824040887256678e-17
2.048072576522827148e+00 1.402010840119449243e-15 3.739266981195756413e-17
2.048360109329223633e+00 1.303217046437325517e-15 3.907640256625415239e-17
2.048647642135620117e+00 1.161784884739841192e-15 4.099813834383939819e-17
2.048935174942016602e+00 1.211306983638419082e-15 4.094139375381826049e-17
2.049222707748413086e+00 1.150165816164998734e-15 4.054928698241097389e-17
2.049510240554809570e+00 1.123155100147361571e-15 4.944295094884636579e-17
2.049797773361206055e+00 1.106320214441563945e-15 6.828728004693946025e-17
2.050085306167602539e+00 1.055385688103439509e-15 7.596542857300777967e-17
2.050372838973999023e+00 1.217433361187672623e-15 6.151471562060439467e-17
2.050660371780395508e+00 1.308636469112976937e-15 4.681040894472695267e-17
2.050947904586791992e+00 1.335397416290292488e-15 4.542976178431469417e-17
2.051235437393188477e+00 1.359419164795306039e-15 4.625174770262088883e-17
2.051522970199584961e+00 1.334403846643163194e-15 4.870461946024888392e-17
2.051810503005981445e+00 1.203292675528854112e-15 4.961964996257749335e-17
2.052098035812377930e+00 1.114835013143837799e-15 5.053376064006494381e-17
2.052385568618774414e+00 1.142102486023611422e-15 5.243368201053594116e-17
2.052673101425170898e+00 1.203577066840894744e-15 5.343865020650621618e-17
2.052960634231567383e+00 1.203481669755210228e-15 5.158216243563915320e-17
2.053248167037963867e+00 1.237533664784253983e-15 5.279354197294346053e-17
2.053535699844360352e+00 1.189887743863844369e-15 5.370108152764478974e-17
2.053823232650756836e+00 1.126235123701815020e-15 5.755064113212367163e-17
2.054110765457153320e+00 1.018183048147964977e-15 5.943012783274215899e-17
2.054398298263549805e+00 1.004132465618910643e-15 5.976364043827863933e-17
2.054686069488525391e+00 1.078843630302936916e-15 5.645870978399447171e-17
2.054973602294921875e+00 1.216496754506246180e-15 5.769488819606311881e-17
2.055261135101318359e+00 1.243932469305168188e-15 5.834197504565110130e-17
2.055548667907714844e+00 1.231071121034058892e-15 6.034406314793974821e-17
2.055836200714111328e+00 1.196578033597732460e-15 7.407987367541560330e-17
2.056123733520507812e+00 1.146139974445817451e-15 1.327495445925357120e-16
2.056411266326904297e+00 1.254016396542230634e-15 1.663973196172819540e-16
2.056698799133300781e+00 1.115497392908590662e-15 1.417138530920055827e-16
2.056986331939697266e+00 1.226153353621418831e-15 8.028038645988859663e-17
2.057273864746093750e+00 1.145271024521052946e-15 5.712860696615421649e-17
2.057561397552490234e+00 1.304536935527384530e-15 5.808592625011898690e-17
2.057848930358886719e+00 1.213845223743985000e-15 5.631602443705152465e-17
2.058136463165283203e+00 1.329139430996859311e-15 5.454573550345738757e-17
2.058423995971679688e+00 1.380896532205886078e-15 5.083919542688892417e-17
2.058711528778076172e+00 1.318141343451472661e-15 4.794403681317372561e-17
2.058999061584472656e+00 1.283832909197647667e-15 4.332306842176259138e-17
2.059286594390869141e+00 1.204450251930395521e-15 4.171113494463560593e-17
2.059574127197265625e+00 1.239263517820784078e-15 4.217122603622740077e-17
2.059861660003662109e+00 1.253042308652888188e-15 3.705738042246531990e-17
2.060149192810058594e+00 1.243497306128516292e-15 3.561864533071713759e-17
2.060436725616455078e+00 1.296170049953524958e-15 3.523055203964195828e-17
2.060724258422851562e+00 1.197196155890991286e-15 3.737461080482430643e-17
2.061011791229248047e+00 1.162021101053006735e-15 3.992446452619046870e-17
2.061299324035644531e+00 1.194147790192941466e-15 4.080149765990084224e-17
2.061586856842041016e+00 1.212091018510221344e-15 4.297336954599967340e-17
2.061874628067016602e+00 1.313036487636607807e-15 4.313426941003103813e-17
2.062162160873413086e+00 1.204974035929153899e-15 4.507657220636680242e-17
2.062449693679809570e+00 1.325225503505834002e-15 4.697406828328179430e-17
2.062737226486206055e+00 1.233947009648224055e-15 4.750960486418332569e-17
2.063024759292602539e+00 1.198220006965984921e-15 4.929250003031277090e-17
2.063312292098999023e+00 1.266674774543354118e-15 4.762401386906676005e-17
2.063599824905395508e+00 1.145676118028077315e-15 4.956432812320994686e-17
2.063887357711791992e+00 1.040767064104132760e-15 4.868289769736324141e-17
2.064174890518188477e+00 1.072728899456708122e-15 4.899291175605831534e-17
2.064462423324584961e+00 1.276239047067276051e-15 5.100940934461763599e-17
2.064749956130981445e+00 1.358163967846593573e-15 5.009699935046959456e-17
2.065037488937377930e+00 1.062777109359417348e-15 5.282429985684063232e-17
2.065325021743774414e+00 1.177469076186793851e-15 5.127493762996960809e-17
2.065612554550170898e+00 1.144900977002221223e-15 5.114363428825539069e-17
2.065900087356567383e+00 1.183009624573902636e-15 5.251916616375962125e-17
2.066187620162963867e+00 1.147530908424327419e-15 5.021401893736624628e-17
2.066475152969360352e+00 1.143229251601696455e-15 5.209182149825757567e-17
2.066762685775756836e+00 1.324246439297926438e-15 4.942280413784702424e-17
2.067050218582153320e+00 1.304824609092095772e-15 4.908876213671850997e-17
2.067337751388549805e+00 1.281024253823670814e-15 5.063974232886768792e-17
2.067625284194946289e+00 1.272777117532729318e-15 4.731406929354314058e-17
2.067912817001342773e+00 1.240674568831791336e-15 4.911362387720940377e-17
2.068200349807739258e+00 1.401942124571603238e-15 4.820910518610511822e-17
2.068487882614135742e+00 1.279216367876874916e-15 4.724834813951457743e-17
2.068775415420532227e+00 1.245819976349005990e-15 4.891061390255418951e-17
2.069063186645507812e+00 1.237867925161064211e-15 4.625433843229940492e-17
2.069350719451904297e+00 1.174271315052672054e-15 4.734054238186728768e-17
2.069638252258300781e+00 1.250217030257321470e-15 4.763315917791914632e-17
2.069925785064697266e+00 1.279119700241769519e-15 4.582430708416778710e-17
2.070213317871093750e+00 1.308855427129842174e-15 4.777314791606517052e-17
2.070500850677490234e+00 1.483333202835913738e-15 4.637439211768290114e-17
2.070788383483886719e+00 1.288279091016903896e-15 4.556939318043609546e-17
2.071075916290283203e+00 1.219370313779806394e-15 4.652083286460683895e-17
2.071363449096679688e+00 1.291905874338809997e-15 4.377768026897683497e-17
2.071650981903076172e+00 1.105569955008533448e-15 4.442998166514635174e-17
2.071938514709472656e+00 1.170476289811617568e-15 4.518493948405614947e-17
2.072226047515869141e+00 1.228153621926359861e-15 4.524697472127517633e-17
2.072513580322265625e+00 1.329487561538180828e-15 6.910628149759556358e-17
2.072801113128662109e+00 1.318478250806243059e-15 1.022834701631379379e-16
2.073088645935058594e+00 1.261714020208640902e-15 1.071996096843324945e-16
2.073376178741455078e+00 1.132038252302572639e-15 7.988390886612457983e-17
2.073663711547851562e+00 1.275622936477266954e-15 4.815859422918018014e-17
2.073951244354248047e+00 1.313550213119117540e-15 4.612668130272532126e-17
2.074238777160644531e+00 1.214882309708779484e-15 4.684975958082732530e-17
2.074526309967041016e+00 1.256345631268061553e-15 4.217942174173657617e-17
2.074813842773437500e+00 1.273693818939895285e-15 4.065538778522192565e-17
2.075101375579833984e+00 1.289280178081440072e-15 4.104477147805268768e-17
2.075388908386230469e+00 1.217781385849875733e-15 3.935113902618506479e-17
2.075676441192626953e+00 1.238540892837657753e-15 3.941707193845044152e-17
2.075963973999023438e+00 1.293969352477439879e-15 3.957612884407703811e-17
2.076251745223999023e+00 1.359039905793172926e-15 3.870593483967125299e-17
2.076539278030395508e+00 1.196304653714006135e-15 3.813200715217991048e-17
2.076826810836791992e+00 1.128850973201173113e-15 3.784618647204078751e-17
2.077114343643188477e+00 1.267816998472726542e-15 3.699254600605341359e-17
2.077401876449584961e+00 1.328887121057695936e-15 3.795198948983122017e-17
2.077689409255981445e+00 1.284479936490231546e-15 3.836677093618981037e-17
2.077976942062377930e+00 1.330102083941413823e-15 3.716272683655762329e-17
2.078264474868774414e+00 1.324408963744680857e-15 3.641780768156176911e-17
2.078552007675170898e+00 1.286974448519895460e-15 3.558764591008110032e-17
2.078839540481567383e+00 1.218943938569982260e-15 3.474964246639342883e-17
2.079127073287963867e+00 1.282436469504980546e-15 3.469366880870319056e-17
2.079414606094360352e+00 1.347452177437378877e-15 3.452093033574496689e-17
2.079702138900756836e+00 1.267446315679184379e-15 3.465030138354826042e-17
2.079989671707153320e+00 1.329099726327456765e-15 3.600737389650275763e-17
2.080277204513549805e+00 1.312366908091803282e-15 3.762682809975907521e-17
2.080564737319946289e+00 1.316375597393802666e-15 3.879689161982758391e-17
2.080852270126342773e+00 1.327179502636031266e-15 3.825096895915483671e-17
2.081139802932739258e+00 1.321738057103751234e-15 3.681029164732837989e-17
2.081427335739135742e+00 1.246986128959138348e-15 3.761407959215840795e-17
2.081714868545532227e+00 1.246993116980953196e-15 3.851337050179135836e-17
2.082002401351928711e+00 1.230061775398286986e-15 3.751138346474872445e-17
2.082289934158325195e+00 1.342703922493308083e-15 3.839764462537273958e-17
2.082577466964721680e+00 1.250576595743430920e-15 3.988425362225304091e-17
2.082864999771118164e+00 1.247030704067987605e-15 4.008215492944512768e-17
2.083152532577514648e+00 1.301073841322535323e-15 3.958699468860353468e-17
2.083440303802490234e+00 1.276247729154985407e-15 3.785264509826360155e-17
2.083727836608886719e+00 1.332180067519265435e-15 3.592884136914697318e-17
2.084015369415283203e+00 1.258059073041238596e-15 3.579835528187795817e-17
2.084302902221679688e+00 1.264166604107415728e-15 3.590318553526802847e-17
2.084590435028076172e+00 1.205767070526020737e-15 3.675385807721756213e-17
2.084877967834472656e+00 1.286566602155792514e-15 3.738192639016172541e-17
2.085165500640869141e+00 1.308281985824551012e-15 3.728759802182862835e-17
2.085453033447265625e+00 1.266186460049262014e-15 3.834866229821979949e-17
2.085740566253662109e+00 1.265925891538862910e-15 4.640027625341091048e-17
2.086028099060058594e+00 1.319496913804434762e-15 5.654651666037820070e-17
2.086315631866455078e+00 1.371488854898087785e-15 5.459641189650483626e-17
2.086603164672851562e+00 1.356616544531078373e-15 4.275434535468543252e-17
2.086890697479248047e+00 1.257108596195300864e-15 3.764084053933572350e-17
2.087178230285644531e+00 1.220742401275239954e-15 3.795697904328614004e-17
2.087465763092041016e+00 1.289617085436210470e-15 3.923399701655775522e-17
2.087753295898437500e+00 1.359299733149743183e-15 3.901118102931557126e-17
2.088040828704833984e+00 1.360998563604580089e-15 3.686177867737613055e-17
2.088328361511230469e+00 1.282211582257484529e-15 3.703560902874292421e-17
2.088615894317626953e+00 1.269243401955902784e-15 3.738219770540264280e-17
2.088903427124023438e+00 1.341251896263477399e-15 3.639103019077220250e-17
2.089190959930419922e+00 1.240602041635682686e-15 3.568743036173459716e-17
2.089478492736816406e+00 1.282970947294698009e-15 3.553038185063527932e-17
2.089766025543212891e+00 1.197715281208539765e-15 3.563667455934834338e-17
2.090053558349609375e+00 1.165690236022275551e-15 3.616551759473309567e-17
2.090341329574584961e+00 1.265946432087833827e-15 3.829861125371544089e-17
2.090628862380981445e+00 1.257292190586618234e-15 5.089873919610294131e-17
2.090916395187377930e+00 1.318248704877537144e-15 6.500039516489874948e-17
2.091203927993774414e+00 1.471010779277494990e-15 6.376443512851181637e-17
2.091491460800170898e+00 1.319914712805667946e-15 4.918073469466705601e-17
2.091778993606567383e+00 1.257297166905183353e-15 3.937162994431922839e-17
2.092066526412963867e+00 1.182746938481135397e-15 3.801359459313171946e-17
2.092354059219360352e+00 1.276373619426771078e-15 3.703450391544455336e-17
2.092641592025756836e+00 1.428235509562034416e-15 3.616620250028028958e-17
2.092929124832153320e+00 1.434488624416020881e-15 3.565684122268238619e-17
2.093216657638549805e+00 1.340518789247628802e-15 3.559317478529540476e-17
2.093504190444946289e+00 1.312338320729833450e-15 3.619742691404294126e-17
2.093791723251342773e+00 1.262696260790100670e-15 3.690549351838833295e-17
2.094079256057739258e+00 1.220736048528135546e-15 3.673190801248285499e-17
2.094366788864135742e+00 1.241999222482178655e-15 3.579732626919594220e-17
2.094654321670532227e+00 1.277730248570917247e-15 3.552551471991101731e-17
2.094941854476928711e+00 1.265753414454978253e-15 3.555646781843275160e-17
2.095229387283325195e+00 1.349796658756260374e-15 3.563219785787320639e-17
2.095516920089721680e+00 1.349006588774708925e-15 3.550455727191137380e-17
2.095804452896118164e+00 1.248111729866920906e-15 3.547458024651245208e-17
2.096091985702514648e+00 1.278911753653218589e-15 3.537677771960663230e-17
2.096379518508911133e+00 1.263477860442179575e-15 3.537594392154917884e-17
2.096667051315307617e+00 1.261494744554420445e-15 3.549924677237878336e-17
2.096954584121704102e+00 1.267097973379626048e-15 3.553502729695537713e-17
2.097242116928100586e+00 1.303638127691229311e-15 3.549214956272307838e-17
2.097529888153076172e+00 1.333660681111065952e-15 3.585247605499607766e-17
2.097817420959472656e+00 1.252059326917599573e-15 3.578223518610052477e-17
2.098104953765869141e+00 1.219975307062382778e-15 3.606943560350138619e-17
2.098392486572265625e+00 1.343907873948711664e-15 3.703649576635958105e-17
2.098680019378662109e+00 1.312650028854423032e-15 3.800672568532507912e-17
2.098967552185058594e+00 1.375656468756815756e-15 4.005679026314180164e-17
2.099255084991455078e+00 1.348582542905489741e-15 3.657939575986277796e-17
2.099542617797851562e+00 1.275120857697781968e-15 3.606295712494387087e-17
2.099830150604248047e+00 1.186748639761319932e-15 3.631051573866874100e-17
2.100117683410644531e+00 1.241861050232657797e-15 3.670925649858870288e-17
2.100405216217041016e+00 1.327760990754321344e-15 3.796525084941167031e-17
2.100692749023437500e+00 1.295593220516444780e-15 3.817365073293828011e-17
2.100980281829833984e+00 1.365140978233127245e-15 3.890532507196593521e-17
2.101267814636230469e+00 1.407327030654654046e-15 4.114627977410274503e-17
2.101555347442626953e+00 1.322448717746497592e-15 4.226485626412350308e-17
2.101842880249023438e+00 1.311872770246198805e-15 4.115758236999266960e-17
2.102130413055419922e+00 1.325065202520566126e-15 3.984015166071416369e-17
2.102417945861816406e+00 1.345291078751577937e-15 4.009712689853233748e-17
2.102705478668212891e+00 1.361456279033452631e-15 4.052169223717620489e-17
2.102993011474609375e+00 1.282319261320904232e-15 4.087062679805312387e-17
2.103280544281005859e+00 1.229333327063648288e-15 4.264775816967429959e-17
2.103568077087402344e+00 1.270540950551977966e-15 4.242373449873778821e-17
2.103855609893798828e+00 1.373572767706570177e-15 3.957965263348651400e-17
2.104143142700195312e+00 1.446604901330901614e-15 3.882863219429246869e-17
2.104430675506591797e+00 1.385466698472796656e-15 3.884632393323375285e-17
2.104718446731567383e+00 1.319304107929816002e-15 3.889860836539200462e-17
2.105005979537963867e+00 1.298615751709603344e-15 3.924435331782691913e-17
2.105293512344360352e+00 1.254508946201059010e-15 4.039693685719095725e-17
2.105581045150756836e+00 1.248998573362696159e-15 4.095259708803467870e-17
2.105868577957153320e+00 1.462622929638190874e-15 4.289926408928227276e-17
2.106156110763549805e+00 1.420264082495424195e-15 4.894632825268177903e-17
2.106443643569946289e+00 1.364316603417211997e-15 5.165356135739228034e-17
2.106731176376342773e+00 1.455932639904302783e-15 5.285930944908632666e-17
2.107018709182739258e+00 1.437519943576007209e-15 5.147329223213737391e-17
2.107306241989135742e+00 1.341793785591483337e-15 4.568716384732894533e-17
2.107593774795532227e+00 1.362682570982840045e-15 4.195358489089734855e-17
2.107881307601928711e+00 1.371064597270631787e-15 4.086112414717611469e-17
2.108168840408325195e+00 1.299906312283863677e-15 3.929749801782222605e-17
2.108456373214721680e+00 1.224800006729943273e-15 3.878494051433741777e-17
2.108743906021118164e+00 1.177944367549321920e-15 4.019630916269989571e-17
2.109031438827514648e+00 1.316838924415950768e-15 4.212180695771103268e-17
2.109318971633911133e+00 1.319891313520500046e-15 4.365399691506545606e-17
2.109606504440307617e+00 1.325561987344130773e-15 4.719189140834660818e-17
2.109894037246704102e+00 1.329949406252671235e-15 4.719147120059543124e-17
2.110181570053100586e+00 1.329929712736647573e-15 4.730507287720101385e-17
2.110469102859497070e+00 1.336864053838463309e-15 5.236145259944781079e-17
2.110756635665893555e+00 1.439789462479056700e-15 5.317480606088140205e-17
2.111044168472290039e+00 1.387875236658314259e-15 4.756115475995763037e-17
2.111331701278686523e+00 1.340655796826847185e-15 5.176936002570480379e-17
2.111619234085083008e+00 1.327541609220982480e-15 6.092823794885939763e-17
2.111907005310058594e+00 1.332759649813424190e-15 5.660847579698087269e-17
2.112194538116455078e+00 1.348679951694423985e-15 4.298494014840806515e-17
2.112482070922851562e+00 1.278854473050160517e-15 3.907512539938837052e-17
2.112769603729248047e+00 1.338547002425539197e-15 3.896257920524440557e-17
2.113057136535644531e+00 1.401141466678211111e-15 3.870040265573449834e-17
2.113344669342041016e+00 1.417044933779384227e-15 3.870144821202876537e-17
2.113632202148437500e+00 1.438353953391697474e-15 3.909697620244957129e-17
2.113919734954833984e+00 1.350368300116538620e-15 3.872645222758501829e-17
2.114207267761230469e+00 1.436737602770099455e-15 3.854134575010790176e-17
2.114494800567626953e+00 1.441863316771290447e-15 3.841591539074281085e-17
2.114782333374023438e+00 1.411768977309174004e-15 3.849074876639925816e-17
2.115069866180419922e+00 1.361638920512704340e-15 3.908926357041812686e-17
2.115357398986816406e+00 1.458686873411418547e-15 4.390601237793076189e-17
2.115644931793212891e+00 1.403162275532123058e-15 4.868463146792715256e-17
2.115932464599609375e+00 1.436431612117903839e-15 4.654285902995790097e-17
2.116219997406005859e+00 1.344913090298865705e-15 4.021411008948203687e-17
2.116507530212402344e+00 1.398749551514283374e-15 3.868723724910510435e-17
2.116795063018798828e+00 1.323641657773586867e-15 3.844639865067661503e-17
2.117082595825195312e+00 1.353180767138778117e-15 3.999198562523194724e-17
2.117370128631591797e+00 1.376455009067839748e-15 5.459372852259771424e-17
2.117657661437988281e+00 1.352784779235936732e-15 7.080742144070271775e-17
2.117945194244384766e+00 1.211154411828794901e-15 6.715901230886203092e-17
2.118232727050781250e+00 1.351856854642219646e-15 4.872378027195806225e-17
2.118520259857177734e+00 1.351439585036578496e-15 4.221500374296615721e-17
2.118807792663574219e+00 1.412521566082809450e-15 4.093252306892924183e-17
2.119095563888549805e+00 1.407098437638013792e-15 4.007355555979702640e-17
2.119383096694946289e+00 1.326747939349405200e-15 4.087240027328643756e-17
2.119670629501342773e+00 1.355286914562125935e-15 4.059297866236602481e-17
2.119958162307739258e+00 1.347772673528796223e-15 3.917152502797530036e-17
2.120245695114135742e+00 1.409133857810265875e-15 3.919101340320704969e-17
2.120533227920532227e+00 1.357572844728528478e-15 3.957220139052863633e-17
2.120820760726928711e+00 1.337566350030855531e-15 3.924438971377387146e-17
2.121108293533325195e+00 1.309549676509235479e-15 3.845933575545694438e-17
2.121395826339721680e+00 1.360999516516645750e-15 3.818707091119634043e-17
2.121683359146118164e+00 1.332145445047546416e-15 3.827562225013136715e-17
2.121970891952514648e+00 1.436847081778532074e-15 3.877028287388297812e-17
2.122258424758911133e+00 1.498859634396440283e-15 3.871637716772412241e-17
2.122545957565307617e+00 1.488447164254961576e-15 3.774886040116779827e-17
2.122833490371704102e+00 1.457263858060031322e-15 4.046217162901933923e-17
2.123121023178100586e+00 1.394597607765079607e-15 4.982827153050826735e-17
2.123408555984497070e+00 1.364246511440826704e-15 5.224567709219243882e-17
2.123696088790893555e+00 1.301976460806953187e-15 4.441337187844628695e-17
2.123983621597290039e+00 1.362663512741526823e-15 3.802561187307088985e-17
2.124271154403686523e+00 1.317744190878328801e-15 3.850894343115297456e-17
2.124558687210083008e+00 1.378505675833142409e-15 4.766069436614981151e-17
2.124846220016479492e+00 1.492385443943220445e-15 6.933354440781083262e-17
2.125133752822875977e+00 1.442770489057799803e-15 7.299896037304560970e-17
2.125421285629272461e+00 1.341979179927813622e-15 5.518603947202243524e-17
2.125708818435668945e+00 1.353008395934011867e-15 3.856458952532064183e-17
2.125996351242065430e+00 1.368386279091413690e-15 3.719904006544870120e-17
2.126284122467041016e+00 1.396661297661946303e-15 3.909427628493019821e-17
2.126571655273437500e+00 1.384525538989278722e-15 3.663831087181125480e-17
2.126859188079833984e+00 1.336673047908857465e-15 3.620564578060926815e-17
2.127146720886230469e+00 1.389224136626816732e-15 3.634259711154599762e-17
2.127434253692626953e+00 1.363636753597922014e-15 3.815335172070622881e-17
2.127721786499023438e+00 1.272568429790349540e-15 4.272336909510654674e-17
2.128009319305419922e+00 1.317297169240415344e-15 4.426850277468619989e-17
2.128296852111816406e+00 1.344418105420313973e-15 4.058356534699517136e-17
2.128584384918212891e+00 1.361865713584331679e-15 3.662693217530497535e-17
2.128871917724609375e+00 1.349380236183566478e-15 3.601580452130589808e-17
2.129159450531005859e+00 1.292895102942084613e-15 3.653172368680012187e-17
2.129446983337402344e+00 1.406696096988067999e-15 3.667526599285767387e-17
2.129734516143798828e+00 1.360141260382840330e-15 3.602675639261610017e-17
2.130022048950195312e+00 1.402613609940539085e-15 3.566687657787387953e-17
2.130309581756591797e+00 1.340537212214231583e-15 3.568933287714346912e-17
2.130597114562988281e+00 1.385281304136466371e-15 3.586645540734822383e-17
2.130884647369384766e+00 1.296619930327635398e-15 3.572898460698681106e-17
2.131172180175781250e+00 1.320307100818483501e-15 3.656571750125360109e-17
2.131459712982177734e+00 1.388653554057722554e-15 4.032299683659606722e-17
2.131747245788574219e+00 1.429619667276966349e-15 4.428493719909640345e-17
2.132034778594970703e+00 1.400312962576677998e-15 4.438079419720149851e-17
2.132322311401367188e+00 1.353798465915563316e-15 4.651884432241426147e-17
2.132609844207763672e+00 1.309254697285354169e-15 5.071086662665744745e-17
2.132897377014160156e+00 1.455959533200378107e-15 4.798022100188924525e-17
2.133184909820556641e+00 1.411753836595241833e-15 3.894473195634796144e-17
2.133472681045532227e+00 1.403329246901850562e-15 3.599725251452755878e-17
2.133760213851928711e+00 1.430293481986507145e-15 3.581286733854458849e-17
2.134047746658325195e+00 1.369100751382422692e-15 3.557774290378761548e-17
2.134335279464721680e+00 1.284892123898189169e-15 3.571142521694353538e-17
2.134622812271118164e+00 1.373797760833184601e-15 3.575124900035428835e-17
2.134910345077514648e+00 1.353961413878791362e-15 3.557205190117325065e-17
2.135197877883911133e+00 1.393760421575837138e-15 3.654455491246204443e-17
2.135485410690307617e+00 1.413669507484575840e-15 3.802211786216346586e-17
2.135772943496704102e+00 1.378938827306544577e-15 3.905240440232276395e-17
2.136060476303100586e+00 1.405005948620940449e-15 3.858456759147502256e-17
2.136348009109497070e+00 1.447487297903703781e-15 3.727377417943164215e-17
2.136635541915893555e+00 1.471093576748089098e-15 3.621426831131452091e-17
2.136923074722290039e+00 1.403526817336797627e-15 3.680197682781099686e-17
2.137210607528686523e+00 1.367097836099521492e-15 3.801095423261645020e-17
2.137498140335083008e+00 1.357537586982099018e-15 3.830309788135792851e-17
2.137785673141479492e+00 1.411067739907965850e-15 3.798790898075072285e-17
2.138073205947875977e+00 1.396376059316958417e-15 3.811674401551708201e-17
2.138360738754272461e+00 1.328661175019015851e-15 3.751332237610454875e-17
2.138648271560668945e+00 1.293070968157758287e-15 3.638209664015662980e-17
2.138935804367065430e+00 1.366731600228952414e-15 3.620646634377692075e-17
2.139223337173461914e+00 1.419810284593932704e-15 3.647113436129183770e-17
2.139510869979858398e+00 1.347154339477300584e-15 3.633813033623821127e-17
2.139798402786254883e+00 1.388231519891753099e-15 3.639105004310690377e-17
2.140085935592651367e+00 1.330532270799500601e-15 3.630493061517278295e-17
2.140373468399047852e+00 1.312991912527758549e-15 3.604328676997735988e-17
2.140661239624023438e+00 1.269928228093757886e-15 3.616804876740750793e-17
2.140948772430419922e+00 1.300674041771431293e-15 3.611185342531310545e-17
2.141236305236816406e+00 1.371748682254658042e-15 3.617308133425428055e-17
2.141523838043212891e+00 1.357245148857059470e-15 3.644642482203365366e-17
2.141811370849609375e+00 1.369112927481039473e-15 3.691126393034150288e-17
2.142098903656005859e+00 1.274793373584549774e-15 3.734312500198808799e-17
2.142386436462402344e+00 1.293514178147409099e-15 3.732754091924758895e-17
2.142673969268798828e+00 1.309244956406460745e-15 3.716465251302364674e-17
2.142961502075195312e+00 1.232894782969497401e-15 3.713471519229412756e-17
2.143249034881591797e+00 1.394355673979520097e-15 3.721534875840579670e-17
2.143536567687988281e+00 1.352642477700798009e-15 3.720570714118587861e-17
2.143824100494384766e+00 1.450786914749732908e-15 3.735321329673878471e-17
2.144111633300781250e+00 1.434743369574907612e-15 3.734491832955610295e-17
2.144399166107177734e+00 1.425802089783691218e-15 3.719163514460512650e-17
2.144686698913574219e+00 1.364540431873523946e-15 3.713273657626890072e-17
2.144974231719970703e+00 1.405322844822331965e-15 3.726409947498722194e-17
2.145261764526367188e+00 1.430187602868100358e-15 3.752484003895373711e-17
2.145549297332763672e+00 1.384567255361930996e-15 3.748920509816495268e-17
2.145836830139160156e+00 1.437028770345718121e-15 3.757371648698827041e-17
2.146124362945556641e+00 1.324864455712066857e-15 3.757080811995453396e-17
2.146411895751953125e+00 1.394984278305501195e-15 3.763788585018768408e-17
2.146699428558349609e+00 1.415559873264610625e-15 3.779635049449569270e-17
2.146986961364746094e+00 1.461992631246315268e-15 3.791933239924762664e-17
2.147274494171142578e+00 1.450528040305228313e-15 3.785794567162884135e-17
2.147562265396118164e+00 1.467809947648939396e-15 3.779416342895610249e-17
2.147849798202514648e+00 1.434375333759325619e-15 3.796218366370032369e-17
2.148137331008911133e+00 1.342186173604298892e-15 3.786995633412311131e-17
2.148424863815307617e+00 1.342265582943103983e-15 3.794870061971570934e-17
2.148712396621704102e+00 1.319832868247139499e-15 3.825335454804143964e-17
2.148999929428100586e+00 1.317241476824133374e-15 3.841026740152029878e-17
2.149287462234497070e+00 1.319335236390627598e-15 3.844216348594034353e-17
2.149574995040893555e+00 1.327195066866437064e-15 3.877463053518255683e-17
2.149862527847290039e+00 1.301556650102470274e-15 3.930987263978601935e-17
2.150150060653686523e+00 1.234858099462114462e-15 4.616794107167946628e-17
2.150437593460083008e+00 1.216229197974032228e-15 8.126234249121764642e-17
2.150725126266479492e+00 1.263359169950445567e-15 1.117844071219179099e-16
2.151012659072875977e+00 1.364600782971015815e-15 1.051463621155186679e-16
2.151300191879272461e+00 1.418507547921055590e-15 6.859835951426350247e-17
2.151587724685668945e+00 1.500911254073808605e-15 4.770115342427100520e-17
2.151875257492065430e+00 1.384329133224634131e-15 4.130397348607985422e-17
2.152162790298461914e+00 1.322979807404426039e-15 4.103628129624544341e-17
2.152450323104858398e+00 1.378659306433950658e-15 4.151582767584448546e-17
2.152737855911254883e+00 1.402072885282835621e-15 4.323375938538646609e-17
2.153025388717651367e+00 1.382723158756639977e-15 4.504989397725074217e-17
2.153312921524047852e+00 1.276240317616696932e-15 5.014318580715210541e-17
2.153600454330444336e+00 1.292654227947709171e-15 6.783304539408454084e-17
2.153887987136840820e+00 1.353020783790865461e-15 7.436578699978333221e-17
2.154175519943237305e+00 1.358102875595272856e-15 6.168923749496328266e-17
2.154463052749633789e+00 1.413046302993633489e-15 4.752344525019256295e-17
2.154750823974609375e+00 1.461611042903577205e-15 4.600998597062879033e-17
2.155038356781005859e+00 1.460591426993319841e-15 4.383715786374184787e-17
2.155325889587402344e+00 1.417067909548078500e-15 4.114176998540310592e-17
2.155613422393798828e+00 1.408462584199566842e-15 3.928832293046778787e-17
2.155900955200195312e+00 1.408090101461011764e-15 3.880902470505251172e-17
2.156188488006591797e+00 1.417961952823905414e-15 3.878056307453578715e-17
2.156476020812988281e+00 1.374847764050424713e-15 3.930778483591993550e-17
2.156763553619384766e+00 1.338701797696649921e-15 4.000587895080038789e-17
2.157051086425781250e+00 1.404948985655237598e-15 3.989754476033554296e-17
2.157338619232177734e+00 1.338547214183776011e-15 3.903028559274309599e-17
2.157626152038574219e+00 1.388470806699352439e-15 4.168060205386504857e-17
2.157913684844970703e+00 1.432260292490031631e-15 4.999246357337759313e-17
2.158201217651367188e+00 1.462981965728708290e-15 5.302905021950465815e-17
2.158488750457763672e+00 1.423451361596823721e-15 4.750385099584240683e-17
2.158776283264160156e+00 1.365535060311837308e-15 4.087861736277038612e-17
2.159063816070556641e+00 1.399857682367528812e-15 3.996150236529814306e-17
2.159351348876953125e+00 1.356299965967042078e-15 3.982243676071572805e-17
2.159638881683349609e+00 1.333886203633272410e-15 3.989125487895768974e-17
2.159926414489746094e+00 1.357772532745843679e-15 3.988533557449426027e-17
2.160213947296142578e+00 1.369749155103545859e-15 3.932180058421903400e-17
2.160501480102539062e+00 1.346154311203948475e-15 3.889030347204197222e-17
2.160789012908935547e+00 1.421761424987932985e-15 3.971101553220483522e-17
2.161076545715332031e+00 1.404771002857195788e-15 4.056079471909281161e-17
2.161364078521728516e+00 1.530286039047232521e-15 4.036163609736964425e-17
2.161651611328125000e+00 1.499983117721854706e-15 3.932478836059157554e-17
2.161939382553100586e+00 1.407533918452020909e-15 3.908351962824455864e-17
2.162226915359497070e+00 1.351638002504472816e-15 3.926704453639047378e-17
2.162514448165893555e+00 1.447803770588621669e-15 3.950572253905897460e-17
2.162801980972290039e+00 1.471540386627765741e-15 3.945415940839486907e-17
2.163089513778686523e+00 1.459861178713668228e-15 4.072392466205561931e-17
2.163377046585083008e+00 1.330044697459237344e-15 4.424108008301884192e-17
2.163664579391479492e+00 1.289535558515037244e-15 4.607904231688716729e-17
2.163952112197875977e+00 1.455958686167430852e-15 4.409189640518367827e-17
2.164239645004272461e+00 1.547065232336748176e-15 4.316501075031595885e-17
2.164527177810668945e+00 1.414163327692825097e-15 3.987864533769993139e-17
2.164814710617065430e+00 1.406140549253787585e-15 3.977750761856429780e-17
2.165102243423461914e+00 1.526593293034558992e-15 3.995016006473881595e-17
2.165389776229858398e+00 1.461096788025475438e-15 4.024334926977456129e-17
2.165677309036254883e+00 1.468319543845831264e-15 4.111216353691860795e-17
2.165964841842651367e+00 1.435110558357542351e-15 4.169829710152878294e-17
2.166252374649047852e+00 1.494674868120530412e-15 4.251236193828916981e-17
2.166539907455444336e+00 1.532844607943532542e-15 4.295286870169815916e-17
2.166827440261840820e+00 1.502438772115063329e-15 4.248865163321094982e-17
2.167114973068237305e+00 1.462700539031983049e-15 4.247972470004027755e-17
2.167402505874633789e+00 1.473222064665420748e-15 4.260400031527024442e-17
2.167690038681030273e+00 1.456069859241757979e-15 4.194439987737555973e-17
2.167977571487426758e+00 1.478607817781418809e-15 4.131862450908939345e-17
2.168265104293823242e+00 1.519994906375447992e-15 4.163438581868048581e-17
2.168552637100219727e+00 1.479175435735197598e-15 4.221167847690369403e-17
2.168840169906616211e+00 1.563066955259802791e-15 4.180689929851209505e-17
2.169127941131591797e+00 1.527189392471189205e-15 4.074214248786648719e-17
2.169415473937988281e+00 1.510528995552525965e-15 4.014085166571189052e-17
2.169703006744384766e+00 1.449151823524176888e-15 3.980088043395259615e-17
2.169990539550781250e+00 1.455142146406277707e-15 3.983407684629557426e-17
2.170278072357177734e+00 1.470226426768337508e-15 4.051674569711313778e-17
2.170565605163574219e+00 1.367376933455641784e-15 4.180024545766471849e-17
2.170853137969970703e+00 1.424619102393732181e-15 5.130149012763256028e-17
2.171140670776367188e+00 1.331389044625648325e-15 6.073508796710581545e-17
2.171428203582763672e+00 1.393631884326091298e-15 5.678757032576595381e-17
2.171715736389160156e+00 1.350100743584324667e-15 4.393151601057699684e-17
2.172003269195556641e+00 1.284732669945868547e-15 3.963833613486347600e-17
2.172290802001953125e+00 1.366942511432818735e-15 4.028088010852731726e-17
2.172578334808349609e+00 1.383261342315501678e-15 4.130757999355058542e-17
2.172865867614746094e+00 1.367709605645675910e-15 4.103194356111321533e-17
2.173153400421142578e+00 1.357839554227795176e-15 4.007353570746232513e-17
2.173440933227539062e+00 1.357791696866275308e-15 3.978046561643478743e-17
2.173728466033935547e+00 1.416500715110773339e-15 4.011084817053336710e-17
2.174015998840332031e+00 1.448449315573547853e-15 4.023927623243835018e-17
2.174303531646728516e+00 1.427501343755001751e-15 4.069839125090733245e-17
2.174591064453125000e+00 1.373797972591421414e-15 4.092128003004342107e-17
2.174878597259521484e+00 1.448888925673172835e-15 4.035037982359402265e-17
2.175166130065917969e+00 1.525076574663381760e-15 3.994189487605818609e-17
2.175453662872314453e+00 1.445483535587855327e-15 4.001057402795723888e-17
2.175741195678710938e+00 1.415052924045678926e-15 4.081675087039632007e-17
2.176028728485107422e+00 1.385799053025475562e-15 4.316904739170521763e-17
2.176316499710083008e+00 1.356411668436961239e-15 4.433199384978332009e-17
2.176604032516479492e+00 1.387724358914584587e-15 4.241373553949324721e-17
2.176891565322875977e+00 1.366595757320036505e-15 4.024299854519483880e-17
2.177179098129272461e+00 1.353470875923212715e-15 3.985009106295460087e-17
2.177466630935668945e+00 1.359842787148051596e-15 3.978331773518687027e-17
2.177754163742065430e+00 1.375089380198629002e-15 4.000043941109223918e-17
2.178041696548461914e+00 1.429392450688865383e-15 4.086278843456857138e-17
2.178329229354858398e+00 1.309894630677004793e-15 4.213566388733252100e-17
2.178616762161254883e+00 1.399608442922799234e-15 4.289381793212922362e-17
2.178904294967651367e+00 1.398768397997359782e-15 4.358070871279325781e-17
2.179191827774047852e+00 1.305166916281904916e-15 4.512599128488317050e-17
2.179479360580444336e+00 1.357861577084423788e-15 4.612546700158609342e-17
2.179766893386840820e+00 1.311225637074496519e-15 5.312148268987378367e-17
2.180054426193237305e+00 1.416712579226705321e-15 8.320202147065039249e-17
2.180341958999633789e+00 1.271558448879867194e-15 9.668594557543650002e-17
2.180629491806030273e+00 1.395056593743373031e-15 7.790042240145102540e-17
2.180917024612426758e+00 1.476081965532706486e-15 4.784703499710085716e-17
2.181204557418823242e+00 1.479040439859228943e-15 4.104515198113446207e-17
2.181492090225219727e+00 1.504140567185215625e-15 4.073873450374276871e-17
2.181779623031616211e+00 1.455859371554365286e-15 4.073085643558881368e-17
2.182067155838012695e+00 1.490908641999682573e-15 4.083772155328576443e-17
2.182354688644409180e+00 1.363438759646501321e-15 4.124493926012316974e-17
2.182642221450805664e+00 1.386263756476162953e-15 4.173795214009457509e-17
2.182929754257202148e+00 1.336122582372260576e-15 4.229068746029230903e-17
2.183217287063598633e+00 1.273448920539020385e-15 4.395486897363059392e-17
2.183505058288574219e+00 1.354187995192181887e-15 4.434331960673039614e-17
2.183792591094970703e+00 1.444752440275256459e-15 4.271695017355313525e-17
2.184080123901367188e+00 1.383778244171563615e-15 4.228446375336346005e-17
2.184367656707763672e+00 1.343334220885183689e-15 4.258527956364694430e-17
2.184655189514160156e+00 1.355271985606430578e-15 4.426973692816012901e-17
2.184942722320556641e+00 1.490393116572159924e-15 4.567870344402375296e-17
2.185230255126953125e+00 1.464095919933466102e-15 4.370944448588611061e-17
2.185517787933349609e+00 1.385875815386320483e-15 4.163398877198646035e-17
2.185805320739746094e+00 1.341021609180942636e-15 4.108319567186700092e-17
2.186092853546142578e+00 1.364820376262591492e-15 4.098453949456902642e-17
2.186380386352539062e+00 1.454642502846516076e-15 4.100696932405901432e-17
2.186667919158935547e+00 1.396022740698834967e-15 4.127159101945962829e-17
2.186955451965332031e+00 1.387653843421725666e-15 4.782369857765951114e-17
2.187242984771728516e+00 1.445027514224877293e-15 6.381415199204870355e-17
2.187530517578125000e+00 1.431639734977049449e-15 6.745231070173863326e-17
2.187818050384521484e+00 1.442601929501296197e-15 5.500324579153801697e-17
2.188105583190917969e+00 1.527034914837433702e-15 4.408995087638295355e-17
2.188393115997314453e+00 1.448066350802270502e-15 4.288842471453537788e-17
2.188680648803710938e+00 1.450952827328276344e-15 4.205560934764963898e-17
2.188968181610107422e+00 1.519836934730785065e-15 4.198448835858232967e-17
2.189255714416503906e+00 1.420918415447178142e-15 4.244185306287514973e-17
2.189543247222900391e+00 1.379431800481846580e-15 4.230331023643986823e-17
2.189830780029296875e+00 1.425192967215496969e-15 4.165447969012062396e-17
2.190118312835693359e+00 1.397735123680827942e-15 4.156240125305367113e-17
2.190405845642089844e+00 1.476035061083252279e-15 4.250188983173424848e-17
2.190693616867065430e+00 1.496040179352385938e-15 4.263644233889457417e-17
2.190981149673461914e+00 1.522610649995687678e-15 4.161360704169315375e-17
2.191268682479858398e+00 1.497549803822629914e-15 4.103972567631611421e-17
2.191556215286254883e+00 1.457446923055756658e-15 4.090702605372790730e-17
2.191843748092651367e+00 1.444570434070715191e-15 4.095682563532604978e-17
2.192131280899047852e+00 1.417056792240645787e-15 4.092668317380461745e-17
2.192418813705444336e+00 1.399412884191101897e-15 4.089786089254081975e-17
2.192706346511840820e+00 1.393311388234673952e-15 4.104554241038358710e-17
2.192993879318237305e+00 1.331450772151679483e-15 4.097974184701621886e-17
2.193281412124633789e+00 1.309227486351923625e-15 4.105123010427550172e-17
2.193568944931030273e+00 1.346794773991191133e-15 4.097297220088308488e-17
2.193856477737426758e+00 1.412438874491333748e-15 4.106105700995263169e-17
2.194144010543823242e+00 1.351201145261926410e-15 4.157570231730352381e-17
2.194431543350219727e+00 1.367311288402229576e-15 4.268095458201727770e-17
2.194719076156616211e+00 1.369750637411203554e-15 4.401431017244865449e-17
2.195006608963012695e+00 1.417639339150119932e-15 4.831320090311124144e-17
2.195294141769409180e+00 1.487951967618173030e-15 7.634257661021765732e-17
2.195581674575805664e+00 1.370146307676689719e-15 9.995138993599983631e-17
2.195869207382202148e+00 1.378632624896112147e-15 9.204235875735571580e-17
2.196156740188598633e+00 1.426106386369992325e-15 5.871313429522609503e-17
2.196444272994995117e+00 1.494485768015055890e-15 4.372024746468605315e-17
2.196731805801391602e+00 1.493674310451586270e-15 4.307579435816843950e-17
2.197019338607788086e+00 1.471539433715700080e-15 4.283910158897006595e-17
2.197306871414184570e+00 1.452026865105394797e-15 4.235806628426842845e-17
2.197594404220581055e+00 1.451812565769739459e-15 4.256988738680855756e-17
2.197882175445556641e+00 1.442282598080181326e-15 4.422264719024871025e-17
2.198169708251953125e+00 1.426195748345927654e-15 4.708629022262563846e-17
2.198457241058349609e+00 1.485622097617631671e-15 4.786454144758492944e-17
2.198744773864746094e+00 1.391769258875079091e-15 4.607485347426519876e-17
2.199032306671142578e+00 1.404629124838530693e-15 4.618113956553336239e-17
2.199319839477539062e+00 1.406315885073869225e-15 4.845410284865352417e-17
2.199607372283935547e+00 1.445416725864140644e-15 5.030225594766850284e-17
2.199894905090332031e+00 1.358001972795431188e-15 5.169491377057503130e-17
2.200182437896728516e+00 1.391343307181728585e-15 5.276459065150410457e-17
2.200469970703125000e+00 1.403055337622532203e-15 5.171777042526109656e-17
2.200757503509521484e+00 1.444577210334293225e-15 4.814920407486647817e-17
2.201045036315917969e+00 1.438703142724203059e-15 4.525119665112164698e-17
2.201332569122314453e+00 1.479919765937597314e-15 4.497731715030533952e-17
2.201620101928710938e+00 1.384504892561189398e-15 4.552250527459413964e-17
2.201907634735107422e+00 1.294619450264457555e-15 4.580685026452046801e-17
2.202195167541503906e+00 1.417347218662435605e-15 4.636763901516201822e-17
2.202482700347900391e+00 1.394443024252205697e-15 4.668653368491346145e-17
2.202770233154296875e+00 1.362727675487281336e-15 4.695982092441118095e-17
2.203057765960693359e+00 1.373751597537559242e-15 4.691661562665631121e-17
2.203345298767089844e+00 1.427294879474108515e-15 4.571965550179002825e-17
2.203632831573486328e+00 1.392354241004276592e-15 4.478092462055054948e-17
2.203920364379882812e+00 1.452073134280138563e-15 4.490220253324062418e-17
2.204207897186279297e+00 1.422790781777083773e-15 4.534818192358226437e-17
2.204495429992675781e+00 1.406263686668494679e-15 4.631242305491287852e-17
2.204782962799072266e+00 1.334779505755270476e-15 5.113221919580215890e-17
2.205070734024047852e+00 1.381524183619801515e-15 6.470901583104327016e-17
2.205358266830444336e+00 1.424103894603564752e-15 6.907173181777044872e-17
2.205645799636840820e+00 1.382661748867964040e-15 6.012379487698422758e-17
2.205933332443237305e+00 1.352771544346135883e-15 4.869500762153101774e-17
2.206220865249633789e+00 1.286267281888056526e-15 4.633102469252797101e-17
2.206508398056030273e+00 1.203914080074783548e-15 4.601983272864062157e-17
2.206795930862426758e+00 1.285127281420170645e-15 4.579539546739783368e-17
2.207083463668823242e+00 1.412496472731747041e-15 4.527465549329365085e-17
2.207370996475219727e+00 1.447765971743350446e-15 4.446763492662976556e-17
2.207658529281616211e+00 1.474973305283869014e-15 4.429441668891626114e-17
2.207946062088012695e+00 1.350394452258785096e-15 4.379576905461214458e-17
2.208233594894409180e+00 1.391506255144956631e-15 4.334947864436018445e-17
2.208521127700805664e+00 1.401046916625473850e-15 4.333464564161588356e-17
2.208808660507202148e+00 1.323131214543747745e-15 4.381409275954141925e-17
2.209096193313598633e+00 1.310069542980612806e-15 4.400321271735064307e-17
2.209383726119995117e+00 1.414023567256528138e-15 4.412413990546099529e-17
2.209671258926391602e+00 1.432171777547043556e-15 4.406200540656846206e-17
2.209958791732788086e+00 1.429345228602055956e-15 4.435300754606461720e-17
2.210246324539184570e+00 1.332926303545796474e-15 4.495125765228746894e-17
2.210533857345581055e+00 1.292060669609920720e-15 4.529821028841671086e-17
2.210821390151977539e+00 1.366077161398080060e-15 4.536045066642765088e-17
2.211108922958374023e+00 1.415327574478826133e-15 4.574341543770500142e-17
2.211396455764770508e+00 1.353750502674925041e-15 4.563521028741571476e-17
2.211683988571166992e+00 1.417914730737095987e-15 4.538530248075119404e-17
2.211971759796142578e+00 1.462472687169171642e-15 4.772547915172496464e-17
2.212259292602539062e+00 1.511589269044251536e-15 6.840211256829652176e-17
2.212546825408935547e+00 1.385700161928883622e-15 9.166053218660123823e-17
2.212834358215332031e+00 1.577716919478157950e-15 8.843105363907170758e-17
2.213121891021728516e+00 1.445675706187763646e-15 6.146624283670878725e-17
2.213409423828125000e+00 1.387922458745123686e-15 4.726920632584071457e-17
2.213696956634521484e+00 1.453353318700795031e-15 4.615119562735894279e-17
2.213984489440917969e+00 1.438842162006671171e-15 4.607519096395512040e-17
2.214272022247314453e+00 1.428217510111905262e-15 4.638417270124572814e-17
2.214559555053710938e+00 1.390526343904101812e-15 4.692377570203857021e-17
2.214847087860107422e+00 1.382875412928908938e-15 4.754849558786311884e-17
2.215134620666503906e+00 1.352141881228970718e-15 4.714802767482414623e-17
2.215422153472900391e+00 1.341449678456661278e-15 4.703035296088235251e-17
2.215709686279296875e+00 1.383623025383979264e-15 4.844844824198611167e-17
2.215997219085693359e+00 1.348431771040878475e-15 4.986853537400489852e-17
2.216284751892089844e+00 1.362746204333002524e-15 5.040297676777540971e-17
2.216572284698486328e+00 1.330936199636222495e-15 5.050319135334743411e-17
2.216859817504882812e+00 1.297768189366757009e-15 4.971116922555036033e-17
2.217147350311279297e+00 1.270058353530279828e-15 4.805271180205094239e-17
2.217434883117675781e+00 1.394912386384102986e-15 4.748892865759195021e-17
2.217722415924072266e+00 1.316209367177904009e-15 4.772334502574457783e-17
2.218009948730468750e+00 1.408233144149979334e-15 4.835598599311493424e-17
2.218297481536865234e+00 1.383260177645199204e-15 4.875054783658027823e-17
2.218585014343261719e+00 1.428273837802897673e-15 4.892088417703964790e-17
2.218872547149658203e+00 1.355951941304838967e-15 4.874114113865432520e-17
2.219160318374633789e+00 1.319427351223641503e-15 4.900105452200828734e-17
2.219447851181030273e+00 1.230613935000778383e-15 4.860900399888265434e-17
2.219735383987426758e+00 1.277864609172175460e-15 4.858376506403243636e-17
2.220022916793823242e+00 1.337067341745804341e-15 4.885725744432206901e-17
2.220310449600219727e+00 1.336487865330763993e-15 4.912643855925907528e-17
2.220597982406616211e+00 1.378089676776922141e-15 4.949057339107226870e-17
2.220885515213012695e+00 1.425599437151060626e-15 4.974067972108380214e-17
2.221173048019409180e+00 1.274779185782683264e-15 5.069892875605708216e-17
2.221460580825805664e+00 1.277973876422371265e-15 5.253656673512528674e-17
2.221748113632202148e+00 1.366669025669974002e-15 5.249753042765768426e-17
2.222035646438598633e+00 1.404880799502983627e-15 5.083683961650437315e-17
2.222323179244995117e+00 1.362352969287239715e-15 4.980882947739082099e-17
2.222610712051391602e+00 1.432600270339235825e-15 4.977027293467849926e-17
2.222898244857788086e+00 1.396223169869979016e-15 4.975533074409334137e-17
2.223185777664184570e+00 1.287430046366399867e-15 4.949323029519978902e-17
2.223473310470581055e+00 1.290844224418545138e-15 4.971152325885253302e-17
2.223760843276977539e+00 1.306051112799719999e-15 4.968637696823092098e-17
2.224048376083374023e+00 1.327571678890610007e-15 5.017338782567764156e-17
2.224335908889770508e+00 1.341407538567535376e-15 5.164366496854369592e-17
2.224623441696166992e+00 1.421754013449644510e-15 6.038732138525382135e-17
2.224910974502563477e+00 1.595986255480130733e-15 6.540650775843778394e-17
2.225198507308959961e+00 1.448620098591538001e-15 5.954097665226916513e-17
2.225486040115356445e+00 1.391618063493994199e-15 5.206623845627253563e-17
2.225773572921752930e+00 1.358209813504863712e-15 5.109450968603709148e-17
2.226061105728149414e+00 1.466323828342981726e-15 5.153721674987547189e-17
2.226348876953125000e+00 1.429655877935461471e-15 5.241705568022362531e-17
2.226636409759521484e+00 1.210889078758067491e-15 5.323436306498522004e-17
2.226923942565917969e+00 1.301217201648858113e-15 5.365770748504495918e-17
2.227211475372314453e+00 1.314036304151723102e-15 5.362390226777114205e-17
2.227499008178710938e+00 1.369914008890905227e-15 5.296677344554676580e-17
2.227786540985107422e+00 1.345860073133896013e-15 5.156056309548416854e-17
2.228074073791503906e+00 1.420758749736620707e-15 5.132875730934475828e-17
2.228361606597900391e+00 1.493764095943995226e-15 5.144857276671183923e-17
2.228649139404296875e+00 1.487842488609740412e-15 5.134428183508115350e-17
2.228936672210693359e+00 1.314024869206935169e-15 5.175523508956484829e-17
2.229224205017089844e+00 1.293453827049917230e-15 5.202963075108338884e-17
2.229511737823486328e+00 1.405778548547954778e-15 5.482379392072831293e-17
2.229799270629882812e+00 1.357286124075882897e-15 5.203343909062358298e-17
2.230086803436279297e+00 1.408764974961736628e-15 5.151841328019091646e-17
2.230374336242675781e+00 1.371613368741334167e-15 5.220940687669321366e-17
2.230661869049072266e+00 1.433813645036177611e-15 5.338571726474772283e-17
2.230949401855468750e+00 1.396737848264554410e-15 6.414928587158578782e-17
2.231236934661865234e+00 1.449189410611211298e-15 8.155470782436328894e-17
2.231524467468261719e+00 1.355732877408855324e-15 8.393660417671178404e-17
2.231812000274658203e+00 1.461611995815642866e-15 6.737777841982515526e-17
2.232099533081054688e+00 1.438197252296455429e-15 5.644736748343514459e-17
2.232387065887451172e+00 1.448041045692971280e-15 5.627013245666708267e-17
2.232674598693847656e+00 1.375199812119127282e-15 5.546398208400760317e-17
2.232962131500244141e+00 1.317264346713709240e-15 5.349615580269090267e-17
2.233249664306640625e+00 1.325344405755804825e-15 5.347677330657756012e-17
2.233537435531616211e+00 1.320898859211259036e-15 5.462533013071969011e-17
2.233824968338012695e+00 1.266782771244129042e-15 5.622797933265138038e-17
2.234112501144409180e+00 1.219703515365432554e-15 5.526742080940785231e-17
2.234400033950805664e+00 1.455578050736758451e-15 5.477122493843934292e-17
2.234687566757202148e+00 1.483166443224423047e-15 5.513061175353648196e-17
2.234975099563598633e+00 1.303679314668289551e-15 5.400301568611644569e-17
2.235262632369995117e+00 1.336564627691608914e-15 5.269387994402062155e-17
2.235550165176391602e+00 1.313613105315451172e-15 5.241296609927516314e-17
2.235837697982788086e+00 1.367956621628918946e-15 5.269531592956401360e-17
2.236125230789184570e+00 1.334583629386217919e-15 5.369731289277399815e-17
2.236412763595581055e+00 1.297797094366082062e-15 5.424949234760009645e-17
2.236700296401977539e+00 1.342653841670301672e-15 5.367719586027670851e-17
2.236987829208374023e+00 1.499438369657651784e-15 5.302072547381992448e-17
2.237275362014770508e+00 1.404071671280118956e-15 5.339843930256878840e-17
2.237562894821166992e+00 1.394561079469229265e-15 5.455321652491731716e-17
2.237850427627563477e+00 1.427223199310947120e-15 5.482601076476995505e-17
2.238137960433959961e+00 1.410263799761903112e-15 5.411088334671581071e-17
2.238425493240356445e+00 1.457818876398719703e-15 5.256025718786880546e-17
2.238713026046752930e+00 1.362436507911662670e-15 5.178174126511349751e-17
2.239000558853149414e+00 1.413487818917389793e-15 5.168724415193543963e-17
2.239288091659545898e+00 1.343913273783750410e-15 5.129573625929164141e-17
2.239575624465942383e+00 1.321341857442673035e-15 5.172742527737081550e-17
2.239863157272338867e+00 1.385191836281412636e-15 5.251138073983427216e-17
2.240150690078735352e+00 1.472778960554888342e-15 5.320037917669909145e-17
2.240438222885131836e+00 1.375847157049066381e-15 5.330852807870672450e-17
2.240725994110107422e+00 1.366351494193872047e-15 5.265726231266412412e-17
2.241013526916503906e+00 1.411007494689592388e-15 5.260632783926555889e-17
2.241301059722900391e+00 1.410225365641921448e-15 5.384658259739286731e-17
2.241588592529296875e+00 1.428825468009797036e-15 5.445576803131367007e-17
2.241876125335693359e+00 1.443014328667490635e-15 5.292444165051875206e-17
2.242163658142089844e+00 1.369229394511286939e-15 5.217597554505627050e-17
2.242451190948486328e+00 1.380061675357248559e-15 5.236690868276821056e-17
2.242738723754882812e+00 1.299530441413519581e-15 5.292586770989479348e-17
2.243026256561279297e+00 1.308852991910118817e-15 5.345487949012450658e-17
2.243313789367675781e+00 1.349738213482899827e-15 5.314665545027499741e-17
2.243601322174072266e+00 1.342626736615989535e-15 5.334528136768368063e-17
2.243888854980468750e+00 1.394826836056430302e-15 5.517788677990511260e-17
2.244176387786865234e+00 1.325769298657971263e-15 5.580335112828095894e-17
2.244463920593261719e+00 1.319895125168762690e-15 5.365326056207187411e-17
2.244751453399658203e+00 1.378629448522559944e-15 5.145764528367032084e-17
2.245038986206054688e+00 1.270861023126921684e-15 5.102939402821691714e-17
2.245326519012451172e+00 1.353327092080416297e-15 5.150286559339736976e-17
2.245614051818847656e+00 1.477871534392018009e-15 5.333641730023956239e-17
2.245901584625244141e+00 1.411770883133305326e-15 5.926436083798653225e-17
2.246189117431640625e+00 1.357274477372858151e-15 6.210944524614022072e-17
2.246476650238037109e+00 1.424191244876250352e-15 5.844373811332982498e-17
2.246764183044433594e+00 1.356208804046093834e-15 5.581691689032682860e-17
2.247051715850830078e+00 1.361436056121836935e-15 5.799095929835299890e-17
2.247339248657226562e+00 1.395960060260738149e-15 5.801948710331872772e-17
2.247626781463623047e+00 1.374033341871639703e-15 5.770194900977187145e-17
2.247914552688598633e+00 1.323625775905825849e-15 5.315838818008344956e-17
2.248202085494995117e+00 1.329767294169011561e-15 5.165320070664520722e-17
2.248489618301391602e+00 1.433338459552767948e-15 5.184334305969154658e-17
2.248777151107788086e+00 1.347528092765276544e-15 5.202142181068441259e-17
2.249064683914184570e+00 1.356422256348801918e-15 5.215729449810237292e-17
2.249352216720581055e+00 1.353117451425970858e-15 5.267113909462031371e-17
2.249639749526977539e+00 1.379968501733050586e-15 5.337417974956383320e-17
2.249927282333374023e+00 1.334154713077552023e-15 5.366502637910482837e-17
2.250214815139770508e+00 1.179147683730015061e-15 5.797779720044605512e-17
2.250502347946166992e+00 1.282102738523762352e-15 5.423587033727257319e-17
2.250789880752563477e+00 1.450237931520793715e-15 5.430490352247379867e-17
2.251077413558959961e+00 1.396223699265571050e-15 5.397114607147600264e-17
2.251364946365356445e+00 1.375603529197612362e-15 5.619355538427937358e-17
2.251652479171752930e+00 1.392672301875970582e-15 6.314922451100917736e-17
2.251940011978149414e+00 1.336695070765486076e-15 6.739784913020814192e-17
2.252227544784545898e+00 1.401619405018699350e-15 6.301741824348252772e-17
2.252515077590942383e+00 1.381796292954106959e-15 5.602557816292700514e-17
2.252802610397338867e+00 1.361221756786181597e-15 5.399312260599031148e-17
2.253090143203735352e+00 1.255395789696834262e-15 5.417793460716935914e-17
2.253377676010131836e+00 1.349899255621996551e-15 5.495886258859087172e-17
2.253665208816528320e+00 1.317800095052847585e-15 5.588004069723197524e-17
2.253952741622924805e+00 1.322712039113975273e-15 5.773848392306711358e-17
2.254240274429321289e+00 1.402097766875661216e-15 5.785639355630287236e-17
2.254527807235717773e+00 1.348527379884799805e-15 5.840983032566005127e-17
2.254815340042114258e+00 1.393261413290785948e-15 5.423315718486339926e-17
2.255103111267089844e+00 1.391248015975162476e-15 5.424014189795579703e-17
2.255390644073486328e+00 1.392744617313842418e-15 5.580738115222531729e-17
2.255678176879882812e+00 1.454032956761848201e-15 5.695765189459665715e-17
2.255965709686279297e+00 1.250256734926724015e-15 5.692027656579906115e-17
2.256253242492675781e+00 1.351736364205472721e-15 5.651533526000740177e-17
2.256540775299072266e+00 1.354625487709438733e-15 5.756654946966429146e-17
2.256828308105468750e+00 1.364423541326802852e-15 5.953307542305805861e-17
2.257115840911865234e+00 1.371917030052924834e-15 5.894917193737932658e-17
2.257403373718261719e+00 1.433350847409621542e-15 5.649450354346086632e-17
2.257690906524658203e+00 1.278636256187124128e-15 5.486583785690315822e-17
2.257978439331054688e+00 1.294348293842217772e-15 5.524206606927187691e-17
2.258265972137451172e+00 1.296758420214511476e-15 5.606189470054053327e-17
2.258553504943847656e+00 1.315179798630516407e-15 5.579385509484885018e-17
2.258841037750244141e+00 1.334513855047187846e-15 5.501174589951261188e-17
2.259128570556640625e+00 1.390410618027683193e-15 5.440681217394033168e-17
2.259416103363037109e+00 1.411141220016140160e-15 5.445919917649454003e-17
2.259703636169433594e+00 1.406728390119182069e-15 5.508221176153477920e-17
2.259991168975830078e+00 1.357673641649251740e-15 5.580682528685368166e-17
2.260278701782226562e+00 1.370594282226668837e-15 5.638279445609680504e-17
2.260566234588623047e+00 1.287840327950226169e-15 5.783236561386943201e-17
2.260853767395019531e+00 1.409773367685442872e-15 5.942249791877196987e-17
2.261141300201416016e+00 1.341487053785458874e-15 6.104935704287186215e-17
2.261428833007812500e+00 1.456281935115926775e-15 6.165539588174251320e-17
2.261716365814208984e+00 1.188090234070652337e-15 6.306763803283184713e-17
2.262003898620605469e+00 1.264058713285759212e-15 6.405344541709294382e-17
2.262291669845581055e+00 1.305306676718201876e-15 6.294460649724316001e-17
2.262579202651977539e+00 1.433388010980182325e-15 5.989769001962653278e-17
2.262866735458374023e+00 1.301164791485246754e-15 5.636208847100337765e-17
2.263154268264770508e+00 1.329671473566853418e-15 5.571329432063108571e-17
2.263441801071166992e+00 1.327181831976636216e-15 5.814696556188049992e-17
2.263729333877563477e+00 1.349958971444777979e-15 5.983876829023315551e-17
2.264016866683959961e+00 1.386732695091586615e-15 5.926223002072859565e-17
2.264304399490356445e+00 1.384912209529700310e-15 5.972698641097518957e-17
2.264591932296752930e+00 1.329995463669178188e-15 6.232068732225156272e-17
2.264879465103149414e+00 1.228145892750716166e-15 6.322590746251529324e-17
2.265166997909545898e+00 1.295551821781147726e-15 6.016376424418278988e-17
2.265454530715942383e+00 1.393573227294493937e-15 5.666873425024413565e-17
2.265742063522338867e+00 1.364343390834168914e-15 5.539591835448428984e-17
2.266029596328735352e+00 1.384133256855581574e-15 5.490686932400823861e-17
2.266317129135131836e+00 1.345470120340803814e-15 5.475348025993885537e-17
2.266604661941528320e+00 1.221222880714569956e-15 5.503971453038425485e-17
2.266892194747924805e+00 1.328999141164970317e-15 5.593898889640495421e-17
2.267179727554321289e+00 1.403437455360862299e-15 5.703154228435479401e-17
2.267467260360717773e+00 1.351502265474675314e-15 5.751208789813380012e-17
2.267754793167114258e+00 1.318967306454164011e-15 5.827008312425289256e-17
2.268042325973510742e+00 1.264398585255845000e-15 6.086962062193143987e-17
2.268329858779907227e+00 1.208966525726037043e-15 6.528853195075302093e-17
2.268617391586303711e+00 1.312934314287345257e-15 6.884436302843677290e-17
2.268904924392700195e+00 1.371722635991529972e-15 6.791908541267985657e-17
2.269192457199096680e+00 1.369543220218244657e-15 6.325192063841886085e-17
2.269480228424072266e+00 1.385700691324475656e-15 5.918906093246460503e-17
2.269767761230468750e+00 1.324258721275661625e-15 5.716852339379357539e-17
2.270055294036865234e+00 1.336257472369110823e-15 5.875145591864445170e-17
2.270342826843261719e+00 1.247102595989385814e-15 6.135561901030839554e-17
2.270630359649658203e+00 1.249077135668553995e-15 5.961120097755246696e-17
2.270917892456054688e+00 1.286784819018828904e-15 5.633801420645563433e-17
2.271205425262451172e+00 1.369594889228027169e-15 5.607651263632557038e-17
2.271492958068847656e+00 1.489875685320505953e-15 5.781092509239205753e-17
2.271780490875244141e+00 1.410793618870410677e-15 5.864578194102957730e-17
2.272068023681640625e+00 1.238935080795486223e-15 5.945765640352792375e-17
2.272355556488037109e+00 1.279990873628020567e-15 6.218698846548339175e-17
2.272643089294433594e+00 1.302594053704619979e-15 6.139403327795535815e-17
2.272930622100830078e+00 1.329500055274152829e-15 5.772431597353530532e-17
2.273218154907226562e+00 1.254541556969528300e-15 5.620557928166344439e-17
2.273505687713623047e+00 1.256588623844805130e-15 5.706153254464351658e-17
2.273793220520019531e+00 1.307207524530958932e-15 5.797672517437218640e-17
2.274080753326416016e+00 1.324715589671586913e-15 5.991934229934072083e-17
2.274368286132812500e+00 1.409414966869635896e-15 6.141706860365373486e-17
2.274655818939208984e+00 1.333315515185059825e-15 6.090210565894762238e-17
2.274943351745605469e+00 1.313151578238315985e-15 6.003739089891938852e-17
2.275230884552001953e+00 1.462327738656072750e-15 6.329308114569949951e-17
2.275518417358398438e+00 1.569586356096582327e-15 6.976621942518016991e-17
2.275805950164794922e+00 1.365458721467466014e-15 7.042603823875656860e-17
2.276093482971191406e+00 1.308885814436824922e-15 6.463203509451663519e-17
2.276381254196166992e+00 1.278911012499389741e-15 6.156815148817532026e-17
2.276668787002563477e+00 1.376383328904678353e-15 6.074051427192416332e-17
2.276956319808959961e+00 1.266267351695724800e-15 6.062259140379860369e-17
2.277243852615356445e+00 1.348071570280058584e-15 6.016568330320391290e-17
2.277531385421752930e+00 1.359553843033919473e-15 5.804831269330497563e-17
2.277818918228149414e+00 1.371724965332134921e-15 5.648847505115657986e-17
2.278106451034545898e+00 1.353168485161042930e-15 5.666507480321420105e-17
2.278393983840942383e+00 1.396025811193268764e-15 5.667494141356073357e-17
2.278681516647338867e+00 1.340095802169593685e-15 5.596115071937647492e-17
2.278969049453735352e+00 1.295601902604154136e-15 5.519769279249208229e-17
2.279256582260131836e+00 1.338229788586792462e-15 5.517785038395816026e-17
2.279544115066528320e+00 1.421821564327188040e-15 5.500633944702896529e-17
2.279831647872924805e+00 1.404805731208033214e-15 5.503841751118377170e-17
2.280119180679321289e+00 1.347684158585808149e-15 5.656799026908007730e-17
2.280406713485717773e+00 1.277364012700348168e-15 6.048860137945481406e-17
2.280694246292114258e+00 1.210149407236877674e-15 6.479864250477461582e-17
2.280981779098510742e+00 1.186305429771669119e-15 6.326252840259424088e-17
2.281269311904907227e+00 1.292479103885864344e-15 5.947821018738864139e-17
2.281556844711303711e+00 1.330061532239064023e-15 5.773728616554013680e-17
2.281844377517700195e+00 1.397788804393860183e-15 5.710690174688082504e-17
2.282131910324096680e+00 1.301670576033875978e-15 5.683863053061762711e-17
2.282419443130493164e+00 1.401049034207841985e-15 6.044621664486759692e-17
2.282706975936889648e+00 1.267428104470818412e-15 6.821716160077456520e-17
2.282994508743286133e+00 1.323840922274428442e-15 7.140522817811724107e-17
2.283282041549682617e+00 1.511539399979481939e-15 6.480019760432621551e-17
2.283569812774658203e+00 1.310139952594353320e-15 6.125063986440806569e-17
2.283857345581054688e+00 1.439806191379764972e-15 6.874721893729854533e-17
2.284144878387451172e+00 1.323174095586702494e-15 6.533749442557125974e-17
2.284432411193847656e+00 1.447727537623368782e-15 6.057199442008996009e-17
2.284719944000244141e+00 1.251861650603534101e-15 5.787591501875912381e-17
2.285007476806640625e+00 1.305550304569655894e-15 6.032629530838210918e-17
2.285295009613037109e+00 1.387699053805285365e-15 6.355541651388701692e-17
2.285582542419433594e+00 1.357405238084090533e-15 6.242260920860789658e-17
2.285870075225830078e+00 1.239684069679095838e-15 5.893098058134806040e-17
2.286157608032226562e+00 1.360882308332569436e-15 5.728692271795196556e-17
2.286445140838623047e+00 1.448585899636292609e-15 5.857612671600771195e-17
2.286732673645019531e+00 1.333857616271302577e-15 6.001842530183477270e-17
2.287020206451416016e+00 1.377598503546633053e-15 5.905135190408677699e-17
2.287307739257812500e+00 1.401821528255737907e-15 5.851170588990208215e-17
2.287595272064208984e+00 1.360028710879973915e-15 5.925873600982117166e-17
2.287882804870605469e+00 1.462855969577804213e-15 5.921488881991096077e-17
2.288170337677001953e+00 1.306127875160564920e-15 5.910294150453048422e-17
2.288457870483398438e+00 1.275303287418796862e-15 5.928739616368490896e-17
2.288745403289794922e+00 1.356331094427853674e-15 5.905340331200590849e-17
2.289032936096191406e+00 1.280722498336211469e-15 6.073082633258994226e-17
2.289320468902587891e+00 1.202174803796715249e-15 6.562357318606149926e-17
2.289608001708984375e+00 1.287454927959225462e-15 7.156691220936930607e-17
2.289895534515380859e+00 1.308631175157056598e-15 7.547978752665544691e-17
2.290183067321777344e+00 1.452689668386621287e-15 7.147296434411798340e-17
2.290470600128173828e+00 1.428875019437211413e-15 6.454434733214111384e-17
2.290758371353149414e+00 1.375503685188954762e-15 6.188837626435174876e-17
2.291045904159545898e+00 1.412607116410482134e-15 6.250352070740538353e-17
2.291333436965942383e+00 1.394878928582686441e-15 6.250193913807418214e-17
2.291620969772338867e+00 1.338471510614115158e-15 6.230164231582814181e-17
2.291908502578735352e+00 1.268241573737537761e-15 6.297646287699380221e-17
2.292196035385131836e+00 1.320045685275137142e-15 6.668566647513468637e-17
2.292483568191528320e+00 1.290267924377056993e-15 6.916597746804229048e-17
2.292771100997924805e+00 1.462010948333799642e-15 6.504080128346073977e-17
2.293058633804321289e+00 1.307828611439533148e-15 6.181154111161292312e-17
2.293346166610717773e+00 1.287299391534285891e-15 6.220518643895955836e-17
2.293633699417114258e+00 1.142021170860675009e-15 6.536975446946082782e-17
2.293921232223510742e+00 9.494087373912440952e-16 6.810594220433313531e-17
2.294208765029907227e+00 8.945794476825259800e-16 6.643221171800353826e-17
2.294496297836303711e+00 8.870116847548416370e-16 6.568876163577557826e-17
2.294783830642700195e+00 9.990051634309435498e-16 6.964702600763372884e-17
2.295071363449096680e+00 9.935667883930973145e-16 7.170785716830344156e-17
2.295358896255493164e+00 1.137264657345368486e-15 7.175446383273712935e-17
2.295646429061889648e+00 1.150983944112927981e-15 7.378112250794105140e-17
2.295933961868286133e+00 1.053975484125379506e-15 7.339199027801650548e-17
2.296221494674682617e+00 1.200520866088082821e-15 6.970582862301889847e-17
2.296509027481079102e+00 1.124317546988349691e-15 6.894332691692261713e-17
2.296796560287475586e+00 1.029259380361854243e-15 6.514297463272328975e-17
2.297084093093872070e+00 1.218970196591347144e-15 6.354298895236402023e-17
2.297371625900268555e+00 1.127204764668184381e-15 6.234028819404661926e-17
2.297659158706665039e+00 1.153078233075014239e-15 6.375068407800873484e-17
2.297946929931640625e+00 1.143886337410528978e-15 6.764462026798986156e-17
2.298234462738037109e+00 8.978303601340879847e-16 8.432600772187724735e-17
2.298521995544433594e+00 9.223234824742485537e-16 7.923660364085488334e-17
2.298809528350830078e+00 1.176229866984960810e-15 7.693722020896977785e-17
2.299097061157226562e+00 1.157981177411077350e-15 7.270153269455114265e-17
2.299384593963623047e+00 1.206794415611921797e-15 7.070270699259840488e-17
2.299672126770019531e+00 1.232511077044391203e-15 6.971924880127695879e-17
2.299959659576416016e+00 1.091799105110309847e-15 7.189807562196613580e-17
2.300247192382812500e+00 1.116891609139771240e-15 7.517403510247624618e-17
2.300534725189208984e+00 1.211060814688123301e-15 7.485059424807821151e-17
2.300822257995605469e+00 1.198545055859493759e-15 7.292145024092694080e-17
2.301109790802001953e+00 1.178619452808283598e-15 6.898242939883922386e-17
2.301397323608398438e+00 1.121759507487641704e-15 6.532191696027566112e-17
2.301684856414794922e+00 1.239275588040282452e-15 6.520436466906452525e-17
2.301972389221191406e+00 1.215657133097280355e-15 6.678685382510707313e-17
2.302259922027587891e+00 1.248924034463337780e-15 6.934533007717848816e-17
2.302547454833984375e+00 1.217729928598330034e-15 6.884192119126851636e-17
2.302834987640380859e+00 1.055920060014038566e-15 6.798812521532598247e-17
2.303122520446777344e+00 9.730954843656185703e-16 6.759187923213348052e-17
2.303410053253173828e+00 1.015710558974929675e-15 7.152321722069180493e-17
2.303697586059570312e+00 9.772941208060397303e-16 7.562352504733756142e-17
2.303985118865966797e+00 1.138009516943360236e-15 7.428202338223376241e-17
2.304272651672363281e+00 1.174059133299384852e-15 7.411572037444120130e-17
2.304560184478759766e+00 1.179783064319574193e-15 7.486779960481931449e-17
2.304847717285156250e+00 1.102456261894426640e-15 7.156411964762132705e-17
2.305135488510131836e+00 1.195736506364635313e-15 6.879610200277797905e-17
2.305423021316528320e+00 1.242858431528049735e-15 6.932646374176737870e-17
2.305710554122924805e+00 1.014912442180379310e-15 6.913713864316624173e-17
2.305998086929321289e+00 1.051719094233012457e-15 6.795902831009881717e-17
2.306285619735717773e+00 1.178675462861920788e-15 6.823453901108307920e-17
2.306573152542114258e+00 1.063629753899947208e-15 6.914511928171615334e-17
2.306860685348510742e+00 1.021154863243406690e-15 6.819524462326436018e-17
2.307148218154907227e+00 1.197663929836112473e-15 6.877555483636216185e-17
2.307435750961303711e+00 1.212405373612771096e-15 7.436139963381435095e-17
2.307723283767700195e+00 1.098362763418583420e-15 7.567969391965236221e-17
2.308010816574096680e+00 1.174948517894001867e-15 6.961820703509238135e-17
2.308298349380493164e+00 1.235772153891320259e-15 6.648928056282479675e-17
2.308585882186889648e+00 1.339073221644020931e-15 6.597504553705773093e-17
2.308873414993286133e+00 1.220524078533085158e-15 6.669057000180590071e-17
2.309160947799682617e+00 1.091076797764538742e-15 6.761011691027904967e-17
2.309448480606079102e+00 1.285769861789781438e-15 6.823839036401512610e-17
2.309736013412475586e+00 1.140953591709779370e-15 6.745073574985233230e-17
2.310023546218872070e+00 1.108917005699608816e-15 6.620238123916690463e-17
2.310311079025268555e+00 1.141035965663899851e-15 6.564100353592921665e-17
2.310598611831665039e+00 1.146237277355633289e-15 6.517068849196626639e-17
2.310886144638061523e+00 1.145582203250050495e-15 6.427943116044243098e-17
2.311173677444458008e+00 1.061785974932011409e-15 6.393861951318078273e-17
2.311461210250854492e+00 1.008736301445474579e-15 6.423265244244133216e-17
2.311748743057250977e+00 1.096886702628874395e-15 6.544207652477756413e-17
2.312036275863647461e+00 1.151096811253149617e-15 6.735544454328622351e-17
2.312324047088623047e+00 1.243627749202393454e-15 6.749456308742784192e-17
2.312611579895019531e+00 1.157281634075763704e-15 6.617373432019296817e-17
2.312899112701416016e+00 1.175036397562279501e-15 6.599999330433233024e-17
2.313186645507812500e+00 1.383256577755173373e-15 6.507316058902381422e-17
2.313474178314208984e+00 1.201173187336587039e-15 6.486368537070088549e-17
2.313761711120605469e+00 1.216163764678856833e-15 6.457867863628451470e-17
2.314049243927001953e+00 1.122885214274542669e-15 6.466185991868284716e-17
2.314336776733398438e+00 1.076127936794921223e-15 6.504634670228729527e-17
2.314624309539794922e+00 1.193440305923747311e-15 6.486488974567276270e-17
2.314911842346191406e+00 1.198931832279033754e-15 6.522586474754600355e-17
2.315199375152587891e+00 1.220835257262082706e-15 6.577884491320505319e-17
2.315486907958984375e+00 1.281328762168208735e-15 6.698868589457001189e-17
2.315774440765380859e+00 1.165576310090869847e-15 7.130848775111793937e-17
2.316061973571777344e+00 1.226718324597237449e-15 7.827622709734611693e-17
2.316349506378173828e+00 1.161002755692170253e-15 8.563590447013662028e-17
2.316637039184570312e+00 1.200138536591515911e-15 9.778489141516014962e-17
2.316924571990966797e+00 1.055369065081849644e-15 1.124426046614937047e-16
2.317212104797363281e+00 1.237605556705652192e-15 1.125559350228583699e-16
2.317499637603759766e+00 1.297393800804070609e-15 1.007439083721644419e-16
2.317787170410156250e+00 1.048372361179292309e-15 9.443348644534030269e-17
2.318074703216552734e+00 1.138967617085823256e-15 9.269428957661080882e-17
2.318362236022949219e+00 1.188351649613998695e-15 8.789691333904416570e-17
2.318649768829345703e+00 1.258652843137263860e-15 8.327659345723327305e-17
2.318937301635742188e+00 1.161649147710043690e-15 7.847105791010440686e-17
2.319224834442138672e+00 1.092647196848748215e-15 7.585088060178143640e-17
2.319512605667114258e+00 1.230631193297078690e-15 7.625384990899276936e-17
2.319800138473510742e+00 1.275274382419471809e-15 7.601953280251364810e-17
2.320087671279907227e+00 1.323040052622799501e-15 7.411531671030227543e-17
2.320375204086303711e+00 1.268461696424705472e-15 7.311677074460786211e-17
2.320662736892700195e+00 1.114754121497375013e-15 7.386235164409375871e-17
2.320950269699096680e+00 1.185764916872202469e-15 7.380735405952633301e-17
2.321237802505493164e+00 1.257650697281543616e-15 7.216808722623814531e-17
2.321525335311889648e+00 1.209290515828361813e-15 7.262351301917514108e-17
2.321812868118286133e+00 1.186396168176143736e-15 7.699284645080274386e-17
2.322100400924682617e+00 9.364907437917871676e-16 7.821937001076167202e-17
2.322387933731079102e+00 1.159805898137699926e-15 7.638332683591446967e-17
2.322675466537475586e+00 1.075005512260690868e-15 7.543614547753714917e-17
2.322962999343872070e+00 9.576847786815106435e-16 7.525185625450523503e-17
2.323250532150268555e+00 9.294651348899047802e-16 7.384817707711705003e-17
2.323538064956665039e+00 9.955658920277358701e-16 7.210244217282593703e-17
2.323825597763061523e+00 1.021878547017717083e-15 7.057761743164568582e-17
2.324113130569458008e+00 1.090922637768138460e-15 6.897592445050210685e-17
2.324400663375854492e+00 1.062101812342218857e-15 6.752099977980503668e-17
2.324688196182250977e+00 1.060440674853534767e-15 6.775924103111010950e-17
2.324975728988647461e+00 1.096773941367771166e-15 6.984878528520276292e-17
2.325263261795043945e+00 1.013667303747915489e-15 7.278397282312062760e-17
2.325550794601440430e+00 1.044537631268835278e-15 7.361372100429501987e-17
2.325838327407836914e+00 1.158414328884479517e-15 7.050769089138290307e-17
2.326125860214233398e+00 1.060411134579499273e-15 6.887760907161650419e-17
2.326413393020629883e+00 1.082402968626417893e-15 7.017548192249180631e-17
2.326701164245605469e+00 1.120640894601673994e-15 7.033435353966119102e-17
2.326988697052001953e+00 1.050221116465793227e-15 6.793889804271172669e-17
2.327276229858398438e+00 1.064580018987648126e-15 6.706452843057377389e-17
2.327563762664794922e+00 1.077959539664240241e-15 6.727113829525481893e-17
2.327851295471191406e+00 1.100997247642781108e-15 6.739657196334236005e-17
2.328138828277587891e+00 1.027460388261004515e-15 7.057212495237833371e-17
2.328426361083984375e+00 1.031165839767886859e-15 7.795881473525236873e-17
2.328713893890380859e+00 1.009598792744016271e-15 8.291110535793794287e-17
2.329001426696777344e+00 1.021790349712084229e-15 7.455040709506026756e-17
2.329288959503173828e+00 1.060670750177832716e-15 7.203743239412416948e-17
2.329576492309570312e+00 1.191444378662660959e-15 7.004261024633618837e-17
2.329864025115966797e+00 1.296017478143900777e-15 6.777506995931192424e-17
2.330151557922363281e+00 1.055112519977949997e-15 6.671637803691755518e-17
2.330439090728759766e+00 8.676343237787418217e-16 6.759316963388906324e-17
2.330726623535156250e+00 9.560917214659621181e-16 6.985278883936751958e-17
2.331014156341552734e+00 1.033090828019640663e-15 7.084654377495402575e-17
2.331301689147949219e+00 1.014574581913543251e-15 7.214505851798466902e-17
2.331589221954345703e+00 9.973206266570915600e-16 7.789402333223231518e-17
2.331876754760742188e+00 9.036669465362621480e-16 7.626974501164358834e-17
2.332164287567138672e+00 9.862372005422690401e-16 7.410846103738543593e-17
2.332451820373535156e+00 1.127914684157101891e-15 7.203449424858838113e-17
2.332739353179931641e+00 1.195475090821288954e-15 7.086425867495246139e-17
2.333026885986328125e+00 1.287944407123620041e-15 6.909602445799990604e-17
2.333314418792724609e+00 1.305212550181938241e-15 6.842484349152947896e-17
2.333601951599121094e+00 1.138271250124061815e-15 6.972435085129518586e-17
2.333889722824096680e+00 9.443213516309163606e-16 7.204438732871451534e-17
2.334177255630493164e+00 1.000333522850475106e-15 7.275212967825978624e-17
2.334464788436889648e+00 1.112918812858911758e-15 7.325096590974356490e-17
2.334752321243286133e+00 1.064779812884081734e-15 7.514190079003978616e-17
2.335039854049682617e+00 1.110463899619531982e-15 7.598577059863168373e-17
2.335327386856079102e+00 1.172321974603684688e-15 7.321309427257843708e-17
2.335614919662475586e+00 1.039062092660428260e-15 7.148347946406475749e-17
2.335902452468872070e+00 9.738840720395123239e-16 7.420191259426922679e-17
2.336189985275268555e+00 1.156727356890904172e-15 7.577206021557248350e-17
2.336477518081665039e+00 1.164950140984612106e-15 7.316779786223503329e-17
2.336765050888061523e+00 1.149613021287796896e-15 7.134663732096888501e-17
2.337052583694458008e+00 1.110879051642804996e-15 7.019326961438414661e-17
2.337340116500854492e+00 1.116467245633196836e-15 7.016511900377774198e-17
2.337627649307250977e+00 1.130867229252993569e-15 7.118020196427831542e-17
2.337915182113647461e+00 1.136448011705096933e-15 7.398096272648896246e-17
2.338202714920043945e+00 1.104879517277402787e-15 7.946830023915343660e-17
2.338490247726440430e+00 1.042641230379051306e-15 8.198754166041023641e-17
2.338777780532836914e+00 1.051012562875883963e-15 8.400721893124421091e-17
2.339065313339233398e+00 9.808156602842494839e-16 7.725813319941585047e-17
2.339352846145629883e+00 1.001247047884088869e-15 7.619547081008122688e-17
2.339640378952026367e+00 1.241201529204101917e-15 8.425049605811850656e-17
2.339927911758422852e+00 9.988753556317768283e-16 9.155172815754846318e-17
2.340215444564819336e+00 1.084345956328300851e-15 9.659835045728958460e-17
2.340502977371215820e+00 1.118543852782509160e-15 9.022281949009017146e-17
2.340790748596191406e+00 1.169418239781378540e-15 8.522899116576463448e-17
2.341078281402587891e+00 1.131437705942969340e-15 8.728997452766705696e-17
2.341365814208984375e+00 1.015292124698986050e-15 8.720966521635550861e-17
2.341653347015380859e+00 1.002728296750599827e-15 8.359333083994717798e-17
2.341940879821777344e+00 1.004565722971431218e-15 8.309422329322248193e-17
2.342228412628173828e+00 1.025569810722732917e-15 8.296349566921460143e-17
2.342515945434570312e+00 1.208957631880090873e-15 7.964566099737460658e-17
2.342803478240966797e+00 1.116240558440687904e-15 7.664758788056801053e-17
2.343091011047363281e+00 1.082394392417826944e-15 7.698735397153539176e-17
2.343378543853759766e+00 1.145887240990180449e-15 8.053649481242481484e-17
2.343666076660156250e+00 1.045476779049103484e-15 8.252849131124031482e-17
2.343953609466552734e+00 1.028190001265945688e-15 7.951141951012460083e-17
2.344241142272949219e+00 9.720837035101233085e-16 7.599913783733054065e-17
2.344528675079345703e+00 9.909827026292612577e-16 7.887063246808182220e-17
2.344816207885742188e+00 9.485954798827615601e-16 8.542182351016299629e-17
2.345103740692138672e+00 9.778666091992652305e-16 8.780686314883919289e-17
2.345391273498535156e+00 9.426655080981526103e-16 8.557847166584583846e-17
2.345678806304931641e+00 9.960325013025545828e-16 8.294202206051272484e-17
2.345966339111328125e+00 1.202165592313413859e-15 8.043440748994597038e-17
2.346253871917724609e+00 1.151664535086046812e-15 7.927603037757161085e-17
2.346541404724121094e+00 1.141339626975490518e-15 8.326976425409603525e-17
2.346828937530517578e+00 1.169357782804768264e-15 8.656950021413336986e-17
2.347116470336914062e+00 1.178142255621624206e-15 8.365397310501466554e-17
2.347404003143310547e+00 1.154732488421001887e-15 8.429368812098357545e-17
2.347691535949707031e+00 1.000383603673481517e-15 9.037832282780524024e-17
2.347979307174682617e+00 1.143062491990205765e-15 9.448473193864918786e-17
2.348266839981079102e+00 1.055637998042602884e-15 9.646585597549329084e-17
2.348554372787475586e+00 1.290981973151592369e-15 9.027157682411649712e-17
2.348841905593872070e+00 1.244780031648014523e-15 8.225548200442841314e-17
2.349129438400268555e+00 1.269014808939262530e-15 8.173823604123165430e-17
2.349416971206665039e+00 1.303870426477013802e-15 8.550161004332741113e-17
2.349704504013061523e+00 1.177018984054446597e-15 8.832037687311211248e-17
2.349992036819458008e+00 1.109024261246554892e-15 9.066753163973338041e-17
2.350279569625854492e+00 1.218771249727860790e-15 9.583379072582927133e-17
2.350567102432250977e+00 1.266296574332405073e-15 1.039313727620211792e-16
2.350854635238647461e+00 1.059843198988365265e-15 1.048958124166988061e-16
2.351142168045043945e+00 1.179750665309341716e-15 9.669098806845062327e-17
2.351429700851440430e+00 9.488435546571886633e-16 9.096270276951680281e-17
2.351717233657836914e+00 1.007960631024026454e-15 9.658917206121269620e-17
2.352004766464233398e+00 1.040818521355678459e-15 9.985890452607150739e-17
2.352292299270629883e+00 9.224284086805896801e-16 1.055644919889968728e-16
2.352579832077026367e+00 9.754425067833418297e-16 1.086494918620154414e-16
2.352867364883422852e+00 1.062322464424978602e-15 9.506111800692103797e-17
2.353154897689819336e+00 8.498540963642491931e-16 8.894506367171215898e-17
2.353442430496215820e+00 8.068726270656914005e-16 9.407246512135275887e-17
2.353729963302612305e+00 1.007255052578963622e-15 9.012971865778610309e-17
2.354017496109008789e+00 1.030519447750013421e-15 8.051551751209047006e-17
2.354305028915405273e+00 9.811023809368950646e-16 7.714032944529849848e-17
2.354592561721801758e+00 8.441913634744989750e-16 7.939568039881618119e-17
2.354880094528198242e+00 9.605784549875681470e-16 8.080707551695826083e-17
2.355167865753173828e+00 1.113523912020606549e-15 7.990877060661547363e-17
2.355455398559570312e+00 1.121654898918655798e-15 8.296933887306167602e-17
2.355742931365966797e+00 1.090788700683353873e-15 9.560266322779215455e-17
2.356030464172363281e+00 9.611172738211402888e-16 1.060701044840586858e-16
2.356317996978759766e+00 9.886139749922646068e-16 9.591505294920648077e-17
2.356605529785156250e+00 9.808486945691924017e-16 8.232024693766886499e-17
2.356893062591552734e+00 1.004704742253899330e-15 8.011952299180418423e-17
2.357180595397949219e+00 9.543007761781113069e-16 8.191936874304606609e-17
2.357468128204345703e+00 9.745453930130811189e-16 8.009073710648733887e-17
2.357755661010742188e+00 9.928323049487094293e-16 7.869710982790289826e-17
2.358043193817138672e+00 1.033337949882002105e-15 8.387346051747193612e-17
2.358330726623535156e+00 9.601593854369140819e-16 9.785002030787012480e-17
2.358618259429931641e+00 9.162028223973889794e-16 1.132229999386007331e-16
2.358905792236328125e+00 8.888077651799351775e-16 1.107290503917533547e-16
2.359193325042724609e+00 1.015206044975721332e-15 9.046990826522711146e-17
2.359480857849121094e+00 1.019579276082395285e-15 7.630998569408306803e-17
2.359768390655517578e+00 1.080190942084663288e-15 7.314637719309236008e-17
2.360055923461914062e+00 9.793735866915490376e-16 7.336584475321492938e-17
2.360343456268310547e+00 1.042458165383325971e-15 7.315660114546351550e-17
2.360630989074707031e+00 1.112467026660669996e-15 7.290552205105161969e-17
2.360918521881103516e+00 1.084432459568039197e-15 8.019866101536835749e-17
2.361206054687500000e+00 8.845313075874850287e-16 8.836141826638454350e-17
2.361493587493896484e+00 1.095168602174487454e-15 8.552691515262663335e-17
2.361781120300292969e+00 1.173633287485152752e-15 8.817892898836554474e-17
2.362068653106689453e+00 1.185403233803724882e-15 8.103548986258620368e-17
2.362356424331665039e+00 1.159794251434675180e-15 7.496551941366387897e-17
2.362643957138061523e+00 1.169715971862338427e-15 7.346569537931743046e-17
2.362931489944458008e+00 1.177804289475669740e-15 7.373083654414272774e-17
2.363219022750854492e+00 1.002787059661315594e-15 7.445859004706688149e-17
2.363506555557250977e+00 1.032535915560070690e-15 7.765469020251867236e-17
2.363794088363647461e+00 1.293281032328677353e-15 8.519385253334338186e-17
2.364081621170043945e+00 1.034629251610091286e-15 8.985423442658144275e-17
2.364369153976440430e+00 8.955872051315217838e-16 8.769482980667501083e-17
2.364656686782836914e+00 1.063641294723853548e-15 8.233311125055528968e-17
2.364944219589233398e+00 1.174152306923582825e-15 7.822762196455250103e-17
2.365231752395629883e+00 1.116006353830772090e-15 7.529432039843125726e-17
2.365519285202026367e+00 1.107686478585485131e-15 7.433491661932285321e-17
2.365806818008422852e+00 1.056145900173600244e-15 7.616542099278840049e-17
2.366094350814819336e+00 1.023956742353805509e-15 8.119258800452227470e-17
2.366381883621215820e+00 1.120816230421755634e-15 8.419466467549362740e-17
2.366669416427612305e+00 1.077527235223785327e-15 8.176898069023902523e-17
2.366956949234008789e+00 1.068597708014712086e-15 8.388384990596560215e-17
2.367244482040405273e+00 1.042390826264019254e-15 9.892970938293353992e-17
2.367532014846801758e+00 1.130481723382874455e-15 1.083625528336881467e-16
2.367819547653198242e+00 1.078576497287196592e-15 9.871654824780107490e-17
2.368107080459594727e+00 1.015266184314976387e-15 8.542466239402527828e-17
2.368394613265991211e+00 1.150991779167690084e-15 8.221820593730432350e-17
2.368682146072387695e+00 1.044563465773726534e-15 8.783888496471234570e-17
2.368969678878784180e+00 9.443857261349076875e-16 9.464573437307650917e-17
2.369257211685180664e+00 1.106403753065986900e-15 9.125648423587113612e-17
2.369544982910156250e+00 1.248976338747830733e-15 8.607000223815954878e-17
2.369832515716552734e+00 1.232340611663756275e-15 9.225125825797230762e-17
2.370120048522949219e+00 1.022290946183911520e-15 1.219638637935628795e-16
2.370407581329345703e+00 1.066924394427411216e-15 1.706563865645337880e-16
2.370695114135742188e+00 8.220550573705142933e-16 2.199349370209964646e-16
2.370982646942138672e+00 9.491574862432647884e-16 1.957640048381477501e-16
2.371270179748535156e+00 1.130900792933528520e-15 1.703851507329552000e-16
2.371557712554931641e+00 9.308082115068948802e-16 1.687353687797202382e-16
2.371845245361328125e+00 9.730820377175809083e-16 1.405884110029006345e-16
2.372132778167724609e+00 1.217850630793313772e-15 1.150427046419887881e-16
2.372420310974121094e+00 1.275902880866334500e-15 1.081620244008705916e-16
2.372707843780517578e+00 1.024216040314783732e-15 1.063538340516092748e-16
2.372995376586914062e+00 8.696890668901031442e-16 9.907582918377980715e-17
2.373282909393310547e+00 9.339169283024365692e-16 9.101672097223896573e-17
2.373570442199707031e+00 1.102826203534139956e-15 9.056135473630607378e-17
2.373857975006103516e+00 1.136356532146793469e-15 8.997754389485594769e-17
2.374145507812500000e+00 1.101736919163970926e-15 8.523280943147217925e-17
2.374433040618896484e+00 1.038132050484343039e-15 8.399526782575404476e-17
2.374720573425292969e+00 1.052609749377050354e-15 8.776451150147647788e-17
2.375008106231689453e+00 8.919908091165984314e-16 8.951063021757181548e-17
2.375295639038085938e+00 1.166839130336107602e-15 8.823307953998571615e-17
2.375583171844482422e+00 1.078331810644558506e-15 8.628217737400185059e-17
2.375870704650878906e+00 1.011870535108552304e-15 8.630120914553547065e-17
2.376158237457275391e+00 1.052878999975158814e-15 9.363203445856012439e-17
2.376445770263671875e+00 1.076517360192421387e-15 1.090791294721754840e-16
2.376733541488647461e+00 9.531959275775364789e-16 1.216951822957158553e-16
2.377021074295043945e+00 9.491718858033681115e-16 1.154232474284325833e-16
2.377308607101440430e+00 1.072994656043909159e-15 1.011898778363387315e-16
2.377596139907836914e+00 9.933381953764570602e-16 9.551545853889436416e-17
2.377883672714233398e+00 1.191727499425280709e-15 1.057292729844623363e-16
2.378171205520629883e+00 9.945538994140037947e-16 1.339834333686688124e-16
2.378458738327026367e+00 8.929879786537535565e-16 1.325103239593853764e-16
2.378746271133422852e+00 1.024388729156905202e-15 1.016296930767556265e-16
2.379033803939819336e+00 1.034873302978018932e-15 8.839137543944876395e-17
2.379321336746215820e+00 1.018531813963996936e-15 8.886339116675112323e-17
2.379608869552612305e+00 1.032026107604942008e-15 9.464669390258707068e-17
2.379896402359008789e+00 1.197470276928546459e-15 1.011309561069453542e-16
2.380183935165405273e+00 1.001737268202312296e-15 1.032183099867759672e-16
2.380471467971801758e+00 1.080042287802420158e-15 1.024417329753764835e-16
2.380759000778198242e+00 9.552449002769446314e-16 9.942129289480645363e-17
2.381046533584594727e+00 9.710338061720016033e-16 9.373785401996280811e-17
2.381334066390991211e+00 1.043998812435263136e-15 8.922890573582605510e-17
2.381621599197387695e+00 1.003841298043291978e-15 8.680460479655564159e-17
2.381909132003784180e+00 9.628227746604368226e-16 8.634998633189649758e-17
2.382196664810180664e+00 1.196620491124213582e-15 8.768851676424000612e-17
2.382484197616577148e+00 1.056566769669267224e-15 9.173845921774863386e-17
2.382771730422973633e+00 9.601710321399388286e-16 1.001436531801367616e-16
2.383059263229370117e+00 8.420581639363982230e-16 1.167707047939467641e-16
2.383346796035766602e+00 7.870472915396124671e-16 1.367472092313309884e-16
2.383634328842163086e+00 1.114836601330613901e-15 1.401283000589741384e-16
2.383922100067138672e+00 9.363211254440994939e-16 1.483317876833524355e-16
2.384209632873535156e+00 8.330947024698756066e-16 1.529438159067030966e-16
2.384497165679931641e+00 6.847514401370658355e-16 1.267657068064373090e-16
2.384784698486328125e+00 9.389555037891787748e-16 1.124945251341824331e-16
2.385072231292724609e+00 1.004411986491504562e-15 9.365827262759030642e-17
2.385359764099121094e+00 1.032041142439755772e-15 9.278767495904559543e-17
2.385647296905517578e+00 8.813314288709950955e-16 1.026184716937770137e-16
2.385934829711914062e+00 6.840484557304039696e-16 1.254837224407679254e-16
2.386222362518310547e+00 7.303732170113336891e-16 1.346500880028273493e-16
2.386509895324707031e+00 9.486676894415149892e-16 1.208267088269841805e-16
2.386797428131103516e+00 1.003583482389971450e-15 1.069042135614224577e-16
2.387084960937500000e+00 9.044438875071311550e-16 9.925066869549391550e-17
2.387372493743896484e+00 9.737968276459451310e-16 9.865678610290534375e-17
2.387660026550292969e+00 8.909131714494541478e-16 1.085457501783114909e-16
2.387947559356689453e+00 9.576058987382975868e-16 1.231858411688752162e-16
2.388235092163085938e+00 7.398660211303310398e-16 1.367244055162041266e-16
2.388522624969482422e+00 8.326310048708130806e-16 1.205486305573785538e-16
2.388810157775878906e+00 1.093469242324058514e-15 9.787639082579831533e-17
2.389097690582275391e+00 9.483425346688877447e-16 9.113819079083115273e-17
2.389385223388671875e+00 8.304013494558437451e-16 9.256675817848983323e-17
2.389672756195068359e+00 1.010600303325026074e-15 9.866916072486913705e-17
2.389960289001464844e+00 1.017812153596186001e-15 1.034695214300858715e-16
2.390247821807861328e+00 1.059385483559492722e-15 1.013155695847773891e-16
2.390535354614257812e+00 9.993063895228108603e-16 9.710680845365858007e-17
2.390822887420654297e+00 9.517299253040760985e-16 1.008671384311001418e-16
2.391110658645629883e+00 8.575800956343924801e-16 1.242423427170075449e-16
2.391398191452026367e+00 7.050882247446087561e-16 1.653607895178591056e-16
2.391685724258422852e+00 6.942014161526676407e-16 1.644439425269053298e-16
2.391973257064819336e+00 9.343194807106191754e-16 1.233988037806606685e-16
2.392260789871215820e+00 8.703530877811913122e-16 9.741506227201014115e-17
2.392548322677612305e+00 9.013959453255549620e-16 9.375077127240843619e-17
2.392835855484008789e+00 9.108344334568096307e-16 9.557466481841845967e-17
2.393123388290405273e+00 7.024927569755439697e-16 9.895191091057446318e-17
2.393410921096801758e+00 8.187065243717812305e-16 9.936939889189732688e-17
2.393698453903198242e+00 1.001687716774897919e-15 9.704858155597974735e-17
2.393985986709594727e+00 1.011565391489303942e-15 9.808561458121502793e-17
2.394273519515991211e+00 1.172309692625949501e-15 1.050060524312949732e-16
2.394561052322387695e+00 1.039113020516381925e-15 1.075053951957361973e-16
2.394848585128784180e+00 1.080837863498128760e-15 1.046788661030832984e-16
2.395136117935180664e+00 1.026143887302734519e-15 1.011124007914445647e-16
2.395423650741577148e+00 1.021904910918200373e-15 1.002619333902869442e-16
2.395711183547973633e+00 8.695737115905989491e-16 9.999183575923122915e-17
2.395998716354370117e+00 1.221445226863224209e-15 9.976338170893388375e-17
2.396286249160766602e+00 9.667801125900089138e-16 1.091582674957396572e-16
2.396573781967163086e+00 1.027652347102676021e-15 1.395883827295485262e-16
2.396861314773559570e+00 1.003871261833801098e-15 1.579333296569535570e-16
2.397148847579956055e+00 1.052117834992932419e-15 1.397641553009935944e-16
2.397436380386352539e+00 9.130843647229538659e-16 1.195732191790560236e-16
2.397723913192749023e+00 1.063535627363683574e-15 1.062533349159065321e-16
2.398011445999145508e+00 9.630155805350555827e-16 1.000299456244127722e-16
2.398299217224121094e+00 9.414350868631473322e-16 9.922026815362136663e-17
2.398586750030517578e+00 9.695315932400461016e-16 9.800452441140522952e-17
2.398874282836914062e+00 1.001147839150141709e-15 9.869013802520348183e-17
2.399161815643310547e+00 9.365484479113188668e-16 9.824701406233637469e-17
2.399449348449707031e+00 7.605988995198337526e-16 9.875839696935135767e-17
2.399736881256103516e+00 9.901870210544342493e-16 1.012181938830676467e-16
2.400024414062500000e+00 1.201783156937728542e-15 1.070157439777742075e-16
2.400311946868896484e+00 9.419022255335580789e-16 1.199364904343097117e-16
2.400599479675292969e+00 9.251009035082954045e-16 1.214388092453836201e-16
2.400887012481689453e+00 9.233523098678073082e-16 1.079896134914349389e-16
2.401174545288085938e+00 8.892765979162404327e-16 9.833644883016560805e-17
2.401462078094482422e+00 8.809823983571671204e-16 9.705277701604661631e-17
2.401749610900878906e+00 9.989847287610910398e-16 9.970291149743380722e-17
2.402037143707275391e+00 9.218038277611080404e-16 1.022401722211544622e-16
2.402324676513671875e+00 1.008512896505636258e-15 1.008725647359184896e-16
2.402612209320068359e+00 9.974757395655575037e-16 9.734177406973794290e-17
2.402899742126464844e+00 9.944615728227530760e-16 9.745742715426265702e-17
2.403187274932861328e+00 9.046280112940405585e-16 9.984609977018918652e-17
2.403474807739257812e+00 1.017594995524333679e-15 1.018704555745677609e-16
2.403762340545654297e+00 1.170528276458755301e-15 1.110692730864188652e-16
2.404049873352050781e+00 1.099938032942239605e-15 1.510738715616310210e-16
2.404337406158447266e+00 7.779091824672778547e-16 1.964114424123154551e-16
2.404624938964843750e+00 8.272368343649016791e-16 1.617552614289731678e-16
2.404912471771240234e+00 9.673946349932419086e-16 1.152127332712602880e-16
2.405200242996215820e+00 9.349819663544904451e-16 1.023765908477767075e-16
2.405487775802612305e+00 8.976990700272635682e-16 1.049618611342499402e-16
2.405775308609008789e+00 7.827934920785013708e-16 1.103580102561865686e-16
2.406062841415405273e+00 9.979068793357099426e-16 1.143067653597228095e-16
2.406350374221801758e+00 7.584627883059768139e-16 1.148550206697229563e-16
2.406637907028198242e+00 7.836442837344591121e-16 1.216222845226927821e-16
2.406925439834594727e+00 1.043120333389842020e-15 1.508595457561960813e-16
2.407212972640991211e+00 1.077348087755441042e-15 1.642636700929279731e-16
2.407500505447387695e+00 1.109537033816998964e-15 1.499714978854489516e-16
2.407788038253784180e+00 8.255701382225012330e-16 1.450356383784511308e-16
2.408075571060180664e+00 8.411194396726036446e-16 1.280203478897781397e-16
2.408363103866577148e+00 8.197130642109153563e-16 1.094030467826063492e-16
2.408650636672973633e+00 8.395112417431229487e-16 1.023214013573071695e-16
2.408938169479370117e+00 7.732313900765067777e-16 1.003515931512427919e-16
2.409225702285766602e+00 1.109101658882110254e-15 1.053552880859148614e-16
2.409513235092163086e+00 9.275069005949712446e-16 1.188278301854722393e-16
2.409800767898559570e+00 7.438426819990123697e-16 1.482135604127614564e-16
2.410088300704956055e+00 8.884048951343973509e-16 1.581259105384457027e-16
2.410375833511352539e+00 8.258287479692098115e-16 1.297685047789028079e-16
2.410663366317749023e+00 1.021582720760888519e-15 1.064828014352736424e-16
2.410950899124145508e+00 1.108357963954420978e-15 1.002045072034410628e-16
2.411238431930541992e+00 1.114798378968869050e-15 1.023232873291037904e-16
2.411525964736938477e+00 9.597901849510296138e-16 1.154089669823374679e-16
2.411813497543334961e+00 8.334595089723461931e-16 1.315853639809836805e-16
2.412101030349731445e+00 8.856801489617578769e-16 1.285395261468858224e-16
2.412388801574707031e+00 7.674576429311070428e-16 1.144093754603487875e-16
2.412676334381103516e+00 9.511365787245244612e-16 1.051959135429330445e-16
2.412963867187500000e+00 1.075863980152733101e-15 1.008439773739486570e-16
2.413251399993896484e+00 8.375447488769536836e-16 1.005436314022531029e-16
2.413538932800292969e+00 8.804060453761197724e-16 1.074166221723970064e-16
2.413826465606689453e+00 8.624205183510363828e-16 1.231398631617070688e-16
2.414113998413085938e+00 9.003011552412287788e-16 1.495704410198138413e-16
2.414401531219482422e+00 1.007919761684321434e-15 1.686004126084209866e-16
2.414689064025878906e+00 1.001609895622868930e-15 1.473209068003636314e-16
2.414976596832275391e+00 8.978078078818673390e-16 1.173922813934436113e-16
2.415264129638671875e+00 9.001500657392622930e-16 1.129867836254351901e-16
2.415551662445068359e+00 1.037869787908049426e-15 1.467114533599243615e-16
2.415839195251464844e+00 9.068818600875658449e-16 2.439753731904088134e-16
2.416126728057861328e+00 9.196410350094125913e-16 3.263301631904578929e-16
2.416414260864257812e+00 6.581633935601085682e-16 2.473178181398334860e-16
2.416701793670654297e+00 8.356637533988978996e-16 1.515790076006600035e-16
2.416989326477050781e+00 5.707641517822457065e-16 1.142251325594311764e-16
2.417276859283447266e+00 8.173651947602448425e-16 1.067633413943822268e-16
2.417564392089843750e+00 7.868140927813215176e-16 1.068783194995270977e-16
2.417851924896240234e+00 8.619628029221638402e-16 1.101123839363726223e-16
2.418139457702636719e+00 7.467859097324842498e-16 1.309400307542943104e-16
2.418426990509033203e+00 5.311375682295253840e-16 1.928729887449402171e-16
2.418714523315429688e+00 1.159637867976788354e-15 2.632718954596050464e-16
2.419002056121826172e+00 1.480610309547846382e-15 3.128543454556748050e-16
2.419289588928222656e+00 1.029890419907558696e-15 3.302150798030397414e-16
2.419577360153198242e+00 8.768019731251119279e-16 2.568888669273334526e-16
2.419864892959594727e+00 8.384410156142671402e-16 1.626005076661043536e-16
2.420152425765991211e+00 7.899389561424202417e-16 1.197553709673851007e-16
2.420439958572387695e+00 9.106601564279120584e-16 1.068424132434973959e-16
2.420727491378784180e+00 9.773347783875079367e-16 1.043182484432346804e-16
2.421015024185180664e+00 8.151812791244272393e-16 1.044142543338500350e-16
2.421302556991577148e+00 1.072967868626952242e-15 1.048550158688876907e-16
2.421590089797973633e+00 1.006208755130867747e-15 1.057745164552465367e-16
2.421877622604370117e+00 7.729998853841103367e-16 1.160103736097778220e-16
2.422165155410766602e+00 7.150907838791755854e-16 1.242812135883526368e-16
2.422452688217163086e+00 7.581888260870992512e-16 1.176478471154979947e-16
2.422740221023559570e+00 8.463760732037046292e-16 1.093414251356935988e-16
2.423027753829956055e+00 8.133624346888762395e-16 1.060247948388254812e-16
2.423315286636352539e+00 9.280598013512914891e-16 1.063179476479142742e-16
2.423602819442749023e+00 8.700349739699381191e-16 1.141369087840187206e-16
2.423890352249145508e+00 1.054791918007414245e-15 1.434263551880067653e-16
2.424177885055541992e+00 9.665272732552535051e-16 1.700257308306335588e-16
2.424465417861938477e+00 1.216687231040259991e-15 1.473998396831358916e-16
2.424752950668334961e+00 8.966013153276219949e-16 1.214692097872561690e-16
2.425040483474731445e+00 9.421594059121681658e-16 1.168214738312228188e-16
2.425328016281127930e+00 7.246529917602885854e-16 1.167130668488640692e-16
2.425615549087524414e+00 9.030326247378870838e-16 1.145619737397525701e-16
2.425903081893920898e+00 7.472348371945290290e-16 1.208248162377426591e-16
2.426190614700317383e+00 5.801201071407022843e-16 1.489154066189004493e-16
2.426478147506713867e+00 8.180530913925337412e-16 1.752100224540831057e-16
2.426765918731689453e+00 9.054541860549687217e-16 1.505584652481165801e-16
2.427053451538085938e+00 9.165816578830484652e-16 1.191042143891833573e-16
2.427340984344482422e+00 8.429398722949307463e-16 1.110151026824639925e-16
2.427628517150878906e+00 9.220944659411346722e-16 1.115711665774466398e-16
2.427916049957275391e+00 1.018317196990986377e-15 1.110363049759249517e-16
2.428203582763671875e+00 8.715209873967773822e-16 1.077991568097558294e-16
2.428491115570068359e+00 7.306093803849400287e-16 1.068018416888128950e-16
2.428778648376464844e+00 9.208025289383350506e-16 1.067757821907950244e-16
2.429066181182861328e+00 1.071324201192805272e-15 1.079012639845693751e-16
2.429353713989257812e+00 9.504595876414314616e-16 1.098668767305668837e-16
2.429641246795654297e+00 9.233180050334435091e-16 1.104262956701140461e-16
2.429928779602050781e+00 1.064978336231094461e-15 1.107867545112850539e-16
2.430216312408447266e+00 1.016243130940515816e-15 1.108129132709764308e-16
2.430503845214843750e+00 9.276409435588742376e-16 1.092720610782473521e-16
2.430791378021240234e+00 8.739868591249122607e-16 1.089406925248586093e-16
2.431078910827636719e+00 7.008736005573081712e-16 1.096964973767156613e-16
2.431366443634033203e+00 6.270880311263940347e-16 1.104542676097081393e-16
2.431653976440429688e+00 8.946446692194645611e-16 1.105391958975601838e-16
2.431941509246826172e+00 7.907145206847499604e-16 1.097606799748048758e-16
2.432229042053222656e+00 1.041886947539521352e-15 1.109327419632333126e-16
2.432516574859619141e+00 9.689165414412210728e-16 1.136736744060992243e-16
2.432804107666015625e+00 1.145197862050233856e-15 1.250680674916824792e-16
2.433091640472412109e+00 1.068212731540185007e-15 1.512808784730060915e-16
2.433379173278808594e+00 6.591086823292443674e-16 1.826049906605275715e-16
2.433666706085205078e+00 8.437221601612792960e-16 1.715075620322957539e-16
2.433954477310180664e+00 9.948895362193533112e-16 1.368761567626606548e-16
2.434242010116577148e+00 7.182461933659346678e-16 1.260171811439707236e-16
2.434529542922973633e+00 8.773952667651043619e-16 1.426838646352893668e-16
2.434817075729370117e+00 9.547921611666372078e-16 1.938914002802257040e-16
2.435104608535766602e+00 1.428392740052868495e-15 3.346366182574867908e-16
2.435392141342163086e+00 7.785337104472002910e-16 5.738840917643385151e-16
2.435679674148559570e+00 7.405924577617200091e-16 6.115445000882447930e-16
2.435967206954956055e+00 3.172362057104989108e-16 4.639940076545058436e-16
2.436254739761352539e+00 1.440214143622986324e-15 4.357972337524758464e-16
2.436542272567749023e+00 1.013040817004302527e-15 3.851504074488422543e-16
2.436829805374145508e+00 8.448782013156038058e-16 2.428550927083261961e-16
2.437117338180541992e+00 8.137834100636616268e-16 1.579893926501499510e-16
2.437404870986938477e+00 7.594386761403321747e-16 1.271130432543707755e-16
2.437692403793334961e+00 8.435980698345065410e-16 1.200819948127802394e-16
2.437979936599731445e+00 9.820134707507854714e-16 1.172087796463548476e-16
2.438267469406127930e+00 1.214260269888139607e-15 1.149375269727414455e-16
2.438555002212524414e+00 1.128804386389074127e-15 1.131537285253830924e-16
2.438842535018920898e+00 1.039575712263819587e-15 1.122030399212085470e-16
2.439130067825317383e+00 1.140621554794455685e-15 1.116228091174495504e-16
2.439417600631713867e+00 9.177117057138041087e-16 1.110846917330368536e-16
2.439705133438110352e+00 8.779698198011387945e-16 1.112254844907382793e-16
2.439992666244506836e+00 8.703604463799205840e-16 1.116780118428088893e-16
2.440280199050903320e+00 8.175310543992290752e-16 1.124176039546599020e-16
2.440567731857299805e+00 7.025487670291811603e-16 1.123709509681119112e-16
2.440855264663696289e+00 8.204361656500745118e-16 1.119510873240697952e-16
2.441143035888671875e+00 9.932121992255529830e-16 1.110238112399529508e-16
2.441430568695068359e+00 9.019394228403370024e-16 1.109356867262140014e-16
2.441718101501464844e+00 8.553662691476249594e-16 1.118397554310650581e-16
2.442005634307861328e+00 8.895402369210733337e-16 1.127602817213834699e-16
2.442293167114257812e+00 8.621864196202389755e-16 1.160898358881421160e-16
2.442580699920654297e+00 8.707065122784331691e-16 1.276001533734910025e-16
2.442868232727050781e+00 8.706512433786248260e-16 1.551180171334068771e-16
2.443155765533447266e+00 9.191186274391935015e-16 1.512542101700573819e-16
2.443443298339843750e+00 9.260696974417175105e-16 1.330367681709937249e-16
2.443730831146240234e+00 8.293742690677387026e-16 1.194699605688298041e-16
2.444018363952636719e+00 8.833123742368268871e-16 1.170052799807770019e-16
2.444305896759033203e+00 7.956218060646677494e-16 1.172781437038010943e-16
2.444593429565429688e+00 6.163682997832988300e-16 1.182096814224338119e-16
2.444880962371826172e+00 8.015295961739704773e-16 1.202013470490042907e-16
2.445168495178222656e+00 7.549549072340415359e-16 1.262391964203799562e-16
2.445456027984619141e+00 1.011926121645715868e-15 1.504763692266819172e-16
2.445743560791015625e+00 1.101562112739481319e-15 2.416947634497062115e-16
2.446031093597412109e+00 7.204806662807915121e-16 4.281693050157568464e-16
2.446318626403808594e+00 2.488369187911748702e-16 4.454606620707857352e-16
2.446606159210205078e+00 6.693634984634153681e-16 2.590428452424215367e-16
2.446893692016601562e+00 8.985552085787008522e-16 1.938841740303944407e-16
2.447181224822998047e+00 9.166549262329859622e-16 2.302189228522885352e-16
2.447468757629394531e+00 1.262249345031305620e-15 2.548856604768566340e-16
2.447756290435791016e+00 7.855741424256596286e-16 2.114556872327276894e-16
2.448043823242187500e+00 8.433347881716982629e-17 2.165639311793815611e-16
2.448331594467163086e+00 5.339016484946529795e-16 1.753498093601596670e-16
2.448619127273559570e+00 7.498578335343795802e-16 1.396484294245749756e-16
2.448906660079956055e+00 7.596562577286581231e-16 1.225658527561544709e-16
2.449194192886352539e+00 1.055451333156851718e-15 1.208186752488750655e-16
2.449481725692749023e+00 8.410014903346984833e-16 1.286324747779571810e-16
2.449769258499145508e+00 9.585173061895432139e-16 1.593782619858509866e-16
2.450056791305541992e+00 9.742956241727595071e-16 2.406651419627594060e-16
2.450344324111938477e+00 9.284741063416172488e-16 3.188363832967602927e-16
2.450631856918334961e+00 6.582819252331649669e-16 2.916760336150347370e-16
2.450919389724731445e+00 6.691985917364967965e-16 2.867938151163997550e-16
2.451206922531127930e+00 7.398114933843515442e-16 4.211576721575041550e-16
2.451494455337524414e+00 1.660056039368682824e-15 4.792787701272688966e-16
2.451781988143920898e+00 1.219337067736626663e-15 3.104673272009733816e-16
2.452069520950317383e+00 8.299264816097893030e-16 1.856296659058338729e-16
2.452357053756713867e+00 1.043257235089941996e-15 1.453923318934737972e-16
2.452644586563110352e+00 9.785537646777252817e-16 1.312212456927827381e-16
2.452932119369506836e+00 7.328088602511634297e-16 1.279599041480576648e-16
2.453219652175903320e+00 6.915517912145377824e-16 1.335927658915273680e-16
2.453507184982299805e+00 6.450295653777794042e-16 1.536717083759701593e-16
2.453794717788696289e+00 7.494877860155478577e-16 1.849627068692099164e-16
2.454082250595092773e+00 6.440982526522733009e-16 1.984977242660721994e-16
2.454369783401489258e+00 9.270241976941547002e-16 2.196223950983494286e-16
2.454657316207885742e+00 8.199681270071573075e-16 2.735973859053125777e-16
2.454944849014282227e+00 1.172237483067196072e-15 2.641083404950186680e-16
2.455232381820678711e+00 9.811052396730920479e-16 1.842600798045726735e-16
2.455520153045654297e+00 8.922991291093989967e-16 1.384560187930777343e-16
2.455807685852050781e+00 7.684462891992304215e-16 1.288942079586587598e-16
2.456095218658447266e+00 6.965366330486885433e-16 1.276585589421821466e-16
2.456382751464843750e+00 8.174144814898632021e-16 1.288663352807381730e-16
2.456670284271240234e+00 9.011147303870665343e-16 1.303663115163173312e-16
2.456957817077636719e+00 9.303149206942376570e-16 1.308415631741759980e-16
2.457245349884033203e+00 7.980993244958273745e-16 1.300350951641612981e-16
2.457532882690429688e+00 7.768443032339015890e-16 1.284103006828703382e-16
2.457820415496826172e+00 7.877830455334212337e-16 1.277075280344452859e-16
2.458107948303222656e+00 8.627920481775258003e-16 1.280608069478993334e-16
2.458395481109619141e+00 6.633971042620744833e-16 1.286026433363460686e-16
2.458683013916015625e+00 6.583462997371562937e-16 1.303909813509061127e-16
2.458970546722412109e+00 8.825508386776860677e-16 1.328023782726206990e-16
2.459258079528808594e+00 8.025206247222580087e-16 1.359233108714485712e-16
2.459545612335205078e+00 9.291710026989707244e-16 1.378884405439683488e-16
2.459833145141601562e+00 7.743389915341601822e-16 1.361537567726609443e-16
2.460120677947998047e+00 6.988557563187116142e-16 1.341679144976028388e-16
2.460408210754394531e+00 7.355409120829729721e-16 1.337808733802668269e-16
2.460695743560791016e+00 7.128407467339129434e-16 1.347889087619484486e-16
2.460983276367187500e+00 7.434100599212022358e-16 1.376062726934142600e-16
2.461270809173583984e+00 7.650526516960560672e-16 1.425217637050085751e-16
2.461558341979980469e+00 3.658874223904013713e-16 1.485475031522164643e-16
2.461845874786376953e+00 8.224332046419041350e-16 1.557706824890459172e-16
2.462133407592773438e+00 9.001986642546110085e-16 1.814057905305624949e-16
2.462421178817749023e+00 6.413787474959949629e-16 2.863963184361210728e-16
2.462708711624145508e+00 1.286718009295114221e-15 5.040512015817865711e-16
2.462996244430541992e+00 1.251166130674719913e-15 5.318448936800419281e-16
2.463283777236938477e+00 4.631652917947359175e-16 3.067240503790402131e-16
2.463571310043334961e+00 8.706458964831452832e-16 1.997758175741401335e-16
2.463858842849731445e+00 1.073548509712295065e-15 1.751185958353388447e-16
2.464146375656127930e+00 1.082507788953640613e-15 1.861024029346303784e-16
2.464433908462524414e+00 9.017587930643350229e-16 2.080548234797220718e-16
2.464721441268920898e+00 9.779987463390369014e-16 1.980752665836291171e-16
2.465008974075317383e+00 1.065585447096038980e-15 1.657311282042664468e-16
2.465296506881713867e+00 8.774941049221370980e-16 1.527509041529659297e-16
2.465584039688110352e+00 9.100862916061472699e-16 1.515505525875881793e-16
2.465871572494506836e+00 6.143231387321533218e-16 9.985486126723734819e-17
