1.4150797128677368,1.8319254391262247e-15,8.8792368054802e-17
1.4152954816818235,1.8165139302776555e-15,8.170079584298126e-17
1.4155112504959106,2.1063982335182072e-15,6.397166988953866e-17
1.4157270193099976,2.00129393352202e-15,4.893809581302353e-17
1.4159426689147947,1.9728790192020297e-15,8.008055139759227e-17
1.4161584377288818,2.082953780543591e-15,1.2035871810182788e-16
1.4163742065429688,2.1613410891563053e-15,1.310487055765918e-16
1.4165899753570557,2.0801209158236507e-15,9.498391804332605e-17
1.4168057441711424,1.827670930742561e-15,5.4074517139443626e-17
1.41702139377594,1.8249907171356208e-15,4.370276494355193e-17
1.4172371625900269,1.9944828396912098e-15,4.607350728148847e-17
1.4174529314041135,1.7609486044497796e-15,5.3867553217428506e-17
1.4176687002182007,1.9315892983524526e-15,5.528355965353452e-17
1.4178844690322876,1.7644959790011606e-15,4.6621435784127716e-17
1.4181001186370847,1.893018434931489e-15,5.143670550592174e-17
1.4183158874511719,1.8385672056720258e-15,1.1799469032834192e-16
1.4185316562652588,2.147974014856853e-15,2.390671766529992e-16
1.4187474250793457,2.6187833996950778e-15,5.099962243627514e-16
1.4189631938934326,2.421733261504242e-15,5.783647614240433e-16
1.41917884349823,2.1097214418343205e-15,3.9134975026102287e-16
1.419394612312317,2.143850189936525e-15,2.2789594532015393e-16
1.4196103811264038,2.296753530038869e-15,1.0261444930228867e-16
1.4198261499404907,2.0074492048190354e-15,6.521616430175454e-17
1.4200419187545776,2.124693116646166e-15,5.302653898739259e-17
1.420257568359375,2.064518112040407e-15,5.148704469582474e-17
1.420473337173462,1.7998879471330074e-15,5.573188711320124e-17
1.4206891059875488,2.0988230823833546e-15,5.34426866463867e-17
1.4209048748016355,2.0687756670324185e-15,4.387971376029938e-17
1.4211206436157227,2.210756916208246e-15,4.214520646926455e-17
1.42133629322052,2.0556890410487624e-15,4.0657682405456915e-17
1.4215520620346067,2.0113673035019897e-15,3.7589552375428896e-17
1.4217678308486938,1.9662590599580857e-15,3.333948863256177e-17
1.4219835996627808,1.9086226818450026e-15,3.131033222300449e-17
1.4221993684768677,2.0552480845773843e-15,3.240751209769714e-17
1.422415018081665,2.082405230693197e-15,3.960542747672041e-17
1.422630786895752,2.00136673142675e-15,5.1320207812705037e-17
1.4228465557098389,2.2146187328106723e-15,5.712425226939858e-17
1.4230623245239256,2.1459996522997333e-15,6.091136182600861e-17
1.4232780933380127,1.8540107840821495e-15,5.935504604723149e-17
1.42349374294281,1.9361075788799045e-15,5.443836635875849e-17
1.4237095117568968,1.7263780981371584e-15,6.09505869084853e-17
1.4239252805709839,1.814371523217989e-15,6.030745189498032e-17
1.4241410493850708,2.2074827743213122e-15,4.2957007333071667e-17
1.4243568181991575,2.1056846857736137e-15,3.195805218163801e-17
1.424572467803955,2.126345981848699e-15,3.102557706530858e-17
1.424788236618042,2.0816814206889056e-15,3.25733919048392e-17
1.425004005432129,1.9151506014472843e-15,3.467189122495518e-17
1.4252197742462158,1.8305108507660436e-15,3.909084630722912e-17
1.4254355430603027,1.7937126323600202e-15,4.720802314104745e-17
1.4256511926651,1.6587530136866101e-15,5.063297214119324e-17
1.425866961479187,1.8385320895021234e-15,4.348615008785642e-17
1.426082730293274,1.841038165389821e-15,3.430448178322084e-17
1.4262984991073608,1.929891535763743e-15,4.2859575996373075e-17
1.4265142679214475,2.041173235054418e-15,5.572720195069284e-17
1.4267299175262451,2.039797931907142e-15,5.956778249032646e-17
1.426945686340332,1.956734239828511e-15,5.304673278943412e-17
1.4271614551544187,1.851601718618155e-15,4.275307498679727e-17
1.4273772239685059,1.872943370441625e-15,4.403349732969249e-17
1.4275929927825928,1.8934242752329648e-15,4.4676902930123095e-17
1.42780864238739,1.991637788537878e-15,4.548155829474629e-17
1.428024411201477,1.9510832623869443e-15,4.7956170936037347e-17
1.428240180015564,1.658510086757833e-15,5.05866266138776e-17
1.4284559488296509,1.6339983587746736e-15,4.935910401494079e-17
1.4286717176437376,1.6912446106714433e-15,4.882263536968837e-17
1.4288873672485352,1.7854760465181004e-15,6.936513877355824e-17
1.429103136062622,1.99515341422332e-15,8.072207792215054e-17
1.4293189048767088,2.0596901998961442e-15,7.569514909409501e-17
1.429534673690796,2.218554630100289e-15,6.616777843220248e-17
1.4297504425048828,1.9410470930983786e-15,4.307345491759844e-17
1.42996609210968,1.9301161830424344e-15,3.364077214163087e-17
1.430181860923767,2.1064363962964576e-15,2.785982027469125e-17
1.430397629737854,2.2658631662624657e-15,2.622327046159928e-17
1.4306133985519407,2.433924986372712e-15,2.8917777572341716e-17
1.4308291673660278,2.427977044791148e-15,3.745737316769881e-17
1.4310448169708252,2.111484465980794e-15,5.027199414981133e-17
1.431260585784912,1.9741909849652354e-15,6.012795755678445e-17
1.431476354598999,1.898980326772329e-15,6.596906741141872e-17
1.431692123413086,1.6903444180786006e-15,6.436538889892039e-17
1.4319078922271729,1.864243860478662e-15,5.476024955025754e-17
1.4321235418319702,1.9481269298550177e-15,5.802111764522974e-17
1.4323393106460571,1.640552094374007e-15,7.474016765968383e-17
1.432555079460144,2.0630634367282824e-15,6.566749828281703e-17
1.4327708482742307,1.9092531694251695e-15,3.997285195106173e-17
1.4329866170883179,1.8957541288799194e-15,3.1935097390781384e-17
1.4332022666931152,2.1010209697845114e-15,2.989335367831386e-17
1.433418035507202,2.1203864952249756e-15,3.089114296653167e-17
1.433633804321289,1.8961145907517946e-15,3.564860229275422e-17
1.433849573135376,1.800675896260408e-15,5.645144790058644e-17
1.434065341949463,1.7973103561230424e-15,1.1087040716373527e-16
1.4342809915542603,1.5901164552646245e-15,1.4488521812677816e-16
1.4344967603683472,2.2894137694858283e-15,8.678625663174322e-17
1.434712529182434,2.237501327066849e-15,3.908976395952665e-17
1.4349282979965208,2.064586099510903e-15,4.076004193181005e-17
1.435144066810608,1.8668050960122337e-15,5.614927245683659e-17
1.4353597164154053,1.9170207379293506e-15,9.315525151304501e-17
1.435575485229492,2.1040616452633267e-15,1.2878942500853404e-16
1.435791254043579,2.067149900609399e-15,1.5001180812823412e-16
1.436007022857666,1.6984796641060076e-15,1.1214397964871716e-16
1.4362227916717527,1.935552615117199e-15,4.7263142699969717e-17
1.4364384412765503,2.017249342134558e-15,3.633257588855162e-17
1.4366542100906372,1.972845666858013e-15,3.895313008926184e-17
1.436869978904724,1.912616464693226e-15,5.043322888139695e-17
1.437085747718811,1.9913262327473736e-15,7.628363055949408e-17
1.437301516532898,2.1102249339507303e-15,1.1293950521003523e-16
1.437517166137695,2.1049326545551546e-15,1.71869639588404e-16
1.4377329349517822,1.586199318668517e-15,1.130908334536218e-16
1.4379487037658691,1.9937527761224154e-15,5.784325685032558e-17
1.438164472579956,1.934138828496057e-15,3.31472341164754e-17
1.4383802413940427,1.9629190151221564e-15,2.930843494076877e-17
1.4385958909988403,2.11529657476281e-15,3.029906369719568e-17
1.4388116598129272,2.300519298304438e-15,3.1147088132952715e-17
1.439027428627014,2.163398030834429e-15,3.496920863121638e-17
1.439243197441101,1.970013443529303e-15,4.679869026388374e-17
1.439458966255188,1.4456958348891329e-15,5.4499524014817245e-17
1.4396746158599851,2.047489816246054e-15,5.663756159672196e-17
1.4398903846740723,1.979646819124741e-15,4.5587503097863873e-17
1.4401061534881592,2.2820526826743536e-15,5.195256945787521e-17
1.440321922302246,2.0725799187718535e-15,5.3206193673396227e-17
1.440537691116333,2.06243695784331e-15,4.117113362399029e-17
1.4407533407211304,1.9487097941362755e-15,3.094356918337024e-17
1.4409691095352173,1.9397425033343306e-15,3.0657150417168675e-17
1.441184878349304,1.8805671069622334e-15,3.774413768386088e-17
1.4414006471633911,1.5569722427021516e-15,4.2953895583427056e-17
1.441616415977478,2.112616200808062e-15,3.8533635169780455e-17
1.4418320655822752,2.06505880484822e-15,2.9734376343209567e-17
1.4420478343963623,1.9370746365085885e-15,2.986598681730895e-17
1.4422636032104492,1.8822892424177248e-15,3.111035345236552e-17
1.442479372024536,2.100113882235934e-15,3.410236337152188e-17
1.442695140838623,2.0512610363370876e-15,4.581000572462608e-17
1.4429107904434204,1.8623278645235722e-15,4.736224766691196e-17
1.443126559257507,2.3381651152223546e-15,3.481804073543756e-17
1.4433423280715942,2.211456674041371e-15,2.682487288745634e-17
1.4435580968856812,2.288510690632446e-15,2.6158136680994642e-17
1.443773865699768,2.2254131868822003e-15,2.7224933151548634e-17
1.4439895153045654,2.109102980339737e-15,2.9117598500607406e-17
1.4442052841186523,1.8662029899940434e-15,3.0845506477178536e-17
1.4444210529327393,1.8620937567242223e-15,2.923223966686223e-17
1.444636821746826,2.0793118007856234e-15,2.669756173895289e-17
1.444852590560913,2.053407612439756e-15,2.728341750899966e-17
1.4450682401657104,2.026776888176866e-15,3.380413148166948e-17
1.4452840089797971,2.1098105952154428e-15,5.569925633431926e-17
1.4454997777938843,1.7548876176637352e-15,1.035107735042686e-16
1.4457155466079712,2.1343771621488606e-15,1.041909187961554e-16
1.445931315422058,2.2327734719546364e-15,5.048868416854173e-17
1.4461469650268555,2.0922751193051013e-15,3.3316821966672235e-17
1.4463627338409424,2.1684169172177503e-15,2.9314265086842047e-17
1.4465785026550293,2.0792790898328375e-15,3.6730165794230394e-17
1.4467942714691162,1.8429196865662396e-15,5.450286125356654e-17
1.4470100402832031,1.7454804928250661e-15,5.887692396053278e-17
1.4472256898880005,1.8333356980955962e-15,3.9001224409856017e-17
1.4474414587020874,1.9028926529342036e-15,2.7344041507510658e-17
1.4476572275161743,1.9471043918848435e-15,2.4269875885780657e-17
1.4478729963302612,1.9130041856924232e-15,2.4320901564735698e-17
1.448088765144348,1.906727851800539e-15,2.5742605358886666e-17
1.4483044147491455,2.134794387144688e-15,2.6991083411951933e-17
1.4485201835632324,2.1702761500488882e-15,2.709943343218613e-17
1.4487359523773191,2.0661491699410827e-15,2.6729438382051434e-17
1.4489517211914062,2.1130420845855093e-15,2.5652482374614264e-17
1.4491674900054932,2.1525814487654273e-15,2.5295011991527406e-17
1.4493831396102903,2.141754764784536e-15,2.681340801920051e-17
1.4495989084243774,2.0789733065634128e-15,2.997725316329703e-17
1.4498146772384644,2.0194664712726475e-15,3.4918035131626044e-17
1.4500304460525513,1.977014870207941e-15,4.537442090480839e-17
1.450246214866638,1.839740791277123e-15,6.292915859555892e-17
1.4504618644714355,1.6852216263158412e-15,7.991060276482796e-17
1.4506776332855225,1.786874439749696e-15,8.361966302600407e-17
1.4508934020996092,1.621988628668027e-15,7.126120650266321e-17
1.4511091709136963,1.902517599411821e-15,5.554487647151597e-17
1.4513249397277832,2.1062010057146457e-15,4.811251505948585e-17
1.45154070854187,2.1595798288357173e-15,1.0721787451566845e-16
1.4517563581466675,2.3610464266960685e-15,1.8084887630202856e-16
1.4519721269607544,2.147200497032152e-15,2.2058683124187402e-16
1.4521878957748413,1.940859486163283e-15,1.4446630947896894e-16
1.4524036645889282,2.1230139544031583e-15,5.269061033010635e-17
1.4526194334030151,2.0569966774211584e-15,3.87808589187193e-17
1.4528350830078125,2.0441658061909017e-15,3.5494355217979256e-17
1.4530508518218994,2.0992476833783398e-15,3.129109048607163e-17
1.4532666206359863,2.0132982118032024e-15,2.702972472819094e-17
1.4534823894500732,1.9534772551570082e-15,2.5083545803722137e-17
1.45369815826416,1.968643752555299e-15,2.4969628708036795e-17
1.4539138078689575,1.9586941710829304e-15,2.5605778570165633e-17
1.4541295766830444,1.948279741315826e-15,2.6560677325238438e-17
1.4543453454971311,1.9495897829053387e-15,2.6699292994189947e-17
1.4545611143112183,2.072810017876009e-15,2.6718654991978642e-17
1.4547768831253052,2.2088261682548412e-15,2.826042922893827e-17
1.4549925327301023,2.188704121857299e-15,3.3478858437296714e-17
1.4552083015441895,2.0561651136900434e-15,3.939091217513294e-17
1.4554240703582764,2.1669760318170944e-15,3.8094001567816473e-17
1.4556398391723633,2.0649787912921412e-15,3.0960631192291175e-17
1.45585560798645,1.9678644622095177e-15,3.3962770583116757e-17
1.4560712575912476,1.863704931496734e-15,7.239156334095806e-17
1.4562870264053345,2.0068188775866764e-15,1.0285588299210617e-16
1.4565027952194212,2.0388797803598288e-15,9.518447306389921e-17
1.4567185640335083,1.9894354113981044e-15,6.246698610486471e-17
1.4569343328475952,1.9866492078902256e-15,2.970605240622701e-17
1.4571499824523924,2.0973849228954308e-15,3.0467594254035003e-17
1.4573657512664795,2.1182917114642178e-15,3.3739406086887764e-17
1.4575815200805664,2.0487123079325215e-15,3.3069385255801196e-17
1.457797288894653,2.1016884977082734e-15,2.817097018480744e-17
1.4580130577087402,2.2696124187038346e-15,2.5083951684110565e-17
1.4582287073135376,2.2193905232222146e-15,2.4163257120783522e-17
1.4584444761276243,2.188573278046156e-15,2.4338657579012154e-17
1.4586602449417114,2.2378318038986705e-15,2.4629829154453518e-17
1.4588760137557983,2.1616330825142616e-15,2.43915923990535e-17
1.4590917825698853,2.0510246836684287e-15,2.4186036531225397e-17
1.4593074321746826,2.0921407478421865e-15,2.4611684797830104e-17
1.4595232009887695,2.1059102951391514e-15,2.544207097473201e-17
1.4597389698028564,2.098508479984502e-15,2.785725721520137e-17
1.4599547386169431,2.124134464883882e-15,4.8438096272301685e-17
1.4601705074310303,1.9062286890749388e-15,1.338275631505268e-16
1.4603861570358276,1.8730216201718186e-15,2.0093781087726506e-16
1.4606019258499143,2.0782735487302876e-15,1.4581226897742271e-16
1.4608176946640015,2.190024586054317e-15,8.571430147156098e-17
1.4610334634780884,2.0312637405339937e-15,4.9242210463073637e-17
1.4612492322921753,1.952198000346588e-15,4.289732788336583e-17
1.4614648818969727,1.9980751116287674e-15,3.570430060704517e-17
1.4616806507110596,1.959329950140754e-15,3.228140355775199e-17
1.4618964195251465,2.002375479485455e-15,2.8052813893954074e-17
1.4621121883392332,1.9643990253879092e-15,2.4452674892077355e-17
1.4623279571533203,1.9838355849072176e-15,2.4508538565045072e-17
1.4625436067581177,2.0258678764545955e-15,2.7728442806000038e-17
1.4627593755722044,2.0035628550020203e-15,3.2801393960321145e-17
1.4629751443862915,1.9155269377521294e-15,4.1389001196934036e-17
1.4631909132003784,1.7443117176542026e-15,4.1875889798935875e-17
1.463406682014465,1.9920293578844615e-15,3.478873466813239e-17
1.4636223316192627,1.895979577897649e-15,2.926359267415101e-17
1.4638381004333496,1.963161621355318e-15,2.6736065256294586e-17
1.4640538692474363,1.9844917281366282e-15,2.3499993446533922e-17
1.4642696380615234,1.9876114550846764e-15,2.2982032445906905e-17
1.4644854068756104,2.1207213014476075e-15,2.4982802282619217e-17
1.4647010564804075,2.1322626556077467e-15,2.6759937036176922e-17
1.4649168252944946,2.181676718833802e-15,3.3364224787345384e-17
1.4651325941085815,1.6796859389480643e-15,4.240014445101801e-17
1.4653483629226685,2.1402143033952523e-15,4.201610393509613e-17
1.4655641317367551,2.286117499601421e-15,3.2750050091185054e-17
1.4657797813415527,2.1443289884905376e-15,3.224014406246418e-17
1.4659955501556396,2.1249676320930747e-15,3.9948205991919986e-17
1.4662113189697263,1.9548998609075777e-15,7.287288737294325e-17
1.4664270877838135,1.9248088309529274e-15,1.1420589210888125e-16
1.4666428565979004,2.3234786991605387e-15,1.0739322486520716e-16
1.4668585062026975,2.0725484906015297e-15,5.698949496957163e-17
1.4670742750167847,2.154696436349964e-15,3.357702637173727e-17
1.4672900438308716,2.0966575852393685e-15,2.7617033650245658e-17
1.4675058126449585,2.0255239304069204e-15,2.7865004018664445e-17
1.4677215814590454,1.7889966429855832e-15,2.9973402310475965e-17
1.4679372310638428,1.9191115129949146e-15,2.875384699323791e-17
1.4681529998779297,1.8710089344886412e-15,2.608820749876376e-17
1.4683687686920166,1.7626471687775282e-15,2.438904687760509e-17
1.4685845375061035,1.882179564517207e-15,2.2703212662533125e-17
1.4688003063201904,1.946251341547487e-15,2.3316841173973226e-17
1.4690159559249876,1.8538898818350883e-15,2.6259118218374725e-17
1.4692317247390747,1.915910169012709e-15,3.429443499089001e-17
1.4694474935531616,1.8273104688706853e-15,8.40957707433676e-17
1.4696632623672483,1.7447356772579564e-15,1.8319901394666616e-16
1.4698790311813354,2.186475928720474e-15,1.3893060206771594e-16
1.4700946807861328,2.172570246134709e-15,9.394023420600196e-17
1.4703104496002195,2.126544492434723e-15,6.295155717995733e-17
1.4705262184143066,1.9278283405211167e-15,6.47559410390986e-17
1.4707419872283936,1.9135394266747722e-15,5.834784133617595e-17
1.4709577560424805,1.843531413452897e-15,4.7891640965146346e-17
1.4711734056472778,2.065682076777038e-15,4.1036664449130436e-17
1.4713891744613647,2.1656419380564162e-15,3.272279346929799e-17
1.4716049432754517,2.0245964786867565e-15,2.909405743807861e-17
1.4718207120895384,2.0328826120012785e-15,2.819969499130943e-17
1.4720364809036255,2.144557003073192e-15,3.190884294269291e-17
1.4722521305084229,1.6994929019033307e-15,4.095084830675746e-17
1.4724678993225095,2.104127548212322e-15,4.535133583135794e-17
1.4726836681365967,2.3383026936414242e-15,3.167455224662483e-17
1.4728994369506836,2.281775120619097e-15,2.5835997935176953e-17
1.4731152057647705,2.0465243620954476e-15,2.632650438459169e-17
1.4733308553695679,2.1021642496539384e-15,2.7678349148677682e-17
1.4735466241836548,1.8901555851714947e-15,3.41051895016339e-17
1.4737623929977417,1.8429873533411203e-15,6.448695759155794e-17
1.4739781618118286,1.796561050817315e-15,6.462065258715839e-17
1.4741939306259155,2.024918617432574e-15,4.79442150026202e-17
1.474409580230713,1.988808291121901e-15,2.8547927837407815e-17
1.4746253490447998,1.8789206556720113e-15,2.2390840100382666e-17
1.4748411178588867,2.068084728328721e-15,2.205723899174364e-17
1.4750568866729736,2.1640418272826404e-15,2.282449824107258e-17
1.4752726554870603,2.0275491232191044e-15,3.459791326057801e-17
1.475488305091858,2.0833716469306498e-15,5.316334573263766e-17
1.4757040739059448,1.7793647105204152e-15,6.105309425547373e-17
1.4759198427200315,2.0892411784342123e-15,4.049616205433871e-17
1.4761356115341187,2.1174612701677573e-15,2.7668903660626002e-17
1.4763513803482056,2.035880955658842e-15,2.4089274145537362e-17
1.4765670299530027,1.9682585971210257e-15,2.5759895362346782e-17
1.4767827987670898,1.802600230301502e-15,3.666099575865194e-17
1.4769985675811768,1.913187944280132e-15,7.279863631620597e-17
1.4772143363952637,2.1615248477440144e-15,7.334904018812773e-17
1.4774301052093504,2.1230933265680063e-15,5.787024539072151e-17
1.477645754814148,2.0477758767351227e-15,4.486809764741745e-17
1.4778615236282349,1.9237996018507985e-15,4.71336067256334e-17
1.4780772924423216,1.982445529761626e-15,8.9190150878937e-17
1.4782930612564087,2.1007751565951938e-15,9.114765687276432e-17
1.4785088300704956,2.118030504885354e-15,7.461280640249046e-17
1.4787244796752927,2.0679059405230527e-15,4.578677032510585e-17
1.4789402484893799,2.1251541165935163e-15,3.24975198319827e-17
1.4791560173034668,2.0768427652415215e-15,3.69647195609206e-17
1.4793717861175537,1.8667072838494917e-15,4.0161531212121633e-17
1.4795875549316406,1.949328415978667e-15,5.886860090713552e-17
1.479803204536438,1.9816631928074973e-15,8.710543896485506e-17
1.480018973350525,1.7441528129766986e-15,1.1236456812352407e-16
1.4802347421646118,1.620782492457952e-15,1.1337816670341458e-16
1.4804505109786987,1.669486214895569e-15,9.952994876326077e-17
1.4806662797927856,1.834916086089015e-15,7.34056579968789e-17
1.480881929397583,1.9753159851845767e-15,4.007720580327406e-17
1.48109769821167,2.0687836844228072e-15,2.5906773954267637e-17
1.4813134670257568,2.127590280837024e-15,2.6146095562804626e-17
1.4815292358398435,1.9558787842740373e-15,2.9410899695370765e-17
1.4817450046539307,1.818439867796827e-15,3.0837338760720057e-17
1.481960654258728,1.7597055882439165e-15,2.92089291043071e-17
1.4821764230728147,1.762027424500482e-15,2.704433141130534e-17
1.4823921918869019,1.987643043602808e-15,2.5151668567681066e-17
1.4826079607009888,2.1374183186710997e-15,2.6425767193907202e-17
1.4828237295150757,2.074282972838219e-15,4.0515180807601377e-17
1.483039379119873,1.9640148320404835e-15,9.176494582400377e-17
1.48325514793396,1.8420015350189264e-15,1.172009686798613e-16
1.4834709167480469,1.9719983890417355e-15,9.61845523192468e-17
1.4836866855621336,2.1455803427824047e-15,5.365146951384625e-17
1.4839024543762207,2.212681891640571e-15,2.701128222486245e-17
1.484118103981018,2.1543000565691472e-15,2.802277373434144e-17
1.4843338727951048,1.907704209602074e-15,2.968101309386932e-17
1.484549641609192,1.9824224396773065e-15,2.8037037172929824e-17
1.4847654104232788,2.0451192342559252e-15,2.503624320042885e-17
1.4849811792373655,1.9460188372262146e-15,2.425291158880508e-17
1.485196828842163,1.9428282365471306e-15,2.5037480885070104e-17
1.48541259765625,1.999097328903326e-15,2.531225439173209e-17
1.4856283664703367,2.0685657717520423e-15,2.6019087571875243e-17
1.4858441352844238,2.0286353192689644e-15,2.8723851931446207e-17
1.4860599040985107,1.9212795757038245e-15,4.713358167128844e-17
1.486275553703308,1.9333133579816367e-15,7.740002210590563e-17
1.486491322517395,2.009697922475256e-15,9.356095151018886e-17
1.486707091331482,2.1642836317767635e-15,6.906331409063791e-17
1.4869228601455688,2.1923493085714225e-15,3.3961728322366223e-17
1.4871386289596555,2.0317996229075737e-15,2.6917090414967785e-17
1.4873542785644531,1.9682852148571163e-15,2.5510644716900302e-17
1.48757004737854,2.0548438477539866e-15,2.587351180589255e-17
1.4877858161926267,2.0788318797969562e-15,2.772275546969306e-17
1.4880015850067139,2.1091698453755786e-15,3.0672273219789346e-17
1.4882173538208008,2.150701050023663e-15,4.4515618089847563e-17
1.488433003425598,2.1204913626912597e-15,8.875231116807248e-17
1.488648772239685,2.0440665508978897e-15,1.2129726388594227e-16
1.488864541053772,1.835087658243333e-15,1.1750983864458567e-16
1.4890803098678589,2.006928234791578e-15,7.687382574208874e-17
1.4892960786819458,2.147075105046473e-15,3.123390644912427e-17
1.4895117282867432,1.9819790779888122e-15,2.7245121942721163e-17
1.48972749710083,1.9421153301937677e-15,2.5902204041746086e-17
1.4899432659149168,2.034206764197875e-15,2.319380680215524e-17
1.490159034729004,2.0408858917828874e-15,2.1897159265460906e-17
1.4903748035430908,2.026340581791913e-15,2.4488074176077934e-17
1.490590453147888,1.9504123671592184e-15,3.593764174343909e-17
1.490806221961975,1.9816344905499057e-15,4.785346816515818e-17
1.491021990776062,2.1586331353786205e-15,4.9683076738809884e-17
1.4912377595901487,2.199618195393427e-15,4.092520017381713e-17
1.4914535284042358,2.0432093315175306e-15,2.7917347556164625e-17
1.4916691780090332,2.048240725029859e-15,2.4460742391155976e-17
1.49188494682312,1.9791928744809327e-15,2.3009451921036234e-17
1.492100715637207,2.0424056683049682e-15,2.2748039896543904e-17
1.492316484451294,2.048463127439241e-15,2.2470239825010185e-17
1.4925322532653809,1.9713056865121525e-15,2.346016705977809e-17
1.4927479028701782,1.9382796502840093e-15,3.700851706135333e-17
1.4929636716842651,1.969167608843296e-15,6.369244923664544e-17
1.493179440498352,2.0358628363565637e-15,7.627534759304877e-17
1.4933952093124387,2.1149694652349514e-15,6.096393085261348e-17
1.4936109781265259,2.105702805075892e-15,3.1003000595060923e-17
1.4938266277313232,2.0178334891982784e-15,2.4258804370740772e-17
1.49404239654541,1.9130728145541504e-15,2.423969542183622e-17
1.494258165359497,1.9194501675649324e-15,2.2970605159168523e-17
1.494473934173584,2.041360040250475e-15,2.1872518317188153e-17
1.494689702987671,2.131250540245078e-15,2.210400543205469e-17
1.4949053525924683,2.0762833117401984e-15,2.2756017199980653e-17
1.4951211214065552,1.9922673140311984e-15,2.273486131109249e-17
1.495336890220642,1.9908010936769143e-15,2.2490393540099764e-17
1.495552659034729,2.0715610688012583e-15,2.2987424140943302e-17
1.495768427848816,2.030736677289841e-15,2.3209345506902324e-17
1.4959840774536133,1.9953453505492255e-15,2.2785122832526106e-17
1.4961998462677,2.0849993375273623e-15,2.394419946645396e-17
1.496415615081787,1.9771266326299594e-15,2.543365271482388e-17
1.496631383895874,2.064671404544639e-15,2.3843002461707177e-17
1.4968471527099607,2.1476376051561435e-15,2.1172622685165718e-17
1.4970628023147583,2.1729339149627402e-15,2.0746341796350654e-17
1.4972785711288452,2.1336639350998825e-15,2.0933128201648477e-17
1.497494339942932,2.0331455824060277e-15,2.1305884240598282e-17
1.497710108757019,2.021624432069668e-15,2.1899271346741425e-17
1.497925877571106,2.115382521187777e-15,2.26050221791821e-17
1.498141527175903,2.1035321768020574e-15,2.2581175453644734e-17
1.4983572959899902,2.036454840462865e-15,2.169144054439053e-17
1.4985730648040771,2.134498705787153e-15,2.1743380706936777e-17
1.498788833618164,2.212151621440263e-15,2.2323158292895118e-17
1.4990046024322508,2.1619678887368936e-15,2.3308821278150033e-17
1.499220371246338,2.1018698510788655e-15,2.3674088573389896e-17
1.4994360208511353,2.0208095445105614e-15,2.3245050453911473e-17
1.499651789665222,1.9737917189238787e-15,2.2551350761398794e-17
1.499867558479309,2.096406159876779e-15,2.2022471077236177e-17
1.500083327293396,2.104981079593102e-15,2.1729230012900733e-17
1.500299096107483,2.070757245240888e-15,2.3273489640880866e-17
1.5005147457122803,2.018707545098454e-15,2.7669567600767566e-17
1.5007305145263672,1.8994082950712777e-15,2.8573438171450834e-17
1.500946283340454,1.9452103635794187e-15,2.5249796415169678e-17
1.501162052154541,2.0186070070229794e-15,2.2434620062773923e-17
1.501377820968628,2.0769460292297277e-15,2.2300459056357128e-17
1.5015934705734253,2.08817598794717e-15,2.2637916028686212e-17
1.5018092393875122,1.9119771579836318e-15,2.2749227472495234e-17
1.5020250082015991,1.9737630166662874e-15,2.2765823470599825e-17
1.502240777015686,1.9393244765994637e-15,2.5417364885162352e-17
1.5024565458297727,2.0351929032156843e-15,3.1694099646566265e-17
1.5026721954345703,2.1169260291854082e-15,3.393056322266467e-17
1.5028879642486572,2.1739155642419315e-15,2.913886713404791e-17
1.503103733062744,2.2415080980875018e-15,2.500310632377858e-17
1.503319501876831,2.2877350882862435e-15,2.5186992688646744e-17
1.503535270690918,2.148305453775522e-15,2.5865684828525584e-17
1.503750920295715,1.9220381811824026e-15,2.6549696005840426e-17
1.5039666891098022,2.0354863397039107e-15,2.65838200236823e-17
1.5041824579238892,2.1583312004565823e-15,2.6395960039702736e-17
1.504398226737976,2.239202938002945e-15,2.7479603051810973e-17
1.5046139955520628,2.1282039318973748e-15,2.959219544096958e-17
1.5048296451568604,2.160895963641925e-15,3.594720498691211e-17
1.5050454139709473,2.2178330649653065e-15,6.631423110025894e-17
1.505261182785034,1.9037703968339577e-15,1.3531088058981484e-16
1.505476951599121,1.618134669108182e-15,1.8891292790278379e-16
1.505692720413208,2.1858573068780826e-15,1.6875301937913134e-16
1.5059083700180051,1.9105070892819607e-15,7.636568855012235e-17
1.5061241388320923,2.020118766154671e-15,3.942283642148691e-17
1.5063399076461792,2.0426768164479136e-15,4.461688775219474e-17
1.506555676460266,2.176130288162904e-15,6.681235657597743e-17
1.506771445274353,2.2619061030622224e-15,1.0298315906452668e-16
1.5069870948791504,2.0309096925744288e-15,1.0480389840006089e-16
1.5072028636932373,2.1859746814733727e-15,6.318113515373754e-17
1.5074186325073242,2.1190254630325912e-15,3.016332927791511e-17
1.5076344013214111,2.0502003355886634e-15,2.5505140277311562e-17
1.507850170135498,2.0451727904237216e-15,2.7143914916236395e-17
1.5080658197402954,2.1376139429965837e-15,3.097712196214692e-17
1.5082815885543823,2.1390679769174773e-15,3.3394590653442557e-17
1.5084973573684692,2.1600137300035533e-15,4.796143735934892e-17
1.508713126182556,2.0038362480142747e-15,6.718277003367304e-17
1.508928894996643,2.172331167553318e-15,6.416222321560192e-17
1.5091445446014404,2.294836411649125e-15,4.2345997000680377e-17
1.5093603134155271,2.3977683195455915e-15,2.6958500236325385e-17
1.5095760822296143,2.2364552179689318e-15,2.4185675748657904e-17
1.5097918510437012,2.160493971687836e-15,2.4618554699219418e-17
1.510007619857788,2.11308457675457e-15,2.4346712550918298e-17
1.5102232694625854,2.0577649037682032e-15,2.3422901227077645e-17
1.5104390382766724,2.117054467779435e-15,2.501027687730747e-17
1.5106548070907593,2.162932541148461e-15,2.6612660080171125e-17
1.510870575904846,2.075796816491413e-15,2.797808680466247e-17
1.511086344718933,2.0496971641678688e-15,3.17016610478766e-17
1.5113019943237305,2.1022583738171018e-15,3.5057412452664476e-17
1.5115177631378172,2.142199569603301e-15,3.2710722285894015e-17
1.5117335319519043,2.075644967117451e-15,2.7236385492631985e-17
1.5119493007659912,2.1033726307333224e-15,2.2621209791463778e-17
1.512165069580078,2.3107159757485858e-15,2.2103930269019792e-17
1.5123807191848755,2.2988499172777044e-15,2.2033785619422217e-17
1.5125964879989624,2.1250098035665193e-15,2.1688990229452986e-17
1.512812256813049,2.107077146136322e-15,2.1845935657180642e-17
1.5130280256271362,2.145521976180375e-15,2.2150188106128056e-17
1.5132437944412231,2.0671183120912678e-15,2.306262225192025e-17
1.5134594440460205,1.9612493133998073e-15,2.3471995216035913e-17
1.5136752128601074,1.9494942156119053e-15,2.3016827920193834e-17
1.5138909816741943,1.982856020149527e-15,2.2551395859219732e-17
1.5141067504882812,2.1326656096486824e-15,2.3418015629809537e-17
1.514322519302368,2.2651313388677858e-15,2.3503977087383304e-17
1.5145381689071655,2.2926604918976333e-15,2.3715117568704033e-17
1.5147539377212524,2.269121914759854e-15,2.477751700171673e-17
1.5149697065353391,2.1865883325337232e-15,2.5323749325201877e-17
1.5151854753494263,2.139652925720236e-15,2.3938188929096937e-17
1.5154012441635132,2.2128409566658834e-15,2.2167282685697448e-17
1.5156168937683103,2.2668600485833962e-15,2.090503351192235e-17
1.5158326625823975,2.3069122050525747e-15,2.0631615445322952e-17
1.5160484313964844,2.2402756648369517e-15,2.077424607305505e-17
1.5162642002105713,2.0451942770299636e-15,2.060930956200091e-17
1.5164799690246582,1.962641613414707e-15,2.0668494188393694e-17
1.5166956186294556,1.9811050220886367e-15,2.0974322555639383e-17
1.5169113874435425,2.051466922922269e-15,2.1144093302554452e-17
1.5171271562576292,2.007926079199355e-15,2.078744846013418e-17
1.5173429250717163,1.931110339450632e-15,2.0644905522609462e-17
1.5175586938858032,1.863086951045574e-15,2.061470501518905e-17
1.5177743434906004,1.937730138346768e-15,2.1064951637680068e-17
1.5179901123046875,2.0247093635434293e-15,2.2175891358627306e-17
1.5182058811187744,2.147757545316358e-15,2.908017482553369e-17
1.518421649932861,2.2550430565416932e-15,6.185790996790469e-17
1.5186374187469482,2.0568113153553717e-15,8.339773163830707e-17
1.5188530683517456,2.081700822773646e-15,7.693825048473089e-17
1.5190688371658323,2.076369899556396e-15,4.664430037934247e-17
1.5192846059799194,2.154706538261854e-15,2.3499179180322573e-17
1.5195003747940063,2.1617126150269172e-15,2.1047511308150166e-17
1.5197161436080933,2.1786817424802018e-15,2.062449124233225e-17
1.5199317932128906,2.1527820438729523e-15,2.0436272981219692e-17
1.5201475620269775,2.1251940431976514e-15,2.032226443717523e-17
1.5203633308410645,2.129322678552213e-15,2.0473124164510973e-17
1.5205790996551511,2.183076875891283e-15,2.078462608817391e-17
1.5207948684692383,2.3108686268615866e-15,2.1003525900130194e-17
1.5210105180740356,2.3252301782648524e-15,2.0947703566831672e-17
1.5212262868881223,2.3134686665646397e-15,2.0905504533607686e-17
1.5214420557022095,2.3016237740043844e-15,2.0920742586215198e-17
1.5216578245162964,2.2292506306178445e-15,2.0877035281424338e-17
1.5218735933303833,2.2072337541758394e-15,2.1007552133366018e-17
1.5220892429351807,2.210574921446423e-15,2.109787805783263e-17
1.5223050117492676,2.2251989622110144e-15,2.1194282166387674e-17
1.5225207805633545,2.1923938852619837e-15,2.1143391780895442e-17
1.5227365493774414,2.1215700223941545e-15,2.1117903995762888e-17
1.5229523181915283,2.1733766352600035e-15,2.1973409658926366e-17
1.5231679677963257,2.3234905648983136e-15,2.3114264267761417e-17
1.5233837366104124,2.338372925981229e-15,2.525289062677281e-17
1.5235995054244995,2.265455401787297e-15,4.606540470632689e-17
1.5238152742385864,2.379278293135572e-15,1.0403660407464899e-16
1.5240310430526731,2.3647945567027826e-15,1.4125046404189822e-16
1.5242466926574707,2.2099591858645713e-15,1.263147572476841e-16
1.5244624614715576,2.1743550775830396e-15,7.281886519433045e-17
1.5246782302856443,2.121947000090231e-15,2.7395578295102974e-17
1.5248939990997314,2.081303801601598e-15,2.275308584161979e-17
1.5251097679138184,2.1196128170524666e-15,2.1794804749976754e-17
1.5253254175186155,2.1835157478411603e-15,2.1439468997080884e-17
1.5255411863327026,2.2257313169328237e-15,2.1262863424859455e-17
1.5257569551467896,2.2573668169719523e-15,2.10999550630302e-17
1.5259727239608765,2.1004754665424643e-15,2.0643944688480064e-17
1.5261884927749632,1.9793968368924217e-15,2.0704541127211604e-17
1.5264041423797607,2.0845790659231868e-15,2.173915904981023e-17
1.5266199111938477,2.209253174466943e-15,2.272875055635561e-17
1.5268356800079343,2.1732437069273595e-15,2.282369650203371e-17
1.5270514488220215,2.1400055305495314e-15,2.2248639154666714e-17
1.5272672176361084,2.192862421556299e-15,2.1539781583450417e-17
1.5274828672409055,2.1784577365927416e-15,2.0949664069325156e-17
1.5276986360549927,2.1206800920610095e-15,2.075052837739425e-17
1.5279144048690796,2.1590229408993188e-15,2.1526217161086544e-17
1.5281301736831665,2.1775868876487217e-15,2.4751122249296457e-17
1.5283459424972534,2.2151855623111522e-15,4.376146727380414e-17
1.5285615921020508,2.2386465311099695e-15,7.580657077702187e-17
1.5287773609161377,2.2466807580184787e-15,9.135574824030285e-17
1.5289931297302246,2.3199390213039304e-15,7.293775808292576e-17
1.5292088985443115,2.275355916830486e-15,3.5868411577432724e-17
1.5294246673583984,2.1179076784645995e-15,2.2656411146139128e-17
1.5296403169631958,2.230948553554362e-15,2.1625046530234166e-17
1.5298560857772827,2.3359810177326666e-15,2.1616152237771708e-17
1.5300718545913696,2.2690200939019174e-15,2.1268741174188162e-17
1.5302876234054563,2.242743257250784e-15,2.1036201776833112e-17
1.5305033922195435,2.2685358435224406e-15,2.1169170196429588e-17
1.5307190418243408,2.255589842566202e-15,2.2352121115674268e-17
1.5309348106384275,2.3176163833083255e-15,2.530037111591535e-17
1.5311505794525146,2.1790988071282218e-15,2.598006292415828e-17
1.5313663482666016,2.231056948672417e-15,2.872103331763768e-17
1.5315821170806885,2.2059745428413908e-15,2.6037770596915394e-17
1.5317977666854858,2.200119121944913e-15,2.1330437498663652e-17
1.5320135354995728,2.1129896508523675e-15,2.1113321556068848e-17
1.5322293043136597,2.0303181695115513e-15,2.1453033419444753e-17
1.5324450731277464,2.087199950841251e-15,2.2964381659879296e-17
1.5326608419418335,2.1234412813108756e-15,3.449278272367178e-17
1.5328764915466309,2.1250752254720913e-15,8.06699197868031e-17
1.5330922603607176,1.9699707910124353e-15,1.339780595898605e-16
1.5333080291748047,2.1864715993296638e-15,1.4076600320592347e-16
1.5335237979888916,2.2788462075622997e-15,9.71960463341603e-17
1.5337395668029783,2.37408655181547e-15,3.4182204052620786e-17
1.5339552164077759,2.327942621781155e-15,2.3479065552184937e-17
1.5341709852218628,2.2808431791603156e-15,2.216968038651057e-17
1.5343867540359497,2.266823809978839e-15,2.2196300628035524e-17
1.5346025228500366,2.2240665859925153e-15,2.5388514806935538e-17
1.5348182916641235,2.1484961073189647e-15,2.9436202078350577e-17
1.535033941268921,2.129487195402989e-15,2.779305796166391e-17
1.5352497100830078,2.214676137325855e-15,2.2556775027083646e-17
1.5354654788970947,2.272962886147269e-15,2.0959725894262968e-17
1.5356812477111816,2.185165566435346e-15,2.0574555427383173e-17
1.5358970165252683,2.1141253943748296e-15,1.9764087454728176e-17
1.536112666130066,2.2922565757698515e-15,1.97513072333617e-17
1.5363284349441528,2.334190253415448e-15,1.980107643691676e-17
1.5365442037582395,2.1980041343603753e-15,1.9498045387286377e-17
1.5367599725723267,2.2012936696368562e-15,1.955819961682929e-17
1.5369757413864136,2.2965644799735037e-15,2.0728578265770706e-17
1.5371913909912107,2.3017358571220186e-15,2.346109657597628e-17
1.5374071598052979,2.24619378172627e-15,2.6839016065188894e-17
1.5376229286193848,2.115843200439511e-15,2.8621304497505836e-17
1.5378386974334717,2.1584402369658686e-15,2.7223981086439977e-17
1.5380544662475584,2.142780670058673e-15,2.2965020545675898e-17
1.538270115852356,2.1745600020813748e-15,2.0588124860616032e-17
1.5384858846664429,2.189576574279397e-15,2.203284858692054e-17
1.5387016534805296,2.194845442895038e-15,2.5140369058102e-17
1.5389174222946167,2.2863860821794424e-15,2.779151210857959e-17
1.5391331911087036,2.3547745825428018e-15,4.148591390869185e-17
1.5393488407135008,2.3464384207122544e-15,7.271833714059421e-17
1.539564609527588,2.108945518792503e-15,8.091018093327626e-17
1.5397803783416748,2.055693049743957e-15,5.994800221864124e-17
1.5399961471557615,2.1871157164734915e-15,2.5100983627817546e-17
1.5402119159698486,2.2822170391773218e-15,2.2019083729796952e-17
1.540427565574646,2.28166399958831e-15,2.424575105701418e-17
1.540643334388733,2.1342857638984297e-15,2.5113322892712643e-17
1.5408591032028198,2.0597330127608194e-15,2.4249817377201944e-17
1.5410748720169067,2.0300813357994693e-15,2.3444462996354242e-17
1.5412906408309937,2.182018740707783e-15,2.2699970630294696e-17
1.541506290435791,2.2651810466881955e-15,2.076675106575887e-17
1.541722059249878,2.3474534223354634e-15,2.024304009296246e-17
1.5419378280639648,2.2477024942496136e-15,2.0369370363860544e-17
1.5421535968780515,2.266554104966163e-15,2.1151479323450036e-17
1.5423693656921387,2.1794959886480773e-15,2.2267951043765476e-17
1.542585015296936,2.0782409981253094e-15,2.6506655146625625e-17
1.5428007841110227,2.2101331632360058e-15,5.3195921391960717e-17
1.5430165529251099,2.1965589195689097e-15,1.0452753895336263e-16
1.5432323217391968,2.3984263869486955e-15,1.2261900084368424e-16
1.5434480905532837,2.1840758427337144e-15,8.936066072902852e-17
1.543663740158081,2.2049556928707956e-15,3.550133034761742e-17
1.543879508972168,2.2057667320825156e-15,2.4838416598022347e-17
1.5440952777862549,2.1623294730434233e-15,2.244890103940378e-17
1.5443110466003416,2.1669186273019115e-15,1.987058721158673e-17
1.5445268154144287,2.2614669104167298e-15,1.932391017347846e-17
1.544742465019226,2.221184494495588e-15,1.899687455593743e-17
1.5449582338333128,2.2251814842999673e-15,1.8855646971523354e-17
1.5451740026474,2.2025761314034316e-15,1.8808031188918005e-17
1.5453897714614868,2.2639763536083906e-15,1.8900218651215497e-17
1.5456055402755735,2.3431905758657946e-15,1.9241868468174418e-17
1.5458213090896606,2.350764604565993e-15,2.1402411115443648e-17
1.546036958694458,2.355267972747322e-15,2.8574783589775444e-17
1.5462527275085447,2.4213121881610283e-15,3.039843674562904e-17
1.5464684963226318,2.3999120093877205e-15,2.5071146408399125e-17
1.5466842651367188,2.2669937786550792e-15,2.0932556962583283e-17
1.5469000339508057,2.2421421133194397e-15,2.0695641823880154e-17
1.547115683555603,2.260566076432656e-15,2.2282480058410487e-17
1.54733145236969,2.232304133921282e-15,2.6190687285972733e-17
1.5475472211837769,2.190602319205726e-15,2.5447575414320747e-17
1.5477629899978635,2.1486779417329803e-15,2.017151870710908e-17
1.5479787588119507,2.2354875189490164e-15,1.837175862733103e-17
1.548194408416748,2.308175104386601e-15,1.8427172574806634e-17
1.5484101772308347,2.3625293232223614e-15,1.965332720650838e-17
1.5486259460449219,2.370676114291928e-15,2.4828617843706666e-17
1.5488417148590088,2.3045946981868184e-15,2.7291362241787953e-17
1.5490574836730957,2.2527099959385842e-15,2.40350765865098e-17
1.549273133277893,2.286056407086659e-15,1.9424454512538912e-17
1.54948890209198,2.312118858718799e-15,1.9213841425179692e-17
1.549704670906067,2.3616443636712575e-15,2.642627579710998e-17
1.5499204397201538,2.4149847033184633e-15,4.2214266265725155e-17
1.5501362085342407,2.3880342455268722e-15,4.4774003549468154e-17
1.550351858139038,2.1681779989841673e-15,3.251750818839551e-17
1.550567626953125,2.1615998905180523e-15,2.992245179455582e-17
1.550783395767212,2.1520078846570203e-15,5.3477396935900754e-17
1.5509991645812988,2.0222444970423296e-15,5.984108029607004e-17
1.5512149333953855,2.1766552668855557e-15,4.412200430871467e-17
1.551430583000183,2.34661592573546e-15,2.921142952793458e-17
1.55164635181427,2.298341133683638e-15,3.616360688067542e-17
1.5518621206283567,2.2284264428858867e-15,3.6020088076414316e-17
1.5520778894424438,2.3590066422333775e-15,2.5684511849217092e-17
1.5522936582565308,2.4175606908503503e-15,1.976524872361729e-17
1.552509307861328,2.4042885424531004e-15,1.901586574942065e-17
1.552725076675415,2.333257029174204e-15,1.8820514516296648e-17
1.552940845489502,2.2645314777189036e-15,1.8800130301233402e-17
1.5531566143035889,2.3284674401559986e-15,1.929073320987625e-17
1.5533723831176756,2.327687348071179e-15,2.0835646756259958e-17
1.5535880327224731,2.2507755599855996e-15,3.494286148205153e-17
1.55380380153656,2.2623887499636216e-15,6.848076048325748e-17
1.5540195703506468,2.197834967423174e-15,8.391699295943773e-17
1.5542353391647339,2.330234312649859e-15,7.394914185872142e-17
1.5544511079788208,2.3667285116123433e-15,6.892402696524134e-17
1.554666757583618,2.0263654357021176e-15,6.609919967916519e-17
1.554882526397705,2.112638168457727e-15,4.388144251010194e-17
1.555098295211792,2.289921109949625e-15,2.3789343571096354e-17
1.555314064025879,2.399929487298768e-15,1.934592793183341e-17
1.5555298328399658,2.341636164217235e-15,1.87792800753538e-17
1.5557454824447632,2.1915727441383735e-15,1.8625580438016316e-17
1.55596125125885,2.222350223058104e-15,1.9926330623698616e-17
1.556177020072937,2.319835276272301e-15,2.1594252234838093e-17
1.556392788887024,2.3638978917617114e-15,2.0691812267252306e-17
1.5566085577011108,2.36478974626855e-15,2.6531428882926685e-17
1.5568242073059082,2.3398909386774243e-15,4.2791192667226515e-17
1.5570399761199951,2.318333298356883e-15,4.722915898645965e-17
1.557255744934082,2.2386298549379607e-15,3.559312946756795e-17
1.5574715137481687,2.21141065422054e-15,2.2871560322654204e-17
1.5576872825622559,2.244611469559157e-15,1.9747721956597258e-17
1.5579029321670532,2.257095027437775e-15,2.0552761905415658e-17
1.55811870098114,2.206947212643347e-15,2.0815555677032795e-17
1.558334469795227,2.1785706214494145e-15,1.9556306761067208e-17
1.558550238609314,2.2700695703037973e-15,1.875457649121864e-17
1.5587660074234009,2.274354865466554e-15,1.8660476129683106e-17
1.5589816570281982,2.2864482971288585e-15,1.913131366558333e-17
1.5591974258422852,2.3297333860983735e-15,2.3734609849086547e-17
1.559413194656372,2.385580603372316e-15,5.418473120294319e-17
1.5596289634704588,2.2115799815055493e-15,8.395470475947857e-17
1.559844732284546,2.256764229910338e-15,8.442990550955438e-17
1.5600603818893433,2.2181592124063187e-15,5.2441354673790883e-17
1.56027615070343,2.2328392145558235e-15,2.5122926223137603e-17
1.560491919517517,2.2484317560793694e-15,1.8896911477680157e-17
1.560707688331604,2.318659445797895e-15,1.856612773013241e-17
1.5609234571456907,2.3494005257652607e-15,1.9526320468296248e-17
1.5611391067504883,2.314310011512029e-15,2.155955447249653e-17
1.5613548755645752,2.3487201700168765e-15,2.2163151224212774e-17
1.561570644378662,2.3209030323242668e-15,2.0295917288010386e-17
1.561786413192749,2.297839405393114e-15,1.9022377373676966e-17
1.562002182006836,2.303864794965832e-15,1.909568262889183e-17
1.5622178316116333,2.3430119484079346e-15,1.90410679150206e-17
1.5624336004257202,2.3420022382623826e-15,1.924167179156644e-17
1.5626493692398071,2.3392639787490285e-15,2.613841891150745e-17
1.562865138053894,2.3141851005697733e-15,5.2555196606441333e-17
1.5630809068679807,2.073744524899715e-15,6.7908173494304e-17
1.5632965564727783,2.2375475072354873e-15,5.997007008568614e-17
1.5635123252868652,2.365879149274565e-15,3.5648664928616634e-17
1.563728094100952,2.3747620971296215e-15,2.0890438103263185e-17
1.563943862915039,2.3682099650083658e-15,2.0451854278353218e-17
1.564159631729126,2.432055170586261e-15,2.0498903832762366e-17
1.5643752813339231,2.4223255863061585e-15,1.9532372345322466e-17
1.5645910501480103,2.3262663457986874e-15,1.9105803331540306e-17
1.5648068189620972,2.2681664021733293e-15,2.0425534688967842e-17
1.565022587776184,2.1718854006477068e-15,3.6512929590779764e-17
1.5652383565902708,2.0802934500648155e-15,7.8734952681706e-17
1.5654540061950684,2.11243051804666e-15,1.0236594026545315e-16
1.5656697750091553,2.065390083419081e-15,9.088231131611253e-17
1.565885543823242,2.0986984921367144e-15,5.64054531341003e-17
1.566101312637329,2.1798000080916165e-15,2.803784642827218e-17
1.566317081451416,2.303055038536574e-15,1.9381596550042354e-17
1.5665327310562132,2.370068396100465e-15,1.8485556714877794e-17
1.5667484998703003,2.403404384641035e-15,1.836745804901785e-17
1.5669642686843872,2.4122695338894287e-15,1.820217202985145e-17
1.567180037498474,2.3714207695112297e-15,1.8029644052273016e-17
1.567395806312561,2.382662914662063e-15,1.806140669810197e-17
1.5676114559173584,2.4407633393308436e-15,1.8231936591669474e-17
1.567827224731445,2.4191845330996763e-15,1.8233949708287382e-17
1.5680429935455322,2.4235721301637924e-15,1.9267041821277666e-17
1.5682587623596191,2.4487250890302394e-15,1.9696564742331158e-17
1.568474531173706,2.4414562022082346e-15,1.9070060803013713e-17
1.5686901807785034,2.4024960143099962e-15,1.8497720599358137e-17
1.5689059495925903,2.330588841652847e-15,1.80035649845993e-17
1.5691217184066772,2.2789323143350744e-15,1.7797288804353458e-17
1.569337487220764,2.2583349970352908e-15,1.7974515724330012e-17
1.569553256034851,2.2957428578064705e-15,1.9510322016319066e-17
1.5697689056396484,2.2895899917265718e-15,2.69054526717317e-17
1.5699846744537351,2.2606132186881417e-15,4.6296681364695724e-17
1.5702004432678223,2.253691805565583e-15,5.659132129765517e-17
1.5704162120819092,2.1883842279807905e-15,4.7729855037971514e-17
1.570631980895996,2.283115467944279e-15,2.972333739881813e-17
1.5708476305007935,2.29615847932422e-15,1.9233472757176754e-17
1.5710633993148804,2.3093283258201107e-15,1.906617362139245e-17
1.5712791681289673,2.289903150995154e-15,1.8662601990853358e-17
1.571494936943054,2.297064123742527e-15,1.790804153626976e-17
1.5717107057571411,2.3170232567673704e-15,1.8391934891331077e-17
1.5719263553619385,2.2936294737000107e-15,1.9416092624906952e-17
1.5721421241760252,2.2932330939191937e-15,2.0682906700334614e-17
1.5723578929901123,2.3137212143618835e-15,2.1792196592665928e-17
1.5725736618041992,2.2967044636096906e-15,2.120576206725048e-17
1.572789430618286,2.3008399939199857e-15,1.9518022469243952e-17
1.5730050802230835,2.3799339553215595e-15,1.951667078733311e-17
1.5732208490371704,2.385248683410224e-15,2.03012989613088e-17
1.573436617851257,2.385063321344438e-15,2.031723101927183e-17
1.5736523866653442,2.393622206279983e-15,2.060741670623883e-17
1.5738681554794312,2.4418041569511043e-15,2.0651551187611337e-17
1.5740838050842283,2.4760892441658874e-15,1.935640190074589e-17
1.5742995738983154,2.4835168753175882e-15,1.8549063215776982e-17
1.5745153427124023,2.494891307409835e-15,1.9237031726878984e-17
1.5747311115264893,2.4501343859127636e-15,1.9506273234172773e-17
1.574946880340576,2.4065832799301522e-15,1.9555964769258444e-17
1.5751625299453735,2.4742083643807003e-15,1.9767795497782948e-17
1.5753782987594604,2.5696693472173672e-15,1.9347766920753813e-17
1.5755940675735471,2.5537235594732963e-15,2.0717204845873994e-17
1.5758098363876343,2.4087648118549153e-15,2.5695124869744125e-17
1.5760256052017212,2.3647296158406344e-15,2.856299301503507e-17
1.5762412548065183,2.379386207210204e-15,2.5891723809247362e-17
1.5764570236206055,2.3836097684669677e-15,2.226886302192219e-17
1.5766727924346924,2.359938423344351e-15,2.104740858533581e-17
1.5768885612487793,2.3851386848140913e-15,1.9711915539491004e-17
1.5771043300628662,2.4942911255653375e-15,1.9192283414054847e-17
1.5773199796676636,2.5126632963366434e-15,1.976292242768732e-17
1.5775357484817505,2.446296300785889e-15,2.059232021068037e-17
1.5777515172958374,2.356965414640416e-15,2.410929757803312e-17
1.5779672861099243,2.350203868282208e-15,3.0466028357474713e-17
1.5781830549240112,2.358706150441609e-15,3.314479883414484e-17
1.5783987045288084,2.378433741232027e-15,2.882344545811525e-17
1.5786144733428955,2.3366517526125845e-15,2.192111372468162e-17
1.5788302421569824,2.358509884724894e-15,1.9149177413543138e-17
1.5790460109710691,2.4042354673287275e-15,1.9875563004496714e-17
1.5792617797851562,2.435354968122439e-15,2.0734195449911785e-17
1.5794774293899536,2.401976647760617e-15,2.0371753032066685e-17
1.5796931982040403,2.417904155854602e-15,1.963043379879692e-17
1.5799089670181274,2.3947292475448537e-15,2.0858001495554682e-17
1.5801247358322144,2.32536647390146e-15,2.451756815097034e-17
1.5803405046463013,2.2822196047422463e-15,2.7490960186383458e-17
1.5805561542510986,2.3018152292868667e-15,2.9874720761963645e-17
1.5807719230651855,2.2816203849845952e-15,3.1825564805464856e-17
1.5809876918792725,2.3651859657015585e-15,2.9668192785550905e-17
1.5812034606933592,2.479583062549472e-15,2.3856609476457488e-17
1.5814192295074463,2.4993561921172987e-15,2.0313664533266104e-17
1.5816348791122437,2.3868242609694107e-15,1.9571616218557873e-17
1.5818506479263303,2.3036268388190954e-15,1.9659578265577066e-17
1.5820664167404175,2.4185918876021443e-15,2.058751228188165e-17
1.5822821855545044,2.4820480893983797e-15,2.1984912108699644e-17
1.5824979543685913,2.480720249202205e-15,2.6669728867131642e-17
1.5827136039733887,2.4566515622119245e-15,4.629032257194369e-17
1.5829293727874756,2.227966725720999e-15,9.344373726270617e-17
1.5831451416015625,1.932026566824252e-15,1.4070773682127363e-16
1.5833609104156494,2.0909254718070688e-15,1.474693633533857e-16
1.5835766792297363,2.304370211255935e-15,1.049944216609102e-16
1.5837923288345337,2.290610124479629e-15,4.078231774991814e-17
1.5840080976486206,2.3098133779386265e-15,3.3119897320684455e-17
1.5842238664627075,2.363377723473293e-15,3.999670368746809e-17
1.5844396352767944,2.3417071982960786e-15,6.034861117288826e-17
1.5846554040908811,2.336653997481893e-15,8.545448791427741e-17
1.5848710536956787,2.338567908915482e-15,8.648653651379991e-17
1.5850868225097656,2.272737918172962e-15,5.953176436400526e-17
1.5853025913238523,2.2838925134207514e-15,2.6660280873645466e-17
1.5855183601379395,2.3058341867409106e-15,2.1696428864472992e-17
1.5857341289520264,2.3075417305458946e-15,2.146245385315147e-17
1.5859497785568235,2.3311635281959086e-15,2.3351649175432633e-17
1.5861655473709106,2.4126477943679673e-15,2.5835589549354028e-17
1.5863813161849976,2.498131936604945e-15,2.903762753691469e-17
1.5865970849990845,2.428081270866201e-15,3.996397770207524e-17
1.5868128538131712,2.3913752524496477e-15,5.190172918107291e-17
1.5870285034179688,2.40324772483284e-15,5.062888327209501e-17
1.5872442722320557,2.405899075834381e-15,3.633045378553311e-17
1.5874600410461424,2.441757976782465e-15,2.3952850731770257e-17
1.5876758098602295,2.4094082876075116e-15,2.0935757655152523e-17
1.5878915786743164,2.3430970930938627e-15,1.9142766006666677e-17
1.5881072282791135,2.2998366976867448e-15,1.879027266920705e-17
1.5883229970932007,2.363241588184493e-15,1.9103791467639643e-17
1.5885387659072876,2.500113514813414e-15,1.9830083104799602e-17
1.5887545347213743,2.5977880991363996e-15,2.1552429016788577e-17
1.5889703035354614,2.584721837324331e-15,2.288203554428393e-17
1.5891859531402588,2.535142455508461e-15,2.441263053252033e-17
1.5894017219543457,2.4794304114364716e-15,2.950758441258941e-17
1.5896174907684326,2.438505000806157e-15,3.404051672097661e-17
1.5898332595825195,2.34038032018675e-15,3.293670997204081e-17
1.5900490283966064,2.3523199783013994e-15,2.6657119015310925e-17
1.5902646780014038,2.4004727456715057e-15,2.026810445966511e-17
1.5904804468154907,2.3610174037428617e-15,1.7826410722223138e-17
1.5906962156295776,2.5547903534384153e-15,1.7506733565798226e-17
1.5909119844436643,2.6206065542694667e-15,1.809349129226372e-17
1.5911277532577515,2.5361694832172525e-15,1.960246813894736e-17
1.5913434028625488,2.545404715205988e-15,2.2282555221445383e-17
1.5915591716766355,2.4217231595923522e-15,2.3396741985500042e-17
1.5917749404907227,2.273120989085734e-15,2.133038237910473e-17
1.5919907093048096,2.3134297020473503e-15,1.8313057549796068e-17
1.5922064781188965,2.262104934343862e-15,1.725535831189874e-17
1.5924222469329832,2.2923425221948178e-15,1.8307870047671133e-17
1.5926378965377808,2.4787808424671797e-15,1.9401914371091452e-17
1.5928536653518677,2.5142767159784637e-15,1.997669987881558e-17
1.5930694341659544,2.387690139131389e-15,1.96951504245579e-17
1.5932852029800415,2.3285626867538165e-15,1.9377637963537938e-17
1.5935009717941284,2.4031240966730465e-15,1.9203426333977882e-17
1.5937166213989256,2.533658115851898e-15,1.8156936410017746e-17
1.5939323902130127,2.4795282235992136e-15,1.694171674717582e-17
1.5941481590270996,2.4439778318332866e-15,1.6870019980907686e-17
1.5943639278411863,2.4619454450855785e-15,1.7006751563117854e-17
1.5945796966552734,2.375836427441706e-15,1.6829627365955652e-17
1.5947953462600708,2.295275764642425e-15,1.663135229077428e-17
1.5950111150741575,2.2798187170164483e-15,1.6417406975534756e-17
1.5952268838882446,2.354531495266217e-15,1.6785385150899797e-17
1.5954426527023315,2.4786275499629482e-15,1.7243819533325265e-17
1.5956584215164185,2.5540819368236704e-15,1.7326824578193206e-17
1.5958740711212158,2.6004790560464605e-15,1.7238589438813894e-17
1.5960898399353027,2.6055620815528917e-15,1.7440840638541157e-17
1.5963056087493896,2.619668840289605e-15,1.776705948443634e-17
1.5965213775634763,2.6406121881585645e-15,1.8749916383055218e-17
1.5967371463775635,2.498668620717564e-15,2.7266713777211714e-17
1.5969527959823608,2.2415857064264642e-15,5.204066053477098e-17
1.5971685647964475,2.363034418816849e-15,7.246687169105287e-17
1.5973843336105347,2.4637968208741357e-15,6.554753807912621e-17
1.5976001024246216,2.4368814792524466e-15,3.5022356413189925e-17
1.5978158712387085,2.4850459520125202e-15,1.9042690183857065e-17
1.5980315208435059,2.5527452774980673e-15,1.8023871531193156e-17
1.5982472896575928,2.4888914131385528e-15,1.7679051086878957e-17
1.5984630584716797,2.460957221546268e-15,1.7508890744899686e-17
1.5986788272857666,2.456416652673536e-15,1.7222850299307088e-17
1.5988945960998535,2.4067324033913816e-15,1.705643683461728e-17
1.5991102457046509,2.371111458590034e-15,1.6949110284374893e-17
1.5993260145187376,2.3843473683827273e-15,1.7007906568420724e-17
1.5995417833328247,2.4388070960760027e-15,1.7231666923300154e-17
1.5997575521469116,2.4512755812606903e-15,1.7370188638458047e-17
1.5999733209609983,2.498891985213793e-15,1.7522607998767838e-17
1.600188970565796,2.5850952873686363e-15,1.778017543402534e-17
1.6004047393798828,2.6059778634184492e-15,1.7922718371550064e-17
1.6006205081939695,2.535005999524045e-15,1.8024603118066124e-17
1.6008362770080566,2.5123382713302854e-15,1.8308852177993748e-17
1.6010520458221436,2.545163712450904e-15,1.879888008941966e-17
1.6012676954269407,2.4989001629519893e-15,1.9193745335083532e-17
1.6014834642410278,2.5241477270250227e-15,1.939857462690766e-17
1.6016992330551147,2.4063951919516327e-15,1.9154694380304356e-17
1.6019150018692017,2.401280738274878e-15,1.9282178403788064e-17
1.6021307706832884,2.287678004466676e-15,1.9694927440887718e-17
1.602346420288086,2.3196364449906613e-15,2.1996945710586177e-17
1.6025621891021729,2.5505300725336714e-15,4.2490806103707154e-17
1.6027779579162595,2.638357697981264e-15,9.64310068997952e-17
1.6029937267303467,2.518552710968369e-15,1.3598488255631631e-16
1.6032094955444336,2.3036228301239013e-15,1.208576302839783e-16
1.6034251451492307,2.4753646324225575e-15,5.718371124086872e-17
1.6036409139633179,2.510939717750882e-15,2.315914161046213e-17
1.6038566827774048,2.5226003706800047e-15,2.1617287199598608e-17
1.6040724515914917,2.5051133198076114e-15,2.2698304516354548e-17
1.6042882204055786,2.4857036987200084e-15,2.2578975682156832e-17
1.604503870010376,2.3992007065124356e-15,2.0416446225331906e-17
1.604719638824463,2.3634134810344266e-15,1.871818254972297e-17
1.6049354076385498,2.461213136647475e-15,1.849788345260041e-17
1.6051511764526367,2.3872993715238443e-15,1.8389463280200312e-17
1.6053669452667236,2.372798958919046e-15,1.893730534534944e-17
1.6055825948715208,2.3282355772259578e-15,2.0252807529346938e-17
1.605798363685608,2.3647384349700617e-15,2.1102009519317304e-17
1.6060141324996948,2.3567290619717575e-15,2.0148032764139198e-17
1.6062299013137815,2.355668040527718e-15,1.8937505780109158e-17
1.6064456701278687,2.463969515463108e-15,1.9274715967140337e-17
1.606661319732666,2.557836480742695e-15,1.985457122156807e-17
1.6068770885467527,2.4822177373790045e-15,1.9826246031868266e-17
1.6070928573608398,2.367070533486325e-15,2.0446631700145333e-17
1.6073086261749268,2.36930305601396e-15,2.2817793698360034e-17
1.6075243949890137,2.4429593025583066e-15,3.856464743797772e-17
1.607740044593811,2.2084988983791745e-15,7.497724690434648e-17
1.607955813407898,2.2805715499739463e-15,8.823937857447987e-17
1.6081715822219849,2.4964393051460837e-15,6.824101545629059e-17
1.6083873510360716,2.612529835191897e-15,2.747210929723204e-17
1.6086031198501587,2.6149842790854923e-15,2.0119254090795537e-17
1.608818769454956,2.7041455172503393e-15,1.9738959199445866e-17
1.6090345382690427,2.6151391750678013e-15,1.971178400417994e-17
1.6092503070831299,2.561898892452646e-15,1.9831359623675552e-17
1.6094660758972168,2.4007479025096456e-15,2.015626186374284e-17
1.6096818447113037,2.512716531808824e-15,2.085578042787356e-17
1.609897494316101,2.4189448131270546e-15,2.008813659434942e-17
1.610113263130188,2.4935184094796755e-15,1.9372478021192464e-17
1.610329031944275,2.5703267732292403e-15,1.939042069033891e-17
1.6105448007583618,2.4389821958820917e-15,1.891229609820571e-17
1.6107605695724487,2.4888752180099674e-15,1.8641363422626808e-17
1.610976219177246,2.479052632001356e-15,1.8596452256560394e-17
1.611191987991333,2.2467517920973225e-15,1.8108111755267854e-17
1.61140775680542,2.2857227232986817e-15,1.9025517935818284e-17
1.6116235256195068,2.41736843382883e-15,2.1931907136492397e-17
1.6118392944335935,2.253449199332421e-15,2.3402785093505516e-17
1.6120549440383911,2.3120163964696316e-15,2.3367794195327864e-17
1.612270712852478,2.5722979288302045e-15,3.1730217990267325e-17
1.6124864816665647,2.5022717963060503e-15,7.81516574657146e-17
1.6127022504806519,2.3145486090499965e-15,1.2947168488713587e-16
1.6129180192947388,2.1731975267587204e-15,1.2987004897207408e-16
1.613133668899536,2.267416455476371e-15,7.708864169581578e-17
1.613349437713623,2.3476939440471236e-15,2.6510924407007604e-17
1.61356520652771,2.5162884395747945e-15,2.0583801733392386e-17
1.6137809753417969,2.439625030243457e-15,1.9311292805354256e-17
1.6139967441558836,2.3977335240713046e-15,1.885234480885701e-17
1.6142123937606812,2.437336065287485e-15,1.8662065827871114e-17
1.614428162574768,2.411492007369533e-15,1.8438658739255682e-17
1.6146439313888548,2.4996135503487753e-15,1.8336499647662257e-17
1.614859700202942,2.421745287589825e-15,1.804061534993304e-17
1.6150754690170288,2.4043432210555513e-15,1.805971302438236e-17
1.615291118621826,2.3700145192370528e-15,1.8114748651248995e-17
1.615506887435913,2.2980443298914486e-15,1.9014393806653972e-17
1.61572265625,2.289047374745065e-15,2.346671125468286e-17
1.6159384250640867,2.4331234076816504e-15,2.5430508394530816e-17
1.6161541938781738,2.4366268469337013e-15,2.202250615331913e-17
1.6163698434829712,2.5475150527040997e-15,1.8189079881890166e-17
1.616585612297058,2.529614625183265e-15,1.7791821946282165e-17
1.616801381111145,2.3912267703796494e-15,1.7867806763691004e-17
1.617017149925232,2.49621129056343e-15,1.87305330890733e-17
1.6172329187393188,2.522771141095284e-15,1.8815425978834325e-17
1.6174485683441162,2.607892095547654e-15,1.8296942595114794e-17
1.6176643371582031,2.6122620543529148e-15,1.7857575821924686e-17
1.61788010597229,2.654790462017545e-15,1.776702315563614e-17
1.6180958747863767,2.6538131421291634e-15,1.790500745509454e-17
1.6183116436004639,2.3923035059088506e-15,1.7537033037881245e-17
1.6185272932052612,2.3490164927656425e-15,1.781062272674365e-17
1.618743062019348,2.3263906153497117e-15,1.878675378645676e-17
1.618958830833435,2.4271777109693954e-15,2.793053115248503e-17
1.619174599647522,2.5331416355630586e-15,5.812064853603636e-17
1.6193903684616089,2.4135479869608095e-15,7.464928552875901e-17
1.6196060180664062,2.438497624806999e-15,6.299064696897119e-17
1.6198217868804932,2.395814641855675e-15,2.8967615675345427e-17
1.62003755569458,2.38528139436301e-15,1.877902201560067e-17
1.6202533245086668,2.503858277516165e-15,1.8240356104294848e-17
1.620469093322754,2.5149314160776043e-15,1.8573662824380534e-17
1.6206847429275513,2.474672891979821e-15,2.0126315657923826e-17
1.620900511741638,2.3051833349891562e-15,2.111231687683577e-17
1.621116280555725,2.1949352376673913e-15,2.0180321551212408e-17
1.621332049369812,2.3448264442007038e-15,1.8671966052283897e-17
1.6215478181838987,2.5685780200376586e-15,1.8360323824289156e-17
1.6217634677886963,2.6009665133820928e-15,2.0186531270611906e-17
1.6219792366027832,2.624198345163601e-15,2.3524128297038386e-17
1.62219500541687,2.6457623993964534e-15,2.4953022688194218e-17
1.622410774230957,2.5686028739478633e-15,2.304796044924693e-17
1.622626543045044,2.5031254880346384e-15,2.3089272558659165e-17
1.6228421926498413,2.4024722828344456e-15,2.654481541944131e-17
1.6230579614639282,2.417512907203634e-15,4.5300074641560244e-17
1.6232737302780151,2.322874348273039e-15,9.138099299828925e-17
1.623489499092102,2.418049430968445e-15,1.109832118465042e-16
1.6237052679061887,2.517332624499018e-15,8.806871839831855e-17
1.6239209175109863,2.464716094856103e-15,3.701425200091575e-17
1.6241366863250732,2.523647441864768e-15,2.1254162050853224e-17
1.62435245513916,2.6423224578762806e-15,2.3319391706290624e-17
1.624568223953247,2.6513134801537765e-15,2.420247719239121e-17
1.624783992767334,2.502330804299311e-15,2.15385163390297e-17
1.6249996423721311,2.2520251504515816e-15,1.9783773906284164e-17
1.6252154111862183,2.2461880092051898e-15,2.0472624330328926e-17
1.6254311800003052,2.235987002370232e-15,1.9565187273639938e-17
1.625646948814392,2.200791620650716e-15,1.8217164549878305e-17
1.625862717628479,2.0524041558587075e-15,1.782027992401028e-17
1.6260783672332764,2.0789049983973007e-15,1.741763655695213e-17
1.6262941360473633,2.362060626580238e-15,1.7546846824803906e-17
1.62650990486145,2.473949723366761e-15,1.8128643790966396e-17
1.626725673675537,2.2681253531345393e-15,2.0795847929283584e-17
1.626941442489624,2.246598178897475e-15,2.364844545131856e-17
1.6271570920944212,2.5886267874870475e-15,2.2477936519783332e-17
1.6273728609085083,2.5743534273780574e-15,1.8241494824273493e-17
1.6275886297225952,2.3131922269440373e-15,1.8284102243320404e-17
1.627804398536682,2.2899587916844516e-15,2.038947522297744e-17
1.628020167350769,2.554182314551337e-15,2.054803790867257e-17
1.6282358169555664,2.4701198159780826e-15,1.7943536026781206e-17
1.628451585769653,2.498537616558613e-15,1.6871757499730984e-17
1.6286673545837402,2.525543073648271e-15,1.6885823008994148e-17
1.6288831233978271,2.4169045476209397e-15,1.6661929866086405e-17
1.629098892211914,2.3812143325666338e-15,1.6566387626998148e-17
1.6293145418167114,2.2090137751899365e-15,1.615928959740528e-17
1.6295303106307983,2.2585185952751923e-15,1.6190745327508417e-17
1.6297460794448853,2.4372903661622695e-15,1.8230460890751058e-17
1.629961848258972,2.5187858566808725e-15,2.5205292382208942e-17
1.630177617073059,2.4419957725813937e-15,2.9233076481984046e-17
1.6303932666778564,2.263667844426234e-15,2.72667263043842e-17
1.6306090354919431,2.3422299321494217e-15,2.4896946053294297e-17
1.6308248043060303,2.3610026517445464e-15,2.398831014619875e-17
1.6310405731201172,2.3232333670146445e-15,2.060012839728861e-17
1.631256341934204,2.326005459915439e-15,2.9796704037178163e-17
1.6314719915390015,2.3933468890940354e-15,5.2391491516442204e-17
1.6316877603530884,2.6116286805122082e-15,5.85430848356166e-17
1.6319035291671753,2.6070728785977373e-15,4.3352916092203324e-17
1.6321192979812622,2.479939676073962e-15,2.1300542654251812e-17
1.6323350667953491,2.4886124079530266e-15,1.745044647440061e-17
1.6325507164001465,2.634177109936984e-15,1.748515425848016e-17
1.6327664852142332,2.5730799450887173e-15,1.7241580927602673e-17
1.6329822540283203,2.416598283308092e-15,1.6965800236273107e-17
1.6331980228424072,2.5901427156617417e-15,1.720938233617133e-17
1.633413791656494,2.5885329840195e-15,1.7433482177425034e-17
1.6336294412612915,2.541478438784837e-15,2.0153609861328337e-17
1.6338452100753784,2.5044089118880603e-15,3.206585601715197e-17
1.634060978889465,2.509239870640671e-15,4.121057918470266e-17
1.6342767477035522,2.515948502222314e-15,3.7648096863307833e-17
1.6344925165176392,2.544734301021685e-15,2.6914695219589166e-17
1.6347081661224363,2.6005476849081877e-15,4.3374958904903227e-17
1.6349239349365234,2.674819987730002e-15,7.184767359872712e-17
1.6351397037506104,2.6165728448171074e-15,7.735456350240175e-17
1.6353554725646973,2.317903566232049e-15,5.3029289954469716e-17
1.635571241378784,2.3233076080496443e-15,2.69589862906177e-17
1.6357868909835815,2.4062617825755652e-15,3.0415536336067423e-17
1.6360026597976685,2.470249056311148e-15,3.33549922612259e-17
1.6362184286117551,2.4245981957857373e-15,2.99383487764359e-17
1.6364341974258423,2.4652638429674587e-15,2.4607628499380323e-17
1.6366499662399292,2.5130332187291774e-15,2.1582561877477583e-17
1.6368656158447263,2.516566963716898e-15,1.972492375539666e-17
1.6370813846588135,2.3753191454138276e-15,1.9127378880706628e-17
1.6372971534729004,2.5047810791499032e-15,1.8709159227383944e-17
1.6375129222869873,2.5750820478165818e-15,1.7957552680071686e-17
1.6377286911010742,2.541776846055104e-15,1.732657904561255e-17
1.6379443407058716,2.4312959237164517e-15,1.694287300519594e-17
1.6381601095199585,2.446485831894678e-15,1.8419936879980838e-17
1.6383758783340454,2.562157693814393e-15,2.7351312278419407e-17
1.6385916471481323,2.6502373860158066e-15,5.2061109891131136e-17
1.6388074159622192,2.511533646030876e-15,6.044809696587395e-17
1.639023184776306,2.4951319894693037e-15,4.613163837267548e-17
1.6392388343811035,2.4599722049631133e-15,2.2597826571308254e-17
1.6394546031951904,2.5304947743001354e-15,1.8943027757739368e-17
1.6396703720092771,2.4591409619276138e-15,1.8917473578592657e-17
1.6398861408233643,2.381971494914942e-15,1.814686456334195e-17
1.6401019096374512,2.410591654428883e-15,1.743534246253866e-17
1.6403175592422483,2.454260776398016e-15,1.7867444728406264e-17
1.6405333280563354,2.5425825937891682e-15,1.7726887347719995e-17
1.6407490968704224,2.454218284228956e-15,1.8783078314050446e-17
1.6409648656845093,2.3722271586365245e-15,2.1770010970199722e-17
1.641180634498596,2.338357211896067e-15,3.5255181430077566e-17
1.6413962841033936,2.413225848214992e-15,4.2981961460656475e-17
1.6416120529174805,2.410884609873686e-15,3.6465163482104623e-17
1.6418278217315672,2.5247443812177493e-15,2.0861993905424802e-17
1.6420435905456543,2.7122975997975625e-15,1.7691365297429094e-17
1.6422593593597412,2.7873942506991415e-15,1.74845604705045e-17
1.6424750089645384,2.7360826315158905e-15,1.7529658291440895e-17
1.6426907777786255,2.5669400671812484e-15,1.7637896819839996e-17
1.6429065465927124,2.597975706071495e-15,1.7914997875149202e-17
1.643122315406799,2.5295365358008787e-15,1.7515833303889393e-17
1.6433380842208862,2.4796545776717393e-15,1.7581366701296222e-17
1.6435537338256836,2.566974381612112e-15,2.0520689838426388e-17
1.6437695026397705,2.6832680723303754e-15,3.91018501755376e-17
1.6439852714538574,2.552029645231973e-15,7.238336054841665e-17
1.6442010402679443,2.4938192219670595e-15,7.944778888290266e-17
1.6444168090820312,2.447773745486717e-15,6.030407456927908e-17
1.6446324586868286,2.4257076422677248e-15,4.3311421086072835e-17
1.6448482275009155,2.498803152528286e-15,3.7778166495191896e-17
1.6450639963150024,2.6958988294965297e-15,2.480329541725088e-17
1.6452797651290891,2.7040493085656753e-15,2.05144776135924e-17
1.6454955339431763,2.693589821064586e-15,2.03850380984842e-17
1.6457111835479736,2.7465315360616666e-15,1.9735955183484602e-17
1.6459269523620603,2.660438232502956e-15,1.8864975956870945e-17
1.6461427211761475,2.6658583091013283e-15,1.796651963013454e-17
1.6463584899902344,2.5207839507135424e-15,1.6998423498851598e-17
1.6465742588043213,2.4925752436743493e-15,1.6918621651987393e-17
1.6467899084091187,2.5538265027658865e-15,1.720836888791751e-17
1.6470056772232056,2.468243265583705e-15,1.8978809120500657e-17
1.6472214460372925,2.4220438552079003e-15,3.175932362281278e-17
1.6474372148513792,2.4483165228160316e-15,5.089766127400695e-17
1.6476529836654663,2.452694499011681e-15,6.640102937295454e-17
1.6478686332702637,2.5351775716783635e-15,6.351576599595462e-17
1.6480844020843504,2.57469609064327e-15,4.382075587572852e-17
1.6483001708984375,2.659337124106973e-15,2.2023896669464666e-17
1.6485159397125244,2.6937306064398116e-15,1.8026225386902586e-17
1.648731708526611,2.5923154284570775e-15,1.728507151230959e-17
1.6489473581314087,2.444163835290304e-15,1.7006066326783068e-17
1.6491631269454956,2.337636929543547e-15,1.6786094188862296e-17
1.6493788957595823,2.3539856713285544e-15,1.7164781843982482e-17
1.6495946645736694,2.3284988683263224e-15,1.9938195108756634e-17
1.6498104333877563,2.4518805735394207e-15,4.284756494339702e-17
1.6500260829925537,2.5635772529566154e-15,7.702018821450332e-17
1.6502418518066406,2.62569807820971e-15,8.182444404625086e-17
1.6504576206207275,2.7014680295561317e-15,5.3552394612117977e-17
1.6506733894348145,2.528425806536429e-15,2.269455889178233e-17
1.6508891582489011,2.559117178683385e-15,1.791899654860556e-17
1.6511048078536987,2.652669060520697e-15,1.718430669501345e-17
1.6513205766677856,2.5408957348513868e-15,1.654756053947445e-17
1.6515363454818723,2.4358512445874992e-15,1.6247571087322776e-17
1.6517521142959595,2.4458344990995e-15,1.6346113584220554e-17
1.6519678831100464,2.485664092811488e-15,1.6286030759560786e-17
1.6521835327148435,2.5051330425879674e-15,1.626717235410588e-17
1.6523993015289307,2.5575294146908084e-15,1.6866645160640945e-17
1.6526150703430176,2.6769917384384907e-15,1.8693808430224092e-17
1.6528308391571045,2.6755250370407828e-15,2.0242084269702058e-17
1.6530466079711914,2.6229934917359884e-15,1.9807259849254042e-17
1.6532622575759888,2.5264073483321718e-15,1.8263611547291054e-17
1.6534780263900757,2.4751319677534777e-15,1.711504145292413e-17
1.6536937952041624,2.697692480074288e-15,1.8923600618653768e-17
1.6539095640182495,2.765818491076322e-15,1.9332635349112404e-17
1.6541253328323364,2.5606079322522586e-15,1.863415654029772e-17
1.6543409824371336,2.4795885143749366e-15,1.7730790814665488e-17
1.6545567512512207,2.379335857998563e-15,1.641382169877031e-17
1.6547725200653076,2.2756649070560664e-15,1.747836954186373e-17
1.6549882888793943,2.1957241488816388e-15,3.1918336034000024e-17
1.6552040576934814,2.1240786638467767e-15,4.95424567222612e-17
1.6554197072982788,2.3517159481095156e-15,4.94051789553308e-17
1.6556354761123655,2.6105819300230603e-15,3.12386367094536e-17
1.6558512449264526,2.685530259202449e-15,1.948124644898757e-17
1.6560670137405396,2.6333101093403507e-15,1.745883341637753e-17
1.6562827825546265,2.643998413163133e-15,1.630336586084184e-17
1.6564984321594238,2.6942693750739317e-15,1.6290517992743957e-17
1.6567142009735107,2.7179646120199064e-15,1.6054384549603727e-17
1.6569299697875977,2.7733028853519745e-15,1.5905005534055396e-17
1.6571457386016843,2.7806227627768516e-15,1.58920612067294e-17
1.6573615074157715,2.6249664111628378e-15,1.5532927215136888e-17
1.6575771570205688,2.5018441487027175e-15,1.5260614045150432e-17
1.6577929258346555,2.4816722341369577e-15,1.522166831862011e-17
1.6580086946487427,2.4707594433832923e-15,1.5586656257913614e-17
1.6582244634628296,2.600428867182627e-15,1.9665413422519338e-17
1.6584402322769165,2.5676314869283693e-15,2.5560690770967218e-17
1.6586558818817139,2.4971706514973402e-15,2.5660692683459186e-17
1.6588716506958008,2.5118944285983676e-15,1.966555497956839e-17
1.6590874195098877,2.51137778796172e-15,1.5675686872745555e-17
1.6593031883239746,2.552482467441126e-15,1.5550938783731987e-17
1.6595189571380615,2.5978589728674354e-15,1.5584452728273973e-17
1.6597346067428589,2.4603891092633253e-15,1.5201036065541706e-17
1.6599503755569458,2.4846288873645002e-15,1.5176702032994775e-17
1.6601661443710327,2.4271169391502493e-15,1.522772270108082e-17
1.6603819131851196,2.4287975445235272e-15,1.5676694057413135e-17
1.6605976819992063,2.451119081800303e-15,1.948567730989457e-17
1.660813331604004,2.2620210724403963e-15,2.7185966128825095e-17
1.6610291004180908,2.258200304876761e-15,3.110927361009754e-17
1.6612448692321775,2.421552068481458e-15,2.667223430162811e-17
1.6614606380462646,2.5837661643899988e-15,1.881820200025641e-17
1.6616764068603516,2.538721258230166e-15,1.571747501471212e-17
1.6618920564651487,2.543245631974313e-15,1.550184855292547e-17
1.6621078252792358,2.4481949791777395e-15,1.533294092819443e-17
1.6623235940933228,2.4574783155088068e-15,1.5404643958048807e-17
1.6625393629074097,2.547218409259718e-15,1.5488986904937857e-17
1.6627551317214964,2.727028111506516e-15,1.594838337420997e-17
1.662970781326294,2.7140774604638524e-15,1.590559180572757e-17
1.6631865501403809,2.5918218779047496e-15,1.57697120712462e-17
1.6634023189544676,2.5202905605090224e-15,1.5921738078340048e-17
1.6636180877685547,2.467043382938133e-15,1.5991836377399438e-17
1.6638338565826416,2.5994558766850556e-15,1.6234319844270965e-17
1.6640495061874387,2.5434494340379932e-15,1.5809842868293354e-17
1.6642652750015259,2.591498296028662e-15,1.5814497965587788e-17
1.6644810438156128,2.785128536175297e-15,1.6254876934314472e-17
1.6646968126296997,2.733826217164897e-15,1.6225455617022465e-17
1.6649125814437866,2.7070532643965106e-15,1.651070309259693e-17
1.665128231048584,2.6664315525141194e-15,1.7464776307003148e-17
1.665343999862671,2.6088899399554306e-15,1.8697416255899004e-17
1.6655597686767578,2.6378936514255664e-15,1.9018570365959582e-17
1.6657755374908447,2.73245524340843e-15,1.945836556844859e-17
1.6659913063049316,2.635395272232642e-15,1.9282512879293346e-17
1.666206955909729,2.495237498326819e-15,1.7976535104534165e-17
1.666422724723816,2.515832250061678e-15,1.7742949688276842e-17
1.6666384935379028,2.523919071051137e-15,1.7882316987577294e-17
1.6668542623519895,2.426601100252641e-15,1.7308538664520742e-17
1.6670700311660767,2.4223417814347442e-15,1.6960838223252853e-17
1.667285680770874,2.380481703432915e-15,1.6781392741029677e-17
1.6675014495849607,2.3581883873703074e-15,1.6893781521672173e-17
1.6677172183990479,2.2529737680823716e-15,1.6988208842409504e-17
1.6679329872131348,2.2531293054559124e-15,1.746650004593672e-17
1.6681487560272217,2.3049195628453685e-15,1.8371551928985072e-17
1.668364405632019,2.404707851970429e-15,2.2488582110958822e-17
1.668580174446106,2.4296594139903115e-15,4.035783701578879e-17
1.6687959432601929,2.5567278359997467e-15,7.742214008164045e-17
1.6690117120742796,2.3435139973940747e-15,1.2480015194240414e-16
1.6692274808883667,2.350129146203785e-15,1.2911885957960547e-16
1.669443130493164,2.5425461948368034e-15,8.626681993019777e-17
1.6696588993072508,2.5671215808996484e-15,3.032596204194975e-17
1.669874668121338,2.3685345089713e-15,2.4989496803593773e-17
1.6700904369354248,2.3180485206502767e-15,3.009961607866997e-17
1.6703062057495115,2.3888590746500602e-15,3.436168085277517e-17
1.670521855354309,2.64784499672382e-15,5.613885987106928e-17
1.670737624168396,2.6746527449664932e-15,7.932536834253633e-17
1.670953392982483,2.6324126426602406e-15,7.448437783020158e-17
1.6711691617965698,2.642656622707682e-15,4.131328696645081e-17
1.6713849306106567,2.5674342591248074e-15,2.1525272612281376e-17
1.671600580215454,2.602381262090082e-15,2.1323429798377034e-17
1.671816349029541,2.543250442408546e-15,2.163101948607374e-17
1.672032117843628,2.4742651275046523e-15,2.157405342192758e-17
1.6722478866577148,2.4073240868020674e-15,2.3217954179832185e-17
1.6724636554718015,2.4023775172800512e-15,2.3540473751693334e-17
1.6726793050765991,2.546790922004193e-15,2.4425298009334465e-17
1.672895073890686,2.4110611528100448e-15,3.6936052379412027e-17
1.6731108427047727,2.4050101075880826e-15,4.8716249610099405e-17
1.6733266115188599,2.5875292067428357e-15,4.579048337902961e-17
1.6735423803329468,2.5309645933769127e-15,3.016242982693088e-17
1.673758029937744,2.4758548156709224e-15,1.7866688087188334e-17
1.673973798751831,2.4333296149624476e-15,1.6369327687547563e-17
1.674189567565918,2.3980088412572525e-15,1.629087877531145e-17
1.6744053363800049,2.3766333560463427e-15,1.615658623358359e-17
1.6746211051940916,2.45553906912159e-15,1.6189010314119618e-17
1.6748367547988892,2.66713163104286e-15,1.718728315119525e-17
1.675052523612976,2.7953324292707947e-15,2.01565750430549e-17
1.6752682924270628,2.6239089173705687e-15,2.386386020389026e-17
1.67548406124115,2.508741349306302e-15,2.4944143428338738e-17
1.6756998300552368,2.591271243532854e-15,2.2569850889720706e-17
1.675915479660034,2.581696074191638e-15,2.306979781631813e-17
1.676131248474121,2.5243116024845674e-15,2.605683194256451e-17
1.676347017288208,2.3718978042393568e-15,2.679227467922282e-17
1.6765627861022947,2.456836924277711e-15,2.3369447782095528e-17
1.6767785549163818,2.5120887701413895e-15,1.8247470285547566e-17
1.6769942045211792,2.4139020349203744e-15,1.5510494807372778e-17
1.677209973335266,2.5113656015283293e-15,1.5798038513663252e-17
1.677425742149353,2.5845948418605738e-15,1.6046130395655116e-17
1.67764151096344,2.5206842143771073e-15,1.5678842467493854e-17
1.6778572797775269,2.5403888754310135e-15,1.5459357636582645e-17
1.6780729293823242,2.6944034258412306e-15,1.5720192158423538e-17
1.6782886981964111,2.6075502340214803e-15,1.5597278047461386e-17
1.678504467010498,2.50469561376836e-15,1.532886583898593e-17
1.6787202358245847,2.585102342672178e-15,1.5415804416013316e-17
1.6789360046386719,2.678535567131737e-15,1.5820675114338827e-17
1.6791516542434692,2.680964996767319e-15,1.6381649414401186e-17
1.679367423057556,2.6706514257713043e-15,1.662024820508594e-17
1.679583191871643,2.725626671666573e-15,1.720648480117617e-17
1.67979896068573,2.623116959547974e-15,1.8116307031505796e-17
1.680014729499817,2.5464654159544122e-15,1.8365837032898634e-17
1.6802303791046143,2.627874960048048e-15,1.8470621819844352e-17
1.6804461479187012,2.8546239174557196e-15,1.8998065890040498e-17
1.680661916732788,2.8674212759941514e-15,1.7983908598257265e-17
1.680877685546875,2.769007808972944e-15,1.6342563383539062e-17
1.681093454360962,2.5643999975583028e-15,1.545650394669117e-17
1.6813091039657593,2.5207853938438124e-15,1.533603263436307e-17
1.681524872779846,2.469798799666919e-15,1.5287551224139193e-17
1.681740641593933,2.372187071684581e-15,1.509008540430018e-17
1.68195641040802,2.539252971560744e-15,1.548988510320484e-17
1.6821721792221067,2.7531612765218844e-15,1.5935430277863238e-17
1.6823878288269043,2.8050876692001404e-15,1.5989786931981328e-17
1.6826035976409912,2.7410367373848715e-15,1.5921393581096785e-17
1.682819366455078,2.6355131278713562e-15,1.5800397380241675e-17
1.683035135269165,2.65809555103138e-15,1.5943768363867482e-17
1.683250904083252,2.782054027309041e-15,1.6560992173810007e-17
1.683466553688049,2.7995867773066506e-15,2.1938080527091693e-17
1.6836823225021362,2.816853670638971e-15,4.1498691624623836e-17
1.6838980913162231,2.8138477906344423e-15,5.969774939939618e-17
1.68411386013031,2.8862233392380988e-15,5.4797615600337844e-17
1.6843296289443968,2.6740524027741876e-15,3.1550736179243946e-17
1.6845452785491943,2.392781021680401e-15,1.7186857227330848e-17
1.6847610473632812,2.3097426645553986e-15,1.5733519817227492e-17
1.684976816177368,2.483457546628712e-15,1.598251115020359e-17
1.685192584991455,2.5180937955425205e-15,1.626678526447618e-17
1.685408353805542,2.4732220650150834e-15,1.593823010091304e-17
1.685624122619629,2.605987323939108e-15,1.577886567617904e-17
1.6858397722244263,2.721045855494089e-15,1.59711953553003e-17
1.6860555410385132,2.6928268861951986e-15,1.5994690067290916e-17
1.6862713098526,2.7159746957254327e-15,1.6132922404764466e-17
1.686487078666687,2.6047597011227914e-15,1.5877130069847708e-17
1.686702847480774,2.41125308913595e-15,1.579872124456354e-17
1.6869184970855713,2.3854726892976842e-15,1.6493346695122657e-17
1.6871342658996582,2.5023654394257906e-15,1.7128929076338046e-17
1.6873500347137451,2.6649497784224818e-15,1.7663544952780327e-17
1.687565803527832,2.580778724383364e-15,1.7846768630224176e-17
1.6877815723419187,2.5700884963868883e-15,1.7500652876275306e-17
1.6879972219467163,2.516962541758676e-15,1.691044140835643e-17
1.6882129907608032,2.471538733729073e-15,1.6931786457549077e-17
1.68842875957489,2.4847392066562485e-15,1.741486304096454e-17
1.688644528388977,2.4080945580184205e-15,1.850227798470721e-17
1.688860297203064,2.4277434180352217e-15,1.978898145188507e-17
1.689075946807861,2.450467909352934e-15,1.9532703062676e-17
1.6892917156219482,2.3375939563310642e-15,1.8294559926908653e-17
1.6895074844360352,2.294468894473707e-15,1.9252526586522386e-17
1.689723253250122,2.386856811574388e-15,2.82272272109911e-17
1.6899390220642088,2.445442609057301e-15,6.415157010812295e-17
1.6901546716690063,2.4680011403939667e-15,1.0470669756333597e-16
1.6903704404830933,2.4705107439334355e-15,1.1080170814984218e-16
1.69058620929718,2.6250560455873835e-15,7.644422891071758e-17
1.690801978111267,2.7204718103422586e-15,3.134340896922684e-17
1.691017746925354,2.6117531104110404e-15,2.2986790266015693e-17
1.6912333965301511,2.6628954023092826e-15,2.0411269997662205e-17
1.6914491653442383,2.784654227359902e-15,1.898406552207424e-17
1.6916649341583252,2.7268969469997572e-15,1.784314201379054e-17
1.691880702972412,2.607779371038789e-15,1.7047507466071875e-17
1.692096471786499,2.5169651073236e-15,1.6654661600612156e-17
1.6923121213912964,2.44212645604473e-15,1.6428234210711236e-17
1.6925278902053833,2.3769971852221814e-15,1.6249118193124343e-17
1.6927436590194702,2.4245245961419698e-15,1.6207069485970145e-17
1.6929594278335571,2.6112573149894043e-15,1.6488983480947062e-17
1.693175196647644,2.668126749537905e-15,1.6541858170560493e-17
1.6933908462524414,2.6273164686335715e-15,1.6349163950720002e-17
1.6936066150665283,2.6054599399993397e-15,1.6374138121780778e-17
1.6938223838806152,2.4812983030492292e-15,1.62223112967294e-17
1.694038152694702,2.36384754255007e-15,1.615553019294333e-17
1.694253921508789,2.416786691982226e-15,1.6711129083293518e-17
1.6944695711135864,2.3844515944577804e-15,1.7068593202794137e-17
1.6946853399276731,2.4128855901668962e-15,1.7229381967039377e-17
1.6949011087417603,2.54207894132495e-15,2.3115925370832576e-17
1.6951168775558472,2.5789876393705298e-15,4.7171218308294365e-17
1.695332646369934,2.5025461514051513e-15,6.961950050537752e-17
1.6955482959747314,2.3901578918930285e-15,6.751191898521183e-17
1.6957640647888184,2.3467424401557936e-15,4.30378176173207e-17
1.6959798336029053,2.5972796362379487e-15,1.9678816244358184e-17
1.696195602416992,2.6136899515811412e-15,1.702927166108934e-17
1.696411371231079,2.5367114588075278e-15,1.6625745128371188e-17
1.6966270208358765,2.4742252009005163e-15,1.6539772396342186e-17
1.6968427896499632,2.381540961051069e-15,1.63138160281266e-17
1.6970585584640503,2.3334528138474963e-15,1.6254572524023152e-17
1.6972743272781372,2.347574484930332e-15,1.6191473156229642e-17
1.697490096092224,2.416326974817338e-15,1.6165252531506874e-17
1.6977057456970215,2.436020251176893e-15,1.611485947476219e-17
1.6979215145111084,2.5129899248210783e-15,1.626415330553764e-17
1.698137283325195,2.6776405056687436e-15,1.6730949575595065e-17
1.6983530521392822,2.640290049412747e-15,1.6869557728243085e-17
1.6985688209533691,2.4529962735859117e-15,1.6937021562929446e-17
1.6987844705581665,2.4959827949373517e-15,1.7608622070466035e-17
1.6990002393722534,2.613895517470707e-15,1.7961877060012588e-17
1.6992160081863403,2.5918544285097282e-15,1.7498463126525392e-17
1.6994317770004272,2.5068429916100677e-15,1.7185379020977938e-17
1.699647545814514,2.525160804474538e-15,1.7552539171979878e-17
1.6998631954193115,2.5876994961146915e-15,1.7920807977746508e-17
1.7000789642333984,2.5400474949482633e-15,1.912380487839742e-17
1.7002947330474851,2.517348178236372e-15,3.653097122458882e-17
1.7005105018615723,2.4513504636869207e-15,8.246864637485134e-17
1.7007262706756592,2.326698964184061e-15,1.1496214247903273e-16
1.7009419202804563,2.086753702892216e-15,1.0452180651923473e-16
1.7011576890945435,2.1612796759459278e-15,6.145868401349973e-17
1.7013734579086304,2.2870911314902238e-15,2.507997806499917e-17
1.7015892267227173,2.3667905662139515e-15,1.8788936019903184e-17
1.701804995536804,2.4710092652678037e-15,1.7309131199779158e-17
1.7020206451416016,2.5843907191012776e-15,1.711439630354129e-17
1.7022364139556885,2.589161547425974e-15,1.698888530972355e-17
1.7024521827697752,2.5606938786772257e-15,1.6810219017628772e-17
1.7026679515838623,2.5584543008460482e-15,1.6705347793192923e-17
1.7028837203979492,2.591616953406415e-15,1.6629538356198838e-17
1.7030993700027464,2.617497730972347e-15,1.6644892911510433e-17
1.7033151388168335,2.572786668948299e-15,1.6499135501526744e-17
1.7035309076309204,2.490501786172026e-15,1.6220290663807998e-17
1.703746676445007,2.388382360617549e-15,1.5814895076955478e-17
1.7039624452590942,2.318877839512083e-15,1.555228420205659e-17
1.7041780948638916,2.350680261619104e-15,1.5624989405709554e-17
1.7043938636779783,2.3985419977181005e-15,1.5738657210662496e-17
1.7046096324920654,2.488043012887621e-15,1.6352813116064106e-17
1.7048254013061523,2.5565100836767898e-15,1.7037423092223597e-17
1.7050411701202393,2.5593142461391394e-15,1.7789119835177726e-17
1.7052568197250366,2.4145968219714585e-15,2.018643355866654e-17
1.7054725885391235,2.33288422052113e-15,2.3506535136004196e-17
1.7056883573532104,2.4201148710803802e-15,2.3697582032663265e-17
1.7059041261672971,2.5295742175357057e-15,1.9947220936530155e-17
1.7061198949813843,2.5775711268366555e-15,1.6763248384406266e-17
1.7063355445861816,2.5736677801520165e-15,1.632289948089354e-17
1.7065513134002683,2.4665862313381696e-15,1.6641275064097533e-17
1.7067670822143555,2.412494020820312e-15,1.8108465021531853e-17
1.7069828510284424,2.4337572625657804e-15,1.9829607072245274e-17
1.7071986198425293,2.2957476682407036e-15,2.2417212303892472e-17
1.7074142694473267,2.172484620405358e-15,4.28316905104274e-17
1.7076300382614136,2.291737048872664e-15,6.298339123066943e-17
1.7078458070755005,2.5525810813429075e-15,6.370641452852875e-17
1.7080615758895874,2.5017262930640036e-15,4.2157964141720556e-17
1.7082773447036743,2.216406290171735e-15,2.121476659883078e-17
1.7084929943084717,2.15217641020299e-15,1.691410184815577e-17
1.7087087631225584,2.2550658259303973e-15,1.648895717388485e-17
1.7089245319366455,2.4555770715520323e-15,1.6317287307621453e-17
1.7091403007507324,2.5180796849354362e-15,1.632607010824882e-17
1.7093560695648191,2.532698434222371e-15,1.6626097141917942e-17
1.7095717191696167,2.4601314303362328e-15,1.705879319576121e-17
1.7097874879837036,2.490113584129405e-15,1.8179165877587644e-17
1.7100032567977903,2.580460433984933e-15,1.92187270224478e-17
1.7102190256118774,2.5959420148254994e-15,1.9963416065115313e-17
1.7104347944259644,2.5872534085134648e-15,2.0022296281216778e-17
1.7106504440307615,2.4856757982014557e-15,1.9268949709646722e-17
1.7108662128448486,2.3491109376244214e-15,1.8808358148119794e-17
1.7110819816589355,2.343108157092599e-15,1.8618993650725106e-17
1.7112977504730225,2.3991856338185047e-15,1.8685555528992732e-17
1.7115135192871092,2.4020427110574193e-15,1.8869153768893804e-17
1.7117291688919067,2.4151936365119926e-15,2.5025367109279686e-17
1.7119449377059937,2.3295199631662266e-15,6.26959577634968e-17
1.7121607065200803,2.2234514918018948e-15,9.438362595971064e-17
1.7123764753341675,2.0847625038152803e-15,9.394212831448129e-17
1.7125922441482544,2.304715119390457e-15,5.963282356985474e-17
1.7128078937530515,2.536579011518307e-15,2.7035136466703306e-17
1.7130236625671387,2.5063800674890245e-15,1.7652329375256892e-17
1.7132394313812256,2.5252198124677988e-15,1.6704375684608293e-17
1.7134552001953125,2.4362205255888025e-15,1.619592781876436e-17
1.7136709690093994,2.3225927775225883e-15,1.595596356627903e-17
1.7138866186141968,2.2097784738852106e-15,1.5793230584864533e-17
1.7141023874282837,2.267758958393776e-15,1.6142326553146953e-17
1.7143181562423706,2.1904746823507387e-15,1.5902080439280774e-17
1.7145339250564575,2.1524101973067245e-15,1.5426705561507443e-17
1.7147496938705444,2.279291172728872e-15,1.5279297070190586e-17
1.7149653434753416,2.31594139010832e-15,1.525667424940474e-17
1.7151811122894287,2.3798815215884176e-15,1.5350197108288844e-17
1.7153968811035156,2.4700253711193034e-15,1.5420935545862082e-17
1.7156126499176023,2.3899231427024476e-15,1.530280556207093e-17
1.7158284187316895,2.310381971264993e-15,1.5361713337951853e-17
1.7160440683364868,2.1926530073193466e-15,1.5349614594768415e-17
1.7162598371505735,2.3061689929635425e-15,1.5738268868315545e-17
1.7164756059646606,2.54231016286376e-15,1.6305531808964035e-17
1.7166913747787476,2.4609426298957607e-15,1.7101624851195553e-17
1.7169071435928345,2.393070449473433e-15,1.8555668793826912e-17
1.7171227931976318,2.4616350117297282e-15,2.0956825853833305e-17
1.7173385620117188,2.2916082895830212e-15,2.254061246914694e-17
1.7175543308258057,2.095870117155391e-15,2.1680263801101794e-17
1.7177700996398924,2.2191896074190737e-15,1.9331522936195973e-17
1.7179858684539795,2.3104692004724216e-15,1.7716181626116592e-17
1.7182015180587769,2.172017847936928e-15,1.5887908449051508e-17
1.7184172868728635,2.0642519346795024e-15,1.6064696917991182e-17
1.7186330556869507,2.1013998716542806e-15,2.0093020938900282e-17
1.7188488245010376,2.1334567657322388e-15,2.1483394274672937e-17
1.7190645933151243,2.0893556667689623e-15,1.8595352370816448e-17
1.7192802429199219,2.0506688718829783e-15,1.659832440052461e-17
1.7194960117340088,2.105540372746617e-15,1.7350727676006746e-17
1.7197117805480957,2.3275180207861697e-15,1.7348312437152148e-17
1.7199275493621826,2.2941469160756972e-15,1.7852369529041025e-17
1.7201433181762695,2.214979194682547e-15,1.714287808289712e-17
1.720358967781067,2.4837168290338827e-15,1.6762539346443764e-17
1.7205747365951538,2.654574794216089e-15,2.862394272003061e-17
1.7207905054092407,2.500128587507345e-15,5.1301973260439756e-17
1.7210062742233276,2.211175423986536e-15,6.00229096992166e-17
1.7212220430374143,2.1752174280932474e-15,4.5789190574829443e-17
1.721437692642212,2.313088962955831e-15,2.6778865593797724e-17
1.7216534614562988,2.2592249273684357e-15,2.0223779565270874e-17
1.7218692302703855,2.468887062031917e-15,1.8793116337360536e-17
1.7220849990844727,2.56627799108295e-15,1.9865464850758705e-17
1.7223007678985596,2.3866041034293367e-15,1.8589076257402797e-17
1.7225164175033567,2.2059567442347283e-15,1.6208111746720678e-17
1.7227321863174438,2.282967787613319e-15,1.728380000430263e-17
1.7229479551315308,2.2686591509866183e-15,1.8864005101003565e-17
1.7231637239456177,2.266507123058486e-15,1.9019003806127468e-17
1.7233794927597044,2.153163511307646e-15,1.7607130084223388e-17
1.723595142364502,2.0493230727323327e-15,1.6035063891484224e-17
1.7238109111785889,2.070936353742171e-15,1.7486095049133584e-17
1.7240266799926756,2.3226666978619717e-15,2.543436425822088e-17
1.7242424488067627,2.4429259502142897e-15,3.404473587266866e-17
1.7244582176208496,2.349410306981535e-15,5.400821332092914e-17
1.7246738672256468,2.244186227172941e-15,7.487370230747652e-17
1.7248896360397339,2.141032878953938e-15,7.205015279299357e-17
1.7251054048538208,2.2539451551018656e-15,4.458211232138379e-17
1.7253211736679075,2.311518997569917e-15,2.2262176017251123e-17
1.7255369424819946,2.3150343025597437e-15,2.351006028234073e-17
1.725752592086792,2.2346091336580312e-15,2.410513605133449e-17
1.725968360900879,2.154649294094479e-15,1.9681852830967902e-17
1.7261841297149658,2.101006057438388e-15,1.5750228559884428e-17
1.7263998985290527,2.1662477320741856e-15,1.5304966499324133e-17
1.7266156673431396,2.0746320500157433e-15,1.5023450868432155e-17
1.726831316947937,2.0802592959817592e-15,1.5119543050392385e-17
1.727047085762024,2.09724093056405e-15,1.6473581322380033e-17
1.7272628545761108,2.1023834451071658e-15,1.993350493537925e-17
1.7274786233901975,2.329084458520313e-15,2.1484807339728942e-17
1.7276943922042847,2.4337649592605536e-15,2.0182944741130214e-17
1.727910041809082,2.329756957226116e-15,2.692081349062954e-17
1.7281258106231687,2.3091403981894e-15,3.745067363585526e-17
1.7283415794372559,2.2464355862203926e-15,3.679981937866666e-17
1.7285573482513428,2.305212037246748e-15,2.5152595578444755e-17
1.7287731170654297,2.3700635856662315e-15,1.8688612159078422e-17
1.728988766670227,2.2454967498058764e-15,1.653828667368578e-17
1.729204535484314,2.138714410001336e-15,1.5142019303260186e-17
1.7294203042984009,2.1237427351894907e-15,1.4820833875268407e-17
1.7296360731124876,2.068873799890776e-15,1.4837748063554052e-17
1.7298518419265747,2.057300376169082e-15,1.7493037608123294e-17
1.730067491531372,2.2042509642556294e-15,2.599544879740108e-17
1.7302832603454588,2.3086710601560457e-15,2.9522724753251556e-17
1.730499029159546,2.391888525782332e-15,2.4861699600798006e-17
1.7307147979736328,2.459385331986661e-15,1.7164780591265233e-17
1.7309305667877195,2.4369614928085257e-15,1.6472752023561706e-17
1.731146216392517,2.2131589263686986e-15,1.6953254273032048e-17
1.731361985206604,2.095315153392686e-15,1.6995874219251443e-17
1.7315777540206907,2.1628704865468524e-15,1.7324257760551572e-17
1.7317935228347778,1.9324219845182225e-15,1.8468657559199126e-17
1.7320092916488647,1.8184754650101534e-15,1.9211592797719112e-17
1.7322250604629517,1.9461694038177144e-15,1.8633982412600216e-17
1.732440710067749,2.183651402086537e-15,1.9405066207688005e-17
1.732656478881836,2.317107439366452e-15,3.1157147452456025e-17
1.7328722476959229,2.2590583259961585e-15,5.053156217451426e-17
1.7330880165100095,2.358394434303297e-15,5.426234956364373e-17
1.7333037853240967,2.4188588667020875e-15,3.872864065294394e-17
1.733519434928894,2.2626954953198932e-15,1.9665239294821834e-17
1.7337352037429807,2.260398833669148e-15,1.7625479886475508e-17
1.7339509725570679,2.176336655791509e-15,1.8241697764467706e-17
1.7341667413711548,2.1574157748220013e-15,1.819334413140315e-17
1.7343825101852417,2.0728427288287947e-15,1.7603056247732133e-17
1.734598159790039,2.084467143153361e-15,2.0548401196674563e-17
1.734813928604126,2.1189165868711125e-15,3.1827483968289153e-17
1.735029697418213,2.116933244836758e-15,3.9397636761321455e-17
1.7352454662322998,2.093602799153469e-15,3.591535590359302e-17
1.7354612350463867,2.102690030115629e-15,2.788065045709488e-17
1.735676884651184,2.1335560210252508e-15,3.600056823625234e-17
1.7358926534652708,2.16569565457202e-15,4.192559260847677e-17
1.736108422279358,2.1199136295398506e-15,3.476948792033054e-17
1.7363241910934448,2.223964123743348e-15,2.035366880587119e-17
1.7365399599075315,2.1460567361193007e-15,1.652527344691113e-17
1.736755609512329,2.110966221866069e-15,1.6346573331450653e-17
1.736971378326416,2.151717334429334e-15,1.604114458100715e-17
1.7371871471405027,2.109357612658482e-15,1.5686521624225524e-17
1.7374029159545898,2.2043553506784904e-15,1.6086412771489308e-17
1.7376186847686768,2.3884185992221056e-15,1.7271614823629064e-17
1.737834334373474,2.2306867055842672e-15,2.4225472070199782e-17
1.738050103187561,2.1413906149130815e-15,4.123189792683309e-17
1.738265872001648,2.1926719283606633e-15,6.310511526024576e-17
1.7384816408157349,2.1977793267338765e-15,7.758074911787377e-17
1.7386974096298216,2.2580997668012864e-15,7.052528522801609e-17
1.7389130592346191,2.184318769662492e-15,4.5143540105089994e-17
1.739128828048706,2.2138200403801506e-15,2.0042962357660882e-17
1.7393445968627927,2.2099789086449273e-15,1.6787904365285994e-17
1.7395603656768799,2.140279885648632e-15,1.653325826665137e-17
1.7397761344909668,2.0706624796864936e-15,1.6291982419207143e-17
1.739991784095764,2.062702974856407e-15,1.629293323159855e-17
1.740207552909851,2.0328564753086114e-15,1.689477743188452e-17
1.740423321723938,1.9106024962275866e-15,1.738084926224051e-17
1.740639090538025,1.8418809534674804e-15,1.689476239927754e-17
1.7408548593521118,1.892459141777974e-15,1.6344096709450898e-17
1.7410705089569092,1.9252539564673073e-15,1.7055162821175826e-17
1.741286277770996,2.0106739595811753e-15,1.8737180006792425e-17
1.741502046585083,2.1138993039658685e-15,1.965671831209935e-17
1.74171781539917,2.1835284153179745e-15,1.911104094235517e-17
1.7419335842132568,2.3414743732791912e-15,1.793748289703774e-17
1.742149233818054,2.3093419553837716e-15,2.1170613326699553e-17
1.7423650026321411,2.072553301035763e-15,3.6743682613338835e-17
1.742580771446228,1.947084348408872e-15,4.753176035407389e-17
1.7427965402603147,2.0638507444644523e-15,4.2598023667548945e-17
1.7430123090744019,2.141706660442204e-15,2.767644501846037e-17
1.7432279586791992,2.0971809604839426e-15,1.8885490454528014e-17
1.743443727493286,2.109301009882338e-15,1.6998536243403937e-17
1.743659496307373,2.048377020666467e-15,1.5647539568895002e-17
1.74387526512146,1.977837294114013e-15,1.545935888929989e-17
1.7440910339355469,1.963002075286583e-15,1.6346644736333803e-17
1.7443066835403442,2.0894918020577626e-15,1.9076553636511304e-17
1.7445224523544312,2.2155153977517435e-15,3.9923935847952717e-17
1.744738221168518,2.2256997284146924e-15,6.653035990166213e-17
1.7449539899826048,2.0852156467200493e-15,7.378265072556223e-17
1.745169758796692,2.066579222761532e-15,5.3650883242174085e-17
1.7453854084014893,2.15563960215529e-15,2.7004637812577818e-17
1.745601177215576,2.1224835238550424e-15,1.6859393180490922e-17
1.745816946029663,2.1007674599004206e-15,1.5594633561350366e-17
1.74603271484375,2.2678110714313024e-15,1.577249936712352e-17
1.7462484836578367,2.3642779160661355e-15,1.6510555271961638e-17
1.7464641332626343,2.1035862140132772e-15,1.7187736634839108e-17
1.7466799020767212,2.0126746191787697e-15,1.7822627516133473e-17
1.746895670890808,1.9935654898829356e-15,1.745416203375887e-17
1.747111439704895,1.9761719217824738e-15,1.6747920136156886e-17
1.747327208518982,1.9365741910005264e-15,1.591955333945913e-17
1.7475428581237793,2.024739188235675e-15,1.5991962901841514e-17
1.7477586269378662,2.098756217347513e-15,1.6332139523316508e-17
1.7479743957519531,2.015383053999878e-15,1.6702283646803744e-17
1.74819016456604,1.8610741050145885e-15,1.665892083925615e-17
1.7484059333801267,1.9461597829492477e-15,1.6250405986455527e-17
1.7486215829849243,2.202373612122213e-15,1.570641727956197e-17
1.7488373517990112,2.3085443853879044e-15,1.5693013205005868e-17
1.749053120613098,2.1266740534634042e-15,1.5258570863318564e-17
1.749268889427185,2.0217286581447207e-15,1.4846336693007938e-17
1.749484658241272,2.0464071478479647e-15,1.5225170916046167e-17
1.7497003078460691,2.1342807931163886e-15,2.0291493943406878e-17
1.7499160766601562,2.131413453617776e-15,2.7119524511413297e-17
1.7501318454742432,2.1244686297152826e-15,3.41108618053339e-17
1.75034761428833,1.863459439003032e-15,4.604459456739924e-17
1.7505633831024168,1.6811428591294977e-15,4.729546280497414e-17
1.7507790327072144,1.7271257999648078e-15,3.1884698070450464e-17
1.7509948015213013,1.926386011990191e-15,1.771357346880577e-17
1.751210570335388,2.0585203022906258e-15,1.6516560798449668e-17
1.751426339149475,1.9921500997837163e-15,1.668205852683102e-17
1.751642107963562,2.0872411602278484e-15,1.5654785285458782e-17
1.7518577575683592,1.898807471835549e-15,1.4358276800379e-17
1.7520735263824463,1.862173609932494e-15,1.4196244087906267e-17
1.7522892951965332,1.9820340772868786e-15,1.5761839996058306e-17
1.75250506401062,2.089458289365938e-15,2.3499063930335737e-17
1.752720832824707,2.1291541530062427e-15,3.1197542572842565e-17
1.7529364824295044,2.2862489848037955e-15,3.133767904053343e-17
1.7531522512435913,2.11324588664919e-15,2.3865573921085844e-17
1.7533680200576782,1.9664309528080195e-15,1.725039504616124e-17
1.7535837888717651,1.9618299328117564e-15,1.6529392381223323e-17
1.753799557685852,1.945338641825638e-15,1.6183852877208638e-17
1.7540152072906494,1.9392818240825957e-15,1.6848497045865788e-17
1.7542309761047363,1.8637336337543257e-15,1.7452425767652817e-17
1.7544467449188232,1.809090628516765e-15,1.639873021408085e-17
1.75466251373291,1.9046348318656666e-15,1.6015931140951962e-17
1.754878282546997,1.928031661541374e-15,1.7914528106181112e-17
1.7550939321517944,1.9847726574958482e-15,1.7891543250110528e-17
1.7553097009658811,2.1014078890446693e-15,1.547606637923958e-17
1.7555254697799683,2.009797658811691e-15,1.4515110736271566e-17
1.7557412385940552,1.9320246426505586e-15,1.4159835113803614e-17
1.755957007408142,1.787080326334878e-15,1.3812198561115385e-17
1.7561726570129395,1.8191470016291103e-15,1.4216504283961942e-17
1.7563884258270264,1.857714177050495e-15,1.5365689462497746e-17
1.7566041946411133,1.7544344747589663e-15,1.6059038394180914e-17
1.7568199634552,1.7477656094336517e-15,1.5491620116593646e-17
1.757035732269287,1.851524430974808e-15,1.5241716805460834e-17
1.7572513818740845,1.943705980446884e-15,1.6012245646807656e-17
1.7574671506881712,2.0859882024579037e-15,1.6010275122576184e-17
1.7576829195022583,1.945543726671781e-15,1.4461498196198928e-17
1.7578986883163452,1.9084240109111707e-15,1.414415986287647e-17
1.758114457130432,1.8952512781547403e-15,1.4070219480016748e-17
1.7583301067352295,1.9405394319389663e-15,1.4216050800318083e-17
1.7585458755493164,1.8771722231760452e-15,1.4253400565074158e-17
1.758761644363403,1.836569592682779e-15,1.4660101483299337e-17
1.7589774131774902,1.837507787706064e-15,1.5073317783932578e-17
1.7591931819915771,1.9037508344014093e-15,1.5427930718976215e-17
1.7594088315963743,1.9739693842948918e-15,1.5789204351628712e-17
1.7596246004104614,2.0826045430182595e-15,1.588157471064444e-17
1.7598403692245483,2.041015613159377e-15,1.524033004746704e-17
1.7600561380386353,2.0001078407879167e-15,1.511039195089404e-17
1.760271906852722,2.1368503667359645e-15,1.567844911427791e-17
1.7604875564575195,2.0492934083878945e-15,1.5574177941403963e-17
1.7607033252716064,1.7648309455716003e-15,1.582778679015705e-17
1.7609190940856931,1.6812464438133196e-15,1.7916052663072213e-17
1.7611348628997803,1.8342557738166025e-15,1.884481472547788e-17
1.7613506317138672,1.9545546320774405e-15,1.8259471316785642e-17
1.7615662813186643,2.080493564128917e-15,1.711568785502422e-17
1.7617820501327515,2.0775482955957264e-15,1.6218103419492584e-17
1.7619978189468384,1.9496107884681568e-15,1.7265348731953402e-17
1.7622135877609253,1.7870950783331932e-15,1.9509109386022774e-17
1.7624293565750122,1.7923491949505193e-15,1.99993039088427e-17
1.7626450061798096,1.777149826251635e-15,1.9437604285493618e-17
1.7628607749938965,1.780076654786931e-15,1.9047171153453998e-17
1.7630765438079832,1.835084611634986e-15,1.7353582618615464e-17
1.7632923126220703,1.8559715170756084e-15,1.5804274540124956e-17
1.7635080814361572,2.069013302483539e-15,1.6096261634494916e-17
1.7637237310409544,2.1884347375402393e-15,1.6576013506333574e-17
1.7639394998550415,2.066973678368656e-15,1.663019478003691e-17
1.7641552686691284,1.8213213179025237e-15,1.671657965604058e-17
1.764371037483215,1.7234846219458788e-15,1.9223800527303146e-17
1.7645868062973022,1.7892666686938745e-15,3.240377398942841e-17
1.7648024559020996,1.966442658197987e-15,6.282178569477834e-17
1.7650182247161863,2.0251602615788892e-15,1.0598089139607298e-16
1.7652339935302734,1.821410631631454e-15,1.340866551426754e-16
1.7654497623443604,1.689028764315816e-15,1.3184343942060897e-16
1.7656655311584473,1.651752388747011e-15,7.770266356047182e-17
1.7658811807632446,2.019383250760413e-15,3.7956851578045396e-17
1.7660969495773315,2.2439830665004912e-15,3.185359811204582e-17
1.7663127183914185,2.1648284936275792e-15,2.988480764124641e-17
1.7665284872055051,2.109823102344449e-15,2.9279993248364884e-17
1.7667442560195923,1.945872760373333e-15,4.6546057281867024e-17
1.7669599056243896,1.7889599233376032e-15,6.806492349814094e-17
1.7671756744384763,1.8494464837338668e-15,6.876465126605211e-17
1.7673914432525635,1.8177792348287993e-15,4.556258404636202e-17
1.7676072120666504,1.8218969665324318e-15,2.207895108709002e-17
1.7678229808807373,1.7520656565947232e-15,1.7104600054660105e-17
1.7680386304855347,1.7195950651727086e-15,1.9301054347284446e-17
1.7682543992996216,1.629899067068935e-15,2.2812259193557337e-17
1.7684701681137085,1.6837146776183826e-15,2.4870115355271643e-17
1.7686859369277954,1.751083686619916e-15,2.4872157284386258e-17
1.7689017057418823,1.7832367893825384e-15,2.287592478954705e-17
1.7691173553466797,1.9196060256340887e-15,2.0577394084667673e-17
1.7693331241607666,1.9252340733391433e-15,2.476142710138042e-17
1.7695488929748535,1.9192431585450966e-15,3.7671730626913e-17
1.7697646617889404,2.0062270338281834e-15,4.3236348246820713e-17
1.7699804306030271,1.911431013350354e-15,3.5312884091965686e-17
1.7701960802078247,1.8075293219124707e-15,2.2579248774516954e-17
1.7704118490219116,1.8409433998354267e-15,1.743421501701525e-17
1.7706276178359983,1.9204197907585412e-15,1.7207478205954017e-17
1.7708433866500854,1.8356623447863945e-15,1.6147629305258724e-17
1.7710591554641724,1.7794976388530596e-15,1.5478585593625778e-17
1.7712748050689695,1.848963516136852e-15,1.5385061482024426e-17
1.7714905738830566,1.774849476601311e-15,1.475790111886891e-17
1.7717063426971436,1.8913618817293776e-15,1.4901590292675765e-17
1.7719221115112305,1.9946749363649235e-15,1.576243127859947e-17
1.7721378803253172,1.819890053370334e-15,1.6722733003163904e-17
1.7723535299301147,1.6351244814286697e-15,1.6726902046166025e-17
1.7725692987442017,1.7393305130057075e-15,1.6001106485036367e-17
1.7727850675582884,1.7440035291676613e-15,1.8777756771179952e-17
1.7730008363723755,1.7414886341505361e-15,2.3133573651425685e-17
1.7732166051864624,1.8470263542711357e-15,2.622315020074345e-17
1.7734322547912595,1.9508752912802616e-15,2.5276384086046178e-17
1.7736480236053467,2.028807212118898e-15,2.2919060855272715e-17
1.7738637924194336,1.9063713986238574e-15,1.8637369760039438e-17
1.7740795612335205,1.940725275048176e-15,1.7248155187721402e-17
1.7742953300476074,1.7655197997537967e-15,1.5882620729546717e-17
1.7745109796524048,1.729413161442702e-15,1.5002338824647678e-17
1.7747267484664917,1.7189066920339352e-15,1.4647723384169544e-17
1.7749425172805786,1.7026017252004501e-15,1.4485393777708976e-17
1.7751582860946655,1.7437933131916696e-15,1.448947513050372e-17
1.7753740549087524,1.6919494996344173e-15,1.4632817301632816e-17
1.7755897045135498,1.835926437625798e-15,1.5641374947316444e-17
1.7758054733276367,1.826527009481902e-15,1.6865000342894013e-17
1.7760212421417236,1.58987833877008e-15,1.73010887550455e-17
1.7762370109558103,1.7460984732762267e-15,1.7029574818663415e-17
1.7764527797698975,1.6092425814280828e-15,1.562718291361121e-17
1.7766684293746948,1.6351892619430102e-15,1.5585285785244048e-17
1.7768841981887815,1.786357478417433e-15,1.6837197536286725e-17
1.7770999670028687,1.907790476722656e-15,1.8676276652335068e-17
1.7773157358169556,1.903915671947801e-15,1.9340066467828924e-17
1.7775315046310425,1.734237706283002e-15,2.003020092705313e-17
1.7777471542358398,1.65806656472153e-15,2.093007783514903e-17
1.7779629230499268,1.787824500510756e-15,2.0293310383416812e-17
1.7781786918640137,1.7725994761626283e-15,1.8418751809464005e-17
1.7783944606781004,1.722544342401093e-15,1.9759858281298146e-17
1.7786102294921875,1.6323440504418706e-15,2.1709544814061994e-17
1.7788259983062744,1.7687533736453645e-15,2.020971656144221e-17
1.7790416479110716,1.6882456256226487e-15,1.6341216712497206e-17
1.7792574167251587,1.79449994009619e-15,1.5148834085090576e-17
1.7794731855392456,1.7188201042177373e-15,1.4559912915937386e-17
1.7796889543533323,1.584465477823058e-15,1.4264351819258212e-17
1.7799047231674194,1.7634684702489457e-15,1.4665068507188583e-17
1.7801203727722168,2.0226431216924552e-15,1.5311347840986633e-17
1.7803361415863037,1.9562203251045955e-15,1.5339604131237784e-17
1.7805519104003906,1.9493540716279108e-15,1.76245628974498e-17
1.7807676792144775,2.0524217941175624e-15,3.470198399869224e-17
1.7809834480285645,1.5840804827365928e-15,6.43190834585567e-17
1.7811990976333618,1.4209179295450692e-15,6.37148177558299e-17
1.7814148664474487,1.6364879188381707e-15,2.946159465697227e-17
1.7816306352615356,1.6104859183295612e-15,1.8579976519311634e-17
1.7818464040756223,1.802006783064931e-15,1.9143087954999474e-17
1.7820621728897095,1.8896686088792855e-15,1.8863735766795198e-17
1.7822778224945068,1.7771748405096475e-15,1.7767050715415602e-17
1.7824935913085935,1.752659905570333e-15,1.7644301963130213e-17
1.7827093601226807,1.7829508892412777e-15,2.015105181270744e-17
1.7829251289367676,1.6815328249980036e-15,2.320998689813342e-17
1.7831408977508545,1.8054686922347688e-15,2.3217277712518137e-17
1.7833565473556519,1.990896019579116e-15,2.0599505796816236e-17
1.7835723161697388,1.98218736979111e-15,1.865167954916601e-17
1.7837880849838257,1.911981166678826e-15,1.7215341512121176e-17
1.7840038537979124,1.9314916465375186e-15,1.7790051856810413e-17
1.7842196226119995,1.8624473236403637e-15,2.017713839668465e-17
1.7844352722167969,1.8762728323222415e-15,2.5051731796486006e-17
1.7846510410308836,1.5207326760584124e-15,2.949847214732576e-17
1.7848668098449707,1.7673852861494378e-15,2.897877237515819e-17
1.7850825786590576,1.811084393158625e-15,2.3789293462406426e-17
1.7852983474731443,1.7912033495161673e-15,2.2570048819045926e-17
1.785513997077942,1.6085136402939429e-15,2.2651803652100125e-17
1.7857297658920288,1.4181554575127413e-15,2.166456725398143e-17
1.7859455347061155,1.504978183249015e-15,1.9975785395224368e-17
1.7861613035202026,1.6592439986740138e-15,1.7911863576594122e-17
1.7863770723342896,1.7353036985090826e-15,1.692884257201573e-17
1.7865927219390867,1.791207839254785e-15,1.7661994088827014e-17
1.7868084907531738,1.6574157129697761e-15,1.997175039296781e-17
1.7870242595672607,1.418254071414522e-15,2.142056799923954e-17
1.7872400283813477,1.4952718494010398e-15,2.0784760128919472e-17
1.7874557971954343,1.5622917812250496e-15,3.2418556052957565e-17
1.787671446800232,1.7399210739817386e-15,7.581008840705491e-17
1.7878872156143188,1.6108117450749577e-15,1.0415246538750359e-16
1.7881029844284055,1.4274806446216378e-15,9.508716198805644e-17
1.7883187532424927,1.6800087190851133e-15,5.652653577244553e-17
1.7885345220565796,1.6871738608754881e-15,2.3688893185829522e-17
1.7887501716613767,1.5977677716081696e-15,1.9215864563535584e-17
1.7889659404754639,1.7198822480964313e-15,1.734153147868746e-17
1.7891817092895508,1.7646457438536212e-15,1.6305630773626643e-17
1.7893974781036377,1.808431599026814e-15,1.6275479122178918e-17
1.7896132469177246,1.848444790978703e-15,1.6390825568244492e-17
1.789828896522522,1.849856332730537e-15,1.6492333246868838e-17
1.7900446653366089,1.820505788952186e-15,1.7379764409103542e-17
1.7902604341506958,1.6701968763796228e-15,1.8493362396051532e-17
1.7904762029647827,1.4914554112282142e-15,1.8972937634758188e-17
1.7906919717788696,1.6091367518749521e-15,1.9554373818353186e-17
1.7909076213836668,1.7996599325503527e-15,1.9139252134785384e-17
1.791123390197754,1.6352104278536362e-15,1.8002183237474495e-17
1.7913391590118408,1.5524275047864172e-15,1.7408005666747712e-17
1.7915549278259275,1.6677655225703478e-15,1.7202457315223097e-17
1.7917706966400146,1.6526091270839469e-15,1.8290593824100748e-17
1.791986346244812,1.583448552026156e-15,1.93558619796119e-17
1.7922021150588987,1.6526676540337845e-15,1.9185593903949277e-17
1.7924178838729858,1.6372385069263601e-15,1.8877545721739722e-17
1.7926336526870728,1.5797873305312555e-15,1.84885983123565e-17
1.7928494215011597,1.7139235632117468e-15,1.75096599132901e-17
1.793065071105957,1.7930784567802747e-15,1.818180159467793e-17
1.793280839920044,1.5708570800729061e-15,2.067832175520608e-17
1.7934966087341309,1.6045541718765828e-15,2.2541734903801356e-17
1.7937123775482176,1.4039229860947332e-15,2.2207918327795638e-17
1.7939281463623047,1.6221739907338136e-15,2.0942108931601066e-17
1.794143795967102,1.664966651585655e-15,1.7655900872131607e-17
1.7943595647811887,1.6711190366221305e-15,1.6597765688631896e-17
1.7945753335952759,1.692479288791302e-15,1.6334023610057852e-17
1.7947911024093628,1.6344968801090425e-15,1.6977480571895632e-17
1.7950068712234497,1.5239522996907038e-15,1.9417221323147612e-17
1.795222520828247,1.5098590101698438e-15,2.0210795150992934e-17
1.795438289642334,1.802826320710463e-15,1.8128056266576978e-17
1.795654058456421,1.9767137370249415e-15,1.7897404714115012e-17
1.7958698272705078,1.7682787441343536e-15,1.928879149814149e-17
1.7960855960845947,1.429480181784578e-15,1.9534002130462417e-17
1.796301245689392,1.336776058806967e-15,1.7803090137930023e-17
1.796517014503479,1.618257495528937e-15,1.883280993608806e-17
1.796732783317566,1.6211524148504863e-15,2.3956506160700603e-17
1.7969485521316528,1.656410973606265e-15,2.4785481777980997e-17
1.7971643209457395,1.91850603967276e-15,1.9821253953634058e-17
1.797379970550537,1.8543313193498895e-15,1.7513153741695426e-17
1.797595739364624,1.6959833694345841e-15,1.7400168667642765e-17
1.7978115081787107,1.6716315082157757e-15,1.9998384414382497e-17
1.7980272769927979,1.5789520788005614e-15,2.1972948658979018e-17
1.7982430458068848,1.7525904749695668e-15,2.02484718749508e-17
1.798458695411682,1.804603455464021e-15,1.8380963593671048e-17
1.798674464225769,1.8923157908378242e-15,1.9848300119023413e-17
1.798890233039856,1.82708036976653e-15,3.774570107498668e-17
1.7991060018539429,1.7087884246677892e-15,9.189706239587144e-17
1.7993217706680296,1.8094315279560918e-15,1.364213793542907e-16
1.7995374202728271,1.3658097553171564e-15,1.7514474356218507e-16
1.799753189086914,1.4459547965986876e-15,1.0655014615714615e-16
1.7999689579010008,1.6795350516609492e-15,4.6818057272541425e-17
1.800184726715088,1.5601057595616684e-15,4.025426736457385e-17
1.8004004955291748,1.5081073707177219e-15,3.742329174224338e-17
1.800616145133972,1.65985364103917e-15,3.1791240352863263e-17
1.800831913948059,1.7639982594058305e-15,4.538639187083251e-17
1.801047682762146,1.1659183341464716e-15,5.682229229301543e-17
1.801263451576233,1.678933907729605e-15,4.475110387817045e-17
1.80147922039032,1.456040353012048e-15,3.191940334909552e-17
1.8016948699951172,1.536076678479909e-15,2.943906829541454e-17
1.801910638809204,1.6365879758702215e-15,3.153525259405579e-17
1.8021264076232912,1.367592021200563e-15,3.592730181527217e-17
1.802342176437378,1.5506090002984538e-15,3.6794289884732964e-17
1.8025579452514648,1.3044251670234553e-15,3.7072565988821e-17
1.8027735948562624,1.5671873601441933e-15,3.387791151672143e-17
1.8029893636703491,1.701116904500464e-15,2.6532025176336844e-17
1.803205132484436,1.7417540097724016e-15,2.93467004418333e-17
1.8034209012985227,1.5840836896927484e-15,3.3668038785255915e-17
1.8036366701126096,1.660659068077618e-15,3.151582545497019e-17
1.8038523197174072,1.5496592602330094e-15,2.721426501146268e-17
1.804068088531494,1.8019852964586894e-15,2.3406114815951322e-17
1.8042838573455808,1.8177805176112614e-15,2.142093128724153e-17
1.804499626159668,1.6616296533580732e-15,2.211940633790447e-17
1.8047153949737549,1.6274596958692713e-15,2.176933700832017e-17
1.804931044578552,1.6109034640210045e-15,1.975384523850662e-17
1.8051468133926392,1.6720559488629528e-15,1.9613264056192632e-17
1.805362582206726,1.808786128029802e-15,2.6333499557705824e-17
1.8055783510208128,1.5581168053540417e-15,3.8489341593317424e-17
1.8057941198349,1.4843011730887676e-15,4.497365661362259e-17
1.8060097694396973,1.550319572505422e-15,6.831131794826145e-17
