0.9651513099670409,1.77818727865433e-15,7.276882638827407e-17
0.9652954936027527,1.7822259774415045e-15,7.31174115429715e-17
0.9654396772384645,1.7256140999790213e-15,7.050753381215807e-17
0.965583860874176,1.6760044118917821e-15,6.656928905554176e-17
0.9657280445098877,1.6920915664373633e-15,6.391196154832902e-17
0.9658722281455993,1.7233098385497408e-15,6.326404805431661e-17
0.966016411781311,1.7886731724674983e-15,6.52688744556335e-17
0.9661605954170227,1.7743358184451888e-15,7.17053872807007e-17
0.9663047790527344,1.6632984339929624e-15,7.033374467186923e-17
0.966448962688446,1.7319854393759649e-15,6.807199866899732e-17
0.9665931463241576,1.9143937955403177e-15,6.827319345585742e-17
0.9667373299598693,1.9170684799570253e-15,6.633318707651605e-17
0.9668815135955812,1.9670081560339288e-15,6.717712762597914e-17
0.9670256972312928,2.002128565463462e-15,7.730714144811229e-17
0.9671698808670045,1.8676754765147936e-15,7.71599044452071e-17
0.967314064502716,1.7477337507740605e-15,6.607260672071099e-17
0.9674582481384277,1.8438979908114486e-15,6.180978842333962e-17
0.9676024317741394,1.875826702633873e-15,6.061706934600376e-17
0.9677466154098511,1.8175736336922424e-15,5.92196680966115e-17
0.9678907990455629,1.7235298305428505e-15,6.025874885213501e-17
0.9680349230766296,1.6571794132496093e-15,6.365063437198478e-17
0.9681791067123411,1.6362595829950686e-15,6.556103465138053e-17
0.9683232903480528,1.7913621531630987e-15,7.331455882923095e-17
0.9684674739837646,2.1075580744870722e-15,7.708250849879524e-17
0.9686116576194764,1.940436281250312e-15,6.92904163745292e-17
0.9687558412551882,1.811932151339363e-15,6.220326282687351e-17
0.9689000248908997,1.8354055743946175e-15,5.926936500266886e-17
0.9690442085266112,1.6664345468142281e-15,5.537672297522552e-17
0.9691883921623229,1.6328040443603357e-15,5.623622673128164e-17
0.9693325757980347,1.6369852791818434e-15,5.704870746553226e-17
0.9694767594337464,1.7564958760941795e-15,5.615981765486796e-17
0.9696209430694579,1.8324916940280792e-15,5.68234610564866e-17
0.9697651267051696,1.8054377999307538e-15,5.768263807855684e-17
0.9699093103408812,1.9089846810637683e-15,5.741375601229405e-17
0.9700534939765929,1.8866942217425566e-15,6.80815406349933e-17
0.9701976776123047,1.8327590557811017e-15,7.440763737695257e-17
0.9703418612480165,1.8131006054172164e-15,6.739125174342361e-17
0.970486044883728,1.9087188129518242e-15,5.939168353811981e-17
0.9706302285194397,1.9155270423641814e-15,5.853774759590482e-17
0.9707744121551511,1.746926224393922e-15,5.0724254395563237e-17
0.970918595790863,1.6273016840050389e-15,4.7495402466630164e-17
0.9710627794265747,1.6837300569921836e-15,4.755783866411682e-17
0.9712069630622864,1.893920884034145e-15,5.145802557941791e-17
0.971351146697998,1.9490486157080037e-15,6.164166711749983e-17
0.9714952707290648,1.895965038538498e-15,6.33101508865292e-17
0.9716394543647766,1.9387326769118203e-15,5.2284739246176154e-17
0.9717836380004883,1.9959792451439485e-15,4.828387825497894e-17
0.9719278216362,2.053844820914399e-15,4.977206821018414e-17
0.9720720052719117,2.027413348392146e-15,6.101929221871077e-17
0.9722161889076234,1.93319126851119e-15,7.562314781681412e-17
0.9723603725433348,1.9104983796080143e-15,6.874745783843209e-17
0.9725045561790465,1.732577774752174e-15,5.140246413171592e-17
0.9726487398147584,1.7893619543819085e-15,4.759353935310528e-17
0.9727929234504701,1.958641205467678e-15,4.7303052835530836e-17
0.9729371070861816,1.8690908081251664e-15,4.732895817298324e-17
0.9730812907218933,1.671714888092095e-15,4.837763757284723e-17
0.9732254743576048,1.675211288479185e-15,5.007892476725554e-17
0.9733696579933167,1.7261494636169564e-15,4.839932537466549e-17
0.9735138416290284,1.7849824920515756e-15,4.709467990304202e-17
0.9736580252647402,1.6432887645983713e-15,4.578897754699481e-17
0.9738022089004517,1.677936436626611e-15,4.781010730740336e-17
0.9739463925361632,1.801518912495791e-15,5.746668024996709e-17
0.974090576171875,1.9795777858400258e-15,6.547859766632929e-17
0.9742347598075867,2.009728424647338e-15,5.227764445105405e-17
0.9743789434432985,1.823270167387723e-15,4.342800776704167e-17
0.9745231270790099,1.5739585333538476e-15,4.1206403368150057e-17
0.9746673107147216,1.6579574935627742e-15,4.5193398169068697e-17
0.9748114943504332,1.8634380167755513e-15,5.156572110199032e-17
0.9749556183815001,1.8458171062198154e-15,5.119721517621461e-17
0.975099802017212,1.656974357667283e-15,4.499814460631929e-17
0.9752439856529237,1.6719120487144354e-15,4.345773389171679e-17
0.9753881692886353,1.8601379235016138e-15,4.2851649015938355e-17
0.9755323529243469,1.8145622399010177e-15,4.145830193518729e-17
0.9756765365600586,1.784412454602893e-15,4.282316981484202e-17
0.9758207201957703,1.847803648854003e-15,4.684728559738165e-17
0.975964903831482,1.7591864571195067e-15,4.478953495839172e-17
0.9761090874671936,1.86881619154405e-15,4.3614076103963346e-17
0.9762532711029053,1.9053901271201015e-15,4.1498250165992275e-17
0.9763974547386168,1.7861102977543687e-15,3.94735796760632e-17
0.9765416383743286,1.7476163932607625e-15,4.090436780438061e-17
0.9766858220100403,1.891746782755977e-15,4.4715566384811404e-17
0.976830005645752,1.974949418892853e-15,4.4379103727794386e-17
0.9769741892814637,1.9987595513226245e-15,4.0912832881831275e-17
0.9771183729171754,1.847711683239037e-15,3.8637864154591764e-17
0.9772625565528869,1.7352240799883936e-15,3.797102009351954e-17
0.9774067401885985,1.77691928406747e-15,3.9373722435131784e-17
0.9775509238243104,1.834766082635793e-15,4.2265581597825834e-17
0.9776951074600221,1.843766977151149e-15,4.213528141786251e-17
0.9778392910957336,1.931896921828162e-15,3.961098798722968e-17
0.9779834747314453,1.865303361105098e-15,3.7829287558070457e-17
0.9781276583671568,1.9268315581769274e-15,3.7735434887634764e-17
0.9782718420028687,1.8461984114493846e-15,3.944670747273419e-17
0.9784160256385804,1.7648775496939163e-15,4.1672356038206213e-17
0.9785601496696472,1.6359334357967486e-15,4.177889798976723e-17
0.9787043333053589,1.6782294036552621e-15,3.8815327385211683e-17
0.9788485169410704,1.7492236577497015e-15,3.6927621781753954e-17
0.9789927005767822,1.798848495625021e-15,3.836394438370985e-17
0.9791368842124939,1.6555353411769536e-15,5.0856781701063e-17
0.9792810678482056,1.7588040850034524e-15,7.881614569182655e-17
0.9794252514839172,1.872367856651038e-15,8.302697327719885e-17
0.9795694351196288,1.978292827758062e-15,5.157625994004528e-17
0.9797136187553405,2.063015777135389e-15,4.065435295879262e-17
0.9798578023910521,2.112767681191015e-15,4.0565661351725836e-17
0.980001986026764,1.933132589754541e-15,4.2265784973061955e-17
0.9801461696624757,1.9363097777054605e-15,5.346827309768429e-17
0.9802903532981871,1.8748406861448732e-15,5.705426861133285e-17
0.9804345369338989,1.9257917706091077e-15,4.361416278849022e-17
0.9805787205696106,1.9820467745425172e-15,3.8794299719405714e-17
0.9807229042053223,2.029914130311876e-15,3.743005863556065e-17
0.980867087841034,1.9431073382529727e-15,3.7993414707633805e-17
0.9810112714767456,1.908293338621795e-15,4.136674307069333e-17
0.9811554551124573,1.9367691790256975e-15,4.2472864305688276e-17
0.9812996387481688,1.9368671192049773e-15,4.3167010658703586e-17
0.9814438223838806,2.0005794462879298e-15,4.371752408471925e-17
0.9815880060195923,1.8620839244493906e-15,4.044335281833566e-17
0.981732189655304,1.8614932960915563e-15,3.630264968117913e-17
0.9818763732910156,1.84053047031169e-15,3.9307705499881445e-17
0.9820204973220824,1.9235564300467277e-15,4.2631917076409596e-17
0.9821646809577941,1.9520798535878404e-15,3.89552895559005e-17
0.982308864593506,1.842559048273368e-15,3.5611927366975106e-17
0.9824530482292176,1.8409561580190154e-15,3.4623957142100936e-17
0.9825972318649293,1.802351724085612e-15,3.569088030085033e-17
0.9827414155006408,1.8682411397288894e-15,3.7344987774500714e-17
0.9828855991363524,1.990185198023782e-15,4.0662794698101434e-17
0.9830297827720642,1.9637547923880136e-15,4.0032838237231716e-17
0.9831739664077759,1.8581402852479865e-15,3.659306285030777e-17
0.9833181500434877,1.795076625147626e-15,3.4789607938924997e-17
0.9834623336791992,1.851866565964377e-15,3.5186256329750356e-17
0.9836065173149109,1.9616114174406e-15,3.7039518169859205e-17
0.9837507009506224,1.894248844939489e-15,3.8754314814377825e-17
0.9838948845863342,1.852654568321848e-15,3.589917988489333e-17
0.9840390682220459,1.882919363983005e-15,3.4242718592936456e-17
0.9841832518577576,1.940810545029084e-15,3.346473830037922e-17
0.9843274354934692,1.943188208248499e-15,3.420264366936143e-17
0.9844716191291808,1.966350100450273e-15,3.5869240382921304e-17
0.9846158027648925,1.8873495034213527e-15,3.778497176071944e-17
0.9847599864006041,1.8738555231650615e-15,3.7090942098413376e-17
0.984904170036316,1.9492831173573024e-15,4.0342862113554067e-17
0.9850483536720277,1.8868851944232865e-15,4.868156019208619e-17
0.9851925373077391,1.8334685352933116e-15,4.8714850384423674e-17
0.9853367209434509,1.8730190841611927e-15,4.029935314910696e-17
0.9854808449745177,1.819697377928341e-15,3.701012211319023e-17
0.9856250286102295,1.953812690616008e-15,3.628358241928849e-17
0.9857692122459413,1.9654673585729755e-15,3.42244981721929e-17
0.9859133958816528,1.9833940387951772e-15,3.303213250100505e-17
0.9860575795173645,2.008592830673208e-15,3.332917036839854e-17
0.986201763153076,1.9821570906050172e-15,3.529261824421712e-17
0.9863459467887878,1.9749773713187475e-15,3.722030208466221e-17
0.9864901304244997,2.0286654463703866e-15,3.595999241451134e-17
0.9866343140602112,2.0282118062371658e-15,3.387181550659082e-17
0.9867784976959229,2.047547416750833e-15,3.32054548784569e-17
0.9869226813316344,2.059506574110484e-15,3.355975120986683e-17
0.9870668649673461,1.890527758258757e-15,3.463114195577017e-17
0.987211048603058,1.8738134878375715e-15,4.084099808122e-17
0.9873552322387696,1.9232679439413118e-15,6.509967959526865e-17
0.9874994158744813,1.9942720133914093e-15,7.114517185571638e-17
0.9876435995101928,2.0998182397964263e-15,5.2411145290470955e-17
0.9877877831459044,2.0884328539881535e-15,3.4894052791739876e-17
0.9879319667816162,2.0705418077745354e-15,3.4409039527833605e-17
0.9880761504173279,1.9690742883998626e-15,3.565285579973775e-17
0.9882203340530397,1.898751532658784e-15,3.504584073230561e-17
0.9883645176887512,1.8618867638270496e-15,3.310778808883903e-17
0.9885087013244629,1.987362003008428e-15,3.3099939805137233e-17
0.9886528849601744,2.1288396859485162e-15,3.407668104976176e-17
0.9887970685958862,2.0860400409806577e-15,3.5366456791007143e-17
0.9889411926269532,2.0960147894790897e-15,3.7238245781723844e-17
0.9890853762626649,2.0164865103949223e-15,3.601614064977981e-17
0.9892295598983765,2.097151663717001e-15,3.39023084559267e-17
0.989373743534088,2.0041848824737385e-15,3.25787790935271e-17
0.9895179271697998,1.9750093779132833e-15,3.718182749081397e-17
0.9896621108055115,1.8813177539924337e-15,4.889933172769963e-17
0.9898062944412231,1.7102782468958438e-15,5.289565511731734e-17
0.9899504780769349,1.6033756877030479e-15,3.849975236514954e-17
0.9900946617126464,1.5713039064030489e-15,3.202775889643129e-17
0.990238845348358,1.6082676823005472e-15,3.142937227344276e-17
0.9903830289840697,1.6368866988706733e-15,3.1049013905628013e-17
0.9905272126197815,1.4601229190300048e-15,3.077515748113112e-17
0.9906713962554933,1.3798798260012052e-15,3.157477889922293e-17
0.9908155798912048,1.3304562029168675e-15,3.190974458114134e-17
0.9909597635269165,1.2377146414104885e-15,2.984037488153087e-17
0.991103947162628,1.2968027624035576e-15,2.910850742324702e-17
0.9912481307983398,1.3543225602643733e-15,2.9394759735086e-17
0.9913923144340516,1.4270012147405832e-15,3.147944925781023e-17
0.9915364980697632,1.354287886453626e-15,4.733226885510555e-17
0.9916806817054749,1.2649584413020597e-15,7.069000474121474e-17
0.9918248653411864,1.2502944066381886e-15,6.145974296776649e-17
0.9919690489768981,1.2365334913834693e-15,3.6315582345783755e-17
0.99211323261261,1.2809161825170678e-15,2.873900129139207e-17
0.9922574162483216,1.5171524825511803e-15,2.970278653327012e-17
0.9924015998840333,1.4486974182899136e-15,3.057777347943293e-17
0.9925457239151002,1.2889003342126701e-15,3.155596502287236e-17
0.9926899075508117,1.2844371212933021e-15,3.099064187884336e-17
0.9928340911865233,1.328750144739461e-15,3.003744548532423e-17
0.9929782748222352,1.417343864971298e-15,2.879632643581378e-17
0.9931224584579469,1.5149781678957155e-15,2.932444524771519e-17
0.9932666420936584,1.5510117254673553e-15,3.128191522520015e-17
0.9934108257293701,1.6441408868335624e-15,3.265445801950294e-17
0.9935550093650816,1.5007766285228865e-15,3.086878677220911e-17
0.9936991930007935,1.353273917538732e-15,2.916229183814821e-17
0.9938433766365052,1.5089701033467528e-15,2.991576041372346e-17
0.9939875602722169,1.7294179770509521e-15,3.302120691659944e-17
0.9941317439079285,1.7206478500821988e-15,3.483873806153744e-17
0.99427592754364,1.718583851489234e-15,4.347552422384627e-17
0.9944201111793518,1.7255861475531266e-15,5.335154904823656e-17
0.9945642948150635,1.6794949444032073e-15,4.908963427035677e-17
0.9947084784507751,1.5980040209421054e-15,5.2230601425126964e-17
0.9948526620864869,1.6267898985584115e-15,6.252961673444964e-17
0.9949968457221984,1.7576786264509255e-15,6.238669395376627e-17
0.99514102935791,1.7365179999168273e-15,4.8633807019842837e-17
0.9952852129936217,1.7318036419190016e-15,3.6678143713428495e-17
0.9954293966293334,1.837703007750397e-15,3.1491895155456275e-17
0.9955735802650453,1.8575899851992677e-15,3.024778548976889e-17
0.9957177639007568,1.798296915312521e-15,3.845237260317577e-17
0.9958619475364685,1.6894906038767359e-15,5.580113708681069e-17
0.9960060715675354,1.5860628939640429e-15,5.642679932958018e-17
0.9961502552032471,1.702781448946373e-15,4.2551863915847195e-17
0.9962944388389589,1.7645136347140445e-15,4.991498765684725e-17
0.9964386224746704,1.7581648066219241e-15,5.647665626861023e-17
0.9965828061103821,1.8679605485834594e-15,4.94933807903245e-17
0.9967269897460936,1.975355262511567e-15,3.601533381687589e-17
0.9968711733818054,1.9435963990174794e-15,3.239624815210568e-17
0.9970153570175171,1.800148816872362e-15,3.097108784999415e-17
0.9971595406532288,1.5932265032643959e-15,2.9391162327220993e-17
0.9973037242889404,1.4636185725965556e-15,3.224255648596911e-17
0.9974479079246522,1.4850268234837127e-15,3.7720205083068156e-17
0.9975920915603637,1.5457135671851965e-15,3.848727312730085e-17
0.9977362751960753,1.5729605677362216e-15,3.460599010689746e-17
0.9978804588317872,1.6460490133111381e-15,3.179692133540266e-17
0.9980246424674989,1.737855342125181e-15,3.1901392860379654e-17
0.9981688261032104,1.7095125424658993e-15,3.0600624854323385e-17
0.9983130097389221,1.6953439698854421e-15,3.002939716040658e-17
0.9984571933746336,1.7639437039540104e-15,3.102219838064349e-17
0.9986013770103455,1.6034152691916239e-15,3.0465747064537385e-17
0.9987455606460572,1.5717096433331141e-15,3.023100536577945e-17
0.9988897442817689,1.6680122585475456e-15,2.8884241216159027e-17
0.9990339279174805,1.6954881062495015e-15,2.8192965454591146e-17
0.999178111553192,1.5834708932498856e-15,2.789538914292499e-17
0.9993222951889038,1.4706906430365364e-15,2.8110585147884384e-17
0.9994664192199709,1.5791416812729741e-15,2.936736409057552e-17
0.9996106028556824,1.6752910915882277e-15,2.9953754908653655e-17
0.999754786491394,1.578067539960353e-15,2.818674083875799e-17
0.9998989701271056,1.501489522071847e-15,2.780571399988028e-17
1.0000431537628172,1.5177808786905665e-15,2.949361343591791e-17
1.0001873970031738,1.852420920181737e-15,3.7247444343632615e-17
1.0003315210342407,1.8759922834162713e-15,4.0065544976022984e-17
1.0004757642745972,1.8690901679932756e-15,3.3838421959625145e-17
1.000619888305664,1.8340303577160634e-15,2.9784563382309077e-17
1.0007641315460205,1.8324044227136448e-15,2.850032211470217e-17
1.0009082555770874,1.82852223617375e-15,2.831135651417095e-17
1.0010524988174438,1.6826818410211363e-15,2.8428357287300593e-17
1.0011966228485107,1.6273758326157133e-15,3.198828409650381e-17
1.0013407468795776,1.7006214305698007e-15,4.8925850524880636e-17
1.001484990119934,1.6446142643667468e-15,7.462990983992259e-17
1.0016291141510008,1.7011465520974844e-15,7.154518760700853e-17
1.0017733573913574,1.7601688461944588e-15,4.760548181369145e-17
1.0019174814224243,1.885719300872996e-15,3.216321347172299e-17
1.0020617246627808,1.87859313928825e-15,3.0660417173740565e-17
1.0022058486938477,1.6621213381345842e-15,3.034683923181665e-17
1.002350091934204,1.6349803861001213e-15,3.071409156597304e-17
1.0024942159652708,1.7579803419487497e-15,3.1051831152751216e-17
1.0026384592056274,1.9237687404571488e-15,3.760786860428804e-17
1.0027825832366943,1.9075729768674426e-15,4.857282112117109e-17
1.0029268264770508,1.7966639388593047e-15,4.6177797658239965e-17
1.0030709505081177,1.7475499262327764e-15,3.2670821390959364e-17
1.003215193748474,1.780516825293293e-15,2.936197964784893e-17
1.003359317779541,1.8468116578006903e-15,2.855851410439256e-17
1.0035035610198975,1.7544875689757068e-15,2.779049086335419e-17
1.0036476850509644,1.7209850928999577e-15,2.812672513998311e-17
1.0037919282913208,1.6497407606135452e-15,2.9669159604885957e-17
1.0039360523223877,1.5869389144564876e-15,3.105267799389831e-17
1.004080295562744,1.7050475158395072e-15,3.038648740079786e-17
1.004224419593811,1.7745278580124039e-15,2.9048238338932066e-17
1.0043686628341675,1.867597593801423e-15,3.003410146299929e-17
1.0045127868652344,2.0023547453981817e-15,3.568497908498279e-17
1.0046569108963013,2.1170572049907023e-15,3.910230317944799e-17
1.0048011541366575,2.004456725149996e-15,3.471368562946988e-17
1.0049452781677246,1.9749171989210204e-15,3.0345068867056386e-17
1.005089521408081,2.0961810103933788e-15,2.9902641043984046e-17
1.005233645439148,2.137529689742281e-15,2.956251096467647e-17
1.0053778886795044,1.8687156908372067e-15,2.897249940059148e-17
1.0055220127105713,1.7401489346896162e-15,2.919126114022337e-17
1.0056662559509275,1.601094150955888e-15,2.9390655556140844e-17
1.0058103799819946,1.511825411645291e-15,2.87991603530383e-17
1.005954623222351,1.653388338815493e-15,2.946004985391876e-17
1.006098747253418,1.771672443025217e-15,3.378128352033823e-17
1.0062429904937744,1.6600314142000452e-15,4.077711158491845e-17
1.0063871145248413,1.6434430363840336e-15,4.2951946347544637e-17
1.0065313577651975,1.6641857634821428e-15,3.641341250239457e-17
1.0066754817962646,1.5795681158008395e-15,3.146449617692553e-17
1.006819725036621,1.7185063955304573e-15,3.203132629811392e-17
1.006963849067688,1.9326998605964168e-15,3.405725704770285e-17
1.0071080923080444,1.9489199491979696e-15,3.43240220110979e-17
1.007252216339111,1.930919653808336e-15,3.611098685825421e-17
1.0073964595794676,1.8056829704448975e-15,3.784361384314549e-17
1.0075405836105347,1.7328095024966134e-15,3.247113024723839e-17
1.0076848268508911,1.8972130823480967e-15,2.932980301827966e-17
1.007828950881958,1.966067802286467e-15,2.887529603979032e-17
1.0079731941223145,1.9107973212009787e-15,2.889235622148195e-17
1.0081173181533811,1.903952390893554e-15,2.987737583842235e-17
1.0082614421844482,1.9060251379556922e-15,3.601695415072426e-17
1.0084056854248047,1.9607764720778093e-15,5.636536667219304e-17
1.0085498094558716,1.9799102276686042e-15,5.929733743268503e-17
1.008694052696228,2.0918895661980196e-15,4.358436998340982e-17
1.0088381767272947,2.0508394016874876e-15,3.0302263380885024e-17
1.0089824199676511,1.914739253384007e-15,2.941969820666181e-17
1.0091265439987183,1.7989041870995132e-15,3.017330014304762e-17
1.0092707872390747,1.7035013839461314e-15,2.9829909391921714e-17
1.0094149112701416,1.792247668945256e-15,2.8821458280564907e-17
1.009559154510498,1.8849108142950218e-15,2.8036936640249415e-17
1.0097032785415647,1.8916669796469346e-15,2.8313150217073053e-17
1.0098475217819212,1.9260318200681264e-15,2.938984205519639e-17
1.0099916458129883,2.017516482607085e-15,3.0966156834023473e-17
1.0101358890533447,2.1248168837699602e-15,3.1024968951482997e-17
1.0102800130844116,2.1614755301328842e-15,3.0240707364748117e-17
1.010424256324768,2.2696418163666017e-15,3.534817302387857e-17
1.0105683803558347,2.1227170377911154e-15,4.3150510592416325e-17
1.0107126235961914,1.9808507947933627e-15,4.332758707668561e-17
1.0108567476272583,1.9695654829373388e-15,3.4873501890831685e-17
1.0110009908676147,2.0318466884899473e-15,2.984845321263089e-17
1.0111451148986816,1.949615345808584e-15,2.8269411205227734e-17
1.011289358139038,1.849495944195759e-15,2.7163401659911636e-17
1.0114334821701048,1.7193203232295025e-15,2.6497952886319962e-17
1.0115777254104614,1.774231903701596e-15,2.7326098514781666e-17
1.0117218494415283,1.8362486280946907e-15,2.838030071921321e-17
1.0118659734725952,1.7676560421655687e-15,2.8727505589521295e-17
1.0120102167129517,1.7038266776352637e-15,2.7631564785402914e-17
1.0121543407440183,1.7848363286031954e-15,2.730655282098311e-17
1.012298583984375,1.9072174902907985e-15,2.842612682774388e-17
1.012442708015442,2.080649917083533e-15,3.7819538882818095e-17
1.0125869512557983,2.1361540463091327e-15,5.987879723479249e-17
1.0127310752868652,2.1034430933162537e-15,6.268436195098967e-17
1.0128753185272217,2.0952016086005835e-15,4.105589569136575e-17
1.0130194425582884,1.9693634146371692e-15,2.9004972757964253e-17
1.013163685798645,1.972464640270391e-15,2.833127395122895e-17
1.013307809829712,2.1072158173028364e-15,2.9630831707929335e-17
1.0134520530700684,2.0545030898753517e-15,3.1607879052405363e-17
1.0135961771011353,1.9035811143969386e-15,3.2217521327805646e-17
1.0137404203414917,1.764610401318191e-15,2.964844200296455e-17
1.0138845443725584,1.6321359600437252e-15,2.805862444206768e-17
1.014028787612915,1.610025911227047e-15,2.754874605503142e-17
1.014172911643982,1.6831475369716322e-15,2.821403979668081e-17
1.0143171548843384,1.7971730570897208e-15,2.92902148616632e-17
1.0144612789154053,1.8605480346662655e-15,3.141039169607898e-17
1.0146055221557615,1.916679919899361e-15,3.229546071952057e-17
1.0147496461868286,1.8770414595851546e-15,3.157830962668266e-17
1.014893889427185,1.7622462875571288e-15,3.007029892100712e-17
1.015038013458252,1.7016747675959736e-15,3.075473327299297e-17
1.0151821374893188,1.845459485870202e-15,3.230166199721188e-17
1.0153263807296753,2.019012044081094e-15,3.538405041594104e-17
1.015470504760742,2.070216834151348e-15,4.4143035088971317e-17
1.0156147480010986,1.9499704056306343e-15,4.380803940087053e-17
1.0157588720321655,1.8394403257018e-15,3.4778042222628675e-17
1.015903115272522,1.739509656308088e-15,2.966101459338064e-17
1.0160472393035889,1.5886318499301341e-15,3.421708997916597e-17
1.016191482543945,1.7766447741750013e-15,3.616294089603039e-17
1.0163356065750122,1.8824559084941266e-15,3.0646100890726325e-17
1.0164798498153687,1.8116662832274193e-15,2.866370244372635e-17
1.0166239738464355,1.8397644458157994e-15,3.107130516511409e-17
1.016768217086792,1.8438506210515363e-15,3.15747355569595e-17
1.0169123411178589,1.9798669120773324e-15,3.090854829787931e-17
1.017056584358215,2.0049259418258907e-15,3.126601528256044e-17
1.0172007083892822,1.8177774090107868e-15,3.855410689751591e-17
1.0173449516296387,1.6432774556016352e-15,6.026827081400942e-17
1.0174890756607056,1.7432156998893876e-15,6.580565171816088e-17
1.017633318901062,2.0092683831952104e-15,5.1113204533598675e-17
1.017777442932129,2.1599249173162732e-15,3.1061713188814144e-17
1.0179216861724851,2.1030259407008036e-15,2.919348493173955e-17
1.0180658102035522,1.988472845216117e-15,2.887376572448908e-17
1.0182100534439087,1.81132423942048e-15,3.245854098672097e-17
1.0183541774749756,1.7947002275958854e-15,3.6447046098819265e-17
1.018498420715332,1.8328151740101876e-15,3.446258389327578e-17
1.0186425447463987,1.7271000594746697e-15,2.9419808229330524e-17
1.0187866687774658,1.676050608076562e-15,2.869041128006242e-17
1.0189309120178223,1.7486024097497617e-15,3.039306542277902e-17
1.0190750360488892,1.938764470129059e-15,4.522489465850407e-17
1.0192192792892456,1.9649360491036815e-15,5.660279559128389e-17
1.0193634033203125,1.9148135086833306e-15,5.069847575088086e-17
1.0195076465606687,1.890636367302882e-15,3.396645833982912e-17
1.0196517705917358,1.8350774001119775e-15,2.888380445950442e-17
1.0197960138320923,1.89092677380397e-15,2.88395353384371e-17
1.0199401378631592,1.9798370392557657e-15,2.7794943447416957e-17
1.0200843811035156,1.9147185557862075e-15,2.7237365232461568e-17
1.0202285051345823,1.8724790262227255e-15,2.7844888737983985e-17
1.0203727483749387,1.8305109125809072e-15,3.2281881254984705e-17
1.0205168724060059,1.8904882834588297e-15,4.2229497496506994e-17
1.0206611156463623,1.9686618300849445e-15,4.144200191011588e-17
1.0208052396774292,1.9962075588516372e-15,3.202617857082608e-17
1.0209494829177856,1.9468452817401594e-15,3.198509343911102e-17
1.0210936069488523,1.9773038239869063e-15,4.038019313845169e-17
1.0212378501892088,1.917595308503085e-15,5.56988326750054e-17
1.0213819742202759,1.8739908043712997e-15,6.331867264232437e-17
1.0215262174606323,1.7859820579989284e-15,4.9097812622064724e-17
1.0216703414916992,1.7338750020287098e-15,3.0173930272877544e-17
1.0218145847320557,1.7014684317498665e-15,2.6157777797738824e-17
1.0219587087631223,1.762696086899005e-15,2.6476563479315338e-17
1.022102952003479,1.6545187050458485e-15,2.7006329297227225e-17
1.022247076034546,1.6421665067052978e-15,2.7837520553200225e-17
1.0223912000656128,1.6915082995962725e-15,2.812262762907847e-17
1.0225354433059692,1.802467801335129e-15,2.8349351009101146e-17
1.022679567337036,1.9429765379699695e-15,3.7663596753003226e-17
1.0228238105773924,2.0993628926448307e-15,4.7035997812372804e-17
1.0229679346084595,1.888259557592654e-15,4.4094268374567667e-17
1.023112177848816,1.821304535728631e-15,3.4782946566437236e-17
1.0232563018798828,1.9332508007770263e-15,4.200767179225235e-17
1.0234005451202393,1.8428398527960952e-15,4.202693576133859e-17
1.023544669151306,1.6875383082987009e-15,3.167662321623177e-17
1.0236889123916624,1.8894470022499316e-15,2.735429932518594e-17
1.0238330364227295,2.0254383281319907e-15,2.7376965661951725e-17
1.023977279663086,1.9762689440969154e-15,2.7270206999073535e-17
1.0241214036941528,1.962623039205228e-15,2.770542667033479e-17
1.0242656469345093,1.9990907128874216e-15,2.7378282599956065e-17
1.024409770965576,2.154164370431721e-15,2.6952361511211508e-17
1.0245540142059326,2.148163347333557e-15,2.682263478273362e-17
1.0246981382369995,1.9230660890184395e-15,2.625042188582876e-17
1.024842381477356,1.8402829526472794e-15,2.630168744842039e-17
1.0249865055084229,1.9161686678959762e-15,2.7380791450204833e-17
1.0251307487487793,1.9499351983766453e-15,2.686404498142443e-17
1.025274872779846,1.84722262247453e-15,2.5861145013807426e-17
1.0254191160202026,1.717865623507851e-15,2.5300742883688304e-17
1.0255632400512695,1.7370090877656548e-15,2.567294290391669e-17
1.0257073640823364,1.829936714274935e-15,2.6814259723830082e-17
1.0258516073226929,1.8963075091000303e-15,2.7694536093141957e-17
1.0259957313537595,1.8709375886298816e-15,2.6878624652039537e-17
1.0261399745941162,1.6818912781361023e-15,2.5386367192112087e-17
1.026284098625183,1.5964980039805481e-15,2.474648035188561e-17
1.0264283418655396,1.6352611906228485e-15,2.5409733673133345e-17
1.0265724658966064,1.6828038928349663e-15,2.6015570164402105e-17
1.026716709136963,1.7099659692218228e-15,2.69335509688812e-17
1.0268608331680296,1.7723747743979808e-15,2.7228650103491094e-17
1.0270050764083862,1.959252318046015e-15,2.728090420309104e-17
1.0271492004394531,2.042685188286252e-15,2.8602699874953276e-17
1.0272934436798096,1.9107621139469893e-15,3.2206685761947174e-17
1.0274375677108765,1.9034020908448355e-15,3.353539619183725e-17
1.027581810951233,1.804165431109307e-15,3.0588362327791856e-17
1.0277259349822998,1.7357247698155817e-15,2.715456984023192e-17
1.0278701782226562,1.75090197687851e-15,2.6745903973364444e-17
1.0280143022537231,1.814515083518402e-15,3.004393682277852e-17
1.0281585454940796,1.7584772976732422e-15,3.103995537257033e-17
1.0283026695251465,1.6669540138435436e-15,2.780902968303297e-17
1.0284469127655027,1.6492629021571257e-15,2.7891013241328305e-17
1.0285910367965698,1.59742107416696e-15,3.664986455354801e-17
1.0287352800369263,1.6238800723605139e-15,6.61076806138898e-17
1.0288794040679932,1.7193838029753321e-15,9.141358789496726e-17
1.0290236473083496,2.0379908877543355e-15,8.78565283431912e-17
1.0291677713394165,1.938645618974683e-15,5.498957654215298e-17
1.0293118953704832,1.850673146742786e-15,3.056850823711887e-17
1.0294561386108398,1.8257931405463314e-15,3.1085538097621725e-17
1.0296002626419067,1.8208824754353527e-15,3.411647258161433e-17
1.0297445058822632,1.8973942396731693e-15,4.848190905660837e-17
1.02988862991333,1.9005678002100417e-15,5.635775843795027e-17
1.0300328731536863,1.7619773254743797e-15,4.7525351970662984e-17
1.0301769971847534,1.8043431743976292e-15,3.148766761776134e-17
1.0303212404251099,1.7679611717001432e-15,2.7050458389443457e-17
1.0304653644561768,1.7403567641768019e-15,2.6365915681799017e-17
1.0306096076965332,1.8157185314729478e-15,2.6877287709913616e-17
1.0307537317276,1.9872258682930025e-15,2.7788892200637535e-17
1.0308979749679563,2.073228227942573e-15,2.86863304392591e-17
1.0310420989990234,1.922149206773638e-15,3.24503092906888e-17
1.0311863422393799,1.7256704315854041e-15,3.8518666262108036e-17
1.0313304662704468,1.7915861993248493e-15,3.600562181584643e-17
1.0314747095108032,1.938764683506356e-15,2.913613644917599e-17
1.03161883354187,2.02634987594437e-15,2.6342630884274224e-17
1.0317630767822263,1.9589896505935243e-15,2.6403548435530557e-17
1.0319072008132935,1.8595822890204727e-15,2.6381597246111424e-17
1.03205144405365,1.7588280899493545e-15,2.56589516878782e-17
1.0321955680847168,1.773845370728252e-15,2.5254039927828158e-17
1.0323398113250732,1.8744922410190274e-15,2.570342585119177e-17
1.03248393535614,1.868823232994847e-15,2.5724030096424185e-17
1.032628059387207,1.6998655414955136e-15,2.5803183071515263e-17
1.0327723026275635,1.7537013803252592e-15,2.726403906158486e-17
1.0329164266586304,1.8982031530057373e-15,3.0356377863792365e-17
1.0330606698989868,2.040172883992489e-15,3.0859818257698563e-17
1.0332047939300537,2.176174025230206e-15,2.8682556328320083e-17
1.03334903717041,2.188105443541259e-15,2.6832028384827845e-17
1.033493161201477,2.1717287360037775e-15,2.649723607196317e-17
1.0336374044418335,2.0988663636749318e-15,2.6390490745166032e-17
1.0337815284729004,1.8960740743372165e-15,2.6193745208348424e-17
1.0339257717132568,1.7275495387506006e-15,2.5269046353037074e-17
1.0340698957443235,1.7400457667665624e-15,2.6155500661898413e-17
1.03421413898468,1.784372979802966e-15,2.8958919936055616e-17
1.034358263015747,1.85130026261839e-15,2.958855299695971e-17
1.0345025062561035,1.838971535780499e-15,2.7615726522138094e-17
1.0346466302871704,1.7307070959902052e-15,2.6752697039652643e-17
1.0347908735275269,1.8095000769092366e-15,3.389517365256143e-17
1.0349349975585935,1.928704157334568e-15,4.694405886956873e-17
1.03507924079895,2.0353046809635945e-15,4.709985763651224e-17
1.035223364830017,1.8323803110790946e-15,3.5290541149592555e-17
1.0353676080703735,1.6587020736403252e-15,2.6627817976638818e-17
1.0355117321014404,1.822578398191156e-15,2.949648402736534e-17
1.0356559753417969,1.9797416596040492e-15,3.232046253748139e-17
1.0358000993728635,1.8487817703830173e-15,3.034455542793571e-17
1.0359443426132202,1.8167015606797905e-15,2.6310169195972378e-17
1.036088466644287,1.97472622624029e-15,2.5707071602350612e-17
1.036232590675354,2.13627417772729e-15,2.6464744377478942e-17
1.0363768339157104,2.1188677113549436e-15,2.7146773233844217e-17
1.0365209579467771,2.0345772777584444e-15,2.667333068726466e-17
1.0366652011871336,2.0411488717485337e-15,2.6195745620506914e-17
1.0368093252182007,2.0731742434864557e-15,2.5958270025132373e-17
1.0369535684585571,2.1214320797091516e-15,2.6236157280128618e-17
1.037097692489624,2.0906696881916123e-15,2.6648140497158913e-17
1.0372419357299805,2.150329340274442e-15,3.0323971186824874e-17
1.0373860597610471,2.2733848809089147e-15,5.4464458348489305e-17
1.0375303030014038,2.3033584165597953e-15,7.745725237648517e-17
1.0376744270324707,2.297401135807496e-15,7.039957156796454e-17
1.0378186702728271,2.1445015795413647e-15,4.3767114302128144e-17
1.037962794303894,1.9567252907187657e-15,2.993815836185798e-17
1.0381070375442505,1.861690670091194e-15,2.659392599364365e-17
1.0382511615753172,1.792612544122964e-15,2.562502469767026e-17
1.0383954048156738,1.7018986003804273e-15,2.4843893755963402e-17
1.0385395288467407,1.833334747728152e-15,2.5288742077747513e-17
1.0386837720870972,2.0702036047589404e-15,2.5742907319159776e-17
1.038827896118164,2.072500611360126e-15,2.5900096372553434e-17
1.0389721393585205,2.0099953596457667e-15,2.6304998130542685e-17
1.0391162633895874,1.944490023136919e-15,2.6032315281178774e-17
1.0392605066299438,1.9337938459976506e-15,2.5463579767409426e-17
1.0394046306610107,1.900537714011178e-15,2.5632536245325382e-17
1.0395488739013672,1.864108448242428e-15,2.5863825566099797e-17
1.039692997932434,1.960866517297103e-15,3.159533980219191e-17
1.0398371219635008,1.9129357884705634e-15,4.819655693024071e-17
1.0399813652038574,1.8343211909717453e-15,5.2288626713804146e-17
1.0401254892349243,1.926895571365999e-15,3.833088423877058e-17
1.0402697324752808,2.0000398151040564e-15,2.681303447138301e-17
1.0404138565063477,2.0495267045569266e-15,2.5780600085256074e-17
1.040558099746704,2.093752350000003e-15,2.6401609702746957e-17
1.0407022237777708,2.101293103672636e-15,2.698640185810843e-17
1.0408464670181274,2.1110918159011208e-15,2.696160508239385e-17
1.0409905910491943,2.0955120725675806e-15,2.7046974338267422e-17
1.0411348342895508,2.177491203284002e-15,2.7519178296318844e-17
1.0412789583206177,2.096329094237431e-15,2.6784765313563322e-17
1.041423201560974,1.8610921467733743e-15,2.5661753931910218e-17
1.041567325592041,1.8016405375550267e-15,2.549130881394632e-17
1.0417115688323975,1.9557819496891474e-15,2.765331760061633e-17
1.0418556928634644,2.034478910824571e-15,3.8385588843264676e-17
1.0419999361038208,2.2149990912886087e-15,6.866353388034303e-17
1.0421440601348877,2.267430800816069e-15,7.918525507527007e-17
1.042288303375244,2.126099067947064e-15,6.202350579031185e-17
1.042432427406311,2.0507228976833776e-15,3.310208358016708e-17
1.0425766706466675,1.944223941647678e-15,2.873034284076608e-17
1.0427207946777344,1.9515231522202143e-15,2.7375393671397186e-17
1.0428650379180908,1.7548093419394401e-15,2.561484259978356e-17
1.0430091619491575,1.6679061033423353e-15,2.6363693557292965e-17
1.0431532859802246,1.7111951291406459e-15,2.7883058268978055e-17
1.043297529220581,1.877055115732157e-15,2.7479830189161402e-17
1.043441653251648,2.1071155299732906e-15,2.6635204498534028e-17
1.0435858964920044,2.2313318431029275e-15,2.6312881421457258e-17
1.0437300205230713,2.2044335010550466e-15,2.5809879451215794e-17
1.0438742637634275,2.083758397544849e-15,2.5376635186961046e-17
1.0440183877944946,2.1470121768167523e-15,2.5570616820979673e-17
1.044162631034851,2.2080615552343267e-15,2.6091409123350617e-17
1.044306755065918,2.185022141600977e-15,2.6467546621510958e-17
1.0444509983062744,2.078256463944146e-15,2.575407962106493e-17
1.0445951223373413,2.1262676360116196e-15,2.5658373235362378e-17
1.0447393655776975,2.1076297692588324e-15,2.5908823170594833e-17
1.0448834896087646,2.0569343107962905e-15,2.608558792396942e-17
1.045027732849121,2.0797720828840647e-15,2.750236983315716e-17
1.045171856880188,2.1143257622130177e-15,3.9237917787712354e-17
1.0453161001205444,2.355777110072144e-15,4.8940290166644645e-17
1.045460224151611,2.3814980361957026e-15,4.358783736448453e-17
1.0456044673919676,2.533832142625035e-15,3.1226313769254994e-17
1.0457485914230347,2.5541260305791042e-15,2.7944290885149343e-17
1.0458928346633911,2.500863643234791e-15,2.812858885731077e-17
1.046036958694458,2.4029029797347573e-15,2.803892371632684e-17
1.0461812019348145,2.2165518378781884e-15,2.675820650813914e-17
1.0463253259658811,1.9050224780375337e-15,2.543868630510718e-17
1.0464695692062376,1.816587403825946e-15,2.4876287096849842e-17
1.0466136932373047,2.0062328777694356e-15,2.562170067946691e-17
1.0467578172683716,2.023116783141661e-15,2.638222904295148e-17
1.046902060508728,1.8745031232611693e-15,3.205928205802878e-17
1.0470461845397947,1.872671705921831e-15,5.545872320362218e-17
1.0471904277801511,1.9451734706189065e-15,6.629002485017643e-17
1.0473345518112183,1.8215633623897773e-15,5.3644035977969497e-17
1.0474787950515747,1.812047588456989e-15,3.1804676266537066e-17
1.0476229190826416,1.9863849483658987e-15,2.5626816733562238e-17
1.047767162322998,2.0088234915311628e-15,2.5593056444367505e-17
1.0479112863540647,1.8600570535060874e-15,2.4718841323895843e-17
1.0480555295944212,1.8070963816595985e-15,2.4425679255059417e-17
1.0481996536254883,1.80127971654596e-15,2.438076000004059e-17
1.0483438968658447,1.7506827317059399e-15,2.417030663890695e-17
1.0484880208969116,1.8107991178927962e-15,2.4311977494981143e-17
1.048632264137268,1.9677722601341466e-15,2.5043063125513046e-17
1.0487763881683347,1.9815156784505197e-15,2.5634576665727037e-17
1.0489206314086914,1.93173432832792e-15,2.646598796703747e-17
1.0490647554397583,1.8694130078434933e-15,2.640226317071873e-17
1.0492089986801147,1.9051349278730028e-15,2.5483390515818973e-17
1.0493531227111816,1.9428192789021506e-15,2.503084894227535e-17
1.049497365951538,1.9141210993548725e-15,2.4962599880458166e-17
1.0496414899826048,1.9146617974252305e-15,2.48066944248662e-17
1.0497857332229614,1.8582981844476966e-15,2.4456262222942425e-17
1.0499298572540283,1.7277049841113963e-15,2.4146118321890577e-17
1.0500739812850952,1.7334261628846694e-15,2.4734276170708707e-17
1.0502182245254517,1.9349057550918235e-15,2.5485469277453668e-17
1.0503623485565183,2.0401765114065364e-15,2.575939071534571e-17
1.050506591796875,1.9406944677795675e-15,2.500137953716057e-17
1.050650715827942,1.947222532801088e-15,2.474465830981125e-17
1.0507949590682983,1.927091451724558e-15,2.484362536733214e-17
1.0509390830993652,1.854657114253305e-15,2.6826668947253232e-17
1.0510833263397217,1.8235684688487964e-15,3.5716092162087794e-17
1.0512274503707884,1.8300894924195194e-15,4.0524342838592275e-17
1.051371693611145,1.794356050015977e-15,3.4548341562510124e-17
1.051515817642212,1.7135629770044039e-15,2.6670920190613685e-17
1.0516600608825684,1.7088168257893394e-15,2.5551506216825592e-17
1.0518041849136353,1.784910903968464e-15,2.5926506814075863e-17
1.0519484281539917,1.8017869143807038e-15,2.5356117626255493e-17
1.0520925521850584,1.796973762694411e-15,2.4597016223443977e-17
1.052236795425415,1.7851394310534497e-15,2.4116685590998702e-17
1.052380919456482,1.8173139535219086e-15,2.4572217780719262e-17
1.0525251626968384,1.8070844325309716e-15,3.11840784005488e-17
1.0526692867279053,1.8623958820574656e-15,4.5675327464230625e-17
1.0528135299682615,1.901836328240144e-15,4.999087329207946e-17
1.0529576539993286,1.8767192598668276e-15,3.924347893351295e-17
1.053101897239685,1.812683026047173e-15,2.607095991006048e-17
1.053246021270752,1.7729379837731625e-15,2.4006344523346683e-17
1.0533902645111084,1.7941270961763975e-15,2.3703132050423993e-17
1.0535343885421753,1.7955669661759146e-15,2.370671945622821e-17
1.053678512573242,1.8545606677151032e-15,2.4164368748816505e-17
1.0538227558135986,1.9357016524092806e-15,2.455545432683114e-17
1.0539668798446655,1.8501537864021186e-15,2.4308091694363283e-17
1.054111123085022,1.7512042258195766e-15,2.3941846234326657e-17
1.0542552471160889,1.7409821730340312e-15,2.3696327315064873e-17
1.054399490356445,1.84084413493814e-15,2.3837284690802534e-17
1.0545436143875122,1.912804561432967e-15,2.4138375059827096e-17
1.0546878576278687,1.836968563094449e-15,2.4241237920026637e-17
1.0548319816589355,1.7141071958001608e-15,2.3901672957153842e-17
1.054976224899292,1.6418076060919032e-15,2.3503325883003897e-17
1.0551203489303589,1.7235662113719727e-15,2.3415641150056878e-17
1.055264592170715,1.8202848056267208e-15,2.3991154727023233e-17
1.0554087162017822,1.8796832838981392e-15,2.4728886726951713e-17
1.0555529594421387,1.8300446831871692e-15,2.4906745038972938e-17
1.0556970834732056,1.784071584371087e-15,2.4330537985791637e-17
1.055841326713562,1.7729470523082809e-15,2.349698957749189e-17
1.055985450744629,1.6836856745144273e-15,2.3221607838724154e-17
1.0561296939849851,1.6895975059024854e-15,2.3087600228227096e-17
1.0562738180160522,1.6496102803964877e-15,2.2986451054443326e-17
1.0564180612564087,1.6686983732457449e-15,2.3146000594183996e-17
1.0565621852874756,1.6857190534652864e-15,2.343540522218273e-17
1.056706428527832,1.6767010887661776e-15,2.3050182518802593e-17
1.0568505525588987,1.756118625033251e-15,2.326276465187489e-17
1.0569947957992551,1.682880922039149e-15,2.3103135095647882e-17
1.0571389198303223,1.6923908280962727e-15,2.318891443601394e-17
1.0572830438613892,1.6401608668030365e-15,2.4271097405512325e-17
1.0574272871017456,1.6736414717058528e-15,2.9025910405223084e-17
1.0575714111328125,1.7675536210630542e-15,3.119358035830162e-17
1.0577156543731687,1.8539258702568106e-15,2.817117429814469e-17
1.0578597784042358,1.7899542897581177e-15,2.7041521548125415e-17
1.0580040216445923,1.786513154090926e-15,2.460308914135512e-17
1.0581481456756592,1.7376511400520429e-15,2.3782820135767457e-17
1.0582923889160156,1.7454249017328966e-15,2.3784868891219778e-17
1.0584365129470823,1.839068835827888e-15,2.3911868391121597e-17
1.0585807561874387,1.8605505951938288e-15,2.5348052631236525e-17
1.0587248802185059,1.7433056384200332e-15,3.152831265880154e-17
1.0588691234588623,1.6062822065528434e-15,3.642358793224074e-17
1.0590132474899292,1.6410765754727056e-15,3.3903321998086996e-17
1.0591574907302856,1.7036974776819876e-15,3.2086531005647644e-17
1.0593016147613523,1.7010454112587518e-15,2.958799288155533e-17
1.0594458580017088,1.676112594181313e-15,2.4121163180213445e-17
1.0595899820327759,1.7408174457608205e-15,2.329768684713168e-17
1.0597342252731323,1.7831404058473924e-15,2.3954502175249353e-17
1.0598783493041992,1.7928743580662667e-15,2.4350368738322774e-17
1.0600225925445557,1.7418297076573393e-15,2.4349725272411794e-17
1.0601667165756223,1.7131277940073656e-15,2.4348228297313195e-17
1.060310959815979,1.6972889039467338e-15,2.406406808318996e-17
1.060455083847046,1.7356234155995518e-15,2.3940245904599868e-17
1.0605992078781128,1.8148889205425797e-15,2.3824407037532272e-17
1.0607434511184692,1.7212735790053736e-15,2.355725699479671e-17
1.060887575149536,1.637812969716539e-15,2.3314053552608368e-17
1.0610318183898924,1.578868878398881e-15,2.3024887307058524e-17
1.0611759424209595,1.6211686870487385e-15,2.2995988019408915e-17
1.061320185661316,1.6116366964413849e-15,2.308621160878708e-17
1.0614643096923828,1.6941297463774024e-15,2.3317500929561498e-17
1.0616085529327393,1.8150589822482135e-15,2.3623477305283163e-17
1.061752676963806,1.8667967888061376e-15,2.383298713868205e-17
1.0618969202041624,1.750973564961622e-15,2.327070128711369e-17
1.0620410442352295,1.7261792297498748e-15,2.301656725948935e-17
1.062185287475586,1.799927757992768e-15,2.3439887812427872e-17
1.0623294115066528,1.7785014767240225e-15,2.3438507528038516e-17
1.0624736547470093,1.7217058814089039e-15,2.3257450223573847e-17
1.062617778778076,1.7525948056635084e-15,2.3374075919423777e-17
1.0627620220184326,1.8674467360525114e-15,2.387455236931515e-17
1.0629061460494995,1.9101245425838365e-15,2.3880770317107785e-17
1.063050389289856,1.8803622504568917e-15,2.384827362159316e-17
1.0631945133209229,1.857068917840225e-15,2.330275455793318e-17
1.0633387565612793,1.9344557423726505e-15,2.3823786909763147e-17
1.063482880592346,1.8345793775010007e-15,2.42477642646937e-17
1.0636271238327026,1.8409337534028405e-15,2.4171856958329776e-17
1.0637712478637695,1.963050433930929e-15,2.470408661721687e-17
1.063915491104126,1.9108203659490443e-15,2.449278308091587e-17
1.0640596151351929,1.942598220022557e-15,2.467071807540317e-17
1.0642037391662595,2.037104091708397e-15,2.6590245235272033e-17
1.0643479824066162,1.9750473590721324e-15,2.790219721230438e-17
1.064492106437683,1.8973022740582033e-15,2.6859552389118498e-17
1.0646363496780396,1.8925633776712336e-15,2.469660007471373e-17
1.0647804737091064,1.969875520149742e-15,2.4392607441049228e-17
1.064924716949463,1.963621004822854e-15,2.4335754060494893e-17
1.0650688409805296,1.9126223372214097e-15,2.42481643471254e-17
1.0652130842208862,1.978099721304363e-15,2.4987284966493893e-17
1.0653572082519531,1.9662201536764573e-15,2.7419134350252634e-17
1.0655014514923096,1.890980118128196e-15,2.9453145097951716e-17
1.0656455755233765,1.822933031258613e-15,2.8133759922740456e-17
1.065789818763733,1.835421791069183e-15,2.507874381037993e-17
1.0659339427947998,1.788414559183649e-15,2.3566820631924408e-17
1.0660781860351562,1.816609595064824e-15,2.356060268413178e-17
1.0662223100662231,1.851634411465344e-15,2.392736825132961e-17
1.0663665533065796,1.7913179840626392e-15,2.4019378875569355e-17
1.0665106773376465,1.7148829289630601e-15,2.3679747232291278e-17
1.0666549205780027,1.7543153734971041e-15,2.338864392096796e-17
1.0667990446090698,1.7641745781892619e-15,2.397948899011899e-17
1.0669432878494263,1.79677596194018e-15,2.4256621089525406e-17
1.0670874118804932,1.7340104966122444e-15,2.3780006222664522e-17
1.0672316551208496,1.7000038099839085e-15,2.3276009047374208e-17
1.0673757791519165,1.756435383630507e-15,2.3404475516192252e-17
1.0675200223922727,1.8175659521095537e-15,2.377911937327426e-17
1.0676641464233398,1.9255199279328505e-15,2.403782434268074e-17
1.0678082704544067,1.9346870433624956e-15,2.4116520556995625e-17
1.0679525136947632,1.8506513822585012e-15,2.4017498488140378e-17
1.06809663772583,1.9051131633887186e-15,2.3989165983935673e-17
1.0682408809661863,1.938827416431646e-15,2.4339969929118904e-17
1.0683850049972534,1.9214207366820028e-15,2.5030828938153765e-17
1.0685292482376099,2.0157595339443664e-15,2.7785889915389674e-17
1.0686733722686768,2.1080198229575755e-15,3.030999497387758e-17
1.0688176155090332,2.0455984285209002e-15,3.0589032465864956e-17
1.0689617395401,2.063811887830142e-15,3.1250908836743594e-17
1.0691059827804563,2.0799794856166565e-15,3.186304829332172e-17
1.0692501068115234,2.118146282714107e-15,3.1627216369937405e-17
1.0693943500518799,2.1163581809660405e-15,3.050685220037403e-17
1.0695384740829468,2.038570633870027e-15,2.949427357193021e-17
1.0696827173233032,2.007216120353575e-15,2.7387299457760444e-17
1.06982684135437,1.858542501452653e-15,3.0464446796634367e-17
1.0699710845947263,1.8862192438796454e-15,3.6551474281532823e-17
1.0701152086257935,1.9690653265533925e-15,3.585920498192623e-17
1.07025945186615,1.9626330679381826e-15,2.9305934767208645e-17
1.0704035758972168,1.881591303687066e-15,2.7687663010367425e-17
1.0705478191375732,1.823520458956993e-15,3.054856079387849e-17
1.07069194316864,1.8478768372668416e-15,3.135335994544051e-17
1.0708361864089964,1.900660192579602e-15,2.816458294008248e-17
1.0709803104400635,2.1153521070111322e-15,2.6164364154770647e-17
1.0711244344711304,2.020604692225195e-15,3.013989659402115e-17
1.0712686777114868,1.8865918006400417e-15,4.4304111609992963e-17
1.0714128017425537,1.898749398885815e-15,4.867795278216038e-17
1.07155704498291,2.081378173797871e-15,3.956191787698199e-17
1.071701169013977,2.182402081772277e-15,2.9620396224502565e-17
1.0718454122543335,2.0714535689642117e-15,2.8335051396188226e-17
1.0719895362854004,2.0018413596218275e-15,2.6754672446659146e-17
1.0721337795257568,2.055991183143969e-15,2.941028626745613e-17
1.0722779035568235,2.0818422694186398e-15,3.6699771502882005e-17
1.07242214679718,1.978766525357192e-15,3.730585971268071e-17
1.072566270828247,1.882565797802033e-15,3.0492369216346583e-17
1.0727105140686035,1.985954352980744e-15,2.7410425889322688e-17
1.0728546380996704,1.938183016994992e-15,2.820838863233308e-17
1.0729988813400269,1.9654180684173907e-15,4.51840529102683e-17
1.0731430053710935,2.0969715732784128e-15,6.20150773870841e-17
1.07328724861145,2.153474735008123e-15,5.773663587075494e-17
1.073431372642517,1.9635631795753926e-15,3.539741316915974e-17
1.0735756158828735,1.8984442693512406e-15,2.4679031454931817e-17
1.0737197399139404,1.94689350500926e-15,2.5124948330210586e-17
1.0738639831542969,1.99322667801387e-15,2.5783097266433918e-17
1.0740081071853635,1.9310214347789597e-15,2.595337568338461e-17
1.0741523504257202,2.0478683362053785e-15,2.5512308140580038e-17
1.074296474456787,2.1175998234567324e-15,2.5934981893587316e-17
1.0744407176971436,2.06692164855524e-15,3.4767123306263605e-17
1.0745848417282104,2.073155893038922e-15,4.4241972140309824e-17
1.0747289657592771,2.1474361575057034e-15,4.21773867597784e-17
1.0748732089996336,2.069765327791097e-15,3.093845445964869e-17
1.0750173330307007,2.123378294034225e-15,2.6978765284693405e-17
1.0751615762710571,2.140699836242403e-15,3.775807621924858e-17
1.075305700302124,2.0376279329722996e-15,6.026033584578075e-17
1.0754499435424805,1.9178289566431957e-15,6.459740944247516e-17
1.0755940675735471,1.8835900088271783e-15,4.693720412390565e-17
1.0757383108139038,1.9799452215452967e-15,2.7073386446799982e-17
1.0758824348449707,2.0273785678927507e-15,2.4454831928249104e-17
1.0760266780853271,2.139361533836213e-15,2.4677306099445122e-17
1.076170802116394,2.1976197238329687e-15,2.4803042005666832e-17
1.0763150453567505,2.1411157085940715e-15,2.481138372436772e-17
1.0764591693878172,2.135980357189451e-15,2.543325685310702e-17
1.0766034126281738,2.086298227509913e-15,2.5617271433545995e-17
1.0767475366592407,2.0656475727154186e-15,2.4875688640212425e-17
1.0768917798995972,2.085998859162355e-15,2.445203635225762e-17
1.077035903930664,2.1186611621315394e-15,2.4337035991286458e-17
1.0771801471710205,2.111787639266329e-15,2.5043701590393633e-17
1.0773242712020874,2.2016024110797065e-15,3.319500605894907e-17
1.0774685144424438,2.106803785742512e-15,4.285379945900872e-17
1.0776126384735107,2.058986146883332e-15,4.133875063655557e-17
1.0777568817138672,1.992129278575886e-15,3.0093090283532816e-17
1.077901005744934,1.9962647439672077e-15,2.4047726382865248e-17
1.0780451297760008,2.033474117133444e-15,2.3988740896351993e-17
1.0781893730163574,2.1198707980276956e-15,2.430672307904485e-17
1.0783334970474243,2.086123044749154e-15,2.4505920787766738e-17
1.0784777402877808,2.124335077833548e-15,2.4396673278761354e-17
1.0786218643188477,2.1825930544530075e-15,2.4323616559723273e-17
1.078766107559204,2.1577388669094785e-15,2.4295874177105323e-17
1.0789102315902708,2.145859085904276e-15,2.4732247419377968e-17
1.0790544748306274,2.0261727727879384e-15,2.4291651640440777e-17
1.0791985988616943,1.9697280764375804e-15,2.375541282218605e-17
1.0793428421020508,2.0162656648926257e-15,2.395645424411401e-17
1.0794869661331177,1.943743842729641e-15,2.4588146062531218e-17
1.079631209373474,1.9026706334710437e-15,2.511592813838594e-17
1.079775333404541,1.9468949986503385e-15,2.4758454485664285e-17
1.0799195766448975,2.0230301519591176e-15,2.4117715803260322e-17
1.0800637006759644,2.033102627259532e-15,2.39115616612573e-17
1.0802079439163208,2.059748117210581e-15,2.453613701342068e-17
1.0803520679473877,2.0292846672860054e-15,2.5002928189573266e-17
1.080496311187744,2.134999248378281e-15,2.5359239936232865e-17
1.080640435218811,2.1582831923938843e-15,2.4839024419367618e-17
1.0807846784591675,2.08059081157229e-15,2.3993440197914304e-17
1.0809288024902344,2.0917743424576907e-15,2.403880787865866e-17
1.0810730457305908,2.1610282913185706e-15,2.4546299107185797e-17
1.0812171697616575,2.1786859027693746e-15,2.5132773275770533e-17
1.081361413002014,2.141733862623206e-15,2.5126403630055883e-17
1.081505537033081,2.153463639388684e-15,2.5116184857946278e-17
1.081649661064148,2.2011671213940197e-15,2.4896684632825882e-17
1.0817939043045044,2.2268571078095267e-15,2.470160443913021e-17
1.0819380283355713,2.2231966202811162e-15,2.4583145032135002e-17
1.0820822715759275,2.3267046667460944e-15,2.499147082893553e-17
1.0822263956069946,2.252034988712461e-15,2.471120475048082e-17
1.082370638847351,2.1167328714994063e-15,2.4379097990938913e-17
1.082514762878418,2.1544989460332685e-15,2.4442576069758106e-17
1.0826590061187744,2.1723707882901654e-15,2.4695259798567544e-17
1.0828031301498413,2.117362761279871e-15,2.502444762336819e-17
1.0829473733901975,2.223630416325725e-15,2.750677407392609e-17
1.0830914974212646,2.5520223438089147e-15,3.883873554148624e-17
1.083235740661621,3.004868073353197e-15,6.799156876414507e-17
1.083379864692688,3.3816787235409485e-15,9.913025114477728e-17
1.0835241079330444,3.016552187377137e-15,9.590487326495944e-17
1.083668231964111,2.5644080423850793e-15,5.84987128866522e-17
1.0838124752044676,2.2443053961320663e-15,2.8221748051531515e-17
1.0839565992355347,2.221938974493157e-15,2.8821584973334946e-17
1.0841008424758911,2.2281883687649195e-15,3.065968035526219e-17
1.084244966506958,2.1845885589336657e-15,3.766508706006131e-17
1.0843892097473145,2.142793067525044e-15,5.614086041564603e-17
1.0845333337783811,2.316297829221429e-15,6.122954887264883e-17
1.0846775770187376,2.2793859040070794e-15,4.584843979840584e-17
1.0848217010498047,2.11388983239544e-15,2.6602477755621182e-17
1.0849659442901611,2.041051571701145e-15,2.4212500332359838e-17
1.085110068321228,2.1870724840469403e-15,2.4516786359807584e-17
1.0852541923522947,2.2482379397140312e-15,2.5145594250696307e-17
1.0853984355926511,2.1605385904221728e-15,2.603541758703456e-17
1.0855425596237183,2.091769434779862e-15,2.599438246562346e-17
1.0856868028640747,2.127880128244333e-15,2.677010896048214e-17
1.0858309268951416,2.1561455786334868e-15,3.448992619346203e-17
1.085975170135498,2.2484026669872423e-15,4.06105305964407e-17
1.0861192941665647,2.2724219091679805e-15,3.7042155379888135e-17
1.0862635374069212,2.280386003397674e-15,2.8173348079356913e-17
1.0864076614379883,2.3961205689753256e-15,2.5476354066051498e-17
1.0865519046783447,2.4064162369283035e-15,2.495715375835668e-17
1.0866960287094116,2.247724553937677e-15,2.4061884299916946e-17
1.086840271949768,2.194759187790657e-15,2.390673066589455e-17
1.0869843959808347,2.2668647108473793e-15,2.4475914605389426e-17
1.0871286392211914,2.3738943362204826e-15,2.5273617294819218e-17
1.0872727632522583,2.493007944671926e-15,2.6536040733817556e-17
1.0874170064926147,2.3908230508250577e-15,2.8128135430554844e-17
1.0875611305236816,2.3908706339622677e-15,2.6358145747573426e-17
1.087705373764038,2.2219707677103955e-15,2.6566483672849466e-17
1.0878494977951048,2.1687659922362474e-15,2.9040593430466384e-17
1.0879937410354614,2.2584836773795328e-15,2.9813422661715516e-17
1.0881378650665283,2.355186908468904e-15,2.741990784295392e-17
1.0882821083068848,2.2554441177851167e-15,2.420729926074777e-17
1.0884262323379517,2.159636857965451e-15,2.3566468892786546e-17
1.0885703563690183,2.28154186821501e-15,2.4610438989027426e-17
1.088714599609375,2.3505525669574178e-15,2.5158743626618093e-17
1.088858723640442,2.317273603600177e-15,2.51402664863142e-17
1.0890029668807983,2.286106008595814e-15,2.454915636255217e-17
1.0891470909118652,2.2079450512302164e-15,2.387421396625834e-17
1.0892913341522217,2.2362314125944675e-15,2.4000770041465033e-17
1.0894354581832884,2.321559073231223e-15,2.4366203667567328e-17
1.089579701423645,2.1854017398121723e-15,2.5869410050042242e-17
1.089723825454712,2.1436819973439513e-15,4.002357299491767e-17
1.0898680686950684,2.2638848968960965e-15,5.038872193019991e-17
1.0900121927261353,2.4561233317515792e-15,4.565449650562025e-17
1.0901564359664917,2.460796934685696e-15,3.0006305736057113e-17
1.0903005599975584,2.443434850791106e-15,2.5921257399169962e-17
1.090444803237915,2.332013707270395e-15,2.5643151765846418e-17
1.090588927268982,2.334009211751054e-15,2.5053550286253914e-17
1.0907331705093384,2.4779870364789805e-15,2.4770590319425778e-17
1.0908772945404053,2.3478580384520977e-15,2.4104996515952606e-17
1.0910215377807615,2.180257853315676e-15,2.3508441937099228e-17
1.0911656618118286,2.2098406951359234e-15,2.3651491410552644e-17
1.091309905052185,2.1532453544139498e-15,2.3405804123267516e-17
1.091454029083252,2.090861301004233e-15,2.307089678670373e-17
1.0915982723236084,2.290927695373983e-15,2.4042356943229846e-17
1.0917423963546753,2.426217223326521e-15,2.518927658419714e-17
1.0918866395950315,2.4700114198752545e-15,2.5333854705941666e-17
1.0920307636260986,2.4758852701044635e-15,2.5136665744428922e-17
1.0921748876571655,2.3354906903234668e-15,2.508397488817437e-17
1.092319130897522,2.4041994601907537e-15,2.822010104552103e-17
1.0924632549285889,2.40034821335891e-15,5.546108035594893e-17
1.092607498168945,2.2415730998451944e-15,8.520262154076948e-17
1.0927516222000122,2.323518943703298e-15,8.161314197594487e-17
1.0928958654403687,2.424780553986457e-15,4.7986480313396913e-17
1.0930399894714355,2.4090130386316402e-15,2.694311293899877e-17
1.093184232711792,2.4051605115360153e-15,2.5395409055068445e-17
1.0933283567428589,2.4158059048786204e-15,2.525105764670188e-17
1.093472599983215,2.343635088369045e-15,2.49510891754962e-17
1.0936167240142822,2.3673553889568193e-15,2.4752923346046066e-17
1.0937609672546387,2.3791346692551792e-15,2.4543183465248953e-17
1.0939050912857056,2.4712387660870536e-15,2.470174780200157e-17
1.094049334526062,2.746818105567807e-15,2.6284252189449042e-17
1.094193458557129,3.202922959945021e-15,2.8087053632860045e-17
1.0943377017974851,3.047002621286601e-15,2.7497092079079012e-17
1.0944818258285522,2.6758037940074587e-15,2.6118884784347437e-17
1.0946260690689087,2.4087465303878058e-15,2.5433071814982362e-17
1.0947701930999756,2.306411205546619e-15,2.5702894074959636e-17
1.094914436340332,2.253943221878685e-15,3.4989395769233634e-17
1.0950585603713987,2.276968125855845e-15,5.3438556975069964e-17
1.0952028036117551,2.3212855235365904e-15,5.651498416556683e-17
1.0953469276428223,2.4694749893508347e-15,4.270650244373879e-17
1.0954911708831787,2.5676392147921164e-15,2.793180998029052e-17
1.0956352949142456,2.5998828715047725e-15,2.598754272305157e-17
1.0957794189453125,2.4667350114812737e-15,2.563246289687957e-17
1.0959236621856687,2.3583094718318162e-15,2.5401240256510433e-17
1.0960677862167358,2.4630911673820217e-15,2.5476635790763818e-17
1.0962120294570923,2.394102446501195e-15,2.524274093315297e-17
1.0963561534881592,2.314499698740408e-15,2.482280774480282e-17
1.0965003967285156,2.4270867358114097e-15,2.514408894054704e-17
1.0966445207595823,2.5641955185973617e-15,2.5722319744028682e-17
1.0967887639999387,2.517672226421209e-15,2.5928177158228196e-17
1.0969328880310059,2.4100873933215586e-15,2.6294329265697422e-17
1.0970771312713623,2.311210487708613e-15,2.6689614042234746e-17
1.0972212553024292,2.177301937621647e-15,2.995634877641916e-17
1.0973654985427856,2.162563967724398e-15,5.976512714790672e-17
1.0975096225738523,2.2280114789857842e-15,8.705294277500533e-17
1.0976538658142088,2.267268207315827e-15,8.281206899901257e-17
1.0977979898452759,2.2146960955270034e-15,4.915208046990421e-17
1.0979422330856323,2.3720262179860763e-15,2.780179152503951e-17
1.0980863571166992,2.426781179522241e-15,2.6147063923619995e-17
1.0982306003570557,2.4562803774421016e-15,2.5480758306820432e-17
1.0983747243881223,2.438802216297995e-15,2.5574640983438496e-17
1.098518967628479,2.4214094060726506e-15,2.6794430638309082e-17
1.098663091659546,2.304294076006725e-15,2.7346682755892496e-17
1.0988073348999023,2.2880677994635617e-15,2.5913432453610017e-17
1.0989514589309692,2.318392127390555e-15,2.4446633572419575e-17
1.099095582962036,2.2995481381689572e-15,2.425426227018852e-17
1.0992398262023924,2.1972471670725724e-15,2.3778899327936826e-17
1.0993839502334595,2.279144147529685e-15,2.402115257434988e-17
1.099528193473816,2.395695734777187e-15,2.4839502851275525e-17
1.0996723175048828,2.469552445309611e-15,2.528941221582061e-17
1.0998165607452393,2.432468964748549e-15,2.499295613496321e-17
1.099960684776306,2.3357119625803576e-15,2.4185969866107902e-17
1.1001049280166624,2.3147241716567526e-15,2.3990372899271295e-17
1.1002490520477295,2.355662526463706e-15,2.4232936209568918e-17
1.100393295288086,2.2590365379558144e-15,2.416447377045483e-17
1.1005374193191528,2.225865116756214e-15,2.4272514364124586e-17
1.1006816625595093,2.2902559836433255e-15,2.9418734674805477e-17
1.100825786590576,2.2328527964752688e-15,4.566756919907596e-17
1.1009700298309326,2.299738470717797e-15,5.3866088395602096e-17
1.1011141538619995,2.3157244844246448e-15,4.413937433472128e-17
1.101258397102356,2.278913059917137e-15,2.7200632664201348e-17
1.1014025211334229,2.2768708258084563e-15,2.3780831392679897e-17
1.1015467643737793,2.401792777658959e-15,2.4124357171626497e-17
1.101690888404846,2.4672426360706114e-15,2.4513822415792758e-17
1.1018351316452026,2.4114935497081643e-15,2.4803200371629378e-17
1.1019792556762695,2.3483005829658794e-15,2.4940893741528445e-17
1.102123498916626,2.330241822196894e-15,2.4966817416092306e-17
1.1022676229476929,2.2631037226121265e-15,2.4271447477640057e-17
1.102411866188049,2.262844042441793e-15,2.4160261235851077e-17
1.1025559902191162,2.2132152570864805e-15,2.4411513002957065e-17
1.102700114250183,2.1505868866718068e-15,3.075320295769173e-17
1.1028443574905396,2.2894688347950416e-15,5.793457665383724e-17
1.1029884815216064,2.390690756900976e-15,7.660227621994775e-17
1.103132724761963,2.4106415341616217e-15,6.74336738172646e-17
1.1032768487930296,2.2788953496014936e-15,3.770461520431301e-17
1.1034210920333862,2.2253909924024904e-15,2.4393584308986624e-17
1.1035652160644531,2.052557942436763e-15,2.313603020658407e-17
1.1037094593048096,1.9391747946710078e-15,2.2576509924824817e-17
1.1038535833358765,1.970110448553635e-15,2.276637571082736e-17
1.103997826576233,2.080501619862184e-15,2.3618329577995322e-17
1.1041419506072998,2.1305669751669644e-15,2.437719926639848e-17
1.1042861938476562,2.1202021729697896e-15,2.4598529868643897e-17
1.1044303178787231,2.112037717458302e-15,2.446869311749729e-17
1.1045745611190796,2.1673259088594334e-15,2.3833295535556484e-17
1.1047186851501465,2.1008661357015285e-15,2.2966263561743927e-17
1.1048629283905027,2.145995007242405e-15,2.3036054607933282e-17
1.1050070524215698,2.2203164535274886e-15,2.3167501690867473e-17
1.1051512956619263,2.221998293381696e-15,2.305082931873384e-17
1.1052954196929932,2.1268603981424226e-15,2.403685247577374e-17
1.1054396629333496,2.0645352368666515e-15,2.5452665852074746e-17
1.1055837869644165,2.000576245628476e-15,2.5043786607910367e-17
1.1057280302047727,1.918696335355116e-15,2.318546039102029e-17
1.1058721542358398,1.9717897278802796e-15,2.2686907670821325e-17
1.1060162782669067,2.0785916796775845e-15,2.3127495114707858e-17
1.1061605215072632,2.1140910471864217e-15,2.3673052519600873e-17
1.10630464553833,2.0922966900805146e-15,2.428344828358085e-17
1.1064488887786863,2.0531521982086442e-15,2.432561197085136e-17
1.1065930128097534,2.0189027949050784e-15,2.381486507153629e-17
1.1067372560501099,2.1451502465239567e-15,2.3595141467058194e-17
1.1068813800811768,2.196042438854245e-15,2.36962873068217e-17
1.1070256233215332,2.0563720616189453e-15,2.809241807146505e-17
1.1071697473526,1.8924643706054693e-15,3.8772465220695837e-17
1.1073139905929563,1.9653881955958236e-15,4.168321827622679e-17
1.1074581146240234,2.108669770203949e-15,3.32460532432134e-17
1.1076023578643799,2.1256055262593224e-15,2.379015664735871e-17
1.1077464818954468,2.109929976519471e-15,2.288271634794471e-17
1.1078907251358032,2.1296289685697684e-15,2.318788422375232e-17
1.10803484916687,1.997656177320327e-15,2.3166438138403205e-17
1.1081790924072263,1.9887489554383124e-15,2.394967117988661e-17
1.1083232164382935,2.09776811072776e-15,2.5686595716898364e-17
1.10846745967865,2.1808619244432146e-15,2.6490032921182483e-17
1.1086115837097168,2.202942847258866e-15,2.595374242561366e-17
1.1087558269500732,2.3217925079940377e-15,3.239891870233727e-17
1.10889995098114,2.3055611103957484e-15,5.0275018503111507e-17
1.1090441942214964,2.1553516017117027e-15,5.693900486276082e-17
1.1091883182525635,2.149811046820259e-15,4.6981439904770333e-17
1.10933256149292,2.1770388434145625e-15,2.861312535631926e-17
1.1094766855239868,2.1852519489497443e-15,2.3643658129942033e-17
1.1096208095550537,2.2299589735746394e-15,2.5921040687852793e-17
1.10976505279541,2.2597110235913323e-15,2.492686251724679e-17
1.109909176826477,2.3050219059664688e-15,2.343103098759617e-17
1.1100534200668335,2.264699784792978e-15,2.3089522290909378e-17
1.1101975440979004,2.2630175181841766e-15,2.3016460570840898e-17
1.1103417873382568,2.2227899231532143e-15,2.3340909085836056e-17
1.1104859113693235,2.055657247674312e-15,2.3624400828896335e-17
1.11063015460968,1.948644479107665e-15,2.3993593562846457e-17
1.110774278640747,2.0646756391280147e-15,2.3841193829562246e-17
1.1109185218811035,2.081659405075192e-15,2.3491553457451203e-17
1.1110626459121704,2.109173340624646e-15,2.3416527999447138e-17
1.1112068891525269,2.1111479341302075e-15,2.3710533575410393e-17
1.1113510131835935,1.9977300058650564e-15,2.4177388097947995e-17
1.11149525642395,1.877816019172921e-15,2.4127671187769062e-17
1.111639380455017,1.926223859635341e-15,2.3919038201699642e-17
1.1117836236953735,2.0450577304505415e-15,2.2298414293562067e-17
1.1119277477264404,2.0552992005701053e-15,2.2046172322437626e-17
1.1120719909667969,2.1045812478179466e-15,2.2501794530705322e-17
1.1122161149978635,2.13528410706965e-15,2.3586779744235717e-17
1.1123603582382202,2.038261450166811e-15,2.6879731546767233e-17
1.112504482269287,1.941107139471782e-15,2.526252000837001e-17
1.1126487255096436,2.0557312895963384e-15,2.2928519118333537e-17
1.1127928495407104,2.253535671241596e-15,2.370056652183073e-17
1.112937092781067,2.226219749823671e-15,2.520176915812689e-17
1.1130812168121336,2.1989383955278443e-15,2.686906101491184e-17
1.1132253408432007,2.1505757910523676e-15,2.712315503429301e-17
1.1133695840835571,2.2479296095200033e-15,2.6695096838559134e-17
1.113513708114624,2.2978236228553685e-15,2.5839763941853463e-17
1.1136579513549805,2.1987809230827276e-15,2.6338840103233893e-17
1.1138020753860471,2.1213736143297997e-15,2.766818566398429e-17
1.1139463186264038,2.02696973699188e-15,3.291823903476158e-17
1.1140904426574707,2.0259632362823775e-15,3.561939557236679e-17
1.1142346858978271,2.1268708536299707e-15,3.2002520363031716e-17
1.114378809928894,2.1822262588796272e-15,2.5210435943803537e-17
1.1145230531692505,2.280738289314865e-15,2.3238557997747067e-17
1.1146671772003172,2.388206831787702e-15,2.3856643679466293e-17
1.1148114204406738,2.398629672609635e-15,2.4589372981988422e-17
1.1149555444717407,2.3969448454732706e-15,2.673504173534386e-17
1.1150997877120972,2.135116392514282e-15,2.986716040033301e-17
1.115243911743164,2.126559322776489e-15,3.080500696455602e-17
1.1153881549835205,2.1733638462299627e-15,3.4463447404524194e-17
1.1155322790145874,2.2580724993283965e-15,4.3826353174181477e-17
1.1156765222549438,2.341276842483648e-15,4.4641867866872465e-17
1.1158206462860107,2.2251692933910057e-15,3.523716015114333e-17
1.1159648895263672,2.2190393904055104e-15,2.6447395803034465e-17
1.116109013557434,2.2845959374656156e-15,2.6281449945417028e-17
1.1162532567977903,2.270965822493899e-15,3.003003395827703e-17
1.1163973808288574,2.204665228799485e-15,3.6305733649923475e-17
1.1165415048599243,2.0809249604192443e-15,4.1626523261635e-17
1.1166857481002808,2.0139116865531667e-15,4.0952527727096186e-17
1.1168298721313477,2.0350599372040442e-15,3.599152891218989e-17
1.116974115371704,2.225998050812186e-15,3.123011788637639e-17
1.1171182394027708,2.108705617589829e-15,2.8874642571818554e-17
1.1172624826431274,1.9166818402950327e-15,3.008499528233147e-17
1.1174066066741943,1.830948336039563e-15,3.073317216394474e-17
1.1175508499145508,1.9466105667135642e-15,2.8065005756853255e-17
1.1176949739456177,2.090010779098768e-15,2.4433102451177537e-17
1.117839217185974,2.0524578684845144e-15,2.269861174895861e-17
1.117983341217041,2.028566866059216e-15,2.3125609726248482e-17
1.1181275844573975,2.197568940036306e-15,2.5241043916838518e-17
1.1182717084884644,2.21394820810135e-15,2.8757411751290674e-17
1.1184159517288208,2.1304743694201073e-15,2.950793638697268e-17
1.1185600757598877,2.273120719815346e-15,2.675868160602678e-17
1.118704319000244,2.348877981931305e-15,2.5774500495182816e-17
1.118848443031311,2.2905197179823e-15,2.976695642129413e-17
1.1189926862716675,2.1441546280565965e-15,3.297212680429096e-17
1.1191368103027344,2.1787701868016523e-15,3.3418525445497896e-17
1.1192810535430908,2.0445850997378967e-15,3.4010700788734324e-17
1.1194251775741575,1.973967243195198e-15,3.302783494888457e-17
1.119569420814514,2.101231010879237e-15,2.7985446031289953e-17
1.119713544845581,2.1234979986977885e-15,2.4603985992806174e-17
1.1198577880859375,2.0889001502683765e-15,2.5533074085795266e-17
1.1200019121170044,2.02225153820271e-15,2.7548360975690906e-17
1.1201460361480713,2.1847899871019445e-15,2.97218137869176e-17
1.1202902793884275,2.1092177231024018e-15,3.261756041723964e-17
1.1204344034194946,1.9453153665213485e-15,3.2771412116348887e-17
1.120578646659851,2.1317631682934154e-15,2.8216036874819034e-17
1.120722770690918,2.21365588120459e-15,2.5259185988105866e-17
1.1208670139312744,2.4187895596212475e-15,2.5245578184397755e-17
1.1210111379623413,2.3412473964166747e-15,2.4576508664799217e-17
1.1211553812026975,2.2860912855623283e-15,2.6475908344333433e-17
1.1212995052337646,2.0110859310102496e-15,3.1911895024211714e-17
1.121443748474121,2.043268348438694e-15,3.567186638328391e-17
1.121587872505188,2.2986099181944647e-15,3.098382380740318e-17
1.1217321157455444,2.2710635492958817e-15,2.865236677482825e-17
1.121876239776611,2.122147320408378e-15,3.5343085308955485e-17
1.1220204830169676,1.8846848477375994e-15,4.06382496409168e-17
1.1221646070480347,2.1546099022276593e-15,3.7258663321821475e-17
1.1223088502883911,2.0647957705461725e-15,3.781022029617981e-17
1.122452974319458,1.905143462964879e-15,4.4648012466219284e-17
1.1225972175598145,2.023855922098141e-15,4.8551536735804786e-17
1.1227413415908811,1.953154848409649e-15,4.709931752522945e-17
1.1228855848312376,2.2966348979343093e-15,4.1589008865622845e-17
1.1230297088623047,2.391932186014371e-15,3.085039298241182e-17
1.1231739521026611,2.3937138864435307e-15,2.5361460393728785e-17
1.123318076133728,2.2847354862177915e-15,2.4776826604329858e-17
1.1234622001647947,2.309629148561248e-15,2.9501611750531595e-17
1.1236064434051511,2.1958555203421564e-15,4.6350149835794955e-17
1.1237505674362183,1.7150470161043803e-15,5.4119470601656874e-17
1.1238948106765747,2.3475736065153235e-15,4.2520577469688457e-17
1.1240389347076416,2.3215902263165713e-15,2.797626747350276e-17
1.124183177947998,2.3253055518102866e-15,2.5019148198158332e-17
1.1243273019790647,2.2718833448705916e-15,2.6345039713915074e-17
1.1244715452194212,2.206717918395714e-15,2.7204841864784834e-17
1.1246156692504883,2.352264706387786e-15,2.5876266462715454e-17
1.1247599124908447,2.4003093786908734e-15,2.4889143078988387e-17
1.1249040365219116,2.4086347206842274e-15,2.5760906027555765e-17
1.125048279762268,2.281340866801325e-15,2.7157190380159538e-17
1.1251924037933347,2.190597476991816e-15,3.1315802207164916e-17
1.1253366470336914,2.1917019178805975e-15,4.710581886474453e-17
1.1254807710647583,1.7017011196921417e-15,7.314491054211018e-17
1.1256250143051147,1.976355788656756e-15,7.332224707996007e-17
1.1257691383361816,2.3454656521991957e-15,4.6192430673179296e-17
1.125913381576538,2.4084155822003056e-15,3.128912004299096e-17
1.1260575056076048,2.4484082488273746e-15,3.0324854702194876e-17
1.1262017488479614,2.161394233382763e-15,3.4037172909631634e-17
1.1263458728790283,2.090988900627782e-15,3.408646973325729e-17
1.1264901161193848,2.2998682041143155e-15,2.9486471964512115e-17
1.1266342401504517,2.3193640609779583e-15,2.6867985793376655e-17
1.126778483390808,2.1510450077282627e-15,2.6265123248183508e-17
1.126922607421875,2.257442822925229e-15,2.6014489941836523e-17
1.127066731452942,2.3565128349918735e-15,2.5919693743666082e-17
1.1272109746932983,2.3367112084617653e-15,2.955333240688928e-17
1.1273550987243652,2.116450146581007e-15,3.466935649603781e-17
1.1274993419647217,2.3125705545990874e-15,3.462134993825438e-17
1.1276434659957884,2.4517998809616843e-15,3.296157129613468e-17
1.127787709236145,2.194451924483113e-15,3.826701774659062e-17
1.127931833267212,2.0893764083950687e-15,4.007484689255996e-17
1.1280760765075684,2.3822207451003208e-15,3.1568597625653204e-17
1.1282202005386353,2.317598790600661e-15,2.6924225714202384e-17
1.1283644437789917,2.2950495046183027e-15,2.9384961049529684e-17
1.1285085678100584,2.097791368853123e-15,3.202191769292851e-17
1.128652811050415,2.3349548999309377e-15,3.226304737451255e-17
1.128796935081482,2.286678713260708e-15,3.3241779029234764e-17
1.1289411783218384,1.9563666034826676e-15,4.127523421650334e-17
1.1290853023529053,2.162420364803581e-15,4.82598166307326e-17
1.1292295455932615,2.253105075856441e-15,4.479335574561443e-17
1.1293736696243286,2.3431138076327054e-15,3.9831960182296705e-17
1.129517912864685,2.3816510277175834e-15,4.218000729970603e-17
1.129662036895752,2.2491785068387897e-15,5.651959844961241e-17
1.1298062801361084,2.2372056933321365e-15,7.849079199032966e-17
1.1299504041671753,2.5812716769140987e-15,6.72153688384089e-17
1.1300946474075315,2.319459013875081e-15,5.31227885818325e-17
1.1302387714385986,2.1470729893463706e-15,3.800894790804445e-17
1.130383014678955,2.191489607470177e-15,3.1431976143269056e-17
1.130527138710022,2.250437432890531e-15,3.464068058774589e-17
1.1306712627410889,2.1815483592073593e-15,3.6565720550121516e-17
1.130815505981445,2.083319267067818e-15,3.3078812118723345e-17
1.1309596300125122,2.137601597891338e-15,2.752567463480353e-17
1.1311038732528687,2.126417000119453e-15,3.714407971338333e-17
1.1312479972839355,2.0578426579492167e-15,5.318390784131481e-17
1.131392240524292,2.2060950700660476e-15,5.660354907986359e-17
1.1315363645553589,2.105187239341158e-15,4.0454671817132436e-17
1.131680607795715,2.20790963059893e-15,2.639456658493895e-17
1.1318247318267822,2.2134414370212e-15,2.4339534839474434e-17
1.1319689750671387,2.2417374003638113e-15,2.4809051577192954e-17
1.1321130990982056,2.323175406255281e-15,2.8890029075337584e-17
1.132257342338562,2.4794904929129753e-15,4.1820063137968635e-17
1.132401466369629,2.3142316968554953e-15,5.164100994759525e-17
1.1325457096099851,2.2160320507829274e-15,4.293801347686077e-17
1.1326898336410522,2.2408051549536322e-15,2.832179199759772e-17
1.1328340768814087,2.193496634324868e-15,2.805989136976805e-17
1.1329782009124756,2.1008821389987962e-15,5.2660520004168237e-17
1.133122444152832,2.129974853168052e-15,8.133397779118746e-17
1.1332665681838987,2.0382691317495003e-15,8.688947576145429e-17
1.1334108114242551,2.3469697487650812e-15,5.5281696729656857e-17
1.1335549354553223,2.1806649771981713e-15,4.206926114859191e-17
1.1337711811065672,2.2004463328850737e-15,3.466547569645035e-17
1.1339439153671265,2.1348343077277734e-15,3.029498188062813e-17
1.134116768836975,1.8204190199464745e-15,3.088704053315531e-17
1.134289503097534,1.938894203525578e-15,3.170376214118192e-17
1.1344622373580933,1.9901004872369106e-15,4.05750932950531e-17
1.1346349716186523,1.4533886248510252e-15,7.902652237049412e-17
1.1348077058792114,1.6975027079982329e-15,1.5438379540732368e-16
1.13498055934906,2.367991893433488e-15,8.4328888186226e-17
1.1351532936096191,2.158499343595649e-15,5.993458206185217e-17
1.1353260278701782,2.4177886067214645e-15,9.104555206604881e-17
1.1354987621307373,2.4466677302165186e-15,6.97595263617755e-17
1.1356714963912964,2.2021836508364765e-15,3.828897227003002e-17
1.135844349861145,2.0456566805229552e-15,2.7725777530027132e-17
1.136017084121704,1.6999474783775253e-15,3.300206964028325e-17
1.1361898183822632,2.1701473968564122e-15,3.8678282482253996e-17
1.1363625526428223,2.353767736067187e-15,2.877234149403352e-17
1.1365352869033811,2.2513562355310058e-15,2.2846505553855826e-17
1.1367080211639404,2.1546542847054157e-15,2.043097953331034e-17
1.136880874633789,2.0489655222660655e-15,1.9972891817057314e-17
1.137053608894348,2.0800695308359504e-15,2.0403862279491912e-17
1.1372263431549072,2.0195296974033858e-15,2.153280988422533e-17
1.1373990774154663,1.982878519245854e-15,2.188332710366585e-17
1.1375718116760252,1.9296408836679825e-15,2.6633502481189185e-17
1.137744665145874,2.098865936920338e-15,3.100172082818111e-17
1.137917399406433,2.1306521127084293e-15,2.759349194099651e-17
1.138090133666992,1.935948103187206e-15,2.4301728716689157e-17
1.1382628679275513,1.7009468309475812e-15,2.2685135639050928e-17
1.1384356021881104,1.441221104560946e-15,2.446585419924237e-17
1.1386084556579588,1.5506504777036945e-15,2.7334623604597082e-17
1.138781189918518,1.866831569305533e-15,2.7345675881772723e-17
1.1389539241790771,1.983529746756009e-15,2.616959189854482e-17
1.1391266584396362,2.0509324341889385e-15,2.282688151058107e-17
1.139299392700195,2.1538297948301738e-15,2.04543043390783e-17
1.1394721269607544,2.077743078167792e-15,1.9787121874949273e-17
1.139644980430603,2.0516779744643258e-15,2.066492106720489e-17
1.139817714691162,1.861757883939719e-15,2.3940751008669885e-17
1.1399904489517212,1.842591268245201e-15,2.6681218979209633e-17
1.1401631832122803,2.1357996266189727e-15,2.3538233075169497e-17
1.1403359174728391,2.068114641022238e-15,2.0359889886228105e-17
1.140508770942688,1.7583913066225892e-15,2.0110371809659473e-17
1.140681505203247,1.3270983910841172e-15,2.1846366155017533e-17
1.140854239463806,1.1758082330798938e-15,2.6287504526216717e-17
1.1410269737243652,1.6484850352212577e-15,2.4857404873083852e-17
1.1411997079849243,1.8311326940240893e-15,2.0985067029049174e-17
1.1413725614547727,1.8464107218598053e-15,2.1937054840222546e-17
1.141545295715332,1.9526764565099873e-15,2.6213739327872507e-17
1.1417180299758911,2.1924570601343456e-15,2.4374673746048394e-17
1.14189076423645,2.2117278039497537e-15,2.1477720200390728e-17
1.1420634984970093,2.1371607603959317e-15,2.1585969170326998e-17
1.1422362327575684,2.107967332142537e-15,2.3707559629334774e-17
1.1424090862274168,2.3014689605956985e-15,2.5380125906177604e-17
1.142581820487976,2.180994858499187e-15,2.385471828276375e-17
1.1427545547485352,2.161351344546085e-15,2.1968769707985228e-17
1.1429272890090942,2.219698939630245e-15,2.1396113386385247e-17
1.143100023269653,2.1505247938784074e-15,2.1273693163316224e-17
1.143272876739502,2.1284976421415765e-15,2.19428527014619e-17
1.143445611000061,2.131951580446583e-15,2.2315419463919338e-17
1.14361834526062,2.0355347016896585e-15,2.574748659599258e-17
1.1437910795211792,2.0575452099973306e-15,5.828525557326057e-17
1.1439638137817383,2.151715012440545e-15,1.006466502454374e-16
1.1441366672515867,1.9144147065154146e-15,1.0757472435020968e-16
1.144309401512146,1.8346623812694966e-15,6.489215683794719e-17
1.144482135772705,2.3214914326281042e-15,3.5318736958966434e-17
1.144654870033264,2.3116624208234585e-15,2.8845376541939885e-17
1.1448276042938232,2.0121453492893844e-15,3.177348650696599e-17
1.1450003385543823,1.9498867617302477e-15,5.1103969297467004e-17
1.1451731920242307,2.24609371125743e-15,7.091583793782689e-17
1.14534592628479,2.1759151985690593e-15,5.820835306184779e-17
1.1455186605453491,2.126356614344429e-15,3.3334464792578005e-17
1.1456913948059082,2.254141236010213e-15,2.483808422565313e-17
1.1458641290664673,2.0655105844908047e-15,2.5629483949773558e-17
1.146036982536316,2.055137673956348e-15,2.674665579493401e-17
1.146209716796875,2.142364392535561e-15,2.471360357806087e-17
1.146382451057434,2.1774611170851383e-15,2.4812413936629344e-17
1.1465551853179932,2.0442159570142505e-15,3.123090138113846e-17
1.1467279195785522,2.167872154739511e-15,5.024495897640997e-17
1.1469007730484009,2.4140329529186344e-15,5.3496398892632617e-17
1.14707350730896,2.3731355665526875e-15,3.9223198088246154e-17
1.147246241569519,2.248662347157576e-15,2.8776842421390113e-17
1.147418975830078,2.013955428899032e-15,2.8159145153031655e-17
1.1475917100906372,2.140808018531934e-15,3.067794745228944e-17
1.1477644443511963,2.3474186945977697e-15,2.7645986090055476e-17
1.1479372978210447,2.303481962014703e-15,2.3028234663403725e-17
1.148110032081604,2.229911817192023e-15,2.0827604585993854e-17
1.148282766342163,2.2384998266378673e-15,2.0170650896035218e-17
1.148455500602722,2.2560752878293627e-15,2.146088506506693e-17
1.1486282348632812,2.122156922386739e-15,2.415193952127177e-17
1.1488010883331299,1.9736875055589553e-15,2.732072240710573e-17
1.1489738225936887,2.3787362938418567e-15,3.0262171787208676e-17
1.149146556854248,2.5558590809845685e-15,2.6982849459516984e-17
1.1493192911148071,2.3673046051601557e-15,2.401358268134014e-17
1.1494920253753662,2.1240753976632146e-15,2.4083100337867832e-17
1.1496648788452148,1.9867301928322913e-15,2.757750031279954e-17
1.149837613105774,2.1399510953075625e-15,3.070865711294248e-17
1.150010347366333,2.427773383952851e-15,2.964151390885566e-17
1.150183081626892,2.428475822014263e-15,2.6285839183094777e-17
1.1503558158874512,2.3477020596480602e-15,2.3455050936589205e-17
1.1505285501480103,2.301353950232667e-15,2.1175941356181618e-17
1.1507014036178589,2.2093509942395256e-15,2.150739298074162e-17
1.150874137878418,2.192144675771676e-15,2.3951638251842452e-17
1.151046872138977,2.373897323502639e-15,2.5438824666948145e-17
1.151219606399536,2.2166470041526084e-15,2.6097176978407586e-17
1.1513923406600952,2.290500514025579e-15,2.4739060489787755e-17
1.1515651941299438,2.400281426264979e-15,2.214732483024166e-17
1.1517379283905027,2.319862296966232e-15,2.1531061190596788e-17
1.151910662651062,2.1248956199925183e-15,2.448917900501033e-17
1.152083396911621,2.146311019019122e-15,2.85858764087004e-17
1.15225613117218,2.353573989481597e-15,2.4207656000916035e-17
1.1524289846420288,2.2742300683819562e-15,2.249069224322572e-17
1.152601718902588,1.8089578851978e-15,2.6481404476738877e-17
1.1527744531631468,2.0128686983258933e-15,3.258595723915581e-17
1.152947187423706,2.3737577747504625e-15,2.6775355041367772e-17
1.1531199216842651,2.279218829583602e-15,2.132963635633845e-17
1.1532926559448242,2.220216592952537e-15,1.9901732155549528e-17
1.1534655094146729,2.143646576712665e-15,2.0843167792586883e-17
1.153638243675232,2.0737271040627378e-15,3.4698992602165793e-17
1.153810977935791,2.0465543588110356e-15,7.766623543468233e-17
1.15398371219635,2.0090494580885856e-15,8.85530585206954e-17
1.1541564464569092,2.244804485629528e-15,5.120705053599384e-17
1.1543292999267578,2.281332118332152e-15,2.535886319194302e-17
1.154502034187317,2.2763267137013475e-15,2.438577770053813e-17
1.154674768447876,2.3219749455828917e-15,2.4002837134028798e-17
1.154847502708435,2.19364685194189e-15,2.160457467041106e-17
1.155020236968994,2.134098369430747e-15,2.10944679029867e-17
1.1551930904388428,2.2690667645514417e-15,2.083139703404432e-17
1.1553658246994019,2.267482224744623e-15,2.1298866683320657e-17
1.1555385589599607,2.2368598087338533e-15,2.319242515935209e-17
1.15571129322052,2.1346275451270723e-15,2.4291004840509538e-17
1.155884027481079,2.2563138436473034e-15,2.368423148954655e-17
1.156056761741638,2.4005259566472322e-15,2.1152308153539225e-17
1.1562296152114868,2.3369134901392313e-15,2.169764051206441e-17
1.156402349472046,2.1428863134037915e-15,3.230901684591458e-17
1.1565750837326048,2.161049629048261e-15,4.128277577034083e-17
1.156747817993164,2.3437966149828026e-15,3.079877901470259e-17
1.1569205522537231,2.3255110341472067e-15,2.165818071522812e-17
1.1570934057235716,2.148165907861119e-15,2.062256233974892e-17
1.1572661399841309,2.031587648451504e-15,2.1754902310101102e-17
1.15743887424469,2.158104595596374e-15,2.2354935939100122e-17
1.157611608505249,2.2607604131375124e-15,2.27326554298758e-17
1.157784342765808,2.1037970862518194e-15,2.4038947907509757e-17
1.1579571962356567,2.150433255018035e-15,2.4939120042747922e-17
1.1581299304962158,2.338739146291553e-15,2.3666084417248808e-17
1.158302664756775,2.2641354018426633e-15,2.1130687032126246e-17
1.158475399017334,2.2278774780433282e-15,2.011815674697625e-17
1.158648133277893,2.2785074296757203e-15,2.0170369171322898e-17
1.158820867538452,2.2374423287544047e-15,2.337181545368469e-17
1.1589937210083008,2.0669291167606322e-15,5.0481441033745796e-17
1.1591664552688599,2.109147735349017e-15,8.190403524399156e-17
1.1593391895294187,2.168478146262722e-15,6.259178954433541e-17
1.159511923789978,2.0626423668658042e-15,3.2376264034642397e-17
1.159684658050537,2.0221821905812162e-15,2.1801625270082833e-17
1.1598575115203855,2.0622158256492903e-15,2.195102105110905e-17
1.1600302457809448,2.1411671325226255e-15,2.1056313375083826e-17
1.160202980041504,2.0831489919848878e-15,2.0511676159783713e-17
1.1603757143020628,2.009534251307154e-15,2.0973604667381042e-17
1.160548448562622,2.2003579946841548e-15,2.1723135765024328e-17
1.1607213020324707,2.2674354951166008e-15,2.2272740670518013e-17
1.1608940362930296,2.2386244389792602e-15,2.3394598481159726e-17
1.1610667705535889,2.1430821937623507e-15,2.2224622423055737e-17
1.161239504814148,2.0910785190924825e-15,1.9974115402494253e-17
1.161412239074707,2.1586892493898943e-15,2.0080157251015657e-17
1.161584973335266,2.2915108555264253e-15,2.157867433398905e-17
1.1617578268051147,2.41901552617867e-15,2.14238507679728e-17
1.1619305610656738,2.063418420094649e-15,1.8767903545149404e-17
1.162103295326233,2.205472221736381e-15,1.9358990330769586e-17
1.162276029586792,2.1721638123121674e-15,2.0322075428392168e-17
1.162448763847351,2.1232577358614733e-15,2.3116406163309314e-17
1.1626216173171997,2.2276397757345755e-15,3.41634989374401e-17
1.1627943515777588,2.2456185200172215e-15,4.297323073291093e-17
1.1629670858383179,2.2887749318255056e-15,3.6176143616276405e-17
1.1631398200988767,2.2554229934327232e-15,2.336069149507337e-17
1.163312554359436,2.322888200413646e-15,2.0809710899236184e-17
1.1634854078292847,2.305297162679477e-15,2.1442212884577582e-17
1.1636581420898435,2.2459752868576474e-15,2.049273058963271e-17
1.1638308763504028,2.160587667200461e-15,2.003490959500081e-17
1.164003610610962,2.1555201697762573e-15,2.01601403971525e-17
1.1641763448715208,2.1066674376497897e-15,2.076987102408978e-17
1.16434907913208,2.0784566118486435e-15,2.0594599911793533e-17
1.1645219326019287,2.1785051721988958e-15,1.9455191818481367e-17
1.1646946668624876,2.3570560935897944e-15,2.0294944838492685e-17
1.1648674011230469,2.341204507579997e-15,3.1739806234257594e-17
1.165040135383606,2.2076958265474314e-15,5.834232733214221e-17
1.165212869644165,2.2201440446715892e-15,6.042242257494243e-17
1.1653857231140137,2.269816999127361e-15,3.288284174161715e-17
1.1655584573745728,2.165083313468959e-15,2.0015877340322938e-17
1.1657311916351318,2.0194599230272978e-15,1.945004742521379e-17
1.1659039258956907,1.9959448913991467e-15,2.036665628035419e-17
1.16607666015625,2.182060251342635e-15,2.0647927565918537e-17
1.1662495136260986,2.27768208629129e-15,1.9352263944886674e-17
1.1664222478866575,2.257855281240147e-15,1.8791313368434097e-17
1.1665949821472168,2.257922495088672e-15,1.9326033540458508e-17
1.1667677164077759,2.258038572338189e-15,2.0452770689756798e-17
1.1669404506683347,2.2999908960600357e-15,2.0894841772660874e-17
1.167113184928894,2.175954246614393e-15,1.9544913637809776e-17
1.1672860383987427,2.1453019577820564e-15,1.9112842948688004e-17
1.1674587726593015,2.2183471944543496e-15,1.916256986092773e-17
1.1676315069198608,2.1846775372664754e-15,1.9741377449915064e-17
1.16780424118042,2.102860786672999e-15,2.0954062307602753e-17
1.167976975440979,2.1862699720332794e-15,2.0818015943714173e-17
1.1681498289108276,2.279352617148762e-15,2.0551471025656552e-17
1.1683225631713867,2.1425011673828776e-15,2.1247294390864727e-17
1.1684952974319458,2.018691124626548e-15,2.1275195139445226e-17
1.1686680316925049,2.005898088790591e-15,1.975197463332465e-17
1.168840765953064,1.948024618060155e-15,1.806798600305686e-17
1.1690136194229124,1.8510414359572444e-15,1.722734279963501e-17
1.1691863536834717,1.642043067939038e-15,1.7110758779038378e-17
1.1693590879440308,1.3352578322291272e-15,1.949535509359339e-17
1.1695318222045898,1.3650832840359559e-15,3.012776076025966e-17
1.1697045564651487,1.6764036408142917e-15,3.530422396875661e-17
1.1698774099349976,1.8587068019712703e-15,2.627997797547041e-17
1.1700501441955566,1.903190633943602e-15,1.8185726928685154e-17
1.1702228784561155,2.0550484822462416e-15,1.8811860935322024e-17
1.1703956127166748,2.1323281913756204e-15,2.0203205936904465e-17
1.1705683469772339,2.1589013464230185e-15,1.915173596207939e-17
1.1707410812377927,2.159545319105079e-15,1.8305583290171042e-17
1.1709139347076416,2.148036174464601e-15,1.8285702527335942e-17
1.1710866689682007,2.1709631382624813e-15,1.9526583194397504e-17
1.1712594032287595,2.1941896837852164e-15,2.2790045587692658e-17
1.1714321374893188,2.160470949819054e-15,3.447747362777545e-17
1.171604871749878,2.164742123171207e-15,4.602028187086042e-17
1.1717777252197263,2.106862037744567e-15,4.310053696267706e-17
1.1719504594802856,2.052183251903398e-15,2.7930956471102895e-17
1.1721231937408447,2.123073377876947e-15,2.0028820006988348e-17
1.1722959280014038,2.0931352628573524e-15,1.8900662565057538e-17
1.172468662261963,2.1236531239926388e-15,1.8343114356284524e-17
1.1726415157318115,2.1707996912530517e-15,1.824541422646401e-17
1.1728142499923706,2.0946897164653077e-15,1.865867770727574e-17
1.1729869842529297,2.1699905645431867e-15,1.9923279928516697e-17
1.1731597185134888,2.2111634209994394e-15,1.8990151002967458e-17
1.1733324527740479,2.183619399251122e-15,1.8052727859318002e-17
1.1735051870346067,2.157708780710615e-15,1.7999660258773598e-17
1.1736780405044556,2.0452405947939897e-15,1.8648538951652473e-17
1.1738507747650146,1.95908993792307e-15,1.974663353286149e-17
1.1740235090255735,2.046064017782747e-15,1.9869573863091712e-17
1.1741962432861328,2.048910257546167e-15,1.9275574810770802e-17
1.174368977546692,2.2134627747508905e-15,1.906770364833174e-17
1.1745418310165403,2.1747704293711626e-15,1.875826655957589e-17
1.1747145652770996,2.118789828641573e-15,1.91324169816588e-17
1.1748872995376587,2.1581784241411034e-15,1.85379611685617e-17
1.1750600337982176,2.2069417511801683e-15,1.808493282805951e-17
1.1752327680587769,2.1338517052755245e-15,1.8035647673504786e-17
1.1754056215286255,1.9772355432518962e-15,1.8382769193306265e-17
1.1755783557891843,2.0092769182870863e-15,1.9745609988640396e-17
1.1757510900497437,2.1323983925063026e-15,2.0197584778739117e-17
1.1759238243103027,2.135580274757754e-15,1.8929446829008033e-17
1.1760965585708618,2.156070683202273e-15,1.7862026901239286e-17
1.176269292831421,2.043998952303298e-15,1.7878090210871942e-17
1.1764421463012695,1.9653886223504178e-15,1.847222595802368e-17
1.1766148805618286,2.0157815118059475e-15,1.8138728912031625e-17
1.1767876148223877,1.9987072738848826e-15,1.8182236209468593e-17
1.1769603490829468,1.9186237870741683e-15,2.4648345132420626e-17
1.1771330833435059,1.6841092284487845e-15,2.868873426786955e-17
1.1773059368133545,1.3791045195928997e-15,2.4166344155823014e-17
1.1774786710739136,1.1696119697550608e-15,1.7690946652415068e-17
1.1776514053344727,1.1128390991220624e-15,1.6361059313371754e-17
1.1778241395950315,1.2724803110839168e-15,1.667269185447154e-17
1.1779968738555908,1.5511280160941684e-15,1.745036541716448e-17
1.1781697273254395,1.7802090285425073e-15,1.8715546090921265e-17
1.1783424615859983,1.8029730787742005e-15,1.9522347321651908e-17
1.1785151958465576,1.86779774170592e-15,2.056964477011641e-17
1.1786879301071167,1.977585482018821e-15,2.855819403844721e-17
1.1788606643676756,2.0077461495590877e-15,3.415039623780201e-17
1.1790333986282349,2.0584307257794873e-15,2.923967444847902e-17
1.1792062520980835,2.053875973999747e-15,2.0537374787979745e-17
1.1793789863586424,1.9910314523833082e-15,1.825500953678422e-17
1.1795517206192017,1.9381275388977967e-15,1.7878361933523467e-17
1.1797244548797607,2.013061164647702e-15,1.865836597638104e-17
1.1798971891403198,2.0199003337681104e-15,1.910935723050184e-17
1.1800700426101685,2.0018932103049757e-15,1.8306858552922076e-17
1.1802427768707275,2.0160273224519827e-15,1.721445014327356e-17
1.1804155111312866,2.0096479814064047e-15,1.7280662118709352e-17
1.1805882453918457,2.0834443061638047e-15,1.818849083148413e-17
1.1807609796524048,2.106732090970752e-15,1.9268313314635492e-17
1.1809338331222534,2.0839346471920933e-15,1.9093215571392982e-17
1.1811065673828125,2.0193984703657892e-15,1.8200418288979105e-17
1.1812793016433716,2.035840471356124e-15,1.7713036203675164e-17
1.1814520359039307,2.0147660492499752e-15,1.790268027733014e-17
1.1816247701644895,1.93136753275454e-15,1.8418838291533922e-17
1.1817975044250488,1.8337591551716966e-15,1.9345205823987476e-17
1.1819703578948975,1.9267920833770003e-15,1.937228973760326e-17
1.1821430921554563,1.950525186602588e-15,1.8827674193434864e-17
1.1823158264160156,2.0924906500434016e-15,1.9041708292332202e-17
1.1824885606765747,2.0806556782705492e-15,1.8975869727165994e-17
1.1826612949371336,2.0551086546439688e-15,1.8660758135920565e-17
1.1828341484069824,1.9696583020614924e-15,1.7445361052747998e-17
1.1830068826675415,1.941428272303625e-15,1.6886130830751726e-17
1.1831796169281004,2.003933310640687e-15,1.738405675514103e-17
1.1833523511886597,2.086404062649178e-15,1.8791613430257873e-17
1.1835250854492188,2.065512718263774e-15,1.851685682028966e-17
1.1836979389190672,1.9554823679642923e-15,1.743640254029824e-17
1.1838706731796265,1.8826244765586817e-15,1.709514056111099e-17
1.1840434074401855,1.8425360035253023e-15,1.6863349470286822e-17
1.1842161417007446,1.852852369076079e-15,1.8037724768129346e-17
1.1843888759613037,2.0042454816260595e-15,1.9412052930283584e-17
1.1845616102218628,2.1294128173680034e-15,1.865451351596582e-17
1.1847344636917114,2.1081333396795288e-15,1.804090542346134e-17
1.1849071979522705,1.9810039996925408e-15,1.91769344872358e-17
1.1850799322128296,1.904389600974913e-15,2.2704849700872825e-17
1.1852526664733887,1.8614619296289113e-15,2.3253042648784642e-17
1.1854254007339475,1.8481934891754494e-15,1.8931293876234368e-17
1.1855982542037964,1.9290656184755255e-15,1.7044260077859868e-17
1.1857709884643555,1.9923484170598077e-15,1.7312381987502434e-17
1.1859437227249143,1.997158794841241e-15,1.825267405558919e-17
1.1861164569854736,2.0172512546270313e-15,1.8467700025515104e-17
1.1862891912460327,1.9876590242057202e-15,1.7994975960302476e-17
1.1864620447158811,1.958994344894056e-15,2.0391691438517653e-17
1.1866347789764404,2.0256766705726338e-15,2.4398176921900484e-17
1.1868075132369995,2.0055161434291304e-15,2.500957622597997e-17
1.1869802474975584,1.9479057669057788e-15,2.0999970099629898e-17
1.1871529817581177,1.946584534683341e-15,1.8240479876473077e-17
1.1873257160186768,1.9413544437588957e-15,1.7397767913477322e-17
1.1874985694885252,1.950424685895746e-15,1.7580738945573616e-17
1.1876713037490845,2.0147794920196804e-15,1.8852255924842408e-17
1.1878440380096436,2.0800061577787696e-15,1.9561712098910674e-17
1.1880167722702026,1.931335526160004e-15,1.8201710221831466e-17
1.1881895065307615,1.8767004826646998e-15,1.7849057562411763e-17
1.1883623600006104,1.9521067391272503e-15,1.832805625376151e-17
1.1885350942611694,1.8148823058463756e-15,1.871409412509623e-17
1.1887078285217283,1.6725835470677965e-15,1.8961380075098016e-17
1.1888805627822876,1.7620648101661108e-15,1.8064545294144266e-17
1.1890532970428467,1.931460565255991e-15,1.7576243019247414e-17
1.189226150512695,1.98799552020294e-15,1.779227919731337e-17
1.1893988847732544,2.037577149175636e-15,1.8364430414843336e-17
1.1895716190338135,1.9939702978935847e-15,1.84363218937991e-17
1.1897443532943723,1.95428830861081e-15,1.738220970791469e-17
1.1899170875549316,2.038338692748291e-15,1.7603236914316068e-17
1.1900898218154907,2.0726572302960545e-15,1.8291350357663406e-17
1.1902626752853391,2.0149843342247093e-15,1.8982427745025565e-17
1.1904354095458984,2.0106156474478704e-15,1.9494231528764372e-17
1.1906081438064575,2.015177013923815e-15,1.878521044434058e-17
1.1907808780670166,2.0119306917286978e-15,1.8498126294445693e-17
1.1909536123275757,1.9401755341934938e-15,1.829840181052207e-17
1.1911264657974243,1.945134422573573e-15,1.869006750806267e-17
1.1912992000579832,2.0268483253099408e-15,1.9206872322197692e-17
1.1914719343185425,2.080568833710709e-15,1.8499521581926238e-17
1.1916446685791016,2.009135449139238e-15,1.7765863754760544e-17
1.1918174028396606,1.9526988611261626e-15,1.7505658476235196e-17
1.1919902563095093,1.936748268050601e-15,1.7902513576316934e-17
1.1921629905700684,1.979984909722521e-15,1.8627137875576925e-17
1.1923357248306274,2.0180371232115333e-15,1.7793606137378497e-17
1.1925084590911863,1.985550856512296e-15,1.6995815096411705e-17
1.1926811933517456,1.992422245604537e-15,1.7024651037676298e-17
1.1928539276123047,1.965714236105495e-15,1.7573180721634797e-17
1.193026781082153,2.026710910330734e-15,1.8379878597737254e-17
1.1931995153427124,2.0155062550929402e-15,1.8007571888860417e-17
1.1933722496032715,2.018966381339556e-15,1.830685355189168e-17
1.1935449838638303,2.0942106844337553e-15,1.926452086658503e-17
1.1937177181243896,2.0181724044177715e-15,2.0111210315755906e-17
1.1938905715942383,1.954502112662309e-15,2.1109517670459052e-17
1.1940633058547971,1.8960663927545283e-15,1.8990517745196514e-17
1.1942360401153564,1.8601878537890898e-15,1.70606601235392e-17
1.1944087743759155,1.8534788448197935e-15,1.6897591525409726e-17
1.1945815086364746,1.9568132021650904e-15,1.7655506017007206e-17
1.1947543621063232,1.9503113825510887e-15,1.824038485689555e-17
1.1949270963668823,1.865871584846756e-15,1.8473981319692754e-17
1.1950998306274414,1.72720621467988e-15,1.9740205541792216e-17
1.1952725648880005,1.7234309301657347e-15,2.0381109258199256e-17
1.1954452991485596,1.819088399122973e-15,1.93418651356828e-17
1.1956180334091187,1.908584385254774e-15,1.8729065543092378e-17
1.1957908868789673,1.987703406683477e-15,1.8324828922145822e-17
1.1959636211395264,1.9593410830015276e-15,1.745633498044743e-17
1.1961363554000854,1.8834035170696834e-15,1.7118315335967065e-17
1.1963090896606443,1.8265504165730482e-15,1.74228347448333e-17
1.1964818239212036,1.8079163906116053e-15,1.8425666365034892e-17
1.1966546773910522,1.794502853596248e-15,2.1307626821564698e-17
1.196827411651611,1.8629476757472627e-15,2.5899787975679e-17
1.1970001459121704,1.850821870718729e-15,2.6563611414391905e-17
1.1971728801727295,1.8377027943731e-15,2.4552070296263033e-17
1.1973456144332884,1.849864020032921e-15,2.7434500849650083e-17
1.1975184679031372,1.6615979236252756e-15,3.168534834726304e-17
1.1976912021636963,1.5339209508057801e-15,2.808465313826986e-17
1.1978639364242551,1.6977045629211053e-15,2.1390408877713288e-17
1.1980366706848145,1.6902556681747898e-15,1.848215133635004e-17
1.1982094049453735,1.7596602614072849e-15,2.2959233780016977e-17
1.1983821392059326,1.7699085596003497e-15,2.7228781797291526e-17
1.1985549926757812,1.731750724349369e-15,2.5825009235174485e-17
1.1987277269363403,1.7604203113388617e-15,3.361282881247203e-17
1.1989004611968994,1.9896259361285932e-15,4.3666470232414394e-17
1.1990731954574585,1.9022026970589304e-15,3.709612316590386e-17
1.1992459297180176,1.8021379200341132e-15,2.128104967902906e-17
1.1994187831878662,1.7500509215298032e-15,1.8001052212233878e-17
1.1995915174484253,1.7504591122987833e-15,1.7726050551776254e-17
1.1997642517089844,1.7817400106478027e-15,1.9974995583843988e-17
1.1999369859695435,1.810733184308052e-15,2.8973719652008157e-17
1.2001097202301023,1.740443502047994e-15,3.251013495030862e-17
1.2002825736999512,1.814699654880225e-15,2.605465488395868e-17
1.2004553079605103,1.7049886237055615e-15,2.5274529149361462e-17
1.2006280422210691,1.6248552066073712e-15,4.3115690084777604e-17
1.2008007764816284,1.8117290161527093e-15,5.115023549667255e-17
1.2009735107421875,1.9344015445392364e-15,3.4278789358174246e-17
1.2011462450027464,1.8989542410908442e-15,2.0358064510133484e-17
1.2013190984725952,1.7471862246302013e-15,1.8123115695134633e-17
1.2014918327331543,1.7516393021279664e-15,1.83858114867973e-17
1.2016645669937132,1.85444779112504e-15,1.901373586231602e-17
1.2018373012542725,1.8549951038916024e-15,1.9441398976648593e-17
1.2020100355148315,1.8438440063553317e-15,1.893963559493526e-17
1.20218288898468,1.8564644199580923e-15,2.1525368350995757e-17
1.2023556232452393,1.822438209307089e-15,3.196188199003204e-17
1.2025283575057983,1.7311711916109745e-15,3.651551020494349e-17
1.2027010917663574,1.8310868179052545e-15,2.904837169974263e-17
1.2028738260269165,1.8698995080804375e-15,3.317385503439334e-17
1.2030466794967651,1.600464154486775e-15,4.885909343713166e-17
1.2032194137573242,1.6572973042061492e-15,5.0654680060691053e-17
1.2033921480178833,1.7813683073965936e-15,3.4026370683975804e-17
1.2035648822784424,1.850094040758985e-15,2.2183218892405448e-17
1.2037376165390015,1.7879816166482282e-15,2.005476535268393e-17
1.2039103507995603,1.9706293821397082e-15,2.0170204137319824e-17
1.2040832042694092,2.060064555741891e-15,1.9951507411083086e-17
1.2042559385299683,1.9962278296948435e-15,2.059008564835588e-17
1.2044286727905271,1.9758927599224713e-15,2.1088576689179957e-17
1.2046014070510864,1.9489566500930373e-15,1.937525868264848e-17
1.2047741413116455,1.883948909440573e-15,1.7859646410770685e-17
1.204946994781494,1.7372425225284693e-15,1.7636718812818745e-17
1.2051197290420532,1.8340617241787084e-15,1.8817205369805452e-17
1.2052924633026123,2.0654367559460762e-15,2.1615725301184493e-17
1.2054651975631712,2.0722091379725533e-15,2.9906011738471096e-17
1.2056379318237305,1.911130616538745e-15,3.396471464723097e-17
1.205810785293579,1.9673482794451955e-15,2.9793878634927095e-17
1.205983519554138,2.061674700824339e-15,2.2613587564182374e-17
1.2061562538146973,2.052617688079897e-15,1.9964213362309742e-17
1.2063289880752563,1.9798784344513658e-15,1.872906387608224e-17
1.2065017223358154,2.0148219541017642e-15,1.8673302387164412e-17
1.2066744565963743,2.0092024496104663e-15,1.8853787907153786e-17
1.2068473100662231,1.9400274503494415e-15,1.8621433366904972e-17
1.2070200443267822,1.8792123602038693e-15,1.8483128204287434e-17
1.2071927785873413,1.891465124724062e-15,1.8035771032254557e-17
1.2073655128479004,1.9104256179497696e-15,1.7850137784977345e-17
1.2075382471084595,2.016123128858293e-15,1.8152343383780264e-17
1.207711100578308,2.070674315075914e-15,1.8551080538301115e-17
1.2078838348388672,2.071056047060077e-15,1.879564759477749e-17
1.2080565690994263,2.0710236137109473e-15,1.8452925314714545e-17
1.2082293033599851,2.0842581271742016e-15,1.856764728499365e-17
1.2084020376205444,2.0371275632110564e-15,1.8425953090777608e-17
1.208574891090393,2.0124722433082433e-15,1.8365447291023902e-17
1.208747625350952,2.138564356254975e-15,1.907964610891791e-17
1.2089203596115112,2.104841568120171e-15,1.8555354752279746e-17
1.2090930938720703,1.8465174105082583e-15,1.7882557798025893e-17
1.2092658281326292,1.7663718309041443e-15,1.788751715316881e-17
1.2094385623931885,1.8354518772680464e-15,1.8532756762929368e-17
1.209611415863037,1.943892353328287e-15,1.986232403602733e-17
1.209784150123596,1.9960631024216324e-15,1.983879752203339e-17
1.2099568843841553,2.0456895406266786e-15,1.911983605619205e-17
1.2101296186447144,2.1996786013708085e-15,1.8983126222270905e-17
1.2103023529052734,2.1546143831508944e-15,1.8889828666209192e-17
1.210475206375122,1.994590158941095e-15,1.8768233613155552e-17
1.2106479406356812,1.9086725100783957e-15,1.8182836333116136e-17
1.2108206748962402,1.8540509093527965e-15,1.7848092363545292e-17
1.210993409156799,1.8029948432584847e-15,1.7749198654470218e-17
1.2111661434173584,1.759647565458119e-15,1.808308077980278e-17
1.211338996887207,1.7380199627097437e-15,1.8994588583939034e-17
1.211511731147766,1.8709395090255537e-15,1.928812739706531e-17
1.2116844654083252,1.9088474794618583e-15,1.9684432383803467e-17
1.2118571996688843,1.8429548631591272e-15,2.491146601166697e-17
1.2120299339294431,1.785055573775766e-15,4.393301515047202e-17
1.2122026681900024,1.8248150190173172e-15,7.267305999020676e-17
1.212375521659851,1.917050556264086e-15,7.574074537957105e-17
1.21254825592041,2.0466017285709487e-15,4.66537757272304e-17
1.2127209901809692,2.102308566228608e-15,2.1782259613378546e-17
1.2128937244415283,2.0569722919551396e-15,2.0910655030773713e-17
1.2130664587020874,1.9553426058348194e-15,2.410419968510948e-17
1.213239312171936,1.826122381715456e-15,2.5849067525400562e-17
1.2134120464324951,1.8229641843439608e-15,3.41441949601107e-17
1.213584780693054,1.8716272240534794e-15,4.716757492209729e-17
1.2137575149536133,1.9508966764765003e-15,4.579859286143661e-17
1.2139302492141724,2.074521721116413e-15,2.919452514606197e-17
1.2141031026840208,2.171523893798748e-15,2.1613528181830416e-17
1.21427583694458,2.157975075577153e-15,2.1837492660084514e-17
1.2144485712051392,2.128861877187394e-15,2.126101221724155e-17
1.2146213054656982,2.1004756552481916e-15,2.0465815044040266e-17
1.214794039726257,2.0577794982693324e-15,2.1117914400494306e-17
1.2149667739868164,2.0402968562019907e-15,2.121737155899402e-17
1.215139627456665,2.1151511055974472e-15,2.057283709451933e-17
1.215312361717224,2.138079563036406e-15,2.46415870733452e-17
1.2154850959777832,2.139392900298858e-15,3.2196627022810244e-17
1.2156578302383423,2.075474023992501e-15,3.175706645716507e-17
1.2158305644989011,2.005127369994169e-15,2.290565607437216e-17
1.21600341796875,1.9932934651078013e-15,1.8938577043501392e-17
1.216176152229309,1.9633924777378685e-15,1.8627152878668113e-17
1.216348886489868,2.0426160540420546e-15,1.9148331927389697e-17
1.2165216207504272,2.0630292199050934e-15,1.9533808016309908e-17
1.2166943550109863,1.9971274283785956e-15,1.9094404149617144e-17
1.2168672084808347,1.9916111984990003e-15,1.8720208718260673e-17
1.217039942741394,2.0377802843622897e-15,1.8537736122193874e-17
1.2172126770019531,2.132712697264644e-15,1.907120103558883e-17
1.2173854112625122,2.1404358885261314e-15,1.9615371488051958e-17
1.2175581455230713,2.0673104219902014e-15,1.8992369793453246e-17
1.2177308797836304,2.0221311934072553e-15,1.937967292547821e-17
1.217903733253479,1.988375545168728e-15,2.2474700615028745e-17
1.218076467514038,2.032470176951505e-15,2.424417185785909e-17
1.2182492017745972,2.107002013251337e-15,2.2479286559902077e-17
1.2184219360351562,2.1922970271616665e-15,1.9717384173084142e-17
1.218594670295715,2.1963618646677126e-15,1.866093317198443e-17
1.218767523765564,2.1573946893295705e-15,1.8465746289640313e-17
1.218940258026123,2.139417652065299e-15,1.8593382587412588e-17
1.219112992286682,2.0759863428823706e-15,1.899138959149559e-17
1.2192857265472412,2.0638884902797312e-15,2.0029891894503273e-17
1.2194584608078003,2.1105161239540704e-15,2.9232462962647677e-17
1.2196313142776487,2.1327186718289574e-15,4.044893063423758e-17
1.219804048538208,2.2599711305162603e-15,3.888511843140103e-17
1.219976782798767,2.0857314974093325e-15,2.439272579876861e-17
1.220149517059326,2.00897605629845e-15,1.8801792194124308e-17
1.2203222513198853,2.0345574336698323e-15,1.858304212356334e-17
1.2204949855804443,2.1507691108833643e-15,1.8603366311093568e-17
1.2206678390502927,2.1375738588427405e-15,1.872290093962397e-17
1.220840573310852,2.1232506944106754e-15,1.9293428489285298e-17
1.2210133075714111,2.1003802755964755e-15,2.029161748626907e-17
1.2211860418319702,2.172683172652835e-15,2.057131011323835e-17
1.2213587760925293,2.002422386001301e-15,1.9418499258464314e-17
1.221531629562378,1.9105419085765835e-15,1.8489737899461105e-17
1.221704363822937,1.98045796718976e-15,1.890841082815141e-17
1.221877098083496,2.0456921011542415e-15,1.9130853326154914e-17
1.2220498323440552,1.9167417993154633e-15,1.8955130454112876e-17
1.2222225666046143,2.058740762991891e-15,1.863713993636936e-17
1.222395420074463,2.0654077366336968e-15,1.9104402876389322e-17
1.222568154335022,1.950010520562453e-15,2.1324055206416273e-17
1.222740888595581,1.9474630090147003e-15,4.146746715689343e-17
1.22291362285614,2.0430754553622916e-15,6.632330504045313e-17
1.2230863571166992,1.9877885442249416e-15,6.776882953833805e-17
1.2232590913772583,2.123079565818558e-15,3.6136462107092557e-17
1.2234319448471067,2.347043150555217e-15,2.1022649772476748e-17
1.223604679107666,2.326863419454992e-15,2.0372774207538892e-17
1.223777413368225,2.2436428596251757e-15,2.0337908690626598e-17
1.223950147628784,2.1999724219086475e-15,2.0461219097106138e-17
1.2241228818893433,2.212107188783651e-15,2.0326938096947424e-17
1.224295735359192,2.2712470537712203e-15,1.9861555544356442e-17
1.2244684696197508,2.2060248689353658e-15,1.9557667932330266e-17
1.22464120388031,2.1491220515285522e-15,1.9537570458177996e-17
1.2248139381408691,2.150392073199732e-15,2.0111482038407433e-17
1.2249866724014282,2.1955030210476685e-15,2.089902430108224e-17
1.2251595258712769,2.2433413575046484e-15,2.080532832959897e-17
1.225332260131836,2.2036087978025074e-15,2.0433531725822544e-17
1.225504994392395,2.1682060902091677e-15,2.4520300417165994e-17
1.225677728652954,2.1765659993246204e-15,3.971329573305525e-17
1.2258504629135132,2.2833022309144786e-15,4.5763335597143276e-17
1.2260231971740723,2.0797187385598386e-15,3.4963850505969754e-17
1.226196050643921,2.0773301930982805e-15,2.1818448736335713e-17
1.22636878490448,2.166724184882161e-15,1.9020588940968968e-17
1.226541519165039,2.2141159226567176e-15,1.8686375080620128e-17
1.226714253425598,2.208220948075115e-15,1.8677684956801632e-17
1.2268869876861572,2.2235474125572288e-15,1.899003097823795e-17
1.2270598411560059,2.28936001237362e-15,1.9718351038960745e-17
1.2272325754165647,2.2920513402194867e-15,1.938299694368156e-17
1.227405309677124,2.1856976941229796e-15,1.895924463511883e-17
1.227578043937683,2.094071989190767e-15,1.8706692600109824e-17
1.227750778198242,2.1795848613212364e-15,1.8973100823336622e-17
1.2279236316680908,2.2580033650841993e-15,1.9599321514500362e-17
1.22809636592865,2.313166944143938e-15,1.952821853133707e-17
1.2282691001892088,2.2981370741045226e-15,2.0359328103813594e-17
1.228441834449768,2.2425290301353306e-15,3.188971045337409e-17
1.2286145687103271,2.196738902351344e-15,6.125023313436759e-17
1.2287873029708862,2.1937663432281565e-15,7.131230629155798e-17
1.2289601564407349,2.167557209849279e-15,4.665304891081281e-17
1.229132890701294,2.198177918841674e-15,2.5159088697715433e-17
1.229305624961853,2.181404969663839e-15,1.9924633540743942e-17
1.229478359222412,2.1120052841091724e-15,1.9782742639332314e-17
1.2296510934829712,2.0292370841487954e-15,2.022982308768327e-17
1.2298239469528198,2.0616313852330675e-15,2.0275197436468158e-17
1.229996681213379,2.0794315327182037e-15,1.9588539292966116e-17
1.230169415473938,2.0633746777487832e-15,1.915522001325542e-17
1.230342149734497,2.120228418377309e-15,1.9588996053742306e-17
1.230514883995056,2.2232008878270544e-15,2.0000109091483656e-17
1.2306877374649048,2.313815184371936e-15,1.9534761546105458e-17
1.2308604717254639,2.2820537603502856e-15,1.9225276114055773e-17
1.2310332059860227,2.226258797869004e-15,1.8993218301610474e-17
1.231205940246582,2.145866127355074e-15,1.912439866292353e-17
1.2313786745071411,2.128353612466166e-15,2.039329676927484e-17
1.2315514087677,2.185497759595779e-15,2.0530203310391568e-17
1.2317242622375488,2.1675352319876977e-15,1.9375582082614105e-17
1.231896996498108,2.154207472645696e-15,1.8638991984626098e-17
1.2320697307586668,2.1364794466869132e-15,1.8829434556134336e-17
1.232242465019226,2.1129063764340037e-15,2.0711445652980903e-17
1.2324151992797852,2.1449078499146724e-15,3.265891227057584e-17
1.2325880527496336,2.1135934513300383e-15,4.2213314162144837e-17
1.2327607870101929,2.1415840717607786e-15,3.8997534926667483e-17
1.232933521270752,2.18471167763398e-15,2.693105878873375e-17
1.233106255531311,2.2266588803007015e-15,1.976917817788764e-17
1.23327898979187,2.1882140525853837e-15,1.8997872593899218e-17
1.2334518432617188,2.0898189529088503e-15,1.8454460631046185e-17
1.2336245775222778,2.0409378416018945e-15,1.8516583430628e-17
1.2337973117828367,2.1487407462989823e-15,1.8788819521276517e-17
1.233970046043396,2.200253013054078e-15,1.9120759579805216e-17
1.234142780303955,2.1620264703134937e-15,1.9174100570011277e-17
1.234315514564514,2.1294789643300443e-15,1.9222380517456362e-17
1.2344883680343628,2.1916675641357958e-15,1.9020598943029764e-17
1.2346611022949219,2.090635974578701e-15,1.9168024318079874e-17
1.2348338365554807,1.9861444721522866e-15,2.4819233675079653e-17
1.23500657081604,2.076967451693541e-15,4.603700531650537e-17
1.2351793050765991,2.194776257974409e-15,6.077476850449784e-17
1.2353521585464475,2.1720863563533903e-15,5.26994746969345e-17
1.2355248928070068,2.17379081420107e-15,3.1843007497513946e-17
1.235697627067566,2.2256493923090427e-15,2.0890944302972086e-17
1.235870361328125,2.1217811649668885e-15,1.921451222963298e-17
1.236043095588684,2.0275095815530503e-15,1.8845616223486364e-17
1.2362159490585327,2.1016616062643914e-15,1.9769639939694224e-17
1.2363886833190916,2.203284891065805e-15,2.0562599985298266e-17
1.2365614175796509,2.1921028538214826e-15,2.042668531521012e-17
1.23673415184021,2.140093844719192e-15,1.9415126896967128e-17
1.236906886100769,2.183405168445029e-15,1.8737919033903813e-17
1.237079620361328,2.2677815930921814e-15,1.8642396019315784e-17
1.2372524738311768,2.2853905545192908e-15,1.8670768531763662e-17
1.2374252080917358,2.216718058792478e-15,1.880974883348469e-17
1.2375979423522947,2.0502165533578214e-15,1.8364470423086506e-17
1.237770676612854,1.9867839639111116e-15,1.7980516314416876e-17
1.237943410873413,2.062166535493706e-15,1.7985692380876962e-17
1.2381162643432615,2.1237743222972807e-15,1.8303659560478628e-17
1.2382889986038208,2.2287230922709636e-15,1.8908132437459353e-17
1.2384617328643799,2.247024036271937e-15,1.8950516170067296e-17
1.2386344671249387,2.2051378595121303e-15,1.8548156602529458e-17
1.238807201385498,2.17343298047416e-15,1.9855144223388493e-17
1.2389800548553467,2.025272533972295e-15,1.964344227166593e-17
1.2391527891159055,1.9119653485242383e-15,2.0247556741468256e-17
1.2393255233764648,1.793317115957345e-15,2.1112649982497216e-17
1.239498257637024,1.7772902404981397e-15,2.0837096541685876e-17
1.239670991897583,1.9497401715272737e-15,2.0480102987882258e-17
1.239843726158142,2.0297195302170983e-15,2.5681859741113144e-17
1.2400165796279907,1.975117773580111e-15,3.617239617749951e-17
1.2401893138885498,1.912616362657096e-15,3.895421266735518e-17
1.2403620481491089,2.0233704887476812e-15,3.098769793895012e-17
1.240534782409668,2.0378357624594853e-15,2.0479782921936903e-17
1.240707516670227,1.957830158362141e-15,1.9083031806496148e-17
1.2408803701400757,1.8642038278941444e-15,1.8662575176964525e-17
1.2410531044006348,1.8936174615179457e-15,1.8731197649051297e-17
1.2412258386611938,2.0411036357615897e-15,1.9070295849087114e-17
1.2413985729217527,2.1544916912051737e-15,1.944512807831404e-17
1.241571307182312,2.11135939103144e-15,1.9298339501134385e-17
1.2417441606521606,2.0203228208159835e-15,1.9002006779026757e-17
1.2419168949127195,1.973592552661832e-15,2.0182625029813896e-17
1.2420896291732788,1.8848713394950947e-15,2.968421270637857e-17
1.242262363433838,1.8701643093058967e-15,4.7374540898034634e-17
1.2424350976943968,1.902107104029917e-15,5.186894357697381e-17
1.242607831954956,1.8527463205595176e-15,3.968077569939877e-17
1.2427806854248047,1.9307803184334565e-15,2.3278507895562185e-17
1.2429534196853635,1.8387897383235358e-15,2.0427948908890234e-17
1.2431261539459229,1.8546797322467765e-15,1.8748731261620436e-17
1.243298888206482,1.78358391055901e-15,1.8250715318684002e-17
1.243471622467041,1.550156082506765e-15,1.7409271950398756e-17
1.2436444759368896,1.3765061175598356e-15,1.6694886427369956e-17
1.2438172101974487,1.4966078762732476e-15,1.709180320682658e-17
1.2439899444580078,1.754611861251154e-15,1.7963439462623924e-17
1.244162678718567,1.8110184697540145e-15,1.7999478554669206e-17
1.244335412979126,1.8683442009632946e-15,1.7986724260148716e-17
1.2445082664489746,1.8864962076110283e-15,1.8196127404899153e-17
1.2446810007095337,1.9111316834252294e-15,1.8653383283096276e-17
1.2448537349700928,1.9930704858325356e-15,1.9295602270497526e-17
1.2450264692306519,2.0304200478828385e-15,1.9562092177220785e-17
1.2451992034912107,2.057441295253738e-15,1.999760024123489e-17
1.24537193775177,2.154239905994826e-15,2.0200922133023525e-17
1.2455447912216187,2.0630921662076807e-15,1.9541501268069426e-17
1.2457175254821775,2.0543545792767056e-15,1.9306906266203106e-17
1.2458902597427368,2.0320551581090237e-15,1.9218007949879938e-17
1.246062994003296,2.0730248793786224e-15,1.8828871106709696e-17
1.2462357282638548,2.021293474139605e-15,1.842710166075861e-17
1.2464085817337036,1.857044592828378e-15,1.7946562652046826e-17
1.2465813159942627,1.8973295863522075e-15,1.8115999228880818e-17
1.2467540502548216,1.964323229506969e-15,1.8328978110364547e-17
1.2469267845153809,2.013441829745381e-15,1.8294160936746077e-17
1.24709951877594,2.077101452635998e-15,1.8712100380978273e-17
1.2472723722457884,2.1034426665616602e-15,1.9522450676280098e-17
1.2474451065063477,2.0229437341538708e-15,2.0382572893095216e-17
1.2476178407669067,2.0918426231927003e-15,2.0902845088304952e-17
1.2477905750274658,2.0217202287334156e-15,2.044540417198317e-17
1.247963309288025,2.0652713885409744e-15,2.071214246321611e-17
1.248136043548584,2.018430590947027e-15,2.706407952923262e-17
1.2483088970184326,2.0606927385039804e-15,3.207274149783514e-17
1.2484816312789917,2.0911013504632512e-15,2.927426157469927e-17
1.2486543655395508,2.0176445089852276e-15,2.1481144239202005e-17
1.2488270998001099,1.9980129441607527e-15,1.9514115625619734e-17
1.2489998340606687,2.0313362899957495e-15,1.880087533855167e-17
1.2491726875305176,2.081765240214457e-15,1.8413555536425386e-17
1.2493454217910767,2.1281797099691877e-15,1.8734123251833083e-17
1.2495181560516355,2.0933891818406697e-15,1.9610162081389233e-17
1.2496908903121948,2.0163900638567216e-15,1.9833911515336282e-17
1.249863624572754,2.0279004887609807e-15,1.980472050091356e-17
1.2500364780426023,2.128087317599628e-15,2.6479429069732374e-17
1.2502092123031616,2.033087904226046e-15,3.6652685134691484e-17
1.2503819465637207,1.99119681978841e-15,3.6714517874510325e-17
1.2505546808242796,2.0696940597739306e-15,2.588688031622636e-17
1.2507274150848389,2.1085620146690122e-15,1.919047227651836e-17
1.250900149345398,2.0687466645756715e-15,1.9105638130897185e-17
1.2510730028152464,1.98311387440434e-15,2.057117675242778e-17
1.2512457370758057,1.991814973817545e-15,2.0636710254739822e-17
1.2514184713363647,2.0142522367190272e-15,1.913910669331881e-17
1.2515912055969238,1.9496639958322785e-15,1.8291095305113196e-17
1.251763939857483,1.9585027236019863e-15,1.8119813348063e-17
1.2519367933273315,1.9642355314379413e-15,1.7962957696695756e-17
1.2521095275878906,1.9016302057713333e-15,1.774852851639712e-17
1.2522822618484497,1.7831633439068097e-15,1.7480003190302598e-17
1.2524549961090088,1.4787248317082633e-15,1.8597723481796505e-17
1.2526277303695679,1.2400319188548799e-15,2.039716589979138e-17
1.2528005838394165,1.4664142419406088e-15,2.0491560348519994e-17
1.2529733180999756,1.7781302002274076e-15,1.8444456903243614e-17
1.2531460523605347,1.8856467525920482e-15,1.817964567572335e-17
1.2533187866210935,2.00679107277814e-15,1.8458099714164496e-17
1.2534915208816528,2.083179931692939e-15,1.8514281289635608e-17
1.253664255142212,2.074034580747578e-15,1.9595255676788242e-17
1.2538371086120603,2.0341394275451943e-15,1.937955123373857e-17
1.2540098428726196,2.0741440433008905e-15,2.0040969176830892e-17
1.2541825771331787,2.138714787249293e-15,2.2794336471772613e-17
1.2543553113937376,2.2531494583341976e-15,2.3131359244194e-17
1.2545280456542969,2.2074352928679096e-15,2.0238613232109688e-17
1.2547008991241455,2.0917685812706742e-15,1.880842856146009e-17
1.2548736333847044,2.1194295337776954e-15,1.861419687592165e-17
1.2550463676452637,2.0689500131396217e-15,1.8431760954077753e-17
1.2552191019058228,2.0858443739993954e-15,1.8382379112935362e-17
1.2553918361663818,2.092002869542676e-15,1.8406685787671114e-17
1.2555646896362305,2.1012032718306386e-15,1.9292730012039962e-17
1.2557374238967896,2.194107106771314e-15,2.2496633467336425e-17
1.2559101581573486,2.309038946958008e-15,2.377398164804721e-17
1.2560828924179075,2.232022332035713e-15,2.0971380875864858e-17
1.2562556266784668,2.1155230222259532e-15,1.8923640632718026e-17
1.2564283609390259,2.168176857519492e-15,1.864285778112237e-17
1.2566012144088743,2.1722504434947107e-15,1.853336688863771e-17
1.2567739486694336,2.160207002102782e-15,1.8796416086448377e-17
1.2569466829299927,2.059412474722549e-15,2.0965139589930378e-17
1.2571194171905515,2.0147532466121608e-15,2.4511671972722386e-17
1.2572921514511108,2.092198963278532e-15,2.6228223978910082e-17
1.2574650049209595,2.193134106297426e-15,2.4751403032805618e-17
1.2576377391815183,2.1863145678883327e-15,2.20730061845336e-17
1.2578104734420776,2.0935541224911777e-15,1.9228658477613748e-17
1.2579832077026367,2.0397038806938912e-15,1.8606973721019378e-17
1.2581559419631958,2.104657210135645e-15,1.8816193494655282e-17
1.2583287954330444,2.104361895956728e-15,1.894498503044908e-17
1.2585015296936035,2.1714859126398994e-15,1.9734059275435266e-17
1.2586742639541624,2.1991398236961223e-15,2.3452038649280548e-17
1.2588469982147217,2.1446729215107795e-15,2.881809092009812e-17
1.2590197324752808,2.0362000121014093e-15,3.097503866400716e-17
1.2591924667358398,2.0616860098210746e-15,2.8060784887198845e-17
1.2593653202056885,2.060230990033478e-15,2.340358199876146e-17
1.2595380544662476,1.9847071626803324e-15,2.47777851351558e-17
1.2597107887268066,1.940227384876642e-15,2.5656829583980074e-17
1.2598835229873655,2.0301339089276886e-15,2.2531098901817026e-17
1.2600562572479248,2.0806243118079042e-15,2.2653269073366234e-17
1.2602291107177734,2.0967912694625282e-15,2.3084421239905233e-17
1.2604018449783323,2.0497003936766074e-15,2.4158637567982442e-17
1.2605745792388916,2.050018539226293e-15,2.5816679185544518e-17
1.2607473134994507,2.088361585970987e-15,2.798364899436758e-17
1.2609200477600095,2.2109171835988104e-15,2.931642359495965e-17
1.2610929012298584,2.1873991646885027e-15,2.809754246061104e-17
1.2612656354904175,2.2604951851574594e-15,2.7441297249958545e-17
1.2614383697509763,2.2849386214044452e-15,2.713789807190106e-17
1.2616111040115356,2.252920291117321e-15,2.679563922065483e-17
1.2617838382720947,2.1665447345754633e-15,2.6167908218311428e-17
1.2619565725326538,2.1169347264222785e-15,2.5775722413609626e-17
1.2621294260025024,2.105774240284944e-15,2.4780694067836265e-17
1.2623021602630615,2.0617246311118145e-15,2.483616049596072e-17
1.2624748945236206,2.0619540117059882e-15,2.633558109842569e-17
1.2626476287841797,2.179827044553224e-15,2.7287678932267786e-17
1.2628203630447388,2.280991994920885e-15,2.5328135194178522e-17
1.2629932165145874,2.2372970188152122e-15,2.3105077162451746e-17
1.2631659507751465,2.1549993157945114e-15,2.230491730008728e-17
1.2633386850357056,2.130827082091892e-15,2.27169638635026e-17
1.2635114192962646,2.1384525465513965e-15,2.2765680567602286e-17
1.2636841535568235,2.2078306809990755e-15,2.213350031521638e-17
1.2638570070266724,2.1703680289814123e-15,2.1681095436503587e-17
1.2640297412872314,2.0785688483068158e-15,2.2764165255392234e-17
1.2642024755477903,2.030239530689657e-15,2.5684688657307274e-17
1.2643752098083496,2.1091191427912313e-15,2.6648777295029366e-17
1.2645479440689087,2.2172058392932035e-15,2.3878064759663427e-17
1.2647206783294676,2.1067894894636193e-15,2.1405720365776377e-17
1.2648935317993164,2.0331608792615875e-15,2.154147166887158e-17
1.2650662660598755,2.0773470499047362e-15,2.173652685741527e-17
1.2652390003204343,2.2233020286657874e-15,2.1521467547286708e-17
1.2654117345809937,2.2912840354598153e-15,2.1252770519148586e-17
1.2655844688415527,2.1628560812438618e-15,2.1646506643273214e-17
1.2657573223114011,2.121915379286642e-15,2.308455793473606e-17
1.2659300565719604,2.1032638563868532e-15,2.5880345636508637e-17
1.2661027908325195,2.1434551772773413e-15,2.8122197540464405e-17
1.2662755250930786,2.1460566732812104e-15,2.639302960159718e-17
1.2664482593536377,2.086955429584382e-15,2.5039800786684578e-17
1.2666211128234863,2.152285796709767e-15,2.742321685806608e-17
1.2667938470840454,2.218327136988441e-15,2.7865166249230514e-17
1.2669665813446045,2.2192866946926235e-15,2.5094903806600243e-17
1.2671393156051636,2.198611074754391e-15,2.3533363738573712e-17
1.2673120498657227,2.2146111713628354e-15,2.7303125448151568e-17
1.2674849033355713,2.227521137957496e-15,3.095923874197538e-17
1.2676576375961304,2.206305460080796e-15,2.874088834686157e-17
1.2678303718566895,2.2308707347643153e-15,2.3988165777856428e-17
1.2680031061172483,2.2128864426719494e-15,2.34785074361576e-17
1.2681758403778076,2.0998402176580082e-15,3.2094462639856046e-17
1.2683485746383667,2.034195972528875e-15,4.7134471434894597e-17
1.268521428108215,1.9775440868232215e-15,6.050011858317807e-17
1.2686941623687744,1.956239643991009e-15,6.533248089423286e-17
1.2688668966293335,2.224659748405996e-15,6.267333301195588e-17
1.2690396308898924,2.4152752355412167e-15,5.688445362319888e-17
1.2692123651504517,2.3706089659800314e-15,5.0926576081272627e-17
1.2693852186203003,2.2705909185832365e-15,4.648779819642046e-17
1.2695579528808592,2.277674618085898e-15,4.553619546458758e-17
1.2697306871414185,2.2857037923911476e-15,4.6112224147684756e-17
1.2699034214019775,2.2079392900432003e-15,4.453529590912907e-17
1.2700761556625366,2.136293168306715e-15,4.0009606784031154e-17
1.2702490091323853,2.17763267243185e-15,3.388204094674096e-17
1.2704217433929443,2.178734339415772e-15,2.8383541386909955e-17
1.2705944776535034,2.0655353362572464e-15,2.7512566934135047e-17
1.2707672119140625,2.0905096552189328e-15,3.0094650605016434e-17
1.2709399461746216,2.133503046772381e-15,3.214864713718894e-17
1.2711126804351807,2.1852991053323605e-15,3.1389297349867734e-17
1.2712855339050293,2.2253135364437137e-15,2.6674287551080474e-17
1.2714582681655884,2.2090629348887035e-15,2.2072437734078566e-17
1.2716310024261475,2.1507565216228463e-15,2.342786866937563e-17
1.2718037366867063,2.157273704402225e-15,2.6450293066644005e-17
1.2719764709472656,2.220060827525796e-15,2.871227245093441e-17
1.2721493244171143,2.2009251515393293e-15,2.759895973422971e-17
1.2723220586776731,2.1921162965911878e-15,2.6633190750294484e-17
1.2724947929382324,2.151541536698161e-15,2.970957793254818e-17
1.2726675271987915,2.16430064554391e-15,3.181608528388097e-17
1.2728402614593504,2.228344560946254e-15,2.983910795383049e-17
1.2730131149291992,2.2010728086287878e-15,2.8070500222248564e-17
1.2731858491897583,2.20027008323783e-15,2.623091786728351e-17
1.2733585834503172,2.207299371529781e-15,2.2502516346092508e-17
1.2735313177108765,2.1958606413972817e-15,2.1050472171581042e-17
1.2737040519714355,2.096338269461198e-15,2.355889399874641e-17
1.2738767862319946,2.1377904367990993e-15,2.655269749905723e-17
1.2740496397018433,2.1431118532066205e-15,2.8335821554869246e-17
1.2742223739624023,2.103531004762579e-15,2.930976222247188e-17
1.2743951082229614,2.0781723932891654e-15,3.1955153937139004e-17
1.2745678424835205,2.064098240162589e-15,3.360353689799585e-17
1.2747405767440796,2.0969242035185e-15,3.5035735316884996e-17
1.2749134302139282,2.150696562602416e-15,3.696466608090887e-17
1.2750861644744873,2.2336984107029045e-15,4.17632981089513e-17
1.2752588987350464,2.2918533260879585e-15,4.634056119351527e-17
1.2754316329956055,2.302482716133296e-15,4.1800195711214594e-17
1.2756043672561643,2.124609907791962e-15,2.9178285133355316e-17
1.2757772207260132,2.0879548888430856e-15,2.557932861592989e-17
1.2759499549865723,2.235111821917605e-15,3.4504482525935294e-17
1.2761226892471311,2.284872474442405e-15,4.292810810265599e-17
1.2762954235076904,2.2350198563026387e-15,5.1346595954149644e-17
1.2764681577682495,2.1885714595577e-15,5.595780936706341e-17
1.2766408920288084,2.2109989071035252e-15,4.6174763699799597e-17
1.2768137454986572,2.1665417472933066e-15,2.7105543072247663e-17
1.2769864797592163,2.101434999575078e-15,2.579837374728423e-17
1.2771592140197752,2.1791440238258304e-15,3.1385556579131365e-17
1.2773319482803345,2.283892005763125e-15,3.380188109753011e-17
1.2775046825408936,2.28923177261818e-15,3.503546859526386e-17
1.277677536010742,2.2575633810979805e-15,3.865301394267203e-17
1.2778502702713013,2.323706075592684e-15,3.557786701595659e-17
1.2780230045318604,2.2073977384636543e-15,3.6464799756725845e-17
1.2781957387924194,2.09685250874674e-15,5.3297231190093105e-17
1.2783684730529783,2.070352968866774e-15,6.134041838251271e-17
1.2785413265228271,2.1964583112059136e-15,5.146351337677269e-17
1.2787140607833862,2.235121423895966e-15,3.2563989379635355e-17
1.278886795043945,2.1103829765208016e-15,2.2998995305687172e-17
1.2790595293045044,2.1889450832045813e-15,1.91364711503e-17
1.2792322635650635,2.252179231765169e-15,2.0063765540386985e-17
1.2794049978256223,2.231468617950244e-15,2.3198758130843834e-17
1.2795778512954712,2.2325374248304425e-15,2.5578720157231682e-17
1.2797505855560303,2.3110284768743527e-15,2.700501402623302e-17
1.2799233198165891,2.267378096623734e-15,3.0201012519483193e-17
1.2800960540771484,2.2095178552857054e-15,3.860926826278618e-17
1.2802687883377075,2.2547036985648556e-15,4.210750236102166e-17
1.280441641807556,2.2949310802185206e-15,4.355073638698512e-17
1.2806143760681152,2.1273014490151255e-15,5.319570693902962e-17
1.2807871103286743,2.104066368400514e-15,5.494570416949709e-17
1.2809598445892332,2.205132951834302e-15,4.24047769438539e-17
1.2811325788497925,2.1798624651845105e-15,2.3421727404049074e-17
1.2813054323196411,2.2867743062897216e-15,2.0366357885540546e-17
1.2814781665802,2.291169878605971e-15,1.9387786263791005e-17
1.2816509008407593,2.2290708972649194e-15,1.9119682691259898e-17
1.2818236351013184,2.2531761304963106e-15,1.9565602900558928e-17
1.2819963693618774,2.3558729164784547e-15,2.0496759753121926e-17
1.2821691036224363,2.8012382781251277e-15,2.3549942154337178e-17
1.2823419570922852,3.0612929256149427e-15,2.9487248791233657e-17
1.2825146913528442,2.699895584469145e-15,3.2978328081982275e-17
1.282687425613403,2.4317020867434714e-15,2.877355841142993e-17
1.2828601598739624,2.3915374380150965e-15,2.1119989828108734e-17
1.2830328941345215,2.403237555336305e-15,2.1011444130368952e-17
1.28320574760437,2.3376566832643526e-15,2.5495488008347425e-17
1.2833784818649292,2.2279877941058283e-15,3.5042116631670565e-17
1.2835512161254883,2.166412013896788e-15,3.659460650169007e-17
1.2837239503860471,2.2572232576867133e-15,2.8671900799555877e-17
1.2838966846466064,2.3149416031222994e-15,1.9031631216083825e-17
1.284069538116455,2.2435910089420275e-15,1.8265083279012337e-17
1.284242272377014,2.207209753065081e-15,1.9161496306402672e-17
1.2844150066375732,2.301139079294683e-15,2.4302593894947706e-17
1.2845877408981323,2.229994820960519e-15,2.828963203812978e-17
1.2847604751586914,2.286257719853914e-15,2.6192501618789897e-17
1.2849332094192505,2.2614340452638426e-15,1.9938839801089462e-17
1.2851060628890991,2.2299314479033383e-15,1.837775315981886e-17
1.2852787971496582,2.232039828974059e-15,1.804106879045428e-17
1.2854515314102173,2.3479090356260587e-15,1.830284772654431e-17
1.2856242656707764,2.331832976699916e-15,1.8331690335849433e-17
1.2857969999313354,2.1444640251371094e-15,1.8204230741151157e-17
1.285969853401184,2.1024722266153347e-15,1.7709437128800017e-17
1.2861425876617432,2.0875501121108562e-15,1.763394657496911e-17
1.2863153219223022,2.1105167640859607e-15,1.7995169333477798e-17
1.286488056182861,2.110946719339225e-15,2.0681299441752496e-17
1.2866607904434204,2.135313126382029e-15,2.4403226295590535e-17
1.286833643913269,2.108806545051265e-15,2.3650191142649626e-17
1.287006378173828,2.178736686566038e-15,1.961361279236262e-17
1.2871791124343872,2.2545280890495026e-15,1.936978255436462e-17
1.2873518466949463,2.307847448132089e-15,1.961286430481332e-17
1.2875245809555051,2.3856635877858875e-15,1.90224093160332e-17
1.2876973152160645,2.323640355385238e-15,1.8154342128928622e-17
1.287870168685913,2.1118565601332293e-15,1.8910931347471106e-17
1.288042902946472,2.0902858224344794e-15,2.054677339110437e-17
1.2882156372070312,2.0540268317486594e-15,1.983052915177831e-17
1.2883883714675903,2.098890902064076e-15,2.048504233890359e-17
1.2885611057281494,2.170825723283274e-15,2.0217938972451722e-17
1.288733959197998,2.1096073500465507e-15,2.167343219092645e-17
1.2889066934585571,2.0576288538977172e-15,2.2066826577974004e-17
1.2890794277191162,2.19889934748251e-15,2.028876356492296e-17
1.2892521619796753,2.2770039732417247e-15,1.9660789179100278e-17
1.2894248962402344,2.342953347905433e-15,2.135027060775325e-17
1.289597749710083,2.2169209806018346e-15,2.2022302404356476e-17
1.289770483970642,2.1958269277843707e-15,2.1281604793403047e-17
1.2899432182312012,2.3008249879136385e-15,2.0920900475045434e-17
1.2901159524917603,2.206114274022769e-15,2.3694773661621777e-17
1.2902886867523191,2.0473451350733665e-15,3.925895212155885e-17
1.2904614210128784,1.94056878855169e-15,7.197489614277315e-17
1.290634274482727,2.1257455017660922e-15,8.185179114645239e-17
1.290807008743286,2.260351368859345e-15,6.286055825390923e-17
1.2909797430038452,2.2165221784339186e-15,2.6641870872052188e-17
1.2911524772644043,2.1121623297996948e-15,2.0950353210058888e-17
1.2913252115249632,2.1589730411947787e-15,1.9896182678819856e-17
1.291498064994812,2.163780004939462e-15,2.2718152441726764e-17
1.291670799255371,2.293886171595575e-15,2.4288786050023744e-17
1.29184353351593,2.2834539421725783e-15,2.74915976136837e-17
1.2920162677764893,2.0899454856459154e-15,4.6452204196080436e-17
1.2921890020370483,2.0033467364514945e-15,5.24284555236824e-17
1.2923618555068968,2.302808970020264e-15,3.9910496363638915e-17
1.292534589767456,2.364840310758197e-15,2.1215222782933777e-17
1.2927073240280151,2.3215366686150482e-15,1.9006099288900996e-17
1.2928800582885742,2.2028658180546826e-15,1.8498538045948313e-17
1.2930527925491333,2.1435691207538883e-15,1.876946886766342e-17
1.2932255268096924,2.2295064003279027e-15,1.8972962461495656e-17
1.293398380279541,2.1660569540747376e-15,1.9043808725098612e-17
1.2935711145401,2.1159950128067077e-15,2.0066119358693473e-17
1.2937438488006592,2.1340032031563273e-15,1.991986422475608e-17
1.2939165830612183,2.2258661836426985e-15,1.8913846948192098e-17
1.2940893173217771,2.3588045071606363e-15,2.3372703970085082e-17
1.294262170791626,2.2694845572987824e-15,3.304963944141207e-17
1.294434905052185,2.157494336527225e-15,3.404954545883188e-17
1.294607639312744,2.236486185086972e-15,2.527019992404847e-17
1.2947803735733032,2.1860422984574818e-15,1.8308523896044016e-17
1.2949531078338623,2.186656398317975e-15,1.793569374598571e-17
1.2951259613037107,2.371472503900607e-15,1.8530768019841806e-17
1.29529869556427,2.3863999528375077e-15,1.9140900396220917e-17
1.295471429824829,2.293352941730609e-15,1.9247047266380643e-17
1.295644164085388,2.1525922065081227e-15,1.8618571110508206e-17
1.2958168983459473,2.2179891473501426e-15,1.8196034052331753e-17
1.2959896326065063,2.2065096621539347e-15,1.8027164258942666e-17
1.2961624860763548,2.1158597316004695e-15,1.780159444993139e-17
1.296335220336914,2.123763440055139e-15,1.8202265336205447e-17
1.2965079545974731,2.2025602617655145e-15,1.8532833445395444e-17
1.2966806888580322,2.2496884785783933e-15,1.8188404146957258e-17
1.2968534231185913,2.2700201343140146e-15,1.8198232838695962e-17
1.29702627658844,2.1904474727520915e-15,2.0932219473842207e-17
1.297199010848999,2.141873411375382e-15,2.4179361837944365e-17
1.297371745109558,2.1227023147576287e-15,2.364013907155323e-17
1.2975444793701172,2.2787425714569093e-15,2.0487966274675246e-17
1.2977172136306763,2.357011284357444e-15,1.8678435111361066e-17
1.297890067100525,2.20378099328111e-15,1.8087621715402544e-17
1.298062801361084,2.2105294770503333e-15,1.7855632250372654e-17
1.298235535621643,2.188038229692734e-15,1.8982296051225133e-17
1.298408269882202,2.2138084459718773e-15,3.186477864983881e-17
1.2985810041427612,2.1232933698700565e-15,4.0704053198870234e-17
1.2987537384033203,2.2600936090846833e-15,3.6761904304524616e-17
1.2989265918731687,2.35340691505812e-15,2.1968926406937645e-17
1.299099326133728,2.380514153479672e-15,1.8259027031202517e-17
1.299272060394287,2.2744577419577547e-15,1.7652927152332887e-17
1.299444794654846,2.191406390324384e-15,1.7568676460257937e-17
1.2996175289154053,2.2444242472864434e-15,1.790041981159105e-17
1.299790382385254,2.30684137417718e-15,1.821190398878909e-17
1.2999631166458128,2.3692949885856885e-15,1.8676141305419334e-17
1.300135850906372,2.2619502049450562e-15,1.9321227550247746e-17
1.3003085851669312,2.1290037730898362e-15,1.9659805643122353e-17
1.3004813194274902,2.070339312719772e-15,1.9475949428645934e-17
1.3006541728973389,2.185309134065315e-15,1.9770540125165546e-17
1.300826907157898,2.2425962439838553e-15,2.0351253106733836e-17
1.300999641418457,2.1626348089869706e-15,1.998698138669359e-17
1.301172375679016,2.1528375903995637e-15,2.0330422148123456e-17
1.3013451099395752,2.1071417753808106e-15,2.041217399201043e-17
1.3015178442001343,2.1119084108163775e-15,2.038164936948205e-17
1.301690697669983,2.210448180300213e-15,1.991924576399708e-17
1.301863431930542,2.3294954284123185e-15,2.5655109229523778e-17
1.302036166191101,2.285618014717792e-15,5.560368973872748e-17
1.30220890045166,2.2073187888637993e-15,6.801466018849455e-17
1.3023816347122192,1.9870560199646657e-15,5.512225054454437e-17
1.3025544881820679,2.0309272457175823e-15,2.627429180390991e-17
1.3027272224426267,2.1906284166998672e-15,1.857895794873976e-17
1.302899956703186,2.2469523415001767e-15,1.819596570491634e-17
1.3030726909637451,2.295295955396229e-15,1.798034961340367e-17
1.303245425224304,2.200384240091674e-15,1.7492414080735877e-17
1.3034182786941528,2.0967895624441526e-15,1.7465798596967208e-17
1.303591012954712,2.249297571370463e-15,1.8036857922860668e-17
1.3037637472152708,2.2826032068898167e-15,1.786215859503972e-17
1.30393648147583,2.158671112319658e-15,1.7485145916560042e-17
1.3041092157363892,2.1512976464477985e-15,1.7718999098917588e-17
1.3042819499969482,2.1030829124390776e-15,1.851030380346048e-17
1.3044548034667969,2.19720598525427e-15,1.9085804044345784e-17
1.304627537727356,2.198417328168801e-15,1.8513362767052838e-17
1.304800271987915,2.196894667778085e-15,1.8277680874580408e-17
1.304973006248474,2.222681100731793e-15,2.2203483067570927e-17
1.3051457405090332,2.211381705974173e-15,3.9708544754178837e-17
1.3053185939788818,2.211818702678235e-15,4.7304196404481444e-17
1.3054913282394407,2.2588387372015835e-15,3.973258304028333e-17
1.3056640625,2.37791009694824e-15,2.4062261044206792e-17
1.305836796760559,2.3423023337725744e-15,1.894211777302192e-17
1.306009531021118,2.2587433575498665e-15,1.8217901891244284e-17
1.3061823844909668,2.172727128375997e-15,1.7920162212585187e-17
1.3063551187515259,2.159433722778798e-15,1.7476144061846854e-17
1.3065278530120847,2.072960439434957e-15,1.7406056287853987e-17
1.306700587272644,2.2208616325210816e-15,1.8506854759497224e-17
1.3068733215332031,2.3229455989065138e-15,1.890834081372586e-17
1.3070460557937622,2.2033239391111385e-15,1.7893643415404175e-17
1.3072189092636108,2.255374130031732e-15,1.808526289606566e-17
1.30739164352417,2.2864049501887785e-15,1.8178010338783786e-17
1.307564377784729,2.2465187588328652e-15,1.7819856545928245e-17
1.307737112045288,2.2708648950324627e-15,1.7828089908970552e-17
1.3079098463058472,2.1968161449328237e-15,1.7892068090829368e-17
1.3080826997756958,1.9920994057543193e-15,1.8858733926215644e-17
1.3082554340362549,2.162178608326187e-15,3.514100033868485e-17
1.308428168296814,2.284522749052777e-15,6.697745982040001e-17
1.308600902557373,2.1504268536991276e-15,7.325993424122319e-17
1.308773636817932,2.3018274344544998e-15,5.2940747741389907e-17
1.3089464902877808,2.274411225707029e-15,2.6337863235296498e-17
1.3091192245483398,2.3046617250892927e-15,1.8419346729624204e-17
1.3092919588088987,2.3172650685083007e-15,1.787623482859494e-17
1.309464693069458,2.2154335274651082e-15,1.7568141350005543e-17
1.309637427330017,2.121332432511497e-15,1.783439454129005e-17
1.309810161590576,2.1445961056838936e-15,1.8561022586728792e-17
1.3099830150604248,2.1321839483229124e-15,1.8736337041288474e-17
1.3101557493209839,2.2047369235712453e-15,1.8610014347500274e-17
1.3103284835815427,2.1427695960223842e-15,1.8050063977126946e-17
1.310501217842102,2.1721443949781488e-15,1.888836669832337e-17
1.3106739521026611,2.2653768309560583e-15,1.9981176857413712e-17
1.3108468055725095,2.236538462524714e-15,1.9090500011887834e-17
1.3110195398330688,2.1948445387094188e-15,1.7917024899516626e-17
1.311192274093628,2.1613551853374295e-15,1.7275847793447927e-17
1.311365008354187,2.1921442490170826e-15,1.7091256427503262e-17
1.311537742614746,2.1575427731736224e-15,1.688857966863574e-17
1.3117105960845947,2.2310843254385175e-15,1.7002206413258073e-17
1.3118833303451538,2.2248622434607592e-15,1.717087449842118e-17
1.312056064605713,2.1423323859410253e-15,1.7176604012245115e-17
1.312228798866272,2.0585066880971857e-15,1.7866554500757998e-17
1.312401533126831,2.0865444649105418e-15,2.0395760610250047e-17
1.31257426738739,2.1186084579392036e-15,3.228027759123765e-17
1.3127471208572388,2.0376362546868786e-15,4.446691848753171e-17
1.3129198551177979,2.0454659212195218e-15,4.526058867945202e-17
1.3130925893783567,2.041744621161494e-15,3.087185740487239e-17
1.313265323638916,2.1994336442339613e-15,2.112854659111666e-17
1.313438057899475,2.2672219044423986e-15,1.8747155937045625e-17
1.3136109113693235,2.0982279388025913e-15,1.834025543390802e-17
1.3137836456298828,2.2701263962078734e-15,2.02238835305827e-17
1.313956379890442,2.392986483238381e-15,2.1061704485850946e-17
1.3141291141510008,2.288644131542503e-15,2.060034776272892e-17
1.31430184841156,2.2355238534779294e-15,2.0136387169780597e-17
1.3144747018814087,2.218536460116705e-15,1.9246012053088627e-17
1.3146474361419676,2.0987078243433314e-15,1.7867541370756184e-17
1.3148201704025269,2.0324146988543087e-15,1.7750132180144177e-17
1.314992904663086,2.233075775750535e-15,1.8630428553577638e-17
1.315165638923645,2.2813632714175e-15,1.8621380022580748e-17
1.315338373184204,2.1550221471652805e-15,2.1287757727800522e-17
1.3155112266540527,2.054741859070589e-15,4.2907707232659683e-17
1.3156839609146118,2.105454814471477e-15,5.915927565354677e-17
1.315856695175171,2.2156842457889715e-15,5.41586620098619e-17
1.31602942943573,2.1786863295239684e-15,3.102856635934801e-17
1.316202163696289,2.2019378401904417e-15,1.89288267012389e-17
1.3163750171661377,2.2853713505625695e-15,1.774367751691279e-17
1.3165477514266968,2.3176468004924645e-15,1.7579035261218638e-17
1.3167204856872559,2.1966044746542938e-15,1.7190076788132526e-17
1.3168932199478147,2.0624902288531103e-15,1.7419165655532606e-17
1.317065954208374,2.1950841614138437e-15,1.8727195157724188e-17
1.3172388076782227,2.2455521596778844e-15,1.8549826946681792e-17
1.3174115419387815,2.174147154286902e-15,1.7591571177411824e-17
1.3175842761993408,2.226232552461485e-15,1.7258760939594183e-17
1.3177570104599,2.274972194620593e-15,1.7253618213336738e-17
1.3179297447204588,2.168228921579937e-15,1.7078020367054604e-17
1.318102478981018,2.0395632650552303e-15,1.6823684631204282e-17
1.3182753324508667,2.087976866704667e-15,1.7383129897507594e-17
1.3184480667114256,2.320601222545415e-15,1.8400839583137934e-17
1.3186208009719849,2.3293957812146643e-15,1.8116164262883892e-17
1.318793535232544,2.3033364386982138e-15,1.8075560897096998e-17
1.318966269493103,2.5085217544207225e-15,1.86343560294488e-17
1.3191391229629517,2.4251657000073714e-15,1.7930791069187283e-17
1.3193118572235107,2.242035701824885e-15,1.7463768178626343e-17
1.3194845914840698,2.2796445172909283e-15,1.8016016962189496e-17
1.319657325744629,2.336700112842326e-15,1.7909106601389282e-17
1.319830060005188,2.2702606105276275e-15,1.7174060154783572e-17
1.3200029134750366,2.0969103339942007e-15,1.7227604520225744e-17
1.3201756477355957,2.0478092306941362e-15,1.871093180687569e-17
1.3203483819961548,2.1460963614584348e-15,1.9252061632857916e-17
1.3205211162567139,2.265849461668704e-15,1.87897697170518e-17
1.3206938505172727,2.2909658899101292e-15,1.8811587545660365e-17
1.320866584777832,2.216642096474779e-15,2.6995100316977586e-17
1.3210394382476807,2.0983898921709426e-15,3.7305793032275424e-17
1.3212121725082395,2.083060653783969e-15,3.769027558315692e-17
1.3213849067687988,2.077704456877052e-15,2.7064037853979317e-17
1.321557641029358,2.317959184855134e-15,2.0304105059168425e-17
1.3217303752899168,2.3903461525664743e-15,1.9043440315859426e-17
1.3219032287597656,2.3317265014287604e-15,1.8250483604275642e-17
1.3220759630203247,2.2343987149913474e-15,1.8289891723797842e-17
1.3222486972808836,2.1789398217526922e-15,1.8832463513544314e-17
1.3224214315414429,2.1468973798310172e-15,1.857635907994386e-17
1.322594165802002,2.27846539434823e-15,1.838422782717183e-17
1.3227670192718504,2.3702385429926037e-15,1.868380288398634e-17
1.3229397535324097,2.3330778198500616e-15,1.911213280237174e-17
1.3231124877929688,2.1773904891998627e-15,1.9027413680449676e-17
1.3232852220535278,2.1113051931980264e-15,2.2253506707614157e-17
1.3234579563140867,2.2136159796500686e-15,4.098668143068209e-17
1.323630690574646,2.2339585176278317e-15,5.24078779506121e-17
1.3238035440444946,2.101564946348893e-15,4.8612372603564643e-17
1.3239762783050537,1.831399415645221e-15,3.1574268794122515e-17
1.3241490125656128,1.9140060889918405e-15,2.011524948130592e-17
1.3243217468261719,2.300600728374591e-15,1.9060960592347508e-17
1.3244944810867307,2.5565647197054344e-15,1.9328325679390108e-17
1.3246673345565796,2.405365353741044e-15,1.9205240319278394e-17
1.3248400688171387,2.2785142577492205e-15,1.8679111917474686e-17
1.3250128030776975,2.1023744998133522e-15,1.6995966794333726e-17
1.3251855373382568,2.0109698537607327e-15,1.6099078669055745e-17
1.325358271598816,1.9996600035155648e-15,1.6335965809853662e-17
1.3255311250686643,1.9974876092557717e-15,1.6506664313357634e-17
1.3257038593292236,2.15959140860121e-15,1.6902634231059242e-17
1.3258765935897827,2.2142386146024387e-15,1.6897586524379327e-17
1.3260493278503416,2.2851690688851035e-15,1.667967329290466e-17
1.3262220621109009,2.201016690399702e-15,1.6390003610294927e-17
1.32639479637146,2.1748220666770135e-15,1.657696379763727e-17
1.3265676498413084,2.2448606038586144e-15,1.7418628878270082e-17
1.3267403841018677,2.200324067693947e-15,1.7880832442539198e-17
1.3269131183624268,2.081179092779858e-15,1.8122880646706014e-17
1.3270858526229858,2.0360495811070914e-15,1.808519121462998e-17
1.3272585868835447,2.128323099512708e-15,1.7703185840804745e-17
1.3274314403533936,2.211574172295982e-15,1.7446044526902146e-17
1.3276041746139526,2.3173760247026923e-15,1.824791640867225e-17
1.3277769088745115,2.1837418778195458e-15,1.8620701549456993e-17
1.3279496431350708,2.204012294270955e-15,1.8819962604563896e-17
1.3281223773956299,2.078621979253745e-15,1.8092486050967932e-17
1.3282952308654783,1.89576979831183e-15,1.7180778205615826e-17
1.3284679651260376,2.1153623491213834e-15,1.8243752217362333e-17
1.3286406993865967,2.1580333275792082e-15,1.7961909147322686e-17
1.3288134336471555,2.177544334230931e-15,1.8112651872535617e-17
1.3289861679077148,2.2151815288774627e-15,1.825538128004367e-17
1.329158902168274,1.9482898460402085e-15,1.737930744327475e-17
1.3293317556381223,2.0405879028349695e-15,1.792736202934561e-17
1.3295044898986816,2.1273588475079933e-15,1.7578125073686526e-17
1.3296772241592407,1.9771721701947155e-15,1.710144686044062e-17
1.3298499584197998,1.840583174504025e-15,1.7332012698817718e-17
1.3300226926803589,1.7757298123258712e-15,2.089332979447108e-17
1.3301955461502075,1.9013212354454146e-15,2.5689194585694266e-17
1.3303682804107666,2.1390698470713435e-15,2.4475044426100484e-17
1.3305410146713257,2.029635459562118e-15,1.8303272814127986e-17
1.3307137489318848,1.918015448400691e-15,1.6175374388780444e-17
1.3308864831924438,1.9736367217622917e-15,1.6631218309395705e-17
1.3310593366622925,1.9960379239005973e-15,1.7081211024447392e-17
1.3312320709228516,1.814908978008489e-15,1.7214165084540974e-17
1.3314048051834106,1.893087005557839e-15,1.9120441180869993e-17
1.3315775394439695,2.1457436487866504e-15,1.9473982356690086e-17
1.3317502737045288,1.9415902256719758e-15,1.7763063177738662e-17
1.331923007965088,1.7164152980207857e-15,1.7599382786890714e-17
1.3320958614349363,1.8701841533945087e-15,1.9871315888679728e-17
1.3322685956954956,1.7020810379692812e-15,2.803278245100029e-17
1.3324413299560547,1.477116607021488e-15,3.7043455647791153e-17
1.3326140642166135,1.6638014709704165e-15,3.744879582944514e-17
1.3327867984771729,1.911074071555065e-15,2.429891980461662e-17
1.3329596519470215,1.938593341536941e-15,1.7155379639243567e-17
1.3331323862075803,2.020520408192917e-15,1.6597998131483763e-17
1.3333051204681396,1.9559774032931124e-15,1.6092739029523472e-17
1.3334778547286987,1.6760687451467988e-15,1.5176766972253525e-17
1.3336505889892578,1.6230229357588453e-15,1.6425699298253e-17
1.3338234424591064,1.9237602053652725e-15,1.936783548653036e-17
1.3339961767196655,2.011720301713949e-15,1.9931136547269154e-17
1.3341689109802246,1.8515076653509824e-15,1.9472382026963297e-17
1.3343416452407837,1.7866110942702053e-15,1.7196388088492554e-17
1.3345143795013428,1.6806327788389549e-15,1.511312552644139e-17
1.3346871137619019,1.4654340933272744e-15,1.459283666113033e-17
1.3348599672317505,1.2837779988231616e-15,1.4812420236757335e-17
1.3350327014923096,1.4206030964928781e-15,1.5875547613435994e-17
1.3352054357528687,1.5510441588164849e-15,1.5912648590935403e-17
1.3353781700134275,1.5418516514885077e-15,1.5161760547044608e-17
1.3355509042739868,1.5443106114580442e-15,1.4601750164306524e-17
1.3357237577438354,1.4403960812424617e-15,1.4151060639019632e-17
1.3358964920043943,1.166193665458638e-15,1.4760729586582026e-17
1.3360692262649536,1.5094316384399592e-15,2.001466709096705e-17
1.3362419605255127,2.0695698741871315e-15,2.112023487859815e-17
1.3364146947860716,1.965074317592076e-15,1.7172081413756802e-17
1.3365875482559204,1.6023730277848901e-15,1.4475105737562834e-17
1.3367602825164795,1.4725751913228042e-15,1.3840053226719369e-17
1.3369330167770384,1.536456833290851e-15,1.47032010669242e-17
1.3371057510375977,1.4661660841443082e-15,1.5577266156483973e-17
1.3372784852981567,1.3961362954318804e-15,1.5832320373701217e-17
1.3374512195587158,1.2837559142729319e-15,1.5836402881514664e-17
1.3376240730285645,1.595051092530233e-15,1.7191127004515734e-17
1.3377968072891235,1.613835549485994e-15,1.633757447463111e-17
1.3379695415496826,1.4647092506496873e-15,1.5962252144425356e-17
1.3381422758102417,1.7470302458261636e-15,1.7121879403629434e-17
1.3383150100708008,1.781148208714836e-15,1.603130637213633e-17
1.3384878635406494,1.6139617621571137e-15,1.4645080758669488e-17
1.3386605978012085,1.4583163601457561e-15,1.4469822982454297e-17
1.3388333320617676,1.7079355775531204e-15,1.6255492562737987e-17
1.3390060663223267,1.7866031993102197e-15,1.6348433378631432e-17
1.3391788005828855,1.4655392883346488e-15,1.5157768057778294e-17
1.3393516540527344,1.4681459053936441e-15,1.6579500987058285e-17
1.3395243883132935,1.564265336198682e-15,1.6538312500715033e-17
1.3396971225738523,1.7616544856241619e-15,1.6013801098739437e-17
1.3398698568344116,1.804641262481406e-15,1.7502977923942822e-17
1.3400425910949707,1.4727708583040665e-15,2.0758673717032654e-17
1.3402153253555296,1.3570157018172635e-15,2.4271747539463834e-17
1.3403881788253784,1.5180416257473848e-15,2.250172118225951e-17
1.3405609130859375,1.6241650377405308e-15,2.0627173289774233e-17
1.3407336473464964,1.928300874243417e-15,1.8986843654865424e-17
1.3409063816070557,1.7342523597782868e-15,1.6013919456458813e-17
1.3410791158676147,1.5461100222028465e-15,1.4637777587280876e-17
1.3412519693374632,1.4031989772707974e-15,1.5187955944259997e-17
1.3414247035980225,1.4537256542914872e-15,1.736017350097882e-17
1.3415974378585815,1.5313027046841036e-15,1.8967574684748797e-17
1.3417701721191406,1.5695809914191868e-15,1.9061860777818824e-17
1.3419429063796997,1.4319126266721009e-15,2.3275795670077304e-17
1.3421157598495483,1.4058989468971886e-15,2.8649516187502404e-17
1.3422884941101074,1.4322222371299105e-15,2.806881654201517e-17
1.3424612283706665,1.3999718590324016e-15,2.1033510343487202e-17
1.3426339626312256,1.367478764259663e-15,1.6373428528551728e-17
1.3428066968917847,1.4312236313803937e-15,1.656219075384684e-17
1.3429794311523435,1.3899815339912957e-15,1.542415794389363e-17
1.3431522846221924,1.2672958829010088e-15,1.451234174288294e-17
1.3433250188827515,1.3426623444976865e-15,1.4762198222508382e-17
1.3434977531433103,1.4990506195682196e-15,1.4783307571810818e-17
1.3436704874038696,1.4454043664667744e-15,1.4592463250860746e-17
1.3438432216644287,1.234792972772613e-15,1.574559250457001e-17
1.3440160751342771,1.160876516597055e-15,1.8544150777182085e-17
1.3441888093948364,1.4720632991875284e-15,2.1620989719181576e-17
1.3443615436553955,1.5028583374314944e-15,2.073796945119231e-17
1.3445342779159544,1.2722790962929353e-15,2.0069961817047898e-17
1.3447070121765137,1.238980288847082e-15,2.112560598524369e-17
1.3448798656463623,1.368588646269516e-15,1.9842248233006778e-17
1.3450525999069212,1.6724246876702504e-15,1.7256200412031322e-17
1.3452253341674805,1.6318998580646997e-15,1.4966146910106677e-17
1.3453980684280396,1.320260288850193e-15,1.4142723921349136e-17
1.3455708026885986,1.2822912925069739e-15,1.638477753353088e-17
1.3457435369491575,1.5236190949111923e-15,1.8330610113283845e-17
1.3459163904190063,1.586873300937689e-15,1.7837260131707084e-17
1.3460891246795654,1.820178543732862e-15,1.7868251517072445e-17
1.3462618589401243,1.768216904390484e-15,1.671634751581026e-17
1.3464345932006836,1.2442260630028505e-15,1.5517330474195433e-17
1.3466073274612427,1.2573217745344677e-15,1.9043833730250593e-17
