wavelength,flux,err
1.930436134338379,1.5916503805074672e-15,8.337730519038238e-17
1.9307236671447752,1.4838281680649958e-15,9.319429023093262e-17
1.931011199951172,1.0633326890570345e-15,1.084898238057796e-16
1.931298851966858,1.3353611344222876e-15,8.576514459738061e-17
1.9315863847732544,1.2634399000367983e-15,6.693421641705008e-17
1.9318739175796509,1.4099078973647362e-15,5.069995839111404e-17
1.9321615695953367,1.6798943587356918e-15,3.036446656546267e-17
1.9324491024017332,1.7215481690881441e-15,2.7168656355063125e-17
1.9327367544174192,1.4683120529106767e-15,3.141348180628783e-17
1.933024287223816,1.6706300378916145e-15,2.9819992786858235e-17
1.9333118200302124,1.7593888256408114e-15,2.632235908464909e-17
1.9335994720458984,1.783440838987311e-15,4.039113802497181e-17
1.9338870048522947,1.4214734824081184e-15,7.4501377185044e-17
1.9341745376586912,1.5236681422491116e-15,7.315324905581827e-17
1.9344621896743777,1.572700326435478e-15,5.441461032820577e-17
1.934749722480774,1.5975782855489588e-15,5.717195333115966e-17
1.93503737449646,1.6721125767853435e-15,5.566434794925658e-17
1.9353249073028564,1.7065794961894602e-15,4.960454055030826e-17
1.9356124401092527,1.6177149333692874e-15,3.433028154924463e-17
1.9359000921249387,1.6240676265947504e-15,3.263652657711928e-17
1.9361876249313352,1.777622272361385e-15,4.763635236752385e-17
1.936475157737732,1.3782471118249362e-15,6.27942371056869e-17
1.936762809753418,1.8086614418147503e-15,4.973247517045062e-17
1.9370503425598145,1.7938525567892427e-15,3.0586964614804593e-17
1.9373379945755005,1.641706557402216e-15,2.679184145585824e-17
1.9376255273818968,1.6989726932129068e-15,3.427907312267933e-17
1.9379130601882937,1.3805811025311297e-15,5.005797028857178e-17
1.9382007122039793,1.4571519389727016e-15,4.6810781689447235e-17
1.938488245010376,1.5226598095024785e-15,3.362334445863981e-17
1.9387757778167725,1.623209048093107e-15,4.709668441550409e-17
1.9390634298324585,1.3972315803038828e-15,8.511663346436429e-17
1.9393509626388548,1.6406030458461499e-15,1.1107055268174687e-16
1.9396384954452512,1.2155193855901634e-15,9.806772659057825e-17
1.9399261474609375,1.6793613574028673e-15,5.928982836014618e-17
1.940213680267334,1.614825060907115e-15,2.9877861971854605e-17
1.94050133228302,1.5803335731797752e-15,2.679735350452029e-17
1.9407888650894165,1.4587139029418886e-15,3.5849942522958284e-17
1.9410763978958128,1.5096927047686677e-15,4.578145568570891e-17
1.9413640499114992,1.4033008938622462e-15,5.0170860327198484e-17
1.9416515827178955,1.5432173070732848e-15,4.1613593789008444e-17
1.941939115524292,1.6597241404584401e-15,2.568254239521612e-17
1.942226767539978,1.6905510095920458e-15,1.8484243469505878e-17
1.9425143003463743,1.683466142825644e-15,1.7455890352612734e-17
1.9428019523620603,1.7092536925317353e-15,1.8423344269455512e-17
1.9430894851684568,1.7174231288645424e-15,2.0189963191597812e-17
1.9433770179748535,1.573759202411948e-15,2.6719613398749138e-17
1.9436646699905396,1.3662960291602941e-15,3.2810066733320924e-17
1.943952202796936,1.6917880527979961e-15,3.1996882780228085e-17
1.9442397356033323,1.7643936368891424e-15,3.563510156194912e-17
1.9445273876190183,1.5173539894085517e-15,5.177537344395218e-17
1.9448149204254153,1.3447852431395413e-15,5.658235459915443e-17
1.9451025724411009,1.5718899468580203e-15,3.9473310128379864e-17
1.9453901052474976,1.4800349877493581e-15,2.592136267265354e-17
1.945677638053894,1.3811732741385869e-15,2.43859992466509e-17
1.94596529006958,1.2586441070803157e-15,2.758933321299931e-17
1.9462528228759763,1.37730282550869e-15,2.6584352823447218e-17
1.9465403556823728,1.6309983318215388e-15,2.3141077708521978e-17
1.9468280076980593,1.6793262865903277e-15,2.6281333735755575e-17
1.9471155405044556,1.4629892600438363e-15,3.3528745864855485e-17
1.9474031925201416,1.5296934766334613e-15,3.2758169666970626e-17
1.947690725326538,1.7012468572388852e-15,2.877355335186718e-17
1.9479782581329343,1.6097639863231588e-15,3.2105028530293456e-17
1.9482659101486208,1.302124975484977e-15,3.421914680947416e-17
1.9485534429550169,1.5060160833300003e-15,2.9195572324788595e-17
1.9488409757614136,1.734136715345422e-15,2.640384714907987e-17
1.9491286277770996,1.5015611524151818e-15,2.843702241489366e-17
1.949416160583496,1.4820979767222888e-15,2.838575245030502e-17
1.949703812599182,1.7215961804678778e-15,2.607175867131511e-17
1.9499913454055784,1.6073568532806525e-15,2.488302574406895e-17
1.950278878211975,1.479160092880383e-15,2.4208467910078333e-17
1.9505665302276611,1.3865203540119723e-15,2.522827456768234e-17
1.9508540630340576,1.3184775388955933e-15,2.7516419446487277e-17
1.951141595840454,1.4182721923832593e-15,2.7533975365431636e-17
1.95142924785614,1.4797329474092756e-15,3.225854831623506e-17
1.9517167806625368,1.5787212535252037e-15,4.5465730461388523e-17
1.9520044326782224,1.5067168431752144e-15,5.230388543145497e-17
1.9522919654846191,1.5798692131164139e-15,4.4791218048319897e-17
1.9525794982910156,1.556577504978665e-15,3.730704276999138e-17
1.9528671503067017,1.6146333904770845e-15,4.1994244558334867e-17
1.953154683113098,1.2793726451914234e-15,5.120540827177455e-17
1.9534422159194944,1.3409416133662925e-15,4.422537006294195e-17
1.9537298679351809,1.7281553601350864e-15,3.592172809237575e-17
1.9540174007415771,1.6519659891090544e-15,4.005039026820845e-17
1.9543049335479736,1.3626209080772433e-15,4.109942602170805e-17
1.9545925855636597,1.6927910405277448e-15,3.417895368908677e-17
1.954880118370056,1.7629429805522676e-15,3.1144129878127444e-17
1.955167770385742,1.610917009614575e-15,4.151058792908301e-17
1.9554553031921384,1.3298402946140461e-15,5.844447174237465e-17
1.9557428359985352,1.443910362933265e-15,7.611718399427167e-17
1.9560304880142212,1.465104198829995e-15,8.785562641483453e-17
1.9563180208206177,1.3318068857386057e-15,8.362416643620292e-17
1.956605553627014,1.3776916051578617e-15,5.238882548595693e-17
1.9568932056427,1.5872592147063572e-15,3.799652943540614e-17
1.957180738449097,1.569534200995385e-15,3.8056057216650626e-17
1.9574683904647827,1.7093469021244212e-15,3.941057064839343e-17
1.9577559232711792,1.6478411364299048e-15,4.281189441369297e-17
1.9580434560775757,1.5156498667446845e-15,4.137316473181799e-17
1.9583311080932615,1.4739263836282828e-15,3.476839711084262e-17
1.9586186408996584,1.6235648199187116e-15,3.450682534706169e-17
1.9589061737060545,1.6948757846571177e-15,4.994391981864781e-17
1.9591938257217407,1.4842954350673649e-15,7.081379611745786e-17
1.9594813585281372,1.5840349504861181e-15,5.527017639708768e-17
1.9597690105438232,1.502397038038123e-15,2.9471930796463576e-17
1.9600565433502195,1.52891160381272e-15,1.9470659888683656e-17
1.960344076156616,1.613047702134709e-15,1.8888596634155537e-17
1.9606317281723025,1.531344055356258e-15,2.1818152330236162e-17
1.9609192609786987,1.328247198265813e-15,2.509330996096886e-17
1.9612067937850952,1.4584763778933237e-15,2.3915917612309703e-17
1.9614944458007812,1.5555501364701454e-15,2.7494265758084776e-17
1.9617819786071775,1.5476868664553664e-15,3.7091756390908517e-17
1.9620696306228635,1.4792341729389565e-15,3.9109640923113284e-17
1.96235716342926,1.7328347817590503e-15,3.157210045702048e-17
1.9626446962356567,1.6869932913359999e-15,3.072744713094425e-17
1.9629323482513428,1.7661368625712694e-15,3.3512233161925845e-17
1.9632198810577393,1.5524946622567824e-15,3.5130214314644864e-17
1.9635074138641355,1.4460680618544988e-15,3.608170644038601e-17
1.9637950658798216,1.3291084961620117e-15,4.806039623445137e-17
1.9640825986862185,1.5831536791057722e-15,7.247660625498925e-17
1.964370250701904,1.5263539663474156e-15,7.625556249608951e-17
1.9646577835083008,1.3996661886086196e-15,4.961474414065448e-17
1.9649453163146973,1.4894820706619919e-15,2.553303723270196e-17
1.9652329683303833,1.4669912711068706e-15,2.3103029627805304e-17
1.9655205011367796,1.651818766714168e-15,2.2542191130565453e-17
1.965808033943176,1.469721730784771e-15,2.229005812741209e-17
1.9660956859588623,1.5285151348410133e-15,2.1434210741852056e-17
1.9663832187652588,1.5977213819658992e-15,1.9997872251741146e-17
1.9666708707809448,1.5729532301291145e-15,2.0112844326824192e-17
1.9669584035873413,1.5987682550974358e-15,2.0586114216850832e-17
1.9672459363937376,1.4605391793218025e-15,2.2964544167042146e-17
1.967533588409424,1.5464546994051701e-15,3.5166457280010227e-17
1.9678211212158203,1.328387669060424e-15,4.4776533903798084e-17
1.9681086540222168,1.4066099281748277e-15,3.755571499192736e-17
1.9683963060379028,1.552527388763671e-15,2.2710063927855662e-17
1.968683838844299,1.4730737127768801e-15,1.9044192595789362e-17
1.968971371650696,1.5570102638018504e-15,1.821902484524652e-17
1.9692590236663816,1.4880107844353877e-15,1.9470613002570636e-17
1.9695465564727783,1.729415096219739e-15,2.6959632202450658e-17
1.9698342084884644,1.7376280428654297e-15,4.245501783405034e-17
1.9701217412948608,1.6577637383007992e-15,5.648073480994518e-17
1.970409274101257,1.777486302633624e-15,5.0327500970038056e-17
1.9706969261169431,1.6113357963760801e-15,3.2234557278278546e-17
1.97098445892334,1.4020606624006105e-15,2.0695763252914946e-17
1.9712719917297363,1.4601085772598161e-15,2.0872567854735684e-17
1.9715596437454224,1.5168213631646313e-15,2.192227613091894e-17
1.9718471765518188,1.545255633950767e-15,2.0893911292497537e-17
1.9721348285675049,1.3715961291484323e-15,1.9114367920262754e-17
1.9724223613739011,1.6220014493661342e-15,1.7669541578503977e-17
1.9727098941802976,1.79993030984795e-15,1.6350569285622256e-17
1.972997546195984,1.5613942091415552e-15,1.741571921009082e-17
1.9732850790023804,1.4568565564606683e-15,2.3892443786787446e-17
1.9735726118087769,1.5162426947577241e-15,3.155221488433538e-17
1.973860263824463,1.5288632173440824e-15,3.4475514214709746e-17
1.9741477966308592,1.4012408118283225e-15,2.6677919922745075e-17
1.9744354486465456,1.4718216660147629e-15,1.9352405785689125e-17
1.9747229814529417,1.5884482465325738e-15,2.4513319951750897e-17
1.9750105142593384,1.6308756777498754e-15,3.656644731100148e-17
1.9752981662750244,1.5267958210765272e-15,3.9055264753536997e-17
1.975585699081421,1.4235319703141995e-15,2.9143291378387935e-17
1.9758732318878172,1.2805120715100636e-15,2.0961378943943956e-17
1.9761608839035032,1.2798354111269424e-15,1.8805023602886344e-17
1.9764484167099,1.3989627093688502e-15,1.7274133405104136e-17
1.976736068725586,1.4372298420055579e-15,2.913430096621613e-17
1.9770236015319824,1.5407177146159008e-15,5.163726453728422e-17
1.977311134338379,1.4797197255254036e-15,5.867216242873365e-17
1.9775987863540647,1.3733578279590893e-15,4.01038873231656e-17
1.9778863191604616,1.2949058268908824e-15,2.0464085781758096e-17
1.978173851966858,1.2321523279566466e-15,1.6160378698533975e-17
1.978461503982544,1.2300541743989497e-15,1.4672005414115764e-17
1.9787490367889404,1.365624432477379e-15,1.3874998635206256e-17
1.9790366888046265,1.5241665416305265e-15,1.4019328742995712e-17
1.9793242216110227,1.6288766414351052e-15,1.5777871532170112e-17
1.9796117544174192,1.5004664554483636e-15,1.9877064320777994e-17
1.9798994064331057,1.4464925687217924e-15,2.2271911736481868e-17
1.980186939239502,1.497037767775352e-15,2.1273608222462192e-17
1.9804744720458984,1.2989318436437835e-15,1.967142182906718e-17
1.9807621240615845,1.3962048682009453e-15,1.7597332568878294e-17
1.9810496568679807,1.4432950295859753e-15,1.5597531424389374e-17
1.9813373088836668,1.4505740986325107e-15,1.4673296247414882e-17
1.9816248416900633,1.4738725583705344e-15,1.4153140244367077e-17
1.98191237449646,1.4502033232507392e-15,1.3902005036306446e-17
1.982200026512146,1.5094613686870213e-15,1.4274400919359088e-17
1.9824875593185425,1.4866617771915428e-15,1.4814134804975288e-17
1.9827750921249387,1.3734710110359225e-15,1.504296980553023e-17
1.9830627441406248,1.4498076044568409e-15,1.465032205203451e-17
1.9833502769470217,1.5591879362072313e-15,1.5669738968824026e-17
1.983637809753418,1.606240026068488e-15,2.528762359562094e-17
1.983925461769104,1.5477257819291741e-15,3.3692056057272324e-17
1.9842129945755005,1.4870690299692444e-15,3.1086963984826396e-17
1.9845006465911863,1.5422509842839188e-15,1.99677962754291e-17
1.9847881793975832,1.546254777019248e-15,1.4321810105578643e-17
1.9850757122039793,1.433406279488682e-15,1.449441546990192e-17
1.9853633642196655,1.4593387072840089e-15,1.436240761869084e-17
1.985650897026062,1.4652439194467979e-15,1.3490662910434569e-17
1.9859384298324585,1.4382988453824403e-15,1.3120267013140485e-17
1.9862260818481443,1.4214166564391366e-15,1.3284882690766753e-17
1.9865136146545408,1.4432050082489747e-15,1.4851977758947498e-17
1.9868012666702273,1.3268978159330638e-15,1.824234043013732e-17
1.9870887994766235,1.3149461706350655e-15,1.894037941560535e-17
1.98737633228302,1.4699482844828893e-15,1.5909003199144112e-17
1.987663984298706,1.4551363049739221e-15,1.3804326610973046e-17
1.9879515171051023,1.4604557220406248e-15,1.3472853513441687e-17
1.9882390499114992,1.4078343121302625e-15,1.3220042126840549e-17
1.9885267019271848,1.4277560340085021e-15,1.3468287978186251e-17
1.9888142347335815,1.5674533952995059e-15,1.6146204440491267e-17
1.9891018867492676,1.5352231310309508e-15,1.9841770799201313e-17
1.989389419555664,1.4852119648047025e-15,2.1421091421352322e-17
1.9896769523620603,1.4420546105798877e-15,2.1151049388215908e-17
1.9899646043777464,1.3831571193527385e-15,2.1181068222077705e-17
1.9902521371841433,1.3234634081542637e-15,2.1451752008886096e-17
1.9905396699905396,1.3377431365082148e-15,2.0274816799828892e-17
1.9908273220062256,1.3441631581919765e-15,1.7088228501784194e-17
1.991114854812622,1.416440445719749e-15,1.4968328578791572e-17
1.991402506828308,1.485820546551717e-15,1.5237444611195817e-17
1.9916900396347044,1.4594178510427883e-15,1.510274813444118e-17
1.9919775724411009,1.3865844004423592e-15,1.607832653555591e-17
1.992265224456787,1.3807531745659173e-15,1.9810932923552674e-17
1.9925527572631836,1.4081414161705508e-15,2.1834203497990748e-17
1.99284029006958,1.51762508491404e-15,1.9535838911738234e-17
1.993127942085266,1.5154695427540052e-15,1.561327490202726e-17
1.9934154748916624,1.4612615067790065e-15,1.3758294704323489e-17
1.9937031269073489,1.5839016063806857e-15,1.44743819129226e-17
1.9939906597137451,1.5903797668445937e-15,1.5795821587502058e-17
1.9942781925201416,1.4754011394272504e-15,1.5912456654406327e-17
1.9945658445358276,1.484818965405359e-15,1.5038659213514347e-17
1.994853377342224,1.5035735981582759e-15,1.4988085214665863e-17
1.9951409101486208,1.5163049595158162e-15,1.5848183119409474e-17
1.9954285621643064,1.4100440546369496e-15,1.688610539893203e-17
1.9957160949707031,1.3827924391656596e-15,1.776675553828026e-17
1.9960037469863892,1.5247583381490797e-15,1.7687000794840232e-17
1.9962912797927856,1.5841028415777726e-15,1.7249884493526002e-17
1.996578812599182,1.5422089743266519e-15,1.817104130414245e-17
1.996866464614868,1.5898471406006733e-15,1.9387750588951926e-17
1.9971539974212649,1.6020917303328276e-15,1.901006976184718e-17
1.9974415302276611,1.4093955259216408e-15,1.8497918097406706e-17
1.9977291822433472,1.3453582852128859e-15,2.0358487998897217e-17
1.9980167150497437,1.287248011823362e-15,2.3758939975532785e-17
1.9983043670654297,1.435916561979835e-15,2.5151097095267442e-17
1.998591899871826,1.4408486997529832e-15,2.4198440142655934e-17
1.9988794326782224,1.4860471002498355e-15,2.4793739932966338e-17
1.9991670846939087,1.5783268475424696e-15,2.672160312817048e-17
1.9994546175003052,1.4750042015944133e-15,2.845584132850753e-17
1.9997421503067017,1.5068113655790652e-15,3.095082429490532e-17
2.0000298023223877,1.4594874300345117e-15,3.984611626492144e-17
2.000317335128784,1.5004339164859269e-15,7.639469703647979e-17
2.0006048679351807,1.3907190992052432e-15,1.4498052367081332e-16
2.000892400741577,1.2994727218435956e-15,1.8235501504476771e-16
2.0011801719665527,1.2223204038283353e-15,1.4928510254270144e-16
2.001467704772949,1.4008275576281536e-15,6.690186499906548e-17
2.0017552375793457,1.457502740870326e-15,4.837006435904583e-17
2.002042770385742,1.446030740508534e-15,5.148203633859941e-17
2.0023303031921382,1.3859117722649577e-15,5.990031485550235e-17
2.0026180744171143,1.3332935506102805e-15,7.054308742240193e-17
2.0029056072235107,1.2472728180892932e-15,1.0106925247014633e-16
2.0031931400299072,1.597842723226398e-15,1.3696754629715767e-16
2.0034806728363037,1.4403525509049932e-15,1.3227967345132154e-16
2.0037682056427,1.4710815218346108e-15,9.244918198356446e-17
2.0040557384490967,1.4739582661851372e-15,5.859681644510865e-17
2.004343509674072,1.4701515826689493e-15,5.699109015018053e-17
2.0046310424804688,1.4505316198141136e-15,5.735550660287338e-17
2.0049185752868652,1.3591287366072012e-15,5.966705058245794e-17
2.0052061080932617,1.5147424329132728e-15,6.250991385556243e-17
2.005493640899658,1.323053623526459e-15,6.448938107891048e-17
2.005781412124634,1.366180876866714e-15,6.27068531125437e-17
2.0060689449310303,1.2196942188657937e-15,5.634291308071947e-17
2.0063564777374268,1.3068070227312701e-15,4.8417557061154197e-17
2.0066440105438232,1.2953233946134488e-15,5.0446849570733424e-17
2.0069315433502197,1.418606115280196e-15,5.75252988004154e-17
2.0072193145751953,1.3403226229021873e-15,5.3121971913740586e-17
2.007506847381592,1.5432454387410977e-15,4.04386131447878e-17
2.007794380187988,1.4605534327001608e-15,3.4061600678576863e-17
2.0080819129943848,1.5266683846213356e-15,3.119190096653188e-17
2.0083694458007812,1.5235801839010836e-15,2.7686891492668093e-17
2.0086569786071777,1.2693656483170908e-15,2.443361942037905e-17
2.0089447498321533,1.3323026594976913e-15,2.187200396142303e-17
2.00923228263855,1.426521803969333e-15,2.347384896530761e-17
2.0095198154449463,1.5003257971093001e-15,3.005273838227735e-17
2.0098073482513428,1.5990285667969292e-15,3.777072884547828e-17
2.0100948810577393,1.3798458345067317e-15,4.171311835504204e-17
2.010382652282715,1.4708002051564837e-15,3.8714168281308036e-17
2.0106701850891113,1.3834675054209384e-15,3.783924703889459e-17
2.010957717895508,1.4495569512966296e-15,3.861098952884085e-17
2.011245250701904,1.5641864647164174e-15,4.0737503324151513e-17
2.011532783508301,1.2905987747765324e-15,4.4611485994817404e-17
2.0118205547332764,1.5717506951023474e-15,4.506188571802694e-17
2.012108087539673,1.3561721920923126e-15,4.463858616814364e-17
2.0123956203460693,1.4470196624043765e-15,4.445055527263639e-17
2.012683153152466,1.3582146449477405e-15,4.6869878704528345e-17
2.0129706859588623,1.480861871238599e-15,4.482481780906369e-17
2.013258218765259,1.5004206946020549e-15,4.0283856737615264e-17
2.0135459899902344,1.2544110412523132e-15,4.056982979284165e-17
2.013833522796631,1.352450747529597e-15,3.81383394146207e-17
2.0141210556030273,1.2637043377142377e-15,3.760017767898174e-17
2.014408588409424,1.3635500970650967e-15,3.641535388140872e-17
2.0146961212158203,1.4397455632858214e-15,3.4294867882003333e-17
2.014983892440796,1.3179113421947496e-15,3.6850465801391295e-17
2.0152714252471924,1.5842885105853364e-15,3.53037632619927e-17
2.015558958053589,1.391226125631454e-15,3.488790102178737e-17
2.0158464908599854,1.419634515283202e-15,3.611061758982768e-17
2.0161340236663814,1.5561136137764338e-15,3.44435144425728e-17
2.0164215564727783,1.3228164735667976e-15,3.788620055070321e-17
2.016709327697754,1.3626192201771744e-15,3.892481879596593e-17
2.0169968605041504,1.3762808020170546e-15,3.7668517119092145e-17
2.017284393310547,1.3128364830935653e-15,3.791163333663513e-17
2.0175719261169434,1.6239607262570624e-15,3.4836672082547626e-17
2.01785945892334,1.529850545112082e-15,3.520901521872312e-17
2.018147230148315,1.4170403066497414e-15,3.456367475909985e-17
2.018434762954712,1.684017898603677e-15,3.001963092572028e-17
2.0187222957611084,1.465048966988856e-15,3.279829831895261e-17
2.019009828567505,1.479696376241119e-15,4.618972530598687e-17
2.0192973613739014,1.5314121339923649e-15,5.264867418508434e-17
2.019585132598877,1.236373953573072e-15,4.9961601744020916e-17
2.0198726654052734,1.3288404013677567e-15,3.2201608062352924e-17
2.02016019821167,1.4516877375889892e-15,2.454410947609548e-17
2.0204477310180664,1.2472811638174113e-15,2.643602860490477e-17
2.020735263824463,1.3818113003645788e-15,2.613989005429898e-17
2.0210227966308594,1.537365920168244e-15,2.4937524989691924e-17
2.021310567855835,1.463135169627558e-15,2.5627527402349917e-17
2.021598100662231,1.615944326197156e-15,2.3912365989248344e-17
2.021885633468628,1.5273833978449085e-15,2.2489728500476836e-17
2.0221731662750244,1.4238558595829497e-15,2.2327483501940202e-17
2.022460699081421,1.5738687283719657e-15,2.0397255488410562e-17
2.0227484703063965,1.5046122193339208e-15,1.9855449822675236e-17
2.023036003112793,1.4070020836241367e-15,2.1070900508388298e-17
2.0233235359191895,1.5238432149951327e-15,1.9979627693011786e-17
2.023611068725586,1.4720356542345915e-15,1.9286863395258636e-17
2.0238986015319824,1.4508397553488887e-15,1.9957897444817508e-17
2.024186372756958,1.6294670313702677e-15,1.922017229505913e-17
2.0244739055633545,1.532393929199028e-15,1.851719854619563e-17
2.024761438369751,1.4550107439632512e-15,1.9034828559904414e-17
2.025048971176147,1.514436172823019e-15,1.8323507617732114e-17
2.025336503982544,1.5062805210074397e-15,1.7437732240154254e-17
2.0256240367889404,1.3633152914110867e-15,1.7359555507455596e-17
2.025911808013916,1.3425745629105934e-15,1.6833503575695382e-17
2.0261993408203125,1.371181374592647e-15,1.62249218286807e-17
2.026486873626709,1.3938920700178374e-15,1.6833321892007425e-17
2.0267744064331055,1.3924968330665538e-15,1.760086660964726e-17
2.027061939239502,1.3135436194501505e-15,2.647792427727124e-17
2.0273497104644775,1.4019193476559645e-15,5.657717954442971e-17
2.027637243270874,1.4077356637484657e-15,7.22336658603701e-17
2.0279247760772705,1.4457636772087657e-15,5.886641159498033e-17
2.028212308883667,1.4280960521001313e-15,2.922349886585682e-17
2.028499841690063,1.5645461749755156e-15,1.9879969794594273e-17
2.02878737449646,1.472810119049475e-15,1.8598159141854922e-17
2.0290751457214355,1.389082492544127e-15,1.8570324907821698e-17
2.029362678527832,1.3055633216972704e-15,1.815858278479811e-17
2.0296502113342285,1.4003753879541777e-15,1.7606596971773065e-17
2.029937744140625,1.5039916347419724e-15,1.750703431077263e-17
2.0302252769470215,1.4487069998397821e-15,1.701846489599077e-17
2.0305130481719966,1.4345971867594197e-15,1.634082869564211e-17
2.0308005809783936,1.4184495156627052e-15,1.596923427208392e-17
2.03108811378479,1.3925386554793687e-15,1.536449132557285e-17
2.0313756465911865,1.4313246298427685e-15,1.5439834378815794e-17
2.031663179397583,1.585683653764394e-15,1.8090858724921105e-17
2.0319509506225586,1.6113084148860757e-15,1.946180134370472e-17
2.032238483428955,1.6393789432073933e-15,1.7954390832208885e-17
2.0325260162353516,1.5911507620871136e-15,1.5767669407014914e-17
2.032813549041748,1.5237613518417976e-15,1.500098622170184e-17
2.0331010818481445,1.4692506191211345e-15,1.5725751756782965e-17
2.033388614654541,1.4830883052015221e-15,1.9461914163414178e-17
2.0336763858795166,1.4887414576207095e-15,3.7184872211368545e-17
2.0339639186859126,1.4285334057623928e-15,4.8469887824049944e-17
2.0342514514923096,1.4399633961669176e-15,4.3121647519367285e-17
2.034538984298706,1.4680930009906419e-15,2.5303427146091134e-17
2.0348265171051025,1.485448083269877e-15,1.8352218036002414e-17
2.035114288330078,1.4589310794174024e-15,1.6273843092045187e-17
2.0354018211364746,1.476900088460537e-15,1.4678178263933206e-17
2.035689353942871,1.3573856046973004e-15,1.3989745070870392e-17
2.0359768867492676,1.3462306482317577e-15,1.3796710547989173e-17
2.036264419555664,1.3894681777098388e-15,1.387536200258217e-17
2.0365521907806396,1.4920607131059297e-15,1.4058956299644786e-17
2.036839723587036,1.632669540434065e-15,1.4612593382962792e-17
2.0371272563934326,1.5537798106146925e-15,1.4595545885306504e-17
2.037414789199829,1.4996534502485764e-15,1.4262701368969275e-17
2.0377023220062256,1.5142195589808608e-15,1.406674085959733e-17
2.037989854812622,1.5848849019429657e-15,1.4238345498445815e-17
2.0382776260375977,1.5467387354778525e-15,1.4253477991423394e-17
2.038565158843994,1.474422907565177e-15,1.4102383096639606e-17
2.03885269165039,1.4584207709632804e-15,1.4025372656002345e-17
2.039140224456787,1.4823425346878072e-15,1.4113515618100066e-17
2.0394277572631836,1.4384916410791833e-15,1.4179159106711756e-17
2.039715528488159,1.3893464613604358e-15,1.457253652534137e-17
2.0400030612945557,1.4304262919172832e-15,1.5409027272178822e-17
2.040290594100952,1.4588619692868094e-15,1.6099243602727477e-17
2.0405781269073486,1.4503002837324672e-15,1.8557945508793082e-17
2.040865659713745,1.453975779904422e-15,4.104459564291187e-17
2.0411534309387207,1.41853494216063e-15,7.028725920746609e-17
2.041440963745117,1.3701605701399503e-15,7.376643150267317e-17
2.0417284965515137,1.4614722129709236e-15,4.8071355863370075e-17
2.04201602935791,1.5669835964470338e-15,2.0647804620058424e-17
2.042303562164306,1.517285535683541e-15,1.5189666196836222e-17
2.042591094970703,1.5043657859238817e-15,1.477313729471138e-17
2.0428788661956787,1.6102919239557768e-15,1.4926891511218086e-17
2.043166399002075,1.6653283437756337e-15,1.4994158431493137e-17
2.0434539318084717,1.5922130138637213e-15,1.471910984060068e-17
2.043741464614868,1.4446339094294077e-15,1.4314664368916012e-17
2.0440289974212646,1.403909756925939e-15,1.4376429496866232e-17
2.04431676864624,1.383072630577074e-15,1.4517540579958577e-17
2.0446043014526367,1.3844541767833556e-15,1.4352706588868558e-17
2.044891834259033,1.4075734377974125e-15,1.3994104014190326e-17
2.0451793670654297,1.4000996976096133e-15,1.3845577599285476e-17
2.045466899871826,1.4286006404484653e-15,1.4126967536964045e-17
2.045754432678222,1.4733702205556256e-15,1.4567219347086564e-17
2.0460422039031982,1.4191652790640864e-15,1.4414619701113e-17
2.0463297367095947,1.4519436419938588e-15,1.4126897207794512e-17
2.046617269515991,1.5461026784686073e-15,1.4303074707853592e-17
2.0469048023223877,1.553009753094433e-15,1.4488248480848606e-17
2.047192335128784,1.5240339477029026e-15,1.4668692617192613e-17
2.0474801063537598,1.5409999690162883e-15,1.4971468483172957e-17
2.047767639160156,1.6048242529997013e-15,1.535441227646433e-17
2.0480551719665527,1.5880080797035312e-15,1.5804536543759866e-17
2.048342704772949,1.5162420383521417e-15,1.6501158689500036e-17
2.0486302375793457,1.4392314101704313e-15,1.7473708540751805e-17
2.0489180088043213,1.3954848850493924e-15,1.7388375815053294e-17
2.0492055416107178,1.3719932545257215e-15,1.7258973073496947e-17
2.0494930744171143,1.3460474173020708e-15,2.3641162059623627e-17
2.0497806072235107,1.2983637714984188e-15,3.8042896870802e-17
2.0500681400299072,1.3699638360097137e-15,4.329362871231097e-17
2.0503556728363037,1.428298412563931e-15,3.350124422918651e-17
2.0506434440612793,1.4987061632210973e-15,2.067510698974706e-17
2.050930976867676,1.518621977449096e-15,1.8553599752192433e-17
2.051218509674072,1.626287965362981e-15,1.918769047507269e-17
2.0515060424804688,1.538870495535093e-15,2.018711632542281e-17
2.0517935752868652,1.482044995414575e-15,2.076028880076929e-17
2.052081346511841,1.4593131074662993e-15,2.088608717238713e-17
2.0523688793182373,1.4314987648665292e-15,2.216804580942071e-17
2.052656412124634,1.4605918793128382e-15,2.2260119879057045e-17
2.0529439449310303,1.5752554320506793e-15,2.1358195165925464e-17
2.0532314777374268,1.5282205962790144e-15,2.135525306233339e-17
2.0535192489624023,1.5206780272773e-15,2.2513115879728204e-17
2.053806781768799,1.4347698214275636e-15,2.3786155898950536e-17
2.0540943145751953,1.4268002137084525e-15,2.513073093992388e-17
2.054381847381592,1.2507723037929667e-15,2.438053701448394e-17
2.054669380187988,1.2553980877036344e-15,2.278565752876506e-17
2.0549569129943848,1.3577319055280747e-15,2.3075592460541734e-17
2.0552446842193604,1.5706959451038232e-15,2.4986564933529994e-17
2.055532217025757,1.4693673655425568e-15,2.5884955605892605e-17
2.0558197498321533,1.5518597305142497e-15,3.50948709765731e-17
2.05610728263855,1.3406778320944353e-15,6.839922576527344e-17
2.0563948154449463,1.3436489113043605e-15,8.930246153349805e-17
2.0566825866699214,1.3676040579413584e-15,7.609555777464065e-17
2.0569701194763184,1.6044137181940878e-15,4.0611432427001736e-17
2.057257652282715,1.5271059258280492e-15,2.458890036594101e-17
2.0575451850891113,1.4902883242615036e-15,2.530258905682088e-17
2.057832717895508,1.4582172852327685e-15,2.4883506326727416e-17
2.058120250701904,1.4648502636418723e-15,2.3569782348122002e-17
2.05840802192688,1.6103354342686606e-15,2.2234479035998597e-17
2.0586955547332764,1.5565427154828033e-15,2.0072658532391962e-17
2.058983087539673,1.575155470857718e-15,1.813277197957996e-17
2.0592706203460693,1.466118720543547e-15,1.7163751773524064e-17
2.059558153152466,1.5075290044249672e-15,1.650943262325724e-17
2.0598459243774414,1.5173022271397765e-15,1.56422900800322e-17
2.0601334571838374,1.5100875796125321e-15,1.5081694804503646e-17
2.0604209899902344,1.534558661037215e-15,1.4983211989293727e-17
2.060708522796631,1.4560900622849985e-15,1.5636347265206766e-17
2.0609960556030273,1.3971100514989319e-15,1.6308721964559837e-17
2.061283826828003,1.4142335163798426e-15,1.666450111611957e-17
2.0615713596343994,1.40918088129623e-15,1.7165738572563335e-17
2.061858892440796,1.5406349137403057e-15,1.752953524944969e-17
2.0621464252471924,1.5188855711765008e-15,1.8101673299927642e-17
2.062433958053589,1.4562774191926308e-15,1.9180320564182176e-17
2.0627214908599854,1.538651068526154e-15,1.9638633784155064e-17
2.063009262084961,1.4562915787987632e-15,2.000725240472744e-17
2.0632967948913574,1.5431467903593013e-15,1.9719364344822345e-17
2.063584327697754,1.4408973675382993e-15,2.0086730227062438e-17
2.0638718605041504,1.429065188056279e-15,2.010189055866962e-17
2.064159393310547,1.3875419086424772e-15,1.9934112998796492e-17
2.0644471645355225,1.3826850699668413e-15,2.0366325305726912e-17
2.064734697341919,1.5382704470606482e-15,2.0913237162208448e-17
2.065022230148315,1.3847177705107608e-15,2.1971786401078248e-17
2.065309762954712,1.4717697162015354e-15,2.169397152951755e-17
2.0655972957611084,1.5461631615544045e-15,2.136645591296338e-17
2.065885066986084,1.4530330877160186e-15,2.1479634594223368e-17
2.0661725997924805,1.501752729072986e-15,2.0997623374500347e-17
2.066460132598877,1.3536145546270085e-15,2.1354974676037326e-17
2.0667476654052734,1.6166569951150781e-15,2.0862288074455798e-17
2.06703519821167,1.6849306774519728e-15,2.0821834150064726e-17
2.0673227310180664,1.4255999292151108e-15,2.1152795895925944e-17
2.067610502243042,1.475122917232583e-15,1.993089836967248e-17
2.0678980350494385,1.4456210496529553e-15,1.981565230386646e-17
2.068185567855835,1.5252047877172672e-15,1.9801293431753735e-17
2.068473100662231,1.566789487939126e-15,1.9362051138252197e-17
2.068760633468628,1.433522838365653e-15,1.9157654058918504e-17
2.0690484046936035,1.4892331054018495e-15,1.8536602071031226e-17
2.0693359375,1.387286566870964e-15,1.853318524554481e-17
2.0696234703063965,1.3528486230846944e-15,1.8718259385549657e-17
2.069911003112793,1.54903756159928e-15,1.8334883360903873e-17
2.0701985359191895,1.540188276627666e-15,1.8854448891965813e-17
2.0704863071441646,1.7081409912975168e-15,1.876897990350133e-17
2.0707738399505615,1.6460307698339317e-15,1.846614689507074e-17
2.071061372756958,1.5390139670409376e-15,1.8556902292778363e-17
2.0713489055633545,1.5807885560205326e-15,1.7897978047098238e-17
2.071636438369751,1.426234110779835e-15,1.792784743147478e-17
2.071923971176147,1.3603978499144579e-15,1.8224750811799225e-17
2.072211742401123,1.4222477596785498e-15,1.9346079090813333e-17
2.0724992752075195,1.4119822327770185e-15,3.4452264563415375e-17
2.072786808013916,1.568672434238056e-15,5.58386998212899e-17
2.0730743408203125,1.6081267232564596e-15,5.94802914727664e-17
2.073361873626709,1.4075961306761149e-15,4.3027116324370424e-17
2.0736496448516846,1.4606296695199333e-15,2.198875624360985e-17
2.0739371776580806,1.5115406740272838e-15,1.9702996695804866e-17
2.0742247104644775,1.4196388288056002e-15,1.9706031106431953e-17
2.074512243270874,1.5345976702832485e-15,1.7741961575638257e-17
2.0747997760772705,1.5316667255860697e-15,1.6830476491023453e-17
2.075087308883667,1.4521325930293343e-15,1.688642627576802e-17
2.0753750801086426,1.4716434987852825e-15,1.6290856890307743e-17
2.075662612915039,1.4891602443822145e-15,1.628094487297686e-17
2.0759501457214355,1.5483564939215347e-15,1.6461031502709082e-17
2.076237678527832,1.6111225583340598e-15,1.6031052146911292e-17
2.0765252113342285,1.4629421863863633e-15,1.57533984463641e-17
2.076812982559204,1.395138396674166e-15,1.559106553636555e-17
2.0771005153656006,1.4887395821761887e-15,1.5484680945920532e-17
2.0773880481719966,1.5343682096461228e-15,1.58543002919677e-17
2.0776755809783936,1.4855664238191425e-15,1.597739538613167e-17
2.07796311378479,1.5009046530606592e-15,1.5491250862507622e-17
2.0782508850097656,1.5545487428682395e-15,1.5262012934418908e-17
2.078538417816162,1.5590736278636858e-15,1.4992983348285542e-17
2.0788259506225586,1.4834458586994214e-15,1.4548861968647748e-17
2.079113483428955,1.483168292910336e-15,1.4489888029613316e-17
2.0794010162353516,1.5277357938703755e-15,1.4578074947441994e-17
2.079688549041748,1.5077311773443145e-15,1.443840707751608e-17
2.0799763202667236,1.5070536730111586e-15,1.5084805405064394e-17
2.08026385307312,1.5403783529298536e-15,1.661048684872816e-17
2.0805513858795166,1.515340887259875e-15,1.7475991308379525e-17
2.0808389186859126,1.523815645960676e-15,1.7021011398004234e-17
2.0811264514923096,1.5087292889183089e-15,1.6074502386962622e-17
2.081414222717285,1.455152152480123e-15,1.6361893747107898e-17
2.0817017555236816,1.4378231388797276e-15,1.688010983722945e-17
2.081989288330078,1.4968657895127904e-15,1.634305285562855e-17
2.0822768211364746,1.5337400295038654e-15,1.6828945366395106e-17
2.082564353942871,1.5288981943843962e-15,1.7832251042597726e-17
2.0828521251678462,1.4872077190915612e-15,1.796862809346597e-17
2.083139657974243,1.5408213329256776e-15,1.7504980112945888e-17
2.0834271907806396,1.5380559899796897e-15,1.639089427320252e-17
2.083714723587036,1.4746850947091912e-15,1.5015377328017274e-17
2.0840022563934326,1.5106069839725805e-15,1.4875479423099353e-17
2.084289789199829,1.5189769053246662e-15,1.500012468937508e-17
2.0845775604248047,1.50658734373105e-15,1.5315635995804797e-17
2.084865093231201,1.503394586978761e-15,1.5691025264135634e-17
2.0851526260375977,1.527401589656761e-15,1.594772380254443e-17
2.085440158843994,1.5042410688632453e-15,1.6917217265303636e-17
2.08572769165039,1.4973932582842785e-15,2.3668206555690646e-17
2.086015462875366,1.5738010248247629e-15,3.104032695428066e-17
2.0863029956817623,1.6007942978133065e-15,2.9805159192851167e-17
2.086590528488159,1.5799489195085497e-15,2.105427645094023e-17
2.0868780612945557,1.4877430647300368e-15,1.662094977788704e-17
2.087165594100952,1.4369529326220548e-15,1.6803944811817602e-17
2.0874531269073486,1.454490120564264e-15,1.7506638709194014e-17
2.087740898132324,1.5383426516747008e-15,1.7283016858330614e-17
2.0880284309387207,1.5628781546186749e-15,1.60156896189417e-17
2.088315963745117,1.504856589754987e-15,1.595727538288146e-17
2.0886034965515137,1.481459200318489e-15,1.6253084265505066e-17
2.08889102935791,1.514169015751024e-15,1.5624747347807124e-17
2.0891788005828857,1.4969563734831473e-15,1.5117023490665092e-17
2.0894663333892822,1.4861980735337635e-15,1.4997141560434106e-17
2.0897538661956787,1.5067758259053953e-15,1.5031353771029236e-17
2.090041399002075,1.4371672021585616e-15,1.520629318466635e-17
2.0903289318084717,1.4622240786793309e-15,1.7042829557660423e-17
2.0906167030334473,1.5567047538894045e-15,2.6487445088596602e-17
2.0909042358398438,1.6351625688356264e-15,3.655531478954103e-17
2.09119176864624,1.6884180665384873e-15,3.59034014829486e-17
2.0914793014526367,1.630708388098616e-15,2.590104926418712e-17
2.091766834259033,1.5320870127031912e-15,1.8026494348080272e-17
2.0920543670654297,1.5022673510495064e-15,1.664766460597188e-17
2.0923421382904053,1.499224629858885e-15,1.5857684883251422e-17
2.0926296710968018,1.636132923830712e-15,1.5428254974090596e-17
2.0929172039031982,1.7057473614555606e-15,1.5307102723234944e-17
2.0932047367095947,1.6453175382826537e-15,1.5266830482531832e-17
2.093492269515991,1.6027560127821116e-15,1.545442035553847e-17
2.093780040740967,1.5412014855300532e-15,1.5720251429649168e-17
2.0940675735473633,1.4756451347594125e-15,1.5604217091067984e-17
2.0943551063537598,1.4841621847341586e-15,1.5108638202389463e-17
2.094642639160156,1.4858229846295945e-15,1.4907511429438997e-17
2.0949301719665527,1.5087361342908101e-15,1.5001576693687704e-17
2.0952179431915283,1.5301403012905528e-15,1.5005324652347332e-17
2.095505475997925,1.5696736402955101e-15,1.496598134275845e-17
2.0957930088043213,1.5335973081758292e-15,1.4960357939577974e-17
2.0960805416107178,1.4967836450427773e-15,1.490287703020506e-17
2.0963680744171143,1.5039041452550753e-15,1.4941250383330818e-17
2.0966556072235107,1.5027658442031475e-15,1.5016197834995147e-17
2.0969433784484863,1.5061921875705081e-15,1.5009995681357065e-17
2.097230911254883,1.5021300685105805e-15,1.5009409604944302e-17
2.0975184440612793,1.5664998255328816e-15,1.5053069367313193e-17
2.097805976867676,1.5489395696230659e-15,1.5083873543568098e-17
2.098093509674072,1.6002717989697985e-15,1.5243312701278622e-17
2.098381280899048,1.6018451093783365e-15,1.566485841749673e-17
2.0986688137054443,1.5608881204376048e-15,1.6062990381024896e-17
2.098956346511841,1.5693890415894717e-15,1.5897757857974192e-17
2.0992438793182373,1.586281920566544e-15,1.5542202880642338e-17
2.099531412124634,1.5235390178938513e-15,1.5234190421913942e-17
2.0998191833496094,1.5085105183149521e-15,1.524152370302866e-17
2.1001067161560054,1.5122260552274273e-15,1.556694263121616e-17
2.1003942489624023,1.5507525618413681e-15,1.6330537193833962e-17
2.100681781768799,1.5466666246360259e-15,1.6681507588426966e-17
2.1009693145751953,1.5638747658370527e-15,1.7223062706495832e-17
2.101256847381592,1.6423937202746541e-15,1.8672463374656234e-17
2.1015446186065674,1.5706938821148505e-15,1.9068026858305456e-17
2.101832151412964,1.5298162244773504e-15,1.808567634424123e-17
2.1021196842193604,1.497371784444515e-15,1.7484247659844345e-17
2.102407217025757,1.5126855391350347e-15,1.788723380126123e-17
2.1026947498321533,1.5469155898961683e-15,1.812848483062059e-17
2.102982521057129,1.5519562221348473e-15,1.8607609624010746e-17
2.1032700538635254,1.5006405904721241e-15,2.025804036251351e-17
2.1035575866699214,1.5218998793826317e-15,2.0126754850481158e-17
2.1038451194763184,1.5695633641576843e-15,1.7808210188146126e-17
2.104132652282715,1.5615584980815813e-15,1.6760041827737413e-17
2.1044201850891113,1.5749797417061149e-15,1.6843989947910774e-17
2.104707956314087,1.5803251336794317e-15,1.674690932051839e-17
2.1049954891204834,1.5697925434781317e-15,1.7172777350280637e-17
2.10528302192688,1.4955100306686704e-15,1.8305794923347336e-17
2.1055705547332764,1.4863843051746837e-15,1.8522569936518612e-17
2.105858087539673,1.5936711719786792e-15,2.006012235792293e-17
2.1061458587646484,1.6189696057537337e-15,2.4442595180640538e-17
2.106433391571045,1.6088990313101443e-15,2.656797198771045e-17
2.1067209243774414,1.650609104998222e-15,2.7032203114261227e-17
2.1070084571838374,1.6782781006476263e-15,2.596028400722523e-17
2.1072959899902344,1.6208021025950527e-15,2.1847998271556194e-17
2.10758376121521,1.4949091382441913e-15,1.8602148857034812e-17
2.1078712940216064,1.5269901171288869e-15,1.7622434221636996e-17
2.108158826828003,1.5531234050323962e-15,1.6722213525675528e-17
2.1084463596343994,1.5028492077120988e-15,1.6381383718214382e-17
2.108733892440796,1.4222786107409177e-15,1.7129848718236667e-17
2.1090214252471924,1.4917287594257397e-15,1.8470640635965613e-17
2.109309196472168,1.58263080517336e-15,1.986422924733845e-17
2.1095967292785645,1.5863948223266993e-15,2.236332647015385e-17
2.109884262084961,1.5546655830618882e-15,2.270267496948173e-17
2.1101717948913574,1.5797315554885836e-15,2.2955237273607442e-17
2.110459327697754,1.6037093012320579e-15,2.698318954386173e-17
2.1107470989227295,1.5792199342232967e-15,2.7916900111239596e-17
2.111034631729126,1.631659426015137e-15,2.3823181276326937e-17
2.1113221645355225,1.6498081026433684e-15,2.5609444014634068e-17
2.111609697341919,1.5348753298445601e-15,3.1235660361890947e-17
2.111897230148315,1.4669425095493284e-15,2.8756226002723796e-17
2.112185001373291,1.4990190811394005e-15,1.978647155927492e-17
2.1124725341796875,1.5179868581621113e-15,1.6601048088100588e-17
2.112760066986084,1.5289140418905973e-15,1.6516642828325273e-17
2.1130475997924805,1.5492381403907844e-15,1.645737145551137e-17
2.113335132598877,1.6339469056972136e-15,1.649785614891411e-17
2.1136226654052734,1.6453432318725892e-15,1.6447736359285516e-17
2.1139104366302486,1.593362848899452e-15,1.6335047051830187e-17
2.1141979694366455,1.6271602346096264e-15,1.6278250386669177e-17
2.114485502243042,1.6786655674856332e-15,1.6278874558048772e-17
2.1147730350494385,1.6462119377746453e-15,1.630990583891362e-17
2.115060567855835,1.6387302269476324e-15,1.688787681488961e-17
2.1153483390808105,1.5968161048956866e-15,2.046260593881587e-17
2.115635871887207,1.5469507544809341e-15,2.4060700464128018e-17
2.1159234046936035,1.5771361278161843e-15,2.2558869400081697e-17
2.1162109375,1.6040519449460166e-15,1.78626405697906e-17
2.1164984703063965,1.6489830945986481e-15,1.6419730697901566e-17
2.116786003112793,1.599110148633586e-15,1.6358550181173076e-17
2.1170737743377686,1.5820192227151123e-15,1.7562346737418312e-17
2.1173613071441646,1.4562043706285441e-15,2.654525859633376e-17
2.1176488399505615,1.5328586643512937e-15,3.585834978909938e-17
2.117936372756958,1.5168938490953621e-15,3.3919022939261574e-17
2.1182239055633545,1.5293729631648485e-15,2.331750429105648e-17
2.11851167678833,1.5868739984017755e-15,1.8626736227741318e-17
2.1187992095947266,1.6150052911255683e-15,1.7765205366168498e-17
2.119086742401123,1.61340497431593e-15,1.7592009529859357e-17
2.1193742752075195,1.5666918710518161e-15,1.8171552655812588e-17
2.119661808013916,1.5515374353733423e-15,1.7880530552290238e-17
2.1199495792388916,1.6626215146986959e-15,1.7089598455399034e-17
2.120237112045288,1.6153670643736397e-15,1.702501869547651e-17
2.1205246448516846,1.5674119479755952e-15,1.7496103985674574e-17
2.1208121776580806,1.5972292653236293e-15,1.7522200503143942e-17
2.1210997104644775,1.5743415279356709e-15,1.6624863303133275e-17
2.121387243270874,1.5987566273414066e-15,1.6404945455198546e-17
2.1216750144958496,1.6422871950258701e-15,1.6633233939498585e-17
2.121962547302246,1.6571613455207035e-15,1.698976912963079e-17
2.1222500801086426,1.6551278010267497e-15,1.6556142913354572e-17
2.122537612915039,1.6457228218436087e-15,1.6117365085410155e-17
2.1228251457214355,1.6786965123202274e-15,1.8220840216935054e-17
2.123112916946411,1.6704128614161005e-15,2.4731234883545006e-17
2.1234004497528076,1.6210986103737985e-15,2.6453672435311047e-17
2.123687982559204,1.5263906312877983e-15,2.1267914490112184e-17
2.1239755153656006,1.6010516088015664e-15,1.6429869819842392e-17
2.1242630481719966,1.6668347008147774e-15,1.6543659485762687e-17
2.1245508193969727,1.6323833476001839e-15,2.1568460335341962e-17
2.124838352203369,1.6115617874408421e-15,3.354929370388701e-17
2.1251258850097656,1.6925986199199061e-15,3.591699845572473e-17
2.125413417816162,1.6842103192115161e-15,2.665127102825667e-17
2.1257009506225586,1.6187391136221216e-15,1.6742299829532e-17
2.125988483428955,1.5786589887671115e-15,1.5596672822444672e-17
2.12627625465393,1.5880799092286796e-15,1.7531686149884538e-17
2.126563787460327,1.6015844225899389e-15,1.5964558847501094e-17
2.1268513202667236,1.6058769400092523e-15,1.535333096548278e-17
2.12713885307312,1.5947124187766532e-15,1.5470039291938642e-17
2.1274263858795166,1.575777743349735e-15,1.648110901541936e-17
2.127714157104492,1.5130892285681469e-15,1.9584959441083057e-17
2.1280016899108887,1.503965941152037e-15,2.097676051939696e-17
2.128289222717285,1.580353077802792e-15,1.8708033817337946e-17
2.1285767555236816,1.602870039808979e-15,1.5797783478293788e-17
2.128864288330078,1.5336343482051159e-15,1.5284449404690566e-17
2.1291520595550537,1.535134610049567e-15,1.5621468250277708e-17
2.12943959236145,1.5683296029796454e-15,1.5633723108068616e-17
2.1297271251678462,1.6035256952134668e-15,1.5229907668527666e-17
2.130014657974243,1.5546621134895244e-15,1.502157362089123e-17
2.1303021907806396,1.5919798961097799e-15,1.5051743369429315e-17
2.130589723587036,1.61845198306598e-15,1.505626201857173e-17
2.1308774948120117,1.6344915347860674e-15,1.5053552880353723e-17
2.131165027618408,1.599938532478444e-15,1.5576580657824072e-17
2.1314525604248047,1.6228962239470301e-15,1.8370587135969485e-17
2.131740093231201,1.6534755344038839e-15,2.1296019784486308e-17
2.1320276260375977,1.6392553514134697e-15,2.1673937972538226e-17
2.1323153972625732,1.622002762177299e-15,2.2457404921121842e-17
2.1326029300689697,1.5978534132601668e-15,2.503102175982025e-17
2.132890462875366,1.6071359259160965e-15,2.3365014575457237e-17
2.1331779956817623,1.6241846543328517e-15,1.7329281730354245e-17
2.133465528488159,1.6150853726066085e-15,1.5184281619793948e-17
2.1337530612945557,1.6445195366390335e-15,1.501084256177351e-17
2.1340408325195312,1.6077621368416073e-15,1.5001396475190778e-17
2.1343283653259277,1.549062129922503e-15,1.4902293884174362e-17
2.134615898132324,1.5963654355773272e-15,1.4981282332704698e-17
2.1349034309387207,1.628130026971356e-15,1.505503565367802e-17
2.135190963745117,1.655126675760037e-15,1.5620414777925764e-17
2.1354787349700928,1.6908161974472935e-15,1.6585912664740946e-17
2.1357662677764893,1.6776571409667741e-15,1.711668690719701e-17
2.1360538005828857,1.7078594870749379e-15,1.6789776414539022e-17
2.1363413333892822,1.6247178432101281e-15,1.5983827574761757e-17
2.1366288661956787,1.6426397785957892e-15,1.5266801178711194e-17
2.1369166374206543,1.6497848471313102e-15,1.5640234417014428e-17
2.137204170227051,1.6086488470110634e-15,1.6546929792145912e-17
2.1374917030334473,1.6063441132393952e-15,1.670091843921773e-17
2.1377792358398438,1.6120419012381788e-15,1.6387994660150365e-17
2.13806676864624,1.6187895630797324e-15,1.648420496406979e-17
2.1383543014526367,1.5928898617912946e-15,1.600905523394921e-17
2.1386420726776123,1.5513295423482064e-15,1.5119572923060618e-17
2.138929605484009,1.5246596897672833e-15,1.4966612840093204e-17
2.1392171382904053,1.5751102726447659e-15,1.509396284901384e-17
2.1395046710968018,1.6547709039344324e-15,1.5188334338188214e-17
2.1397922039031982,1.6696396156401554e-15,1.5169149126816367e-17
2.1400799751281734,1.6446902020904304e-15,1.510088734183065e-17
2.1403675079345703,1.5743355265132041e-15,1.5000464613694482e-17
2.140655040740967,1.5207077530729554e-15,1.488335189451381e-17
2.1409425735473633,1.545931637928306e-15,1.4970924897300118e-17
2.1412301063537598,1.5536048316408975e-15,1.506504730399907e-17
2.1415178775787354,1.5991129618003675e-15,1.528512192737421e-17
2.141805410385132,1.6120197709928329e-15,1.5589508038298628e-17
2.1420929431915283,1.6056944592573739e-15,1.5830602292217568e-17
2.142380475997925,1.545585899730888e-15,1.575484165953053e-17
2.1426680088043213,1.5382642580937297e-15,1.55462966243855e-17
2.1429555416107178,1.5646387281626194e-15,1.544909145575541e-17
2.1432433128356934,1.5597235631623852e-15,1.5502333567472998e-17
2.1435308456420894,1.5887141845656299e-15,1.5500995848060866e-17
2.1438183784484863,1.6487027156427817e-15,1.5647922274358868e-17
2.144105911254883,1.6946212868356388e-15,1.5699549745559293e-17
2.1443934440612793,1.6681326959676553e-15,1.5542950128068614e-17
2.144681215286255,1.6840527818717647e-15,1.541826969720812e-17
2.1449687480926514,1.7178089078024804e-15,1.542960881060408e-17
2.145256280899048,1.714819261691799e-15,1.548252418472156e-17
2.1455438137054443,1.6937238866324139e-15,1.5483573261500407e-17
2.145831346511841,1.6509316814558076e-15,1.5483010628144154e-17
2.1461188793182373,1.6406137358799187e-15,1.5494349741540115e-17
2.146406650543213,1.6789827051541085e-15,1.561367343398794e-17
2.1466941833496094,1.6863372608426076e-15,1.5608101312493582e-17
2.1469817161560054,1.650481012137448e-15,1.5584502945733616e-17
2.1472692489624023,1.6521841033068288e-15,1.5603843467354846e-17
2.147556781768799,1.6389670955906154e-15,1.5679564539884022e-17
2.1478445529937744,1.633684343464295e-15,1.5658103886839622e-17
2.148132085800171,1.6124460595324214e-15,1.5660626945796574e-17
2.1484196186065674,1.61691899471464e-15,1.5670257646449322e-17
2.148707151412964,1.6250376065009324e-15,1.5719895388228416e-17
2.1489946842193604,1.5940601391723028e-15,1.577881071962157e-17
2.149282455444336,1.5624998774588201e-15,1.588022538208634e-17
2.1495699882507324,1.6000461829939407e-15,1.6111713843600073e-17
2.149857521057129,1.5725973645312837e-15,1.6432838296873042e-17
2.1501450538635254,1.563436943313661e-15,2.030899531103029e-17
2.1504325866699214,1.499563522683802e-15,3.832448607446091e-17
2.1507201194763184,1.5278726075481712e-15,5.3503619012968714e-17
2.151007890701294,1.5352284760478352e-15,5.0324353739701516e-17
2.1512954235076904,1.5874370068469336e-15,3.1343375345792935e-17
2.151582956314087,1.7210496759345033e-15,2.3206113142855425e-17
2.1518704891204834,1.6554891991859166e-15,2.038269002436233e-17
2.15215802192688,1.5857614847120093e-15,1.732721727619028e-17
2.152445793151855,1.5638840492874308e-15,1.7685787616665808e-17
2.152733325958252,1.5925922287458363e-15,1.885697927687792e-17
2.1530208587646484,1.5721213767118928e-15,2.0030052242375012e-17
2.153308391571045,1.5268857486413019e-15,2.2707445631481633e-17
2.1535959243774414,1.559594720123803e-15,3.2316033621181066e-17
2.153883695602417,1.6429087173400785e-15,3.594894841136659e-17
2.1541712284088135,1.6887839657645041e-15,2.944803646111517e-17
2.15445876121521,1.5874448837139208e-15,2.167175776828274e-17
2.1547462940216064,1.5960087260294622e-15,2.0685351605442185e-17
2.155033826828003,1.6461078506037386e-15,1.9339427123528458e-17
2.1553213596343994,1.6307849062350664e-15,1.7437264844215076e-17
2.155609130859375,1.6330907652734473e-15,1.6133675591977392e-17
2.155896663665771,1.6237396113480545e-15,1.5941048392203045e-17
2.156184196472168,1.580301878167373e-15,1.5956425572082952e-17
2.1564717292785645,1.5880103302369565e-15,1.6339967163315346e-17
2.156759262084961,1.6109080074808748e-15,1.6934635456290998e-17
2.1570470333099365,1.6300150362592588e-15,1.681768830369693e-17
2.157334566116333,1.661383346226033e-15,1.6324480094108046e-17
2.1576220989227295,1.6914771040964397e-15,1.7892512884549206e-17
2.157909631729126,1.6855081268199417e-15,2.2963896552606038e-17
2.1581971645355225,1.6537032133687144e-15,2.4997802948744753e-17
2.158484935760498,1.6713226395531628e-15,2.1601096000386755e-17
2.1587724685668945,1.67189183696524e-15,1.7481475518411967e-17
2.159060001373291,1.6501379933345854e-15,1.6826422307438154e-17
2.1593475341796875,1.6333056912155361e-15,1.6628721151120298e-17
2.159635066986084,1.5876016708758639e-15,1.6626382706233367e-17
2.1599225997924805,1.6232476822502365e-15,1.6742077120495148e-17
2.160210371017456,1.6508463487301093e-15,1.6360147239397862e-17
2.1604979038238525,1.6229898086286201e-15,1.5969035006103582e-17
2.1607854366302486,1.589093399447745e-15,1.6147926039953762e-17
2.1610729694366455,1.6383052512192086e-15,1.6629601730930477e-17
2.161360502243042,1.7227535172816922e-15,1.655857220008548e-17
2.1616482734680176,1.743202801703646e-15,1.6101391572780258e-17
2.161935806274414,1.711393012096665e-15,1.6108672107017825e-17
2.1622233390808105,1.6419377997116362e-15,1.637113470694616e-17
2.162510871887207,1.6172417587166778e-15,1.6361480563236897e-17
2.1627984046936035,1.6781841408771321e-15,1.6274533197021217e-17
2.1630859375,1.699083719528541e-15,1.6879838776888547e-17
2.1633737087249756,1.6245927510605877e-15,1.8981895603494552e-17
2.163661241531372,1.656154794446365e-15,2.051186273092666e-17
2.1639487743377686,1.701909076699196e-15,1.9711951943391905e-17
2.1642363071441646,1.7071203743892725e-15,1.795601133349018e-17
2.1645238399505615,1.7552043338258989e-15,1.662421422350614e-17
2.164811611175537,1.7307959860204381e-15,1.6293667126706947e-17
2.1650991439819336,1.7536147070500293e-15,1.6257372879655473e-17
2.16538667678833,1.7292553083465628e-15,1.6450501174762733e-17
2.1656742095947266,1.704365533932601e-15,1.7119308133953102e-17
2.165961742401123,1.7557814081049633e-15,1.777968731432791e-17
2.166249513626098,1.8225024099230497e-15,1.8132121434761792e-17
2.166537046432495,1.8645915109487905e-15,1.8094293132699904e-17
2.1668245792388916,1.8572123869370677e-15,1.7682778114286262e-17
2.167112112045288,1.7946704381447837e-15,1.7669313008702997e-17
2.1673996448516846,1.7305604301886196e-15,1.7989533439109278e-17
2.1676871776580806,1.7227058809908626e-15,1.760364021627067e-17
2.1679749488830566,1.725001049995475e-15,1.707647327413517e-17
2.168262481689453,1.7343278231420962e-15,1.744262304781878e-17
2.1685500144958496,1.7581602219352049e-15,1.7739306649488433e-17
2.168837547302246,1.7876086393459883e-15,1.7338490455989807e-17
2.1691250801086426,1.797050752330642e-15,1.6885749357511277e-17
2.169412851333618,1.7509654541198817e-15,1.6649460930177003e-17
2.169700384140014,1.7351147596630434e-15,1.6491467916014974e-17
2.169987916946411,1.7442026011777093e-15,1.6525302107323874e-17
2.1702754497528076,1.7472200038672993e-15,1.688741821009662e-17
2.170562982559204,1.6633071772155174e-15,1.7819402782438898e-17
2.1708507537841797,1.6632983626262693e-15,2.3724742416847978e-17
2.171138286590576,1.6662426229795461e-15,2.924862103128998e-17
2.1714258193969727,1.6596616881558962e-15,2.7186900913792485e-17
2.171713352203369,1.6582138449858026e-15,1.9347409484270308e-17
2.1720008850097656,1.6752901424370138e-15,1.6457079882496015e-17
2.172288417816162,1.655979627928118e-15,1.649902390616654e-17
2.1725761890411377,1.6630132950591006e-15,1.672896952152367e-17
2.172863721847534,1.6476864122569348e-15,1.6659806644053328e-17
2.17315125465393,1.6377711246196716e-15,1.6353419082179322e-17
2.173438787460327,1.670992561317494e-15,1.628055366697134e-17
2.1737263202667236,1.6585182296315356e-15,1.6355904046169442e-17
2.174014091491699,1.6789009357729994e-15,1.6475006494771454e-17
2.1743016242980957,1.6806670418782807e-15,1.666137293326644e-17
2.174589157104492,1.6208898733986286e-15,1.672917025269504e-17
2.1748766899108887,1.6847369440329697e-15,1.6567549425538002e-17
2.175164222717285,1.7137817657828668e-15,1.6418158547924323e-17
2.1754517555236816,1.7026058043386906e-15,1.6408662644846506e-17
2.1757395267486572,1.6794448146840449e-15,1.7036904325127374e-17
2.1760270595550537,1.6504667587590898e-15,1.8532215289081685e-17
2.17631459236145,1.6050620593649444e-15,1.9056708257583945e-17
2.1766021251678462,1.6006123796947841e-15,1.790106227422041e-17
2.176889657974243,1.6220496482903196e-15,1.659740708838629e-17
2.1771774291992188,1.622118852193139e-15,1.632060612901967e-17
2.1774649620056152,1.619340381135505e-15,1.63269943619188e-17
2.1777524948120117,1.5895903922457694e-15,1.645910770688418e-17
2.178040027618408,1.5924157494164247e-15,1.6634224408636156e-17
2.1783275604248047,1.585619326017329e-15,1.7028080944733204e-17
2.17861533164978,1.6379301623150395e-15,1.7494666633272264e-17
2.1789028644561768,1.6265771589080952e-15,1.8564360115130786e-17
2.1791903972625732,1.6423385822057413e-15,1.9607908728215884e-17
2.1794779300689697,1.6282543689430883e-15,2.0051060151390556e-17
2.179765462875366,1.6250657381687452e-15,2.3631232460000362e-17
2.1800529956817623,1.630396501674799e-15,3.89244407766797e-17
2.1803407669067383,1.639471402622271e-15,4.5738376138988653e-17
2.1806282997131348,1.6270970321292741e-15,3.671174151448994e-17
2.1809158325195312,1.6308329176148002e-15,2.0840064056883764e-17
2.1812033653259277,1.6435966303903248e-15,1.6988818220651076e-17
2.181490898132324,1.6973132999008618e-15,1.6766834453361352e-17
2.1817786693573,1.6943720402588185e-15,1.6716351296356848e-17
2.182066202163696,1.7061113852370568e-15,1.6743363558221166e-17
2.1823537349700928,1.6500824801767683e-15,1.674993640519032e-17
2.1826412677764893,1.6031449799757352e-15,1.6880499578043937e-17
2.1829288005828857,1.6394597748662416e-15,1.7265021382076677e-17
2.1832165718078613,1.6168254100330498e-15,1.798610049652151e-17
2.183504104614258,1.577669691782365e-15,1.804468176435939e-17
2.1837916374206543,1.6301806380104497e-15,1.7558677899074406e-17
2.184079170227051,1.6446238113543925e-15,1.7388649805776258e-17
2.1843667030334473,1.6598612354529141e-15,1.756301046895577e-17
2.1846542358398438,1.6337207270879996e-15,1.8161183498879752e-17
2.1849420070648193,1.6401165555374422e-15,1.8685686723719237e-17
2.185229539871216,1.6355129018721205e-15,1.8033404188986766e-17
2.1855170726776123,1.6281499066832772e-15,1.7100582992565273e-17
2.185804605484009,1.6306078642722984e-15,1.6775909846613012e-17
2.1860921382904053,1.6310525321681912e-15,1.6765779515818378e-17
2.186379909515381,1.5968219187737012e-15,1.672614902878724e-17
2.1866674423217773,1.5633882755283452e-15,1.6970925307769375e-17
2.1869549751281734,1.650026404385595e-15,2.1155380492906238e-17
2.1872425079345703,1.6613694679365786e-15,3.1168211757927937e-17
2.187530040740967,1.6769577877049505e-15,3.345850167640359e-17
2.1878178119659424,1.6510652131056918e-15,2.5792710108905537e-17
2.188105344772339,1.6796192310244836e-15,1.8616035937635268e-17
2.1883928775787354,1.6570908288067196e-15,1.7775491007212514e-17
2.188680410385132,1.6932722795917939e-15,1.733198500780812e-17
2.1889679431915283,1.7022333410568504e-15,1.744829187192124e-17
2.189255475997925,1.6907220501323468e-15,1.787813349976203e-17
2.1895432472229004,1.6639407023746593e-15,1.770144318284178e-17
2.189830780029297,1.6592659693619973e-15,1.7097211588000844e-17
2.1901183128356934,1.6439737822834672e-15,1.6994821108308817e-17
2.1904058456420894,1.6019852050840436e-15,1.7405855544063992e-17
2.1906933784484863,1.6260261533078705e-15,1.7473217701756116e-17
2.190981149673462,1.6885174650980918e-15,1.703799735763718e-17
2.1912686824798584,1.6981279930007176e-15,1.6774926703430598e-17
2.191556215286255,1.6937475172333765e-15,1.6731110165621292e-17
2.1918437480926514,1.6707870125980093e-15,1.6703939663125528e-17
2.192131280899048,1.6555600909888046e-15,1.6737139426717606e-17
2.1924188137054443,1.625209397219042e-15,1.6775443915864864e-17
2.19270658493042,1.6419143566551257e-15,1.6818076579320388e-17
2.1929941177368164,1.6111859483588644e-15,1.6735263982196762e-17
2.193281650543213,1.5489345996950856e-15,1.6696940445566088e-17
2.1935691833496094,1.5642456349910501e-15,1.6777260752744436e-17
2.1938567161560054,1.6078825403798457e-15,1.6799629824228625e-17
2.1941444873809814,1.652205670918819e-15,1.6978031484274147e-17
2.194432020187378,1.6437295994068528e-15,1.746295696895964e-17
2.1947195529937744,1.6547662153231304e-15,1.815442750303161e-17
2.195007085800171,1.6553528543692513e-15,2.0695851164376865e-17
2.1952946186065674,1.7184581866955976e-15,3.6540240904204724e-17
2.195582389831543,1.6796940612608657e-15,4.93813157662145e-17
2.195869922637939,1.6045243694208178e-15,4.514545435372304e-17
2.196157455444336,1.6433845176150172e-15,2.6930967205102346e-17
2.1964449882507324,1.6892171934488196e-15,1.82220636514467e-17
2.196732521057129,1.719784313516288e-15,1.765980098852383e-17
2.1970200538635254,1.7246417148252804e-15,1.748586816112564e-17
2.197307825088501,1.6704899421859072e-15,1.7318345544492057e-17
2.1975953578948975,1.6133672778810608e-15,1.744737026676217e-17
2.197882890701294,1.6857191143285369e-15,1.8410282091406026e-17
2.1981704235076904,1.6864531633139962e-15,1.9656953067627054e-17
2.198457956314087,1.6759572380530789e-15,1.9808275067020788e-17
2.1987457275390625,1.670691364927446e-15,1.9194795186386425e-17
2.199033260345459,1.6674217149498023e-15,1.8983146876635804e-17
2.199320793151855,1.6645277165096842e-15,1.9507732152173077e-17
2.199608325958252,1.6998909108503133e-15,2.0463282857072614e-17
2.1998958587646484,1.7523073346745473e-15,2.1037526387063418e-17
2.200183629989624,1.686778552938363e-15,2.1090753846870693e-17
2.2004711627960205,1.6500194652408679e-15,2.073138937285587e-17
2.200758695602417,1.6612289971419674e-15,1.9486242195308033e-17
2.2010462284088135,1.693070481761351e-15,1.8500366431621027e-17
2.20133376121521,1.7275582185996488e-15,1.8387706427986337e-17
2.2016212940216064,1.7301742761617776e-15,1.8487466889776082e-17
2.201909065246582,1.689776263460484e-15,1.845806050576562e-17
2.2021965980529785,1.6474133475346997e-15,1.85769871314438e-17
2.202484130859375,1.6414126752457993e-15,1.8994100644790378e-17
2.202771663665771,1.6368407165928796e-15,1.9602195948382465e-17
2.203059196472168,1.650369985821814e-15,1.96937879701693e-17
2.2033469676971436,1.6306740674638846e-15,1.8860942618619242e-17
2.20363450050354,1.5642464789410844e-15,1.8177319647714194e-17
2.2039220333099365,1.5735735334043843e-15,1.82351126427769e-17
2.204209566116333,1.6344737180631193e-15,1.8433568372476192e-17
2.2044970989227295,1.656823390418047e-15,1.8826441765390824e-17
2.204784631729126,1.6476567802335056e-15,2.1793626497552995e-17
2.2050724029541016,1.6304600792440558e-15,3.130080275516972e-17
2.205359935760498,1.6235303117395281e-15,3.473317684881754e-17
2.2056474685668945,1.6109969035511632e-15,2.896234028594689e-17
2.205935001373291,1.620871494042324e-15,2.1140136645410233e-17
2.2062225341796875,1.5527322810775736e-15,1.936854633009666e-17
2.206510305404663,1.5169997179385637e-15,1.8889773182554162e-17
2.2067978382110596,1.5371613091710197e-15,1.8673446517838648e-17
2.207085371017456,1.5760791272842352e-15,1.841808130326889e-17
2.2073729038238525,1.618952726753046e-15,1.806840906793016e-17
2.2076604366302486,1.675334965561062e-15,1.80796001970319e-17
2.2079482078552246,1.6864079651010437e-15,1.7970820019249706e-17
2.2082357406616206,1.6131714814730846e-15,1.7727207101946908e-17
2.2085232734680176,1.5385905854403569e-15,1.7629560910816214e-17
2.208810806274414,1.5419465058659594e-15,1.767225657748611e-17
2.2090983390808105,1.5725685764578886e-15,1.7754080170663198e-17
2.209385871887207,1.6370425144233228e-15,1.7863003937166513e-17
2.2096736431121826,1.6943388448907994e-15,1.7943834130823966e-17
2.209961175918579,1.715339697546334e-15,1.796356146287762e-17
2.2102487087249756,1.6709593659494753e-15,1.8123022598453625e-17
2.210536241531372,1.6598537336748305e-15,1.8261430404092093e-17
2.2108237743377686,1.621547029158733e-15,1.829033422757861e-17
2.211111545562744,1.626523521194799e-15,1.8383671291884453e-17
2.2113990783691406,1.6010943689366417e-15,1.8309349476790752e-17
2.211686611175537,1.6171787437807774e-15,1.8310482069458418e-17
2.2119741439819336,1.6748711681310569e-15,2.000577988774037e-17
2.21226167678833,1.7034347508169048e-15,3.2700745900047955e-17
2.2125494480133057,1.6694576975216333e-15,4.607351807486391e-17
2.212836980819702,1.6120154574704348e-15,4.409611091010673e-17
2.213124513626098,1.6165500947773898e-15,2.823405536200712e-17
2.213412046432495,1.61305951743519e-15,1.928440480470709e-17
2.2136995792388916,1.6167050064948115e-15,1.8630422648377604e-17
2.213987112045288,1.6202893560630532e-15,1.8525311308939323e-17
2.2142748832702637,1.6742653995508233e-15,1.8754641544063044e-17
2.21456241607666,1.7191693552579025e-15,1.9079842158786792e-17
2.2148499488830566,1.6534095187567502e-15,1.9078365246226626e-17
2.215137481689453,1.6233675231551187e-15,1.8977753508447343e-17
2.2154250144958496,1.644414136656962e-15,1.879322734988843e-17
2.215712785720825,1.6751616744873357e-15,1.920799655758395e-17
2.2160003185272217,1.6674532224177525e-15,1.9785268637437716e-17
2.216287851333618,1.5996707190008673e-15,1.992298194252706e-17
2.216575384140014,1.6098403169151573e-15,1.9764887830183834e-17
2.216862916946411,1.6357019466798217e-15,1.943628943745708e-17
2.2171506881713867,1.5884420575656552e-15,1.9034220505626174e-17
2.217438220977783,1.5842258707383401e-15,1.8847962491267542e-17
2.2177257537841797,1.5981720512842588e-15,1.8922202255663458e-17
2.218013286590576,1.6853751578034137e-15,1.919109704422188e-17
2.2183008193969727,1.6845550259144472e-15,1.929623329190771e-17
2.218588352203369,1.7014640337143992e-15,1.929418202446304e-17
2.2188761234283447,1.6880564808348676e-15,1.9306741641988578e-17
2.219163656234741,1.61880644208042e-15,1.9277093501457852e-17
2.2194511890411377,1.5220173759818625e-15,1.9218249964425265e-17
2.219738721847534,1.562700362478099e-15,1.9185136647104066e-17
2.22002625465393,1.5709687285093807e-15,1.9219247759517992e-17
2.2203140258789062,1.5569772559782836e-15,1.9376342611577462e-17
2.2206015586853027,1.5720984962887385e-15,1.9469591764421393e-17
2.220889091491699,1.620532226128503e-15,1.9557386011053517e-17
2.2211766242980957,1.5560694470579679e-15,1.987504675272705e-17
2.221464157104492,1.5620370177510753e-15,2.0359434512303832e-17
2.2217516899108887,1.589274192299555e-15,2.0406686923082974e-17
2.222039461135864,1.6229206047258009e-15,1.9975519297358306e-17
2.2223269939422607,1.6764058443824654e-15,1.970257765116974e-17
2.2226145267486572,1.67082845992192e-15,1.9622562103726028e-17
2.2229020595550537,1.6349812133504605e-15,1.972549470409986e-17
2.22318959236145,1.6378853391909913e-15,1.9745660128272058e-17
2.223477363586426,1.6237953120503236e-15,1.9735963494022868e-17
2.2237648963928223,1.6457909004797153e-15,1.9812905070681628e-17
2.2240524291992188,1.6089928035361864e-15,1.983430125532063e-17
2.2243399620056152,1.6422033626557881e-15,2.1172206746716704e-17
2.2246274948120117,1.6650719705096338e-15,2.801635727848573e-17
2.2249152660369873,1.7237068057316385e-15,3.123180690947702e-17
2.225202798843384,1.628193792085065e-15,2.7099452452243894e-17
2.22549033164978,1.6769373453596733e-15,2.1088793421269997e-17
2.2257778644561768,1.6814888616673157e-15,2.022030436748663e-17
2.2260653972625732,1.7153074399005755e-15,2.0302479606511378e-17
2.2263529300689697,1.6905875807602021e-15,2.0722579179180988e-17
2.2266407012939453,1.6350235983966316e-15,2.1078479941596373e-17
2.226928234100342,1.6318392811446865e-15,2.10621357356354e-17
2.2272157669067383,1.6355772296191854e-15,2.1156904291579424e-17
2.2275032997131348,1.6276971743759449e-15,2.112250307134118e-17
2.2277908325195312,1.5998385712854828e-15,2.0624477313639365e-17
2.228078603744507,1.6158728717609121e-15,2.0243089553223882e-17
2.2283661365509033,1.5843717803220621e-15,2.0161441782970624e-17
2.2286536693573,1.6117761507495749e-15,2.039869577119493e-17
2.228941202163696,1.5493955839583097e-15,2.061456090073539e-17
2.2292287349700928,1.5140777753750848e-15,2.0481996276932186e-17
2.2295165061950684,1.5603296130592964e-15,2.285002923156105e-17
2.229804039001465,1.6105702399226705e-15,2.084779586995916e-17
2.2300915718078613,1.5790485185940913e-15,2.0211527873205486e-17
2.230379104614258,1.5830724723580195e-15,2.048179554576081e-17
2.2306666374206543,1.62910919655569e-15,2.1436887645867357e-17
2.230954170227051,1.6490397330231776e-15,2.913461744747902e-17
2.2312419414520264,1.6427018558094292e-15,4.021075835703321e-17
2.231529474258423,1.560270724101342e-15,4.1088264196426953e-17
2.2318170070648193,1.5874009983121332e-15,3.03764928534526e-17
2.232104539871216,1.612303525748837e-15,2.273849889021196e-17
2.2323920726776123,1.6364044881973309e-15,2.2136254094410296e-17
2.232679843902588,1.6572629946137334e-15,2.1743837841097618e-17
2.2329673767089844,1.6020641612983715e-15,2.1147878714822855e-17
2.233254909515381,1.5352288511367394e-15,2.1070573770788178e-17
2.2335424423217773,1.5661240802231299e-15,2.1801466734764754e-17
2.2338299751281734,1.569445117380645e-15,2.256021298025796e-17
2.2341175079345703,1.5874478844251545e-15,2.2291083761134426e-17
2.2344052791595455,1.6193321291796133e-15,2.2101457272593434e-17
2.2346928119659424,1.606071423606064e-15,2.2407984027615473e-17
2.234980344772339,1.5369595113405765e-15,2.171970760999307e-17
2.2352678775787354,1.605867562786648e-15,2.084068969345439e-17
2.235555410385132,1.5746239698805103e-15,2.0517730821009468e-17
2.2358431816101074,1.5145452299219061e-15,2.0614739654041282e-17
2.236130714416504,1.5281030059075572e-15,2.0855205341007537e-17
2.2364182472229004,1.524958635623906e-15,2.100728484416477e-17
2.236705780029297,1.553913998670159e-15,2.0835406214593317e-17
2.2369933128356934,1.6447477782372205e-15,2.0634166621933394e-17
2.237281084060669,1.6973920685707375e-15,2.0920032718214448e-17
2.2375686168670654,1.6824745953074724e-15,2.1242431887685186e-17
2.237856149673462,1.6844938864230676e-15,2.1310648251748912e-17
2.2381436824798584,1.6783653088178457e-15,2.0937067029151453e-17
2.238431215286255,1.6501012346219768e-15,2.0497474554993298e-17
2.2387187480926514,1.5963667483884918e-15,2.0199522097890002e-17
2.239006519317627,1.5824057518308584e-15,2.0261099681388138e-17
2.239294052124023,1.6236212707987892e-15,2.0289774935073672e-17
2.23958158493042,1.6578275034145081e-15,2.0344508611261754e-17
2.2398691177368164,1.703594351145629e-15,2.0473597801937266e-17
2.240156650543213,1.714023885670508e-15,2.0860592848431874e-17
2.2404444217681885,1.6753602840620937e-15,2.0935040669954318e-17
2.240731954574585,1.6978434880669052e-15,2.06722484020438e-17
2.2410194873809814,1.6782503440687179e-15,2.0618159409909765e-17
2.241307020187378,1.6403046626228832e-15,2.108244914410182e-17
2.2415945529937744,1.628579383478551e-15,2.1225268639937378e-17
2.24188232421875,1.602717003536078e-15,2.083487141986667e-17
2.2421698570251465,1.605723528647447e-15,2.0600344152152752e-17
2.242457389831543,1.6128580946936513e-15,2.0723018736490562e-17
2.242744922637939,1.6102439125760432e-15,2.0965581111823477e-17
2.243032455444336,1.5839946284289197e-15,2.123033673571676e-17
2.2433199882507324,1.6318736017794177e-15,2.1035185011794426e-17
2.243607759475708,1.6076396703143959e-15,2.0948307974748276e-17
2.2438952922821045,1.5891072777371994e-15,2.1500180968063867e-17
2.244182825088501,1.611537031573167e-15,2.1622256289269617e-17
2.2444703578948975,1.6131045281036905e-15,2.0889486415581167e-17
2.244757890701294,1.6186971036648547e-15,2.0246411141293228e-17
2.2450456619262695,1.556105549364994e-15,2.0102674435871698e-17
2.245333194732666,1.6059474567232361e-15,2.0301536023486824e-17
2.2456207275390625,1.7271120503481397e-15,2.167141930915437e-17
2.245908260345459,1.7487036680277408e-15,2.5943909032252593e-17
2.246195793151855,1.6989166174217336e-15,2.781997772447866e-17
2.246483564376831,1.6662454361463277e-15,2.4944461204036994e-17
2.2467710971832275,1.6699991383548017e-15,2.199006612439238e-17
2.247058629989624,1.6014777097967026e-15,2.228471897129181e-17
2.2473461627960205,1.6100488663458752e-15,2.2226833669194087e-17
2.247633695602417,1.5988263938775821e-15,2.1144645038215425e-17
2.2479212284088135,1.6318949818469552e-15,2.049068779013348e-17
2.2482089996337886,1.6630637445167114e-15,2.0397312630860804e-17
2.2484965324401855,1.6627302904809048e-15,2.0370019052318362e-17
2.248784065246582,1.677592250586353e-15,2.0467704803606918e-17
2.2490715980529785,1.7058694528938677e-15,2.0598666508421216e-17
2.249359130859375,1.7030551608458855e-15,2.0758132039570314e-17
2.2496469020843506,1.6514948774454176e-15,2.0905991792555646e-17
2.249934434890747,1.6010255401227264e-15,2.0919351404384614e-17
2.2502219676971436,1.6029908184361216e-15,2.099928197074847e-17
2.25050950050354,1.5369965513698632e-15,2.1107902442708186e-17
2.2507970333099365,1.5777559622303241e-15,2.112517118421029e-17
2.251084566116333,1.65229756770034e-15,2.1210587425797626e-17
2.2513723373413086,1.7192441854942842e-15,2.3659994159956785e-17
2.2516598701477046,1.6690781075506141e-15,2.943002633295091e-17
2.2519474029541016,1.6187897506241845e-15,3.211002190133021e-17
2.252234935760498,1.6266015396868666e-15,2.844981939336638e-17
2.2525224685668945,1.6718800216647587e-15,2.2957603557123978e-17
2.25281023979187,1.6300874284177636e-15,2.1342032643652452e-17
2.2530977725982666,1.5929176183702032e-15,2.129809596017853e-17
2.253385305404663,1.6743469813874801e-15,2.1493235962572602e-17
2.2536728382110596,1.6792176983525704e-15,2.182836471172858e-17
2.253960371017456,1.6253442416800908e-15,2.2314075538807183e-17
2.2542481422424316,1.6465097583645561e-15,2.2490610545478045e-17
2.254535675048828,1.6033075810156924e-15,2.1968968838723886e-17
2.2548232078552246,1.5479413642768453e-15,2.137556207522671e-17
2.2551107406616206,1.5440935147534245e-15,2.1213138323384182e-17
2.2553982734680176,1.6120195834483808e-15,2.1619570594108125e-17
2.255685806274414,1.6425330658025529e-15,2.2120415379355338e-17
2.2559735774993896,1.6252262762197295e-15,2.214243573537393e-17
2.256261110305786,1.6219543757086608e-15,2.1967978369586314e-17
2.2565486431121826,1.6361417384199602e-15,2.2382861862182322e-17
2.256836175918579,1.6655473956956685e-15,2.3056344245955515e-17
2.2571237087249756,1.673724333806559e-15,2.2830290177979142e-17
2.257411479949951,1.6458192196919801e-15,2.2066276570726213e-17
2.2576990127563477,1.5788154008401502e-15,2.1537326491104882e-17
2.257986545562744,1.5370682871227857e-15,2.1478588447826585e-17
2.2582740783691406,1.5601927056092749e-15,2.1683096881678702e-17
2.258561611175537,1.6254912765305253e-15,2.1656215021816226e-17
2.2588493824005127,1.6408719845904392e-15,2.13249499814114e-17
2.259136915206909,1.6739677665053648e-15,2.117128953713073e-17
2.2594244480133057,1.6543127328379896e-15,2.1294076941177994e-17
2.259711980819702,1.6145896926197488e-15,2.1459957078664802e-17
2.259999513626098,1.6228305833888e-15,2.177810426376093e-17
2.260287046432495,1.6173597241770388e-15,2.191981900555842e-17
2.2605748176574707,1.585609761250273e-15,2.1980674249877826e-17
2.260862350463867,1.5872093278821027e-15,2.2758428418628017e-17
2.2611498832702637,1.6019883933397293e-15,2.3285514775256762e-17
2.26143741607666,1.5643100565103412e-15,2.3490168263021037e-17
2.2617249488830566,1.554230855021956e-15,2.4229893398537974e-17
2.262012720108032,1.5777210789622363e-15,2.479103519032143e-17
2.2623002529144287,1.5791582320985608e-15,2.4401354448665334e-17
2.262587785720825,1.58362310286934e-15,2.316497497425245e-17
2.2628753185272217,1.5854947965011449e-15,2.1832377869964984e-17
2.263162851333618,1.5968869966985747e-15,2.1633192475131802e-17
2.263450384140014,1.5357604458861735e-15,2.243280582888708e-17
2.2637381553649902,1.55602106058933e-15,2.3031951745656253e-17
2.2640256881713867,1.5619428704361288e-15,2.3224611179633305e-17
2.264313220977783,1.6134751159410097e-15,2.3451233741730057e-17
2.2646007537841797,1.5731886921887065e-15,2.393528304217847e-17
2.264888286590576,1.5181134506672685e-15,2.4203160988160754e-17
2.2651760578155518,1.598919603470268e-15,2.343553421982313e-17
2.265463590621948,1.6374102890938608e-15,2.214858514213486e-17
2.2657511234283447,1.5704990234291345e-15,2.1525320715789398e-17
2.266038656234741,1.5798348924816822e-15,2.150378973357546e-17
2.2663261890411377,1.6412521371948148e-15,2.14756185056049e-17
2.2666139602661133,1.5762237240567925e-15,2.135656440830695e-17
2.2669014930725098,1.5254003965807915e-15,2.156694093224187e-17
2.2671890258789062,1.5869882129730948e-15,2.1998430899993558e-17
2.2674765586853027,1.5928887365245821e-15,2.2273809158868192e-17
2.267764091491699,1.6201507607129628e-15,2.2583130033188086e-17
2.2680516242980957,1.6333263211052655e-15,2.3537455838384944e-17
2.2683393955230713,1.6498654912457064e-15,2.49530384323378e-17
2.2686269283294678,1.5778330430001308e-15,2.6462232081319474e-17
2.268914461135864,1.5610208081374544e-15,2.7525222314207003e-17
2.2692019939422607,1.5834610644627389e-15,2.6346268071907818e-17
2.2694895267486572,1.5932636378842992e-15,2.4040108669365532e-17
2.269777297973633,1.6232371797609196e-15,2.2695573188550058e-17
2.2700648307800293,1.6280568846350432e-15,2.3133051392049165e-17
2.270352363586426,1.5328714173740354e-15,2.3716036251736362e-17
2.2706398963928223,1.5206119178579402e-15,2.3054580155953094e-17
2.2709274291992188,1.5742903283002516e-15,2.1905004459034765e-17
2.2712152004241943,1.6335009249901562e-15,2.2010419093016657e-17
2.271502733230591,1.6621880994699281e-15,2.2742136959544197e-17
2.2717902660369873,1.6411328589232889e-15,2.2903776834184652e-17
2.272077798843384,1.584015445863101e-15,2.3079057637332204e-17
2.27236533164978,1.4874445877345443e-15,2.3647923916235898e-17
2.2726528644561768,1.531762654573311e-15,2.3495668590154834e-17
2.2729406356811523,1.606312605771445e-15,2.2313298987560266e-17
2.273228168487549,1.597075853961824e-15,2.1792851411497115e-17
2.2735157012939453,1.5553030466545238e-15,2.2086839061668058e-17
2.273803234100342,1.5861791462068018e-15,2.3607911014345434e-17
2.2740907669067383,1.5797240537105e-15,2.5989807606518244e-17
2.2743785381317134,1.5625847413233885e-15,2.710637987544277e-17
2.2746660709381104,1.567373782679596e-15,2.6316448504026363e-17
2.274953603744507,1.58423937393889e-15,2.352758045082986e-17
2.2752411365509033,1.6641169941596188e-15,2.4201014483299e-17
2.2755286693573,1.6657161857025446e-15,2.6257125849526334e-17
2.2758164405822754,1.6558286546441896e-15,2.6564774940878817e-17
2.276103973388672,1.6562106826930865e-15,2.473689052092818e-17
2.2763915061950684,1.589177419362279e-15,2.3554096012934363e-17
2.276679039001465,1.600002297592153e-15,2.3298550579867677e-17
2.2769665718078613,1.6347514713966567e-15,2.3334966437774802e-17
2.277254104614258,1.6118391656854753e-15,2.326923210731913e-17
2.2775418758392334,1.6534106440234624e-15,2.2630773649972745e-17
2.2778294086456294,1.6601643072874828e-15,2.2085482294772506e-17
2.2781169414520264,1.6096026980943661e-15,2.225328329770215e-17
2.278404474258423,1.6134012234268884e-15,2.2161283952808437e-17
2.2786920070648193,1.5784765080152333e-15,2.1900843316504137e-17
2.278979778289795,1.5443994935270004e-15,2.1756882436854725e-17
2.2792673110961914,1.5809695364167944e-15,2.15675621732394e-17
2.279554843902588,1.5826801293642585e-15,2.1453570310956696e-17
2.2798423767089844,1.6246838976643007e-15,2.157837088748181e-17
2.280129909515381,1.6569188505441581e-15,2.208639803916745e-17
2.2804174423217773,1.5657030429281998e-15,2.3165430648663373e-17
2.280705213546753,1.4929391713194942e-15,2.4634582091933942e-17
2.2809927463531494,1.4344911303717658e-15,2.4203348532612835e-17
2.2812802791595455,1.581434084024608e-15,2.2842858586650876e-17
2.2815678119659424,1.644163952357881e-15,2.2470423143440375e-17
2.281855344772339,1.6966861512530908e-15,2.2574818004464057e-17
2.2821431159973145,1.684800146513322e-15,2.23967914333227e-17
2.282430648803711,1.6290169246852644e-15,2.316599767759272e-17
2.2827181816101074,1.6054146429348637e-15,2.5639609367599057e-17
2.283005714416504,1.6102774830329665e-15,2.6934510037017507e-17
2.2832932472229004,1.5541153276394717e-15,2.498298107626594e-17
2.283581018447876,1.5942900686705587e-15,2.3515763685157498e-17
2.2838685512542725,1.581943642300922e-15,2.4632167457113352e-17
2.284156084060669,1.561427216965122e-15,2.4868262479231412e-17
2.2844436168670654,1.5897777491534021e-15,2.3279494305306642e-17
2.284731149673462,1.5169848081546228e-15,2.2404280024686802e-17
2.2850186824798584,1.494463063764908e-15,2.3213301370057982e-17
2.285306453704834,1.5946597187856175e-15,2.4441773208471635e-17
2.2855939865112305,1.6025821590750293e-15,2.4173467426708038e-17
2.285881519317627,1.5372475796189785e-15,2.2890713190944133e-17
2.286169052124023,1.563035879502878e-15,2.2463886926247016e-17
2.28645658493042,1.643396895548855e-15,2.2698124086136617e-17
2.2867443561553955,1.6245719336264061e-15,2.3022729833301406e-17
2.287031888961792,1.578620354609982e-15,2.2871334574356074e-17
2.2873194217681885,1.5579747111466956e-15,2.2835824204506674e-17
2.287606954574585,1.5591210766100633e-15,2.3043364118603814e-17
2.2878944873809814,1.5390522261091633e-15,2.3062366181096668e-17
2.2881822586059566,1.6139837364950634e-15,2.3110405399459945e-17
2.2884697914123535,1.6933602379398216e-15,2.3179352893848595e-17
2.28875732421875,1.603871339638659e-15,2.2979577027029553e-17
2.2890448570251465,1.576437712276621e-15,2.3348443264886322e-17
2.289332389831543,1.5684981116698437e-15,2.4990799335612222e-17
2.289619922637939,1.6110884252437805e-15,2.6940795706544405e-17
2.289907693862915,1.5728865580763982e-15,2.806208296020962e-17
2.2901952266693115,1.6003672590959097e-15,2.7007558601104482e-17
2.290482759475708,1.5905061718052987e-15,2.4610060654823875e-17
2.2907702922821045,1.630413193131035e-15,2.3808180650542228e-17
2.291057825088501,1.6510490842828127e-15,2.4136408349937905e-17
2.2913455963134766,1.5969447603898168e-15,2.4212588027260068e-17
2.2916331291198726,1.5943919053080406e-15,2.4038615639704017e-17
2.2919206619262695,1.553754585885887e-15,2.430290972842224e-17
2.292208194732666,1.5487501497264603e-15,2.5395499750536442e-17
2.2924957275390625,1.5244282599134106e-15,2.5952377836417038e-17
2.292783260345459,1.5148651807571623e-15,2.4811099516312425e-17
2.2930710315704346,1.5048446806822796e-15,2.366027694182594e-17
2.293358564376831,1.470868846425947e-15,2.3794256940165973e-17
2.2936460971832275,1.2983619898261245e-15,2.506326475366849e-17
2.293933629989624,1.1435353238132257e-15,2.635961303182647e-17
2.2942211627960205,1.13861331344049e-15,2.5872650931606613e-17
2.294508934020996,1.2056821164449675e-15,2.5341741891575616e-17
2.2947964668273926,1.2356347471151805e-15,2.6406030283717418e-17
2.2950839996337886,1.2183719367063708e-15,2.7091859832316525e-17
2.2953715324401855,1.2469224850527992e-15,2.7193980716858682e-17
2.295659065246582,1.2173873283329266e-15,2.7726173264233634e-17
2.2959468364715576,1.2703443490402944e-15,2.741988680054083e-17
2.296234369277954,1.2544853088553386e-15,2.6058346312608994e-17
2.2965219020843506,1.3149352930568444e-15,2.5309331865949737e-17
2.296809434890747,1.3271045836914872e-15,2.496328597841499e-17
2.2970969676971436,1.3072249655427405e-15,2.428330547241527e-17
2.29738450050354,1.323014239191521e-15,2.3898389531994945e-17
2.2976722717285156,1.4007066852287853e-15,2.447302719837334e-17
2.297959804534912,1.4383940241918733e-15,2.5700898308463907e-17
2.2982473373413086,1.3054606411097541e-15,2.8233463424830226e-17
2.2985348701477046,1.3494501300684688e-15,3.127394580355479e-17
2.2988224029541016,1.3584123168002379e-15,2.9655633517662555e-17
2.299110174179077,1.4122089740195888e-15,2.794987570060379e-17
2.2993977069854736,1.3937525369454864e-15,2.6592748368060065e-17
2.29968523979187,1.4649625089964449e-15,2.6009810394485898e-17
2.2999727725982666,1.3982373812004127e-15,2.6612622219216913e-17
2.300260305404663,1.4212681212330857e-15,2.7703187347325014e-17
2.3005480766296382,1.4612467845395178e-15,2.882435738570767e-17
2.300835609436035,1.3546859023095418e-15,2.8070384732596433e-17
2.3011231422424316,1.3836731479126493e-15,2.6779047407767594e-17
2.301410675048828,1.2939940795370728e-15,2.567463622440793e-17
2.3016982078552246,1.323617007060521e-15,2.546026705491105e-17
2.3019857406616206,1.5061264532400522e-15,2.61011709160897e-17
2.3022735118865967,1.4453823993376777e-15,2.648678282225018e-17
2.302561044692993,1.469755207469468e-15,2.6781154352471482e-17
2.3028485774993896,1.4574324117007942e-15,2.6662816733588128e-17
2.303136110305786,1.3601661387439073e-15,2.6525551776954554e-17
2.3034236431121826,1.3934176763262895e-15,2.7545899090049335e-17
2.303711414337158,1.4505618144708993e-15,2.8974014928089157e-17
2.3039989471435542,1.340912075115089e-15,2.864892127231074e-17
2.304286479949951,1.4447395907281574e-15,2.873582761317753e-17
2.3045740127563477,1.5133827356356592e-15,2.892116841795018e-17
2.304861545562744,1.4119748247711612e-15,2.788199340009534e-17
2.3051493167877197,1.3822299933538579e-15,2.6870756644836986e-17
2.305436849594116,1.3864923161163856e-15,2.7076572029089564e-17
2.3057243824005127,1.3647995182048844e-15,2.6982108232880182e-17
2.306011915206909,1.2881251572257621e-15,2.6617231710203306e-17
2.3062994480133057,1.338853680981234e-15,2.6852063737651858e-17
2.306586980819702,1.470317559509044e-15,2.71446741082528e-17
2.3068747520446777,1.332611545210275e-15,2.6766332479992666e-17
2.307162284851074,1.3674212021005759e-15,2.7162792660553418e-17
2.3074498176574707,1.4676810596016379e-15,2.9044478895195834e-17
2.307737350463867,1.3861995592266814e-15,2.917132927397459e-17
2.3080248832702637,1.311530892390378e-15,2.7328740196827693e-17
2.3083126544952393,1.4372542227843288e-15,2.626310382893653e-17
2.3086001873016357,1.5349840118545428e-15,2.6329301159758285e-17
2.308887720108032,1.4632491966544257e-15,2.6652777244637474e-17
2.3091752529144287,1.2959759555344773e-15,2.6956587535486346e-17
2.309462785720825,1.37052309356583e-15,2.7001196741643922e-17
2.3097503185272217,1.4414281183376987e-15,2.6772978586513414e-17
2.3100380897521973,1.3313512464922659e-15,2.5480694748277956e-17
2.3103256225585938,1.3472334484170545e-15,2.5331497275880492e-17
2.3106131553649902,1.4220768129104745e-15,2.5245540378802384e-17
2.3109006881713867,1.5036339874718473e-15,2.5903009689787817e-17
2.311188220977783,1.4197323197149645e-15,2.4880883634780296e-17
2.311475992202759,1.2760359480721595e-15,2.4900476169259013e-17
2.3117635250091553,1.309749970273382e-15,2.5246967474867466e-17
2.3120510578155518,1.3771216575679762e-15,2.5858148470772757e-17
2.312338590621948,1.3852896873173928e-15,2.5826872503005577e-17
2.3126261234283447,1.3104491359907537e-15,2.5359283158609656e-17
2.3129138946533203,1.4148415354935008e-15,2.615002917623981e-17
2.313201427459717,1.4541111869988273e-15,2.5163935099089054e-17
2.3134889602661133,1.46076432643653e-15,2.4930790971709263e-17
2.3137764930725098,1.3925933246871512e-15,2.4822070866759378e-17
2.3140640258789062,1.2985969830245864e-15,2.4783512899563597e-17
2.3143515586853027,1.3637179493497125e-15,2.48911868581167e-17
2.3146393299102783,1.4179270168191977e-15,2.5002834414748338e-17
2.314926862716675,1.3278918953013384e-15,2.5054880930583894e-17
2.3152143955230713,1.2231681985239837e-15,2.5100682802241438e-17
2.3155019283294678,1.373955438355657e-15,2.5566508056634937e-17
2.315789461135864,1.4368688189352948e-15,2.698467524756809e-17
2.31607723236084,1.4575600357004378e-15,2.9142989549035364e-17
2.3163647651672363,1.3657505561214059e-15,3.149289516021742e-17
2.316652297973633,1.2902019307159212e-15,3.527315249095401e-17
2.3169398307800293,1.3621515780859016e-15,3.9884970200705664e-17
2.317227363586426,1.3719936296146256e-15,3.975789125212594e-17
2.3175151348114014,1.3935013211519192e-15,3.61776764529762e-17
2.3178026676177974,1.277138709450417e-15,3.4185881112285645e-17
2.3180902004241943,1.3151429047653022e-15,3.32797249274539e-17
2.318377733230591,1.3974150925502477e-15,3.208287484189096e-17
2.3186652660369873,1.4083012978159528e-15,3.0746983988163764e-17
2.318952798843384,1.4828782554151872e-15,2.9200193537303244e-17
2.3192405700683594,1.4188513296512968e-15,2.8338552786403036e-17
2.319528102874756,1.3224085643835137e-15,2.8328982158582585e-17
2.3198156356811523,1.4087444653562293e-15,2.8250099203806544e-17
2.320103168487549,1.516576898971339e-15,2.7682454894223465e-17
2.3203907012939453,1.4800543986001486e-15,2.7500642269455658e-17
2.320678472518921,1.2995511154245669e-15,2.801541955622531e-17
2.3209660053253174,1.2818270394358553e-15,2.797294659859227e-17
2.3212535381317134,1.3970383157460096e-15,2.7227140920292898e-17
2.3215410709381104,1.38128692607655e-15,2.7543633904713997e-17
2.321828603744507,1.3920273155307596e-15,2.947005242156067e-17
2.3221161365509033,1.3206045742989113e-15,2.999486040613479e-17
2.322403907775879,1.24429245542899e-15,2.905107225483944e-17
2.3226914405822754,1.2474424520462036e-15,2.8818968413092305e-17
2.322978973388672,1.1794483984873669e-15,2.8718309789199995e-17
2.3232665061950684,1.1221236550353995e-15,2.811210751242114e-17
2.323554039001465,1.1289167026343576e-15,2.731053959382929e-17
2.3238418102264404,1.1063890505944016e-15,2.6653184567744347e-17
2.324129343032837,1.2115096852045937e-15,2.6187746123783274e-17
2.3244168758392334,1.2947180948943457e-15,2.5890441281116086e-17
2.3247044086456294,1.325227826359476e-15,2.6126659379280824e-17
2.3249919414520264,1.2969198667618193e-15,2.6913815678882792e-17
2.325279712677002,1.2228044560591657e-15,2.7877967055139647e-17
2.3255672454833984,1.2521924841563778e-15,2.789266585157178e-17
2.325854778289795,1.2761752936000583e-15,2.665254281407237e-17
2.3261423110961914,1.2356830398115922e-15,2.595649795359877e-17
2.326429843902588,1.244354345098178e-15,2.6294661113381842e-17
2.3267173767089844,1.2716714135832456e-15,2.633178026298428e-17
2.32700514793396,1.3056039250711468e-15,2.5736411608695373e-17
2.3272926807403564,1.3329966677426305e-15,2.5469225232880153e-17
2.327580213546753,1.3340129711284772e-15,2.5500794238853717e-17
2.3278677463531494,1.399314917849865e-15,2.5723128186800065e-17
2.3281552791595455,1.3293978772515783e-15,2.6660085617504646e-17
2.3284430503845215,1.1951026401306464e-15,2.8879337213989114e-17
2.328730583190918,1.1746587007255772e-15,2.9308330496222427e-17
2.3290181159973145,1.2056993705345593e-15,2.7727336625912974e-17
2.329305648803711,1.3304596601670555e-15,2.6989173384036058e-17
2.3295931816101074,1.3099774616937608e-15,2.6544918672014358e-17
2.329880952835083,1.3761362052444972e-15,2.5887311633071922e-17
2.330168485641479,1.3562558369179424e-15,2.5609909945382216e-17
2.330456018447876,1.2688393048123153e-15,2.5778046477058164e-17
2.3307435512542725,1.1631611005460757e-15,2.633221102914766e-17
2.331031084060669,1.2409099036911913e-15,2.6805347586790398e-17
2.3313186168670654,1.2939895784702228e-15,2.7246091701099638e-17
2.331606388092041,1.2895041715819402e-15,2.839227548077909e-17
2.3318939208984375,1.2397618503277553e-15,2.8834426178478964e-17
2.332181453704834,1.2844641957488436e-15,2.7911297220733564e-17
2.3324689865112305,1.4043836817563569e-15,2.740056679159405e-17
2.332756519317627,1.3955756565642014e-15,2.6928956963006562e-17
2.3330442905426025,1.3112545456402312e-15,2.6513135748150134e-17
2.333331823348999,1.3812935839045993e-15,2.61905299867439e-17
2.3336193561553955,1.4167107910474284e-15,2.651601338333681e-17
2.333906888961792,1.2915075214191085e-15,2.7207038499335074e-17
2.3341944217681885,1.29200695229501e-15,2.7522365191694772e-17
2.334482192993164,1.3006977622046124e-15,2.7457852830559718e-17
2.3347697257995605,1.2917006922047557e-15,2.803183848692891e-17
2.3350572586059566,1.2915572206989108e-15,2.855718273142071e-17
2.3353447914123535,1.377203520721311e-15,2.785683607007742e-17
2.33563232421875,1.2936004237321472e-15,2.7092782902666633e-17
2.3359198570251465,1.1908771698529532e-15,2.782398648714197e-17
2.336207628250122,1.306944399042422e-15,2.8342716859315725e-17
2.3364951610565186,1.4093231337631365e-15,2.7662123903464667e-17
2.336782693862915,1.3116668621181393e-15,2.6910621562433226e-17
2.3370702266693115,1.3008529552387124e-15,2.664826738664125e-17
2.337357759475708,1.3394601059670498e-15,2.6761664381364994e-17
2.3376455307006836,1.342088353918564e-15,2.6942633056098427e-17
2.33793306350708,1.351726638400098e-15,2.784151310226569e-17
2.3382205963134766,1.3459406107366088e-15,2.958133954119846e-17
2.3385081291198726,1.3289886552571296e-15,3.0665569183284574e-17
2.3387956619262695,1.3202750586965984e-15,3.052859433447531e-17
2.339083194732666,1.3010629112528213e-15,2.950614007667664e-17
2.3393709659576416,1.2434517874225206e-15,2.889477446670133e-17
2.339658498764038,1.256367411204234e-15,3.046288051669409e-17
2.3399460315704346,1.3434439252182321e-15,3.381993206977341e-17
2.340233564376831,1.2621585025679299e-15,3.554605604217574e-17
2.3405210971832275,1.1719964134560095e-15,3.345643282666654e-17
2.340808868408203,1.2900072595746572e-15,3.195152339626217e-17
2.3410964012145996,1.354741696784037e-15,3.244515211567722e-17
2.341383934020996,1.2178685673969758e-15,3.2229710426344984e-17
2.3416714668273926,1.238718446768582e-15,3.112473660962907e-17
2.3419589996337886,1.2382168591314819e-15,3.163464360140865e-17
2.3422467708587646,1.2721441193747248e-15,3.169347395172195e-17
2.342534303665161,1.3999125282464329e-15,3.0020369382000364e-17
2.3428218364715576,1.3812154716403061e-15,2.8732328736993323e-17
2.343109369277954,1.309596558911577e-15,2.889200818603308e-17
2.3433969020843506,1.3387294327817281e-15,2.984532887018205e-17
2.343684434890747,1.2807225901575288e-15,3.042139216743449e-17
2.343972206115722,1.2782378137118592e-15,2.9583680916467453e-17
2.344259738922119,1.288348616440421e-15,2.850318458113065e-17
2.3445472717285156,1.2896672414830281e-15,2.9492106476973e-17
2.344834804534912,1.168851480539002e-15,3.179554501976902e-17
2.3451223373413086,1.1908977997426825e-15,3.2690050005515005e-17
2.345410108566284,1.1966654480498678e-15,3.186683828499976e-17
2.3456976413726807,1.2011219730925293e-15,3.069722610072005e-17
2.345985174179077,1.3265586417914687e-15,2.9935868884807975e-17
2.3462727069854736,1.4775165470745393e-15,2.9760886980630937e-17
2.34656023979187,1.3547545435790049e-15,3.088078230281583e-17
2.3468480110168457,1.203191057260153e-15,3.162429349195923e-17
2.347135543823242,1.2668699005209744e-15,3.0964641046336247e-17
2.3474230766296382,1.3469852333347202e-15,3.156799206136701e-17
2.347710609436035,1.3026651035069804e-15,3.314034130458818e-17
2.3479981422424316,1.3377270076853355e-15,3.445424257130846e-17
2.348285675048828,1.3380177015860668e-15,3.4721894877871825e-17
2.3485734462738037,1.2798809844287989e-15,3.2775447199618925e-17
2.3488609790802,1.3475645581472096e-15,3.053066318421237e-17
2.3491485118865967,1.3829118112094116e-15,3.050142676236161e-17
2.349436044692993,1.3170979619060588e-15,3.189106375352139e-17
2.3497235774993896,1.241822119906131e-15,3.3423046983813405e-17
2.3500113487243652,1.1993293294472781e-15,3.39336250330856e-17
2.3502988815307617,1.380929278806425e-15,3.524162157994727e-17
2.350586414337158,1.3574938178461533e-15,3.723766011386625e-17
2.3508739471435542,1.2984996474539543e-15,3.7653273271596144e-17
2.351161479949951,1.2413492265701997e-15,3.517192537294132e-17
2.3514490127563477,1.2180115700416903e-15,3.422118635539058e-17
2.3517367839813232,1.1291463508159353e-15,3.645306203780599e-17
2.3520243167877197,1.242441579231367e-15,3.786599849675522e-17
2.352311849594116,1.2949880651331212e-15,4.045683426046065e-17
2.3525993824005127,1.1548860766867448e-15,4.1523030331326e-17
2.352886915206909,1.0502539953742332e-15,3.634760637847521e-17
2.3531746864318848,1.0531109537850648e-15,3.3358200559123075e-17
2.3534622192382812,1.1498714193546795e-15,3.469532803408121e-17
2.3537497520446777,1.204816598798597e-15,3.344289739191374e-17
2.354037284851074,1.1684916765076775e-15,3.013649163204346e-17
2.3543248176574707,1.1936478578158256e-15,2.897321200340367e-17
2.3546125888824463,1.2025017376265161e-15,2.952825273973025e-17
2.3549001216888428,1.1916577298625295e-15,3.012737521344291e-17
2.3551876544952393,1.29351837303436e-15,2.999428605125028e-17
2.3554751873016357,1.3148789359489933e-15,3.0756091615618116e-17
2.355762720108032,1.3203616104612357e-15,3.485894591661474e-17
2.3560502529144287,1.2204097947227228e-15,3.78982707944241e-17
2.356338024139404,1.1478216522656202e-15,3.48981134032798e-17
2.356625556945801,1.1603621871431645e-15,3.090981652830419e-17
2.3569130897521973,1.211506028087778e-15,3.022720453921116e-17
2.3572006225585938,1.2452151741332466e-15,3.062117389501766e-17
2.3574881553649902,1.29393040819559e-15,3.01085269960084e-17
2.357775926589966,1.3232857097859134e-15,2.969676436031037e-17
2.3580634593963623,1.2807329988746192e-15,3.12410669167987e-17
2.358350992202759,1.262683908350445e-15,3.579487185283286e-17
2.3586385250091553,1.2184041943521297e-15,4.1116340186980437e-17
2.3589260578155518,1.1167531321055036e-15,4.025610015870674e-17
2.3592138290405273,1.112597990997342e-15,3.3527011078673705e-17
2.359501361846924,1.2004499075484838e-15,2.890131507946778e-17
2.3597888946533203,1.3068079604535305e-15,2.7892560357817486e-17
2.360076427459717,1.3555922108742409e-15,2.788532231411984e-17
2.3603639602661133,1.2745810719851128e-15,2.7819177730175236e-17
2.3606514930725098,1.240319701300481e-15,2.774732769235237e-17
2.3609392642974854,1.2316585234143076e-15,2.793791388101927e-17
2.3612267971038814,1.2831644189236708e-15,2.91526012022047e-17
2.3615143299102783,1.2395825578315622e-15,3.1701057780503127e-17
2.361801862716675,1.134417287641774e-15,3.262030984277809e-17
2.3620893955230713,1.1961212878221441e-15,3.03564285274616e-17
2.362377166748047,1.2862524320994704e-15,2.842321445460893e-17
2.3626646995544434,1.269993359598218e-15,2.804286844501714e-17
2.36295223236084,1.2489438391573674e-15,2.81067888689753e-17
2.3632397651672363,1.1882341058897243e-15,2.859013780811046e-17
2.363527297973633,1.2005569016583981e-15,2.984845558784415e-17
2.3638150691986084,1.2480622864603436e-15,3.2761753524234683e-17
2.364102602005005,1.3190745866588048e-15,3.476292022676534e-17
2.3643901348114014,1.2794310652882476e-15,3.344474646299601e-17
2.3646776676177974,1.2939711991139185e-15,3.1096783695122265e-17
2.3649652004241943,1.2573363596159292e-15,2.9648612322237636e-17
2.365252733230591,1.2561268854444355e-15,2.8871228846818515e-17
2.3655405044555664,1.2713321456694245e-15,2.853305103512513e-17
2.365828037261963,1.2884598303005068e-15,2.886131243391454e-17
2.3661155700683594,1.300148632048909e-15,3.0272455499040704e-17
2.366403102874756,1.325617825047586e-15,3.100712572549755e-17
2.3666906356811523,1.2484058678965626e-15,3.031530061519585e-17
2.366978406906128,1.3006489068748444e-15,3.19995054721752e-17
2.3672659397125244,1.2956553482936385e-15,3.743247191346917e-17
2.367553472518921,1.0950397980764993e-15,4.028470654841377e-17
2.3678410053253174,1.0466200402984153e-15,3.6477211316393954e-17
2.3681285381317134,1.1434178272139947e-15,3.202968547705051e-17
2.3684160709381104,1.2812778155079254e-15,3.113525961162026e-17
2.368703842163086,1.3013868005215716e-15,3.351968512351415e-17
2.3689913749694824,1.217569340223675e-15,3.6275639125369796e-17
2.369278907775879,1.2187652174223924e-15,3.49186143561983e-17
2.3695664405822754,1.3288721901523849e-15,3.2251538842338394e-17
2.369853973388672,1.3331889945782433e-15,3.4117301380846003e-17
2.370141744613647,1.2802368500266294e-15,4.2935524302583585e-17
2.370429277420044,1.2812716265410064e-15,5.877563421940723e-17
2.3707168102264404,1.131740278132718e-15,6.663706981501434e-17
2.371004343032837,1.1787976192386332e-15,6.132104613074134e-17
2.3712918758392334,1.1326738744151953e-15,6.096739004098684e-17
2.371579647064209,1.1327949343590161e-15,6.111928932564716e-17
2.3718671798706055,1.2843466991496125e-15,5.1177053894925e-17
2.372154712677002,1.3319258826934532e-15,4.1723714616584825e-17
2.3724422454833984,1.3309256143582596e-15,3.935540034527783e-17
2.372729778289795,1.2370193878049214e-15,3.8772157611969024e-17
2.3730173110961914,1.2504859234146334e-15,3.6595188498283455e-17
2.373305082321167,1.209694254908414e-15,3.386109807700599e-17
2.373592615127563,1.1856204864054727e-15,3.349989625343715e-17
2.37388014793396,1.214876014347287e-15,3.340906027022278e-17
2.3741676807403564,1.2473666840875617e-15,3.2130317727504246e-17
2.374455213546753,1.1906155453422952e-15,3.171860197791923e-17
2.3747429847717285,1.2217875900399626e-15,3.271397071430199e-17
2.375030517578125,1.271825481350633e-15,3.3224835941016445e-17
2.3753180503845215,1.243397399531416e-15,3.2803206708909515e-17
2.375605583190918,1.2328060141443876e-15,3.2023262079566614e-17
2.3758931159973145,1.1536493147974726e-15,3.217032037305749e-17
2.37618088722229,1.2159722116697218e-15,3.5087492274536394e-17
2.3764684200286865,1.3018457217958224e-15,4.0889379165755315e-17
2.376755952835083,1.2177932682994638e-15,4.497007684796738e-17
2.377043485641479,1.2102968352329622e-15,4.2006024694231435e-17
2.377331018447876,1.1812555768276546e-15,3.724624613331325e-17
2.3776185512542725,1.2807705077650364e-15,3.573205618291276e-17
2.377906322479248,1.4347718844165365e-15,4.022256779675042e-17
2.3781938552856445,1.2381655657238367e-15,5.16273598459085e-17
2.378481388092041,1.0347445380479632e-15,5.0690141611200245e-17
2.3787689208984375,1.1593712022583491e-15,3.8799870235146594e-17
2.379056453704834,1.2168025647313267e-15,3.301234221604041e-17
2.3793442249298096,1.177173296739128e-15,3.313044540435865e-17
2.379631757736206,1.1892963576663316e-15,3.526878036091478e-17
2.3799192905426025,1.234049527633935e-15,3.7480834939050503e-17
2.380206823348999,1.238044036918886e-15,3.7942170848122223e-17
2.3804943561553955,1.3180776003515229e-15,3.788465330897351e-17
2.380782127380371,1.20977752464514e-15,3.710887861330743e-17
2.3810696601867676,1.1119178610418572e-15,3.500980784602446e-17
2.381357192993164,1.0577938449813924e-15,3.309026107511745e-17
2.3816447257995605,1.147982940494413e-15,3.2111196984537804e-17
2.3819322586059566,1.2116329956818393e-15,3.215856954098156e-17
2.3822197914123535,1.2482161666832788e-15,3.2907241132939345e-17
2.382507562637329,1.2494884682462212e-15,3.4289918466697536e-17
2.3827950954437256,1.164785423045581e-15,3.686365545106056e-17
2.383082628250122,1.0732933624517021e-15,4.284392348965055e-17
2.3833701610565186,9.92628149304444e-16,5.0413226366933124e-17
2.383657693862915,1.0667263059175061e-15,5.26609407644035e-17
2.38394546508789,1.0010777770486656e-15,5.597684389254263e-17
2.384232997894287,1.026125745207961e-15,5.685930500800631e-17
2.3845205307006836,1.0680592781106976e-15,4.749443982493706e-17
2.38480806350708,1.1438240484972099e-15,3.8273723065969303e-17
2.3850955963134766,1.2026817803005173e-15,3.476544914648642e-17
2.3853831291198726,1.2581202954256433e-15,3.4500782899246085e-17
2.3856709003448486,1.2583394411179042e-15,3.857365646134775e-17
2.385958433151245,1.174450151294859e-15,4.689631075074403e-17
2.3862459659576416,1.0691605391333388e-15,4.9579925340972145e-17
2.386533498764038,1.1586075212494604e-15,4.417205762205482e-17
2.3868210315704346,1.1135586874531457e-15,3.882114187854788e-17
2.38710880279541,1.0567932015572948e-15,3.6344579293803284e-17
2.387396335601806,1.0602846228495284e-15,3.62595923531883e-17
2.387683868408203,1.1143974800150944e-15,3.8911766874253666e-17
2.3879714012145996,1.187515435549336e-15,4.6362682316157803e-17
2.388258934020996,1.0655249899296779e-15,5.168487152429308e-17
2.3885467052459717,1.030931290475952e-15,4.520330888680908e-17
2.388834238052368,1.1127700630321296e-15,3.6487775343734044e-17
2.3891217708587646,1.1576727997002704e-15,3.3862021147356097e-17
2.389409303665161,1.1355672164497312e-15,3.423132840771347e-17
2.3896968364715576,1.1156845038175253e-15,3.591129593222853e-17
2.389984369277954,1.159266739998538e-15,3.7684115542817884e-17
2.3902721405029297,1.2406439656581353e-15,3.7315880802295864e-17
2.390559673309326,1.2734262670214016e-15,3.621294360111431e-17
2.390847206115722,1.2306681011628489e-15,3.7910733709341536e-17
2.391134738922119,1.3146980493249577e-15,4.627451884138563e-17
2.3914222717285156,1.1030700764258596e-15,6.206709210036994e-17
2.391710042953491,1.0381184627409661e-15,6.276224319431408e-17
2.3919975757598877,1.1151515962569267e-15,4.6687673408563984e-17
2.392285108566284,1.085616345764828e-15,3.700485591080586e-17
2.3925726413726807,1.1153448608148e-15,3.531796096309192e-17
2.392860174179077,1.1527568845222276e-15,3.569207698041602e-17
2.3931479454040527,1.0763207049972524e-15,3.652484174645933e-17
2.393435478210449,1.0928496539650548e-15,3.6886160785310724e-17
2.3937230110168457,1.208277825434045e-15,3.625354697499063e-17
2.394010543823242,1.195850754950012e-15,3.647199230593829e-17
2.3942980766296382,1.2110841468428136e-15,3.913366419527251e-17
2.394585609436035,1.1726202800758688e-15,4.0156798301709976e-17
2.3948733806610107,1.151441260190854e-15,3.860285185784961e-17
2.3951609134674072,1.0829805022630045e-15,3.73173518540919e-17
2.3954484462738037,1.0703939252224735e-15,3.7202407617638467e-17
2.3957359790802,1.1588049117852797e-15,3.718000191637847e-17
2.3960235118865967,1.1906997528012812e-15,3.7204622986478705e-17
2.396311283111572,1.3028646508039985e-15,4.0562064280372515e-17
2.3965988159179688,1.1185559031511673e-15,5.1912427413077163e-17
2.3968863487243652,1.0428272350716812e-15,5.943834012314071e-17
2.3971738815307617,1.1248721189807e-15,5.373596900680921e-17
2.397461414337158,1.170700668836557e-15,4.5559367889855914e-17
2.3977489471435542,1.1634775818089685e-15,4.045810311589428e-17
2.3980367183685303,1.0653798305237644e-15,3.725018163642496e-17
2.3983242511749268,1.000650832103495e-15,3.695039769053178e-17
2.3986117839813232,1.1258849527941832e-15,3.674905699969066e-17
2.3988993167877197,1.1609369171165776e-15,3.663193255898173e-17
2.399186849594116,1.1368980318817241e-15,3.648175047821082e-17
2.399474620819092,1.1204706382347254e-15,3.670234377921126e-17
2.399762153625488,1.095519911873836e-15,3.7620318194906394e-17
2.4000496864318848,1.2696835361633745e-15,4.0189785612602436e-17
2.4003372192382812,1.1855652545643337e-15,4.492006108690205e-17
2.4006247520446777,1.035016571275712e-15,4.568005860553651e-17
2.4009125232696533,1.1194509590487413e-15,4.0377772552378715e-17
2.40120005607605,1.0991139199813601e-15,3.626686556147071e-17
2.4014875888824463,1.0863879974129305e-15,3.5755276530386484e-17
2.4017751216888428,1.1541525903346417e-15,3.714971055698474e-17
2.4020626544952393,1.1511943579196845e-15,3.7957581727395875e-17
2.4023501873016357,1.157906948948698e-15,3.7447765577460264e-17
2.4026379585266113,1.1309007353929608e-15,3.627175929951729e-17
2.402925491333008,1.1173098578115169e-15,3.617435046933376e-17
2.403213024139404,1.1430091678529022e-15,3.7029896025541223e-17
2.403500556945801,1.1378346288754344e-15,3.7813125613177665e-17
2.4037880897521973,1.3056844754133173e-15,4.139678068087033e-17
2.404075860977173,1.3181626517605433e-15,5.660534637682717e-17
2.4043633937835693,9.568369785241575e-16,7.279333953073959e-17
2.404650926589966,1.0465964096974525e-15,6.142206226124544e-17
2.4049384593963623,1.2009004830946173e-15,4.3000511385612976e-17
2.405225992202759,1.1315406370634739e-15,3.788223867415293e-17
2.4055137634277344,1.1838371262105996e-15,3.867039716442072e-17
2.405801296234131,1.1320977378583912e-15,4.0417514393928277e-17
2.4060888290405273,1.0580194609572502e-15,4.3093266769079164e-17
2.406376361846924,1.1912830160472645e-15,4.375740562964185e-17
2.4066638946533203,1.2575773542368582e-15,4.661431715436032e-17
2.406951427459717,1.0988029712798038e-15,5.748588516165698e-17
2.4072391986846924,1.0812497482869412e-15,6.198598498560746e-17
2.407526731491089,1.0551011755105872e-15,5.719085429547131e-17
2.4078142642974854,1.0453485826855073e-15,5.4419633003063166e-17
2.4081017971038814,1.0409534784509036e-15,4.807919756577286e-17
2.4083893299102783,1.0393720098586998e-15,4.269706446214002e-17
2.408677101135254,1.0002178857358576e-15,3.994250239176469e-17
2.4089646339416504,1.066537542426483e-15,3.719410291486959e-17
2.409252166748047,1.11167161517627e-15,3.880025704557902e-17
2.4095396995544434,1.127218581392957e-15,4.4295362238536345e-17
2.40982723236084,1.172558390406681e-15,5.633900981181046e-17
2.410115003585815,9.85821410960484e-16,5.972159671419393e-17
2.410402536392212,1.0144373185484637e-15,4.9038891830910644e-17
2.4106900691986084,1.1129200048215714e-15,3.9886025138248644e-17
2.410977602005005,1.1407472879885352e-15,3.724641902585501e-17
2.4112651348114014,1.1310500207768204e-15,3.8231001025860833e-17
2.4115526676177974,1.1126863244342741e-15,4.374401671399225e-17
2.4118404388427734,9.954120591511884e-16,5.0037252487380565e-17
2.41212797164917,1.110674910185666e-15,4.893650135121861e-17
2.4124155044555664,1.0914761721702128e-15,4.368448893274775e-17
2.412703037261963,1.1156091109477872e-15,3.9745451780265e-17
2.4129905700683594,1.0603794265700574e-15,3.760913585695085e-17
2.413278341293335,9.96859996093508e-16,3.7653771436546996e-17
2.413565874099731,1.0160081908791244e-15,4.0520634538754193e-17
2.413853406906128,1.0064457681284586e-15,4.685551690203355e-17
2.4141409397125244,1.039567806266676e-15,5.761105936189524e-17
2.414428472518921,9.350395308083935e-16,6.459044995629173e-17
2.4147160053253174,1.1104194746419269e-15,5.621581068908323e-17
2.415003776550293,1.1383613474691143e-15,4.437636972030866e-17
2.4152913093566895,1.148782630038102e-15,4.298507413290076e-17
2.415578842163086,1.19266896954817e-15,5.615870926418758e-17
2.4158663749694824,1.2211098981623547e-15,9.617031592578135e-17
2.416153907775879,1.1385613636272624e-15,1.2795784048984168e-16
2.4164416790008545,9.130114034165652e-16,9.770496287336938e-17
2.416729211807251,9.295287246283384e-16,5.758208960481227e-17
2.417016744613647,8.896058557964013e-16,4.313711407590013e-17
2.417304277420044,1.0509699463200664e-15,4.026146861864766e-17
2.4175918102264404,1.1074846852834803e-15,4.017557912035702e-17
2.417879581451416,1.106403491517212e-15,4.1612817237761525e-17
2.4181671142578125,1.1682258322468476e-15,4.961306796211398e-17
2.418454647064209,1.2392927078808656e-15,7.597155572722794e-17
2.4187421798706055,1.0482332976752473e-15,1.0636052614750828e-16
2.419029712677002,1.0692684709655135e-15,1.255231852989918e-16
2.4193172454833984,1.0280150680182619e-15,1.3067875884374223e-16
2.419605016708374,8.327830750704383e-16,1.0228996758723703e-16
2.4198925495147705,8.230813067918736e-16,6.294371589476249e-17
2.420180082321167,9.688467626023024e-16,4.52947162945259e-17
2.420467615127563,1.0413782666348753e-15,4.0507403863736033e-17
2.42075514793396,1.1680885497079216e-15,3.9588846302010195e-17
2.4210429191589355,1.1119996304229661e-15,3.946192852444398e-17
2.421330451965332,1.1238340604384114e-15,3.93699584833709e-17
2.4216179847717285,1.0933953145483953e-15,4.018492703914061e-17
2.421905517578125,1.0082612921968641e-15,4.430432041650545e-17
2.4221930503845215,9.439839945894404e-16,4.760946611208828e-17
2.4224808216094966,9.769910679785303e-16,4.4849418366489475e-17
2.4227683544158936,9.78951657680623e-16,4.076031048775425e-17
2.42305588722229,1.1064131500564947e-15,3.989767926771647e-17
2.4233434200286865,1.1129197235048934e-15,4.0204522504001396e-17
2.423630952835083,1.0835661098146387e-15,4.341202493883559e-17
2.423918485641479,1.1407654798003874e-15,5.4947629243322715e-17
2.424206256866455,1.0192935945907435e-15,6.515382762958989e-17
2.4244937896728516,1.1942529699904768e-15,5.738454668912586e-17
2.424781322479248,1.0621143065240665e-15,4.631627385541304e-17
2.4250688552856445,1.1048931022723485e-15,4.4161725094897776e-17
2.425356388092041,1.0368136222155872e-15,4.4028213957687964e-17
2.4256441593170166,1.0701371768675696e-15,4.3256034840814185e-17
2.4259316921234126,1.0500408511044392e-15,4.5349353268105875e-17
2.4262192249298096,1.054068649529635e-15,5.67981655166267e-17
2.426506757736206,8.405226595190676e-16,6.702890878306045e-17
2.4267942905426025,8.646131194782447e-16,5.789089912746203e-17
2.427081823348999,1.0503273252549984e-15,4.477912436154251e-17
2.4273695945739746,1.0678416327740535e-15,4.1325789244992165e-17
2.427657127380371,1.0370570549143929e-15,4.143243463944086e-17
2.4279446601867676,9.688544519248381e-16,4.122239071387019e-17
2.428232192993164,9.952969068576087e-16,4.03122609309599e-17
2.4285197257995605,8.945862862659611e-16,3.986452492504637e-17
2.428807497024536,9.766112904630589e-16,4.0116552434445434e-17
2.4290950298309326,1.0194478499025828e-15,4.0682438514790226e-17
2.429382562637329,1.044252760451977e-15,4.096809801913578e-17
2.4296700954437256,9.863932339948899e-16,4.125347913718527e-17
2.429957628250122,1.0761355048508189e-15,4.14545853974613e-17
2.4302453994750977,1.0696834130657508e-15,4.1396807054308904e-17
2.430532932281494,1.024715879789415e-15,4.08662057043946e-17
2.43082046508789,9.706469080256368e-16,4.0638957505727225e-17
2.431107997894287,1.0157261240231892e-15,4.0729910704224156e-17
2.4313955307006836,9.8820603866874e-16,4.105457652422125e-17
2.43168306350708,1.0545512014048488e-15,4.11285745320969e-17
2.4319708347320557,9.716438943329187e-16,4.098370816438976e-17
2.432258367538452,1.0759993475786057e-15,4.146389815166012e-17
2.4325459003448486,1.1382760147434158e-15,4.3059778362853797e-17
2.432833433151245,1.210185621372876e-15,4.7407117369817204e-17
2.4331209659576416,1.1631075566050055e-15,5.757415413018344e-17
2.433408737182617,9.621143856335935e-16,6.925426436538386e-17
2.4336962699890137,9.265299826117308e-16,6.530426758398241e-17
2.43398380279541,9.539177553552343e-16,5.210193522114457e-17
2.434271335601806,9.478406587021092e-16,4.796467530433661e-17
2.434558868408203,9.267488469873135e-16,5.509329267495121e-17
2.4348466396331787,1.0229312067833773e-15,7.764926978793592e-17
2.435134172439575,9.137546420801768e-16,1.3524335637691748e-16
2.4354217052459717,9.773706579495496e-16,2.331990310181393e-16
2.435709238052368,1.218487088999951e-15,2.4980002049859853e-16
2.4359967708587646,9.930474986993053e-16,1.948836525711327e-16
2.436284303665161,1.0867350484215129e-15,1.808431254442873e-16
2.4365720748901367,8.632371996055257e-16,1.5315579732469171e-16
2.436859607696533,1.0261821960880386e-15,9.575198630387829e-17
2.4371471405029297,8.965450005235331e-16,6.017054882866394e-17
2.437434673309326,9.138582603899534e-16,4.756062543423056e-17
2.437722206115722,9.396946654258128e-16,4.44278506724059e-17
2.4380099773406982,9.646793373325294e-16,4.336810730284508e-17
2.4382975101470947,9.848126093527203e-16,4.283616676832762e-17
2.438585042953491,1.0433020976243596e-15,4.234672556488177e-17
2.4388725757598877,1.0820533762641238e-15,4.194042809173276e-17
2.439160108566284,1.1026616046092192e-15,4.1571024128767284e-17
2.4394478797912598,1.0593836593017141e-15,4.1328054430327496e-17
2.439735412597656,1.077055222843842e-15,4.1237068997627866e-17
2.4400229454040527,1.0543194902342982e-15,4.1446474099908635e-17
2.440310478210449,9.697327225939504e-16,4.171005317540328e-17
2.4405980110168457,9.968670290104613e-16,4.179701226314723e-17
2.440885543823242,1.076674132517206e-15,4.15017030106655e-17
2.4411733150482178,1.0889928023079341e-15,4.136772887308959e-17
2.4414608478546143,1.0194332214353205e-15,4.142291089773343e-17
2.4417483806610107,1.0730105454179584e-15,4.190407670223104e-17
2.4420359134674072,9.643230028735683e-16,4.2173129731420916e-17
2.4423234462738037,9.952158876543079e-16,4.3216747208484516e-17
2.4426112174987793,1.0201954020885924e-15,4.772270486618058e-17
2.442898750305176,9.843221806105192e-16,5.631312867742278e-17
2.443186283111572,9.411326625121718e-16,5.794175883856173e-17
2.4434738159179688,1.0214848639689005e-15,5.032355667578015e-17
2.4437613487243652,1.0541724553838641e-15,4.4465048942324057e-17
2.4440488815307617,9.276069566278268e-16,4.314272575755235e-17
2.4443366527557373,9.230959499218348e-16,4.352657650409248e-17
2.444624185562134,9.628984152155336e-16,4.416413972971837e-17
2.4449117183685303,1.0010679309649312e-15,4.519911257969369e-17
2.4451992511749268,9.714498795972373e-16,4.8140345848298645e-17
2.4454867839813232,1.090454992628612e-15,5.824521162279882e-17
2.445774555206299,1.3048704387190439e-15,9.319286606524961e-17
2.4460620880126953,1.1929765424495888e-15,1.727402908350266e-16
2.446349620819092,8.771610623616464e-16,1.8018844292664456e-16
2.446637153625488,1.0058197447474001e-15,1.0664057690058367e-16
2.4469246864318848,1.0065276312817937e-15,7.746661907389787e-17
2.4472124576568604,9.763850180816188e-16,9.181730369914237e-17
2.447499990463257,9.271472851757675e-16,1.0073644311839388e-16
2.4477875232696533,1.0210262240113276e-15,8.3948923098044e-17
2.44807505607605,8.341943470723753e-16,7.39537591064851e-17
2.4483625888824463,9.051675442525769e-16,6.741008116039423e-17
2.4486501216888428,9.94234467536549e-16,5.4024195525842684e-17
2.4489378929138184,9.79450057062038e-16,4.6737428365625635e-17
2.449225425720215,1.028263283100596e-15,4.66222321163147e-17
2.4495129585266113,1.1418785561235099e-15,4.974285458372068e-17
2.449800491333008,1.1416821970821773e-15,6.173267689924652e-17
2.450088024139404,9.604481469490477e-16,9.572650956221541e-17
2.45037579536438,9.91803985209758e-16,1.2909453569239844e-16
2.4506633281707764,9.656876700791623e-16,1.2044589984145842e-16
2.450950860977173,1.0765003725823496e-15,1.1946585114250536e-16
2.4512383937835693,9.88870696206928e-16,1.7244759255296376e-16
2.451525926589966,3.3322485648605616e-16,1.901805182955082e-16
2.4518136978149414,7.885046738832875e-16,1.2586795060956464e-16
2.4521012306213374,8.776946263278272e-16,7.430953093208966e-17
2.4523887634277344,8.739530207365123e-16,5.634135997822565e-17
2.452676296234131,8.873858921170751e-16,5.0502696792105765e-17
2.4529638290405273,9.874488279434484e-16,4.9163468233207864e-17
2.453251361846924,8.989648865887815e-16,5.1369187325321595e-17
2.4535391330718994,8.282143984454304e-16,5.938362402924502e-17
2.453826665878296,8.750649717929222e-16,7.203486874116038e-17
2.4541141986846924,8.173670148813064e-16,7.835931308352839e-17
2.454401731491089,8.047567134675867e-16,8.553847368397981e-17
2.4546892642974854,7.475989783502008e-16,1.061195901342208e-16
2.454977035522461,7.4099506933117e-16,1.0171598779163199e-16
2.4552645683288574,8.509224682482916e-16,7.010875205366628e-17
2.455552101135254,1.01785475355435e-15,5.230540923012816e-17
2.4558396339416504,9.31870592201519e-16,4.826359478752096e-17
2.456127166748047,9.418138239621432e-16,4.7920406022498436e-17
2.4564146995544434,1.0371949000866752e-15,4.849788762466977e-17
2.456702470779419,1.0576118330906445e-15,4.945511450810981e-17
2.456990003585815,9.803059161691263e-16,4.9453379721928025e-17
2.457277536392212,9.618749851405076e-16,4.8427165783941474e-17
2.4575650691986084,9.74234164532886e-16,4.793678392785315e-17
2.457852602005005,1.0002523939150413e-15,4.7784146186912756e-17
2.4581403732299805,9.975505347660837e-16,4.7654637951602116e-17
2.458427906036377,9.924566399030127e-16,4.7805954090231717e-17
2.4587154388427734,1.006185456428965e-15,4.837063871393034e-17
2.45900297164917,9.189538431530932e-16,4.906175760215465e-17
2.4592905044555664,9.331187943023688e-16,5.050730921347422e-17
2.459578275680542,1.014801623646638e-15,5.145956616893402e-17
2.4598658084869385,8.084796583859191e-16,5.0873747629791104e-17
2.460153341293335,9.003727827905808e-16,4.993051039032375e-17
2.460440874099731,8.32923920953954e-16,4.9376316534413616e-17
2.460728406906128,8.80125108654618e-16,4.989992892310571e-17
2.4610159397125244,9.151198719191268e-16,5.1144438742554656e-17
2.4613037109375,7.263756510883806e-16,5.3060006054619e-17
2.4615912437438965,7.20004250303822e-16,5.5381267181127187e-17
2.461878776550293,7.667229330153852e-16,5.876028487815692e-17
2.4621663093566895,9.525315205376504e-16,6.948372500250943e-17
2.462453842163086,1.1006816978285618e-15,1.0808087140648076e-16
2.4627416133880615,1.1242355931103248e-15,1.9916977003601875e-16
2.463029146194458,9.368276733867947e-16,2.082152733906264e-16
2.4633166790008545,8.549113511996799e-16,1.2045993051078e-16
2.463604211807251,9.0000294513107e-16,7.52220226029434e-17
2.463891744613647,9.870879924176378e-16,6.6192372615301e-17
2.464179515838623,9.918406501501404e-16,6.828902581738132e-17
2.4644670486450195,9.167117492284214e-16,7.746282129874314e-17
2.464754581451416,9.121366960920423e-16,7.468674143287317e-17
2.4650421142578125,8.71907379625399e-16,6.196324522079219e-17
2.465329647064209,9.343015433894406e-16,5.588815294899896e-17
