wavelength,flux,err
4.9004,2.1880070678219372e-16,1.1851087513937358e-17
4.9012,2.22318840828859e-16,1.2616505871983949e-17
4.902,2.3352670463564854e-16,1.1206557834105806e-17
4.9028,2.1595988149436291e-16,1.113099136461422e-17
4.9036,2.259718174854786e-16,1.1529960232597373e-17
4.9044,2.1548574601196667e-16,1.280036674706014e-17
4.9052,2.0042287962634586e-16,1.2226800771898005e-17
4.90601,2.0935875858980263e-16,1.1928307341717485e-17
4.90681,2.0851393602070172e-16,1.2740939612448657e-17
4.90761,2.2081579044475263e-16,1.3155048335634792e-17
4.90841,2.16065333134804e-16,1.1712441332084434e-17
4.90921,2.189160926653231e-16,1.1011639963864129e-17
4.91001,2.2734048997551743e-16,1.2190384017226395e-17
4.91081,2.3326893468624156e-16,1.5526893596249476e-17
4.91161,2.4126243957314535e-16,1.3258143533461329e-17
4.91241,2.257692446759033e-16,1.3704132899268439e-17
4.91321,2.1924939054546063e-16,1.1859112317549638e-17
4.91401,2.168879313782687e-16,1.1987278020808469e-17
4.91481,2.0777860630488002e-16,1.1287295766208597e-17
4.91561,2.1293142967386208e-16,1.1709445107619828e-17
4.91642,2.16230435453667e-16,1.5743018296301025e-17
4.91722,2.267348159008748e-16,1.3447941246429943e-17
4.91802,2.1131442685217822e-16,1.2656060098621689e-17
4.91882,1.9102338562921735e-16,1.091844275036431e-17
4.91962,2.080721917940198e-16,1.2135110533465436e-17
4.92042,2.081956990970643e-16,1.567563413218654e-17
4.92122,1.957332120888514e-16,1.2167235178577658e-17
4.92202,2.1362956078685142e-16,1.0958971491394929e-17
4.92282,2.190217590623045e-16,1.2750149367051576e-17
4.92362,2.2502925373860453e-16,1.3448371715139269e-17
4.92442,2.1109938393134064e-16,1.3290161404219952e-17
4.92522,2.2413247803380285e-16,1.2250118281984729e-17
4.92602,1.9834671417568316e-16,1.1158589378641972e-17
4.92683,1.9333426743990361e-16,1.1222481792288101e-17
4.92763,2.124051700164352e-16,1.2073352009026197e-17
4.92843,2.1562265438443971e-16,1.2789227205418873e-17
4.92923,2.2193079221933628e-16,1.1918724106900389e-17
4.93003,2.243749270042639e-16,1.2107789860741973e-17
4.93083,2.3061152249155913e-16,1.1666862250611929e-17
4.93163,2.1253624537984783e-16,1.1637588844156748e-17
4.93243,2.0594893573087654e-16,1.1100372979830689e-17
4.93323,2.1202789198758162e-16,1.2372223971679414e-17
4.93403,2.0462229188770652e-16,1.2669866611062267e-17
4.93483,2.1373451007663155e-16,1.3059233905804266e-17
4.93563,2.1354029491959975e-16,1.1248378457968197e-17
4.93643,2.1132665786296142e-16,1.1074942153028488e-17
4.93724,2.019659998402854e-16,1.2605824871099758e-17
4.93804,2.0188398450177841e-16,1.3649858261677248e-17
4.93884,2.230485557176558e-16,1.408977743439619e-17
4.93964,2.198112582245834e-16,1.3421948771655318e-17
4.94044,2.333434168301238e-16,1.416546408758301e-17
4.94124,2.2424301470804975e-16,1.3057734142283093e-17
4.94204,2.141740741412456e-16,1.1347329549130408e-17
4.94284,2.115218541593309e-16,1.1425131806118662e-17
4.94364,2.040131864042868e-16,1.134364849645218e-17
4.94444,2.1738892909997108e-16,1.1049387730912008e-17
4.94524,2.2888282292135903e-16,1.0821052001664585e-17
4.94604,2.286849768424574e-16,1.2413901150975116e-17
4.94684,2.0433545309306426e-16,1.3778104501423366e-17
4.94765,1.9712892997105041e-16,1.1316957948338363e-17
4.94845,1.9494248497074991e-16,1.0579438671220124e-17
4.94925,2.015313189633144e-16,1.2778476418538448e-17
4.95005,2.0850896339286622e-16,1.2103492533328788e-17
4.95085,2.1820846197342128e-16,1.2459294536394894e-17
4.95165,2.1791793436988895e-16,1.3372318080981137e-17
4.95245,2.1109629924719326e-16,1.3839644864940253e-17
4.95325,2.077964431896569e-16,1.3066654097195653e-17
4.95405,2.0762989573949951e-16,1.21536024650474e-17
4.95485,1.9896840377241023e-16,1.432617822041209e-17
4.95565,2.037770874432229e-16,1.497240062377762e-17
4.95645,2.1028512546670323e-16,1.3572498032300753e-17
4.95725,2.056724761206214e-16,1.2638813996224114e-17
4.95806,2.0580082336667655e-16,1.3024432391864633e-17
4.95886,2.0925713577315303e-16,1.3214731343701436e-17
4.95966,2.307177360597303e-16,1.1825902353016257e-17
4.96046,2.128933757970923e-16,1.1267007579073817e-17
4.96126,2.0580028127481183e-16,1.049739439742437e-17
4.96206,2.1577848968260515e-16,1.1896501751847338e-17
4.96286,2.1428635186757854e-16,1.2859748788382257e-17
4.96366,2.0809781432843415e-16,1.252826005221822e-17
4.96446,2.156304463397498e-16,1.1997808958771909e-17
4.96526,2.1874015035542254e-16,9.952894894947672e-18
4.96606,2.2035283939554744e-16,1.2284132796483684e-17
4.96686,2.189675589278091e-16,1.1337242391158125e-17
4.96766,2.101532568985872e-16,1.1781425838477669e-17
4.96846,2.0509899547697661e-16,1.2117247741036737e-17
4.96927,2.0538646870118022e-16,1.393323516183108e-17
4.97007,2.0354511440181616e-16,1.2711615010254609e-17
4.97087,2.071857799478853e-16,1.1892118123333513e-17
4.97167,2.0963665039633967e-16,1.1922519188331128e-17
4.97247,2.0822523887349152e-16,1.1630553475772444e-17
4.97327,2.108612116935374e-16,1.2398232687200977e-17
4.97407,2.137468625612771e-16,1.1016634554751815e-17
4.97487,2.1743475958266198e-16,1.0510958186307873e-17
4.97567,2.135411535739209e-16,1.0067842596727565e-17
4.97647,2.0538451114551246e-16,1.0605751987946812e-17
4.97727,2.1214764868877831e-16,1.2280172146325605e-17
4.97807,2.0133159366652079e-16,1.2601372160945355e-17
4.97887,1.961606392334302e-16,1.2366855829512093e-17
4.97968,2.0441113551544063e-16,1.268956988828602e-17
4.98048,2.0505525835005791e-16,1.3792593441582685e-17
4.98128,2.171924280825292e-16,1.424637374784022e-17
4.98208,2.0143547252346435e-16,1.3875286599370357e-17
4.98288,2.1018449939867152e-16,1.649227886105905e-17
4.98368,2.0287527806358234e-16,1.333984460002811e-17
4.98448,2.2064286418676164e-16,1.348768946402921e-17
4.98528,2.1808439065371975e-16,1.6436125536550194e-17
4.98608,2.2455253972715723e-16,1.5308168385044404e-17
4.98688,2.220562215909898e-16,1.4022823274205054e-17
4.98768,2.1748809763892482e-16,1.2994375629971265e-17
4.98848,2.1899925766357903e-16,1.1461238525937724e-17
4.98928,2.1007573660242374e-16,1.1814598970863024e-17
4.99009,2.0354040012330581e-16,1.0867603323567824e-17
4.99089,1.9956753487383916e-16,1.1054341211387206e-17
4.99169,2.048718735109458e-16,1.0684163710265761e-17
4.99249,2.0641799347319416e-16,1.332377001608347e-17
4.99329,2.226446959292605e-16,1.1781266489081869e-17
4.99409,2.078528554736722e-16,1.3023092895547345e-17
4.99489,1.991018133341849e-16,1.3079121562261329e-17
4.99569,1.9781043307416331e-16,1.2240489379363485e-17
4.99649,2.1028188031959622e-16,1.3048926571710898e-17
4.99729,2.2125541088420471e-16,1.1657895605626093e-17
4.99809,2.2089054654049702e-16,1.3835938611225225e-17
4.99889,2.222233768113816e-16,1.0573480026509728e-17
4.99969,1.9599109393731816e-16,1.1419150826031045e-17
5.0005,1.8932808489537943e-16,1.1040876283597696e-17
5.0013,2.100139448486172e-16,1.1228349259756277e-17
5.0021,2.0634567377763304e-16,1.288797527582867e-17
5.0029,2.0269073310611264e-16,1.237631889601754e-17
5.0037,1.976938372256725e-16,1.2410303228285158e-17
5.0045,2.2421793403431075e-16,1.193141922936477e-17
5.0053,2.2307259002004483e-16,1.1760419428372787e-17
5.0061,2.1817026210031347e-16,1.1042291973256094e-17
5.0069,2.1619483690518802e-16,1.0157947075125166e-17
5.0077,2.2298134649564003e-16,1.1967110594305576e-17
5.0085,2.0852681963981751e-16,1.0692623076088274e-17
5.0093,2.0117034974898516e-16,1.3417198630350089e-17
5.0101,2.0848463393501467e-16,1.2572957898235239e-17
5.01091,2.112144529587902e-16,1.1940057871359454e-17
5.01171,2.098524094245985e-16,1.2248747268273825e-17
5.01251,2.0248958087067038e-16,1.161939888295728e-17
5.01331,2.0042650947184014e-16,1.5102580258478758e-17
5.01411,2.057761436999887e-16,1.2698226685270137e-17
5.01491,2.1596714843825162e-16,1.1264259889624789e-17
5.01571,2.0261770838704564e-16,1.108395270335148e-17
5.01651,1.9237791323658747e-16,1.113913802540898e-17
5.01731,1.936850950123629e-16,1.2419992407735949e-17
5.01811,1.999809807835218e-16,1.1316770124884057e-17
5.01891,1.886420561644177e-16,1.161739546898356e-17
5.01971,1.887312758655119e-16,1.086247259141045e-17
5.02051,1.9218557296215082e-16,1.1935447608141605e-17
5.02132,2.0478023914397767e-16,1.1344185379366036e-17
5.02212,2.0280718272659307e-16,1.097410827832734e-17
5.02292,2.0879983079497262e-16,1.342995652713404e-17
5.02372,2.0451239341013247e-16,1.0181123935194999e-17
5.02452,1.9871789489860254e-16,1.2497735049947093e-17
5.02532,2.0804455192938648e-16,1.191924768490815e-17
5.02612,2.1124379167984056e-16,1.1802588347001205e-17
5.02692,1.936796438577224e-16,1.2494110830426513e-17
5.02772,1.9656286706805232e-16,1.3443455101236589e-17
5.02852,1.8172305758586242e-16,1.5272217129424126e-17
5.02932,1.813382252976547e-16,1.4428255483707358e-17
5.03012,1.7967891960169384e-16,1.3297552275527941e-17
5.03092,1.95166090626733e-16,1.205009446838793e-17
5.03173,2.0449383462033174e-16,1.2387797208336077e-17
5.03253,2.1193090643164354e-16,1.2942783772191358e-17
5.03333,1.9848741241951091e-16,1.3407721417655424e-17
5.03413,2.0051014568418942e-16,1.2876410653741634e-17
5.03493,2.134822649546003e-16,1.1991043837772797e-17
5.03573,2.0371653781827374e-16,1.375433559600132e-17
5.03653,2.0895396687400616e-16,1.238746131207444e-17
5.03733,2.1068397520419288e-16,1.2505618968587333e-17
5.03813,1.9956543012120024e-16,1.289957384695263e-17
5.03893,1.983611579499323e-16,1.2933549882565907e-17
5.03973,1.863608545444312e-16,1.5186132797835008e-17
5.04053,1.9995787996360594e-16,1.2575895019850637e-17
5.04133,1.9123634876036743e-16,1.2977710047787329e-17
5.04214,1.9939743759403867e-16,1.1092213548580244e-17
5.04294,2.004126818892622e-16,1.1881827481379645e-17
5.04374,2.0013786861312583e-16,1.3648559854636973e-17
5.04454,1.988642569021392e-16,1.3629522021139278e-17
5.04534,1.9437076967306971e-16,1.4572232210594286e-17
5.04614,2.1091913178700322e-16,1.1926459047526286e-17
5.04694,1.8147416860137504e-16,1.26551787505185e-17
5.04774,1.8711187975607711e-16,1.1280933923989363e-17
5.04854,1.8817501781201536e-16,1.1017241335176793e-17
5.04934,1.9364744238770047e-16,1.2931213952761408e-17
5.05014,2.0284143294568072e-16,1.0675489517876446e-17
5.05094,1.9871615734313851e-16,1.2943985983610261e-17
5.05174,2.071451347998547e-16,1.1730006731355993e-17
5.05254,1.996407666630725e-16,1.2827917912160803e-17
5.05335,1.8784782187823182e-16,1.3983174808034972e-17
5.05415,1.9561381756223591e-16,1.2688697816900648e-17
5.05495,1.8728342109052527e-16,1.1641391999391732e-17
5.05575,1.8632187317820763e-16,1.154805236296817e-17
5.05655,2.1251155063830532e-16,1.2484123697815301e-17
5.05735,2.1293750416919504e-16,1.3034220176774508e-17
5.05815,1.9750471489132336e-16,1.3013453180205109e-17
5.05895,1.9343319899460763e-16,1.1689563192713685e-17
5.05975,1.916618476375727e-16,1.2153427535331807e-17
5.06055,2.003356969610506e-16,1.3225353078090249e-17
5.06135,2.0165636129069812e-16,1.2195870313013329e-17
5.06215,1.9278287987100384e-16,1.166014488397099e-17
5.06295,1.975141170945694e-16,9.716855698005448e-18
5.06376,2.0240914416276518e-16,1.1060889896091573e-17
5.06456,2.0199482209215364e-16,1.257166693105173e-17
5.06536,2.0050405033888152e-16,1.1745318246375153e-17
5.06616,1.9400565533421006e-16,1.2183631335947196e-17
5.06696,1.949791703970912e-16,1.070035699199994e-17
5.06776,2.0816449827805678e-16,1.1566197257228118e-17
5.06856,2.0234026285682841e-16,1.2687845525847445e-17
5.06936,1.9360644698249039e-16,1.2113911271878636e-17
5.07016,2.046244500083189e-16,1.0999884194553777e-17
5.07096,1.9941313998537782e-16,1.0413329247912392e-17
5.07176,1.982865498142614e-16,9.782048275713381e-18
5.07256,1.973221374119791e-16,1.1775832094948392e-17
5.07336,1.9265416923741861e-16,1.0745389688459505e-17
5.07417,2.0544549175288536e-16,1.0748783558666538e-17
5.07497,1.9519683807931534e-16,1.1295572978233312e-17
5.07577,1.910357536077021e-16,1.0680641158963734e-17
5.07657,2.0107021040602076e-16,9.3598376101391e-18
5.07737,1.911443530533653e-16,1.1596837450779917e-17
5.07817,1.9181594683965092e-16,1.2174489010304477e-17
5.07897,1.8412009291975055e-16,1.0145020312356533e-17
5.07977,1.8993849445661711e-16,1.0583910128044125e-17
5.08057,1.9512712881662848e-16,1.073552479001259e-17
5.08137,2.0080265014687648e-16,1.2288464980166409e-17
5.08217,1.9580427191263223e-16,1.2544635769344157e-17
5.08297,2.0116135528188894e-16,1.226690005064026e-17
5.08377,1.8892615978462181e-16,1.287832817456229e-17
5.08458,2.0111546971135536e-16,1.1820053137175959e-17
5.08538,2.1515944108633247e-16,1.1771197361682209e-17
5.08618,1.979415077841752e-16,1.034764716748054e-17
5.08698,1.962771710268648e-16,1.1703074986056365e-17
5.08778,1.9992813091777342e-16,1.2006593788379069e-17
5.08858,2.0511302798233331e-16,1.1119682121661744e-17
5.08938,2.0281680414087014e-16,1.0676684133091817e-17
5.09018,2.071754276738701e-16,9.796135862180964e-18
5.09098,2.1294505221214854e-16,9.356438211444677e-18
5.09178,1.8602187631851856e-16,9.74425817716812e-18
5.09258,1.875927582518545e-16,1.1384453703695922e-17
5.09338,1.9424794646260243e-16,1.037517270625233e-17
5.09418,1.947046049693049e-16,1.1340847827423052e-17
5.09499,1.8806130205511662e-16,1.1164799967348293e-17
5.09579,1.9162888290616582e-16,1.1705732433598164e-17
5.09659,1.9912164213970656e-16,9.402602856623584e-18
5.09739,2.1222542126625368e-16,1.050676930058398e-17
5.09819,2.0272564655664886e-16,1.1993292952985549e-17
5.09899,1.8373080458745864e-16,1.1161126077972677e-17
5.09979,1.906740851225757e-16,1.2705714089096645e-17
5.10059,1.9683278491435702e-16,1.1526483236649465e-17
5.10139,2.0128362998669924e-16,1.0792197142429499e-17
5.10219,2.0602726585152022e-16,9.730132317754113e-18
5.10299,1.997698383866089e-16,1.0326379267607641e-17
5.10379,1.951138180962193e-16,1.175921604928965e-17
5.10459,1.919809753273105e-16,1.1490052382590304e-17
5.1054,1.81470389736704e-16,1.3678845840679605e-17
5.1062,1.8905665647722608e-16,1.072095047631643e-17
5.107,1.8721133745168702e-16,9.594565168102319e-18
5.1078,1.802174097227697e-16,1.0356604800070393e-17
5.1086,1.931537877404463e-16,9.699943362052021e-18
5.1094,1.957947349291796e-16,9.6253470200268e-18
5.1102,1.8824165090122322e-16,1.1007889510131976e-17
5.111,1.8314784731404842e-16,1.2298865836133552e-17
5.1118,1.8800651166793704e-16,1.0754170388600809e-17
5.1126,1.9895807643262183e-16,1.1163647027511072e-17
5.1134,1.8926416241971608e-16,9.952569046411148e-18
5.1142,1.8198310758197792e-16,1.0538522097106962e-17
5.115,1.9044544211037344e-16,1.1325677282284384e-17
5.11581,1.9284733336966415e-16,1.1382665314676922e-17
5.11661,1.9892858208971615e-16,1.2875620872583569e-17
5.11741,1.9319892182870379e-16,1.0657721608397765e-17
5.11821,1.9019152980351115e-16,1.1903418790090756e-17
5.11901,1.7787647943309104e-16,9.775936065477159e-18
5.11981,1.9240102531122551e-16,1.0924360212753316e-17
5.12061,1.9005546652082534e-16,1.1079729776644184e-17
5.12141,1.9114880796422823e-16,9.118129249930156e-18
5.12221,1.9951049254938042e-16,9.932558342377596e-18
5.12301,2.0114724943130022e-16,8.914592627778471e-18
5.12381,2.0016250905669443e-16,1.0550889717043157e-17
5.12461,1.975987178043382e-16,9.424666914913992e-18
5.12541,1.9258635544404623e-16,1.0229494874311737e-17
5.12622,2.0207847637578094e-16,1.1039973690863566e-17
5.12702,1.9820681273755582e-16,9.862532976669464e-18
5.12782,1.8518800611494627e-16,9.891171347218314e-18
5.12862,1.8174573233607207e-16,1.1007500021058509e-17
5.12942,1.9305348555815135e-16,1.2944544930000453e-17
5.13022,1.9186597762101056e-16,1.0127415354336188e-17
5.13102,1.9118521810072922e-16,1.086160825627509e-17
5.13182,1.891475443756631e-16,1.0308008794980825e-17
5.13262,1.9705764453926694e-16,1.0547638042455433e-17
5.13342,1.86107082844506e-16,1.051650340105539e-17
5.13422,1.8943160000668112e-16,1.0766733426352573e-17
5.13502,2.0417973894583614e-16,9.477551035554125e-18
5.13582,1.9635828192152543e-16,9.666043282471053e-18
5.13663,2.0118561518266463e-16,1.0187992315667656e-17
5.13743,1.9317745771280455e-16,1.0120654588845455e-17
5.13823,1.9965762624381263e-16,1.0133360153284829e-17
5.13903,1.9923139913787759e-16,1.0579343302588569e-17
5.13983,1.9405018539290779e-16,9.612832599266174e-18
5.14063,1.7986010968558936e-16,1.0624786455192152e-17
5.14143,1.8998083248979784e-16,1.0322089555769743e-17
5.14223,1.8965791639731072e-16,1.2196099333549217e-17
5.14303,1.810673987480085e-16,1.1349419568119738e-17
5.14383,1.875608493399213e-16,1.2048926691599018e-17
5.14463,1.8510089717843446e-16,1.1300627923146485e-17
5.14543,1.8492337350043243e-16,1.094325425429504e-17
5.14623,1.8099308278683926e-16,1.2158430331895483e-17
5.14703,1.8332506958810692e-16,1.1069914423652807e-17
5.14784,1.8720346317790667e-16,1.1045094580907966e-17
5.14864,1.8201699010891647e-16,9.929487732499517e-18
5.14944,1.945917214119298e-16,1.1903290065966793e-17
5.15024,1.8927131347984936e-16,1.0546393529887113e-17
5.15104,1.9354632745204683e-16,1.0455193310430439e-17
5.15184,1.9931757252600203e-16,1.128059153044792e-17
5.15264,1.9332441772279855e-16,1.020852113725414e-17
5.15344,1.9809167359600114e-16,9.802538643035329e-18
5.15424,1.916799794140301e-16,9.919287755368524e-18
5.15504,2.030071879904047e-16,1.1043432131172405e-17
5.15584,1.953489707786202e-16,1.0934550898730001e-17
5.15664,1.9533680820904122e-16,1.0574327961735748e-17
5.15744,1.8982070869730598e-16,1.0221251040245946e-17
5.15825,1.858291302528031e-16,9.611194212453289e-18
5.15905,1.835088219148155e-16,9.01156709886352e-18
5.15985,1.8872172787921823e-16,1.0588721310821102e-17
5.16065,1.781046152342663e-16,1.0913454985868514e-17
5.16145,1.771868360287206e-16,1.1036593030724564e-17
5.16225,1.9375059449897628e-16,1.2968025068681901e-17
5.16305,1.8376839075469588e-16,1.505252607261948e-17
5.16385,1.93350783904796e-16,1.2188211757408145e-17
5.16465,1.8818046735529259e-16,1.0959719238588798e-17
5.16545,1.8787676771594636e-16,1.0171030282920594e-17
5.16625,1.9480922524803566e-16,1.0139648841626724e-17
5.16705,1.8147636058124872e-16,1.0304472961251117e-17
5.16785,1.7857092230610915e-16,1.0267788552721097e-17
5.16866,1.8764320175934224e-16,9.555344798420165e-18
5.16946,1.9767122130077894e-16,1.084638739566111e-17
5.17026,1.9647418754293491e-16,1.0715774200943144e-17
5.17106,1.8935648282226615e-16,1.156336902062148e-17
5.17186,1.9389368804673327e-16,1.2172867734204557e-17
5.17266,2.0035734064409783e-16,1.1137352116839689e-17
5.17346,1.8613813820389082e-16,9.961461292726429e-18
5.17426,1.7682307142696418e-16,9.694067666226485e-18
5.17506,1.756430974312918e-16,1.131030242879012e-17
5.17586,1.8207278271272934e-16,1.0191254743550921e-17
5.17666,1.9201244542523512e-16,9.737908069128992e-18
5.17746,1.8382064730936876e-16,9.629612303528254e-18
5.17826,1.940078552494277e-16,1.1988824840078625e-17
5.17907,1.97092228411316e-16,1.3309068758986165e-17
5.17987,1.8810349359807542e-16,1.1392393411550256e-17
5.18067,1.8339988598631615e-16,1.1250940573355758e-17
5.18147,1.81525414307531e-16,1.2044512885074985e-17
5.18227,1.7406111786741698e-16,1.1721266715447073e-17
5.18307,1.850813333932925e-16,9.214260695844786e-18
5.18387,1.912820768794394e-16,1.20540406232619e-17
5.18467,1.839426972173333e-16,1.0717067538413429e-17
5.18547,1.891446607316341e-16,1.0582301674377422e-17
5.18627,1.9149332337740174e-16,1.0763099910130569e-17
5.18707,1.8608406469542878e-16,9.734778954510517e-18
5.18787,1.8541138657850055e-16,1.2403719043624317e-17
5.18867,1.896712089439673e-16,1.3892955370890246e-17
5.18948,1.850436789282021e-16,1.3177609902659745e-17
5.19028,1.862027708557982e-16,1.5012797483968788e-17
5.19108,1.8918132554703908e-16,1.6765308322056696e-17
5.19188,1.916085612802836e-16,1.2789908065657173e-17
5.19268,1.8765593787140636e-16,1.1019019512590917e-17
5.19348,1.8297776695679704e-16,1.052583236558356e-17
5.19428,1.9271357259357002e-16,9.657410259312559e-18
5.19508,1.8744470109986112e-16,1.1594086914876014e-17
5.19588,1.854540219131667e-16,1.1298003185731634e-17
5.19668,1.878383106229667e-16,1.3384691941292073e-17
5.19748,1.8711622404279175e-16,1.2941955617385626e-17
5.19828,1.810763332398052e-16,1.2817341835416993e-17
5.19908,1.690779063685095e-16,1.189091916082306e-17
5.19989,1.8546800976084323e-16,1.1311374555670437e-17
5.20069,1.9112692130588734e-16,9.604967392512693e-18
5.20149,1.8886224580648802e-16,1.0024224294270357e-17
5.20229,1.787134652581189e-16,9.541485216335829e-18
5.20309,1.8521412325385316e-16,8.563569479813174e-18
5.20389,1.928349941555143e-16,1.1299226198291469e-17
5.20469,1.8638485929202167e-16,1.0707462321004037e-17
5.20549,1.9562366229117182e-16,1.1622756366930816e-17
5.20629,1.823976015407318e-16,1.0143314263581068e-17
5.20709,1.9498161700003196e-16,1.020982488554618e-17
5.20789,1.9233443454097626e-16,9.456767925674657e-18
5.20869,1.920055851663798e-16,8.719924736553933e-18
5.20949,1.8959035572668762e-16,1.0752436175872637e-17
5.2103,1.881880322151827e-16,8.447178396121916e-18
5.2111,1.749380578041585e-16,9.893695580260314e-18
5.2119,1.852285408209048e-16,1.1319372759798781e-17
5.2127,1.820697196729975e-16,1.2468359532585024e-17
5.2135,1.7260985711412088e-16,1.1199014895064444e-17
5.2143,1.7690778137859358e-16,1.251325246536562e-17
5.2151,1.7797624608714834e-16,1.2253044448304119e-17
5.2159,1.789824572979267e-16,1.2661180471616818e-17
5.2167,1.8875971101189815e-16,1.2681567345954017e-17
5.2175,1.8602371703795614e-16,1.0488342178141966e-17
5.2183,1.9364452263942456e-16,1.1627038556220325e-17
5.2191,2.0459385351869263e-16,9.781750951675833e-18
5.2199,1.9085449131564503e-16,1.173221630360837e-17
5.22071,1.8884475097357023e-16,1.0752189412447975e-17
5.22151,1.7729496476675472e-16,1.0684990244684765e-17
5.22231,1.8133123259580886e-16,1.0029808075556066e-17
5.22311,1.7656953081673162e-16,9.783213481086236e-18
5.22391,1.800389052623469e-16,9.354513366884569e-18
5.22471,1.8380897429451596e-16,8.711301956345644e-18
5.22551,1.7909530496432426e-16,8.397931647944057e-18
5.22631,1.8542284850512522e-16,8.937801942542933e-18
5.22711,1.8298018953966336e-16,1.055269796754371e-17
5.22791,1.8720618526887055e-16,1.0897451742661049e-17
5.22871,1.995507351358719e-16,1.1493361557144414e-17
5.22951,1.8424454435543515e-16,9.794092562164129e-18
5.23031,1.888235521633811e-16,9.400060780382377e-18
5.23112,1.9336676162184176e-16,9.18378452213263e-18
5.23192,1.8881784313085944e-16,9.229595260831173e-18
5.23272,1.816165843212074e-16,1.0485694785692921e-17
5.23352,1.9082872653140283e-16,9.0950689977913e-18
5.23432,1.959023407869368e-16,1.0100277674831185e-17
5.23512,1.9052209103053656e-16,8.861140550439873e-18
5.23592,1.8063550921320562e-16,1.0135625039087314e-17
5.23672,1.816671545538892e-16,1.126169867043748e-17
5.23752,1.840376648543582e-16,1.1482983694796019e-17
5.23832,1.817764767886208e-16,1.265281728707428e-17
5.23912,1.9289560182806311e-16,1.0293353434794309e-17
5.23992,1.8491710186044158e-16,9.568617635653204e-18
5.24072,1.7696168892075655e-16,9.179020966761904e-18
5.24152,1.7733829472290156e-16,9.678152145202898e-18
5.24233,1.7847852363736054e-16,1.0257205058539568e-17
5.24313,1.7703338294814391e-16,1.0362442417723146e-17
5.24393,1.727594202692771e-16,9.8213013768138e-18
5.24473,1.7564793334415306e-16,1.2490268387293904e-17
5.24553,1.6465740798193235e-16,1.3181250931013727e-17
5.24633,1.79446098917927e-16,1.188261869202186e-17
5.24713,1.8464501308011664e-16,9.849770251685684e-18
5.24793,1.7875394372166915e-16,9.544156437342904e-18
5.24873,1.8941769550949008e-16,1.1648886426042681e-17
5.24953,1.9314415517958503e-16,9.143955591800635e-18
5.25033,1.9188581191870941e-16,1.2036474876717139e-17
5.25113,1.9009147319823576e-16,1.0105109733789065e-17
5.25193,1.8461966705455307e-16,1.0572802724934742e-17
5.25274,1.7437318007031796e-16,1.0534190360937513e-17
5.25354,1.6313757463935882e-16,1.0490657336692504e-17
5.25434,1.8192369555159068e-16,1.3440865786245208e-17
5.25514,1.9268674738100768e-16,1.0264546778616722e-17
5.25594,1.866855406452383e-16,1.0820369326788129e-17
5.25674,1.7777013242164943e-16,1.0267944672461358e-17
5.25754,1.749614764535922e-16,1.0959962893810521e-17
5.25834,1.7340754842571732e-16,9.88125422772988e-18
5.25914,1.8492734583281115e-16,1.140783360872885e-17
5.25994,1.878638341802493e-16,1.0784242654471985e-17
5.26074,1.950402810880261e-16,9.590376466231836e-18
5.26154,1.922456565068355e-16,9.51276592637837e-18
5.26234,1.9809404933901743e-16,9.777527365021832e-18
5.26315,1.8913814934760586e-16,1.168377151698625e-17
5.26395,1.9170188989441072e-16,1.1303987401885685e-17
5.26475,2.0293590757941736e-16,1.1587864037974467e-17
5.26555,1.9284869947544162e-16,1.080328064342457e-17
5.26635,1.9370043910520552e-16,1.0021716633124798e-17
5.26715,1.8213993065229528e-16,8.310177257681089e-18
5.26795,1.8394335023995243e-16,8.432541020385872e-18
5.26875,1.8463586749035488e-16,9.137143076685576e-18
5.26955,1.8034371552027044e-16,8.676766696350986e-18
5.27035,1.716067198355093e-16,9.456604022113986e-18
5.27115,1.722670325856469e-16,1.0438830095385993e-17
5.27195,1.7799938214579992e-16,1.1371741748816052e-17
5.27275,1.8203123451983242e-16,1.0879491610362665e-17
5.27356,1.8160077293039594e-16,1.1178045369911885e-17
5.27436,1.7596163617477743e-16,1.0308508983949165e-17
5.27516,1.691232158365711e-16,1.0597602807284468e-17
5.27596,1.6972845582313228e-16,9.966837409053369e-18
5.27676,1.7011909325596827e-16,1.0095475781572849e-17
5.27756,1.8270925316017827e-16,1.0102374563659439e-17
5.27836,1.776357047559802e-16,9.51902141328784e-18
5.27916,1.7774882664441906e-16,1.0625219893407593e-17
5.27996,1.8513232993809203e-16,1.044580159753673e-17
5.28076,1.811776681965394e-16,1.1118211090809913e-17
5.28156,1.9809048016764447e-16,1.0958130835423649e-17
5.28236,1.8276712610871882e-16,1.108264575237516e-17
5.28316,1.8129949257893384e-16,8.955857447033816e-18
5.28397,1.7135448772104284e-16,1.066333137394489e-17
5.28477,1.7774384806329811e-16,9.123832008196985e-18
5.28557,1.7829167175146803e-16,1.1182106365690162e-17
5.28637,1.64998324534414e-16,9.654693662744625e-18
5.28717,1.792006036343572e-16,9.168343966534945e-18
5.28797,1.779909480991521e-16,9.758049041513256e-18
5.28877,1.8480123063474356e-16,9.576470954558956e-18
5.28957,1.807572124918955e-16,1.1077916729117238e-17
5.29037,1.8362072160142763e-16,1.0562152951864993e-17
5.29117,1.8272687416361603e-16,1.1133966326015052e-17
5.29197,1.818370490132663e-16,1.0279705957977581e-17
5.29277,1.7528317588316588e-16,1.017108453656725e-17
5.29357,1.734452307377887e-16,9.756093382960397e-18
5.29438,1.6714413658899114e-16,9.665848417047418e-18
5.29518,1.8112004230373808e-16,9.466793841442914e-18
5.29598,1.898896500534921e-16,1.0028437177416705e-17
5.29678,1.7337753051507726e-16,1.0569515839403077e-17
5.29758,1.8944118267988995e-16,1.1102547026413073e-17
5.29838,1.837458773818473e-16,1.1021559939608129e-17
5.29918,1.8820285625508804e-16,1.1013270452058836e-17
5.29998,1.7732787557949052e-16,1.1822754946705513e-17
5.30078,1.901492542982848e-16,8.868740004581532e-18
5.30158,1.8796887890927344e-16,9.242901404651694e-18
5.30238,1.836622622941053e-16,9.47954918041754e-18
5.30318,1.8662121846380032e-16,1.0224978760451561e-17
5.30398,1.7549273871031472e-16,1.0490826368419862e-17
5.30479,1.759157391601108e-16,1.0098574331501485e-17
5.30559,1.6933879555802731e-16,1.0472540201995878e-17
5.30639,1.746178011335796e-16,9.779198669483445e-18
5.30719,1.6634166883374935e-16,1.4954289520216834e-17
5.30799,1.7863674557269371e-16,9.242811216214005e-18
5.30879,1.671457853877935e-16,9.6930652076249e-18
5.30959,1.7529178586908454e-16,9.841134602617516e-18
5.31039,1.7420095568586582e-16,1.076475071919724e-17
5.31119,1.7310941894693343e-16,1.1219989215399454e-17
5.31199,1.7778975012208192e-16,1.0883959123723817e-17
5.31279,1.7689520871834252e-16,1.0984859160724446e-17
5.31359,1.8160036508844483e-16,1.3018346903156712e-17
5.31439,1.7557990625844855e-16,1.1848091060628533e-17
5.3152,1.8322351065132235e-16,1.0648176846495868e-17
5.316,1.8143024846276894e-16,1.345676057401252e-17
5.3168,1.757187769527145e-16,1.0159359449871264e-17
5.3176,1.7590067120950995e-16,9.437003571207422e-18
5.3184,1.8065995939281822e-16,9.073056222152868e-18
5.3192,1.7256778253993743e-16,8.589673466208998e-18
5.32,1.807444061603067e-16,1.0853924926734405e-17
5.3208,1.6123401085451815e-16,1.1807014594677684e-17
5.3216,1.561451226284703e-16,9.80708065612506e-18
5.3224,1.755080833093505e-16,9.626721278653359e-18
5.3232,1.726854879735297e-16,1.1582963514244e-17
5.324,1.8138604087898124e-16,1.1475509760102045e-17
5.3248,1.779966561961285e-16,1.1807821485660297e-17
5.32561,1.7760761759055426e-16,1.0511796645250525e-17
5.32641,1.689500273684062e-16,9.87997299327221e-18
5.32721,1.6700288460445738e-16,9.49608055497896e-18
5.32801,1.7731566239711842e-16,1.0130211599258095e-17
5.32881,1.8382474739455851e-16,9.283259593943426e-18
5.32961,1.7441866948918098e-16,9.336191490888274e-18
5.33041,1.8147963740162708e-16,1.0473350667805429e-17
5.33121,1.725131802476953e-16,9.292143803439784e-18
5.33201,1.8574642788500082e-16,9.588563380923454e-18
5.33281,1.7826870199675666e-16,9.902451564758774e-18
5.33361,1.8481006561865815e-16,9.846213773317953e-18
5.33441,1.7546150490860504e-16,9.00177447136151e-18
5.33521,1.8603207199393102e-16,8.980219356501602e-18
5.33601,1.826868031218762e-16,9.626762512636277e-18
5.33682,1.731082470823197e-16,1.0480412261219128e-17
5.33762,1.721033114243901e-16,9.95765869443951e-18
5.33842,1.7267225981649364e-16,9.822413441148024e-18
5.33922,1.7951112097604096e-16,9.522003915175961e-18
5.34002,1.7440460128299671e-16,9.791787874789366e-18
5.34082,1.5984450288877874e-16,9.053413628803104e-18
5.34162,1.7775376047554467e-16,9.014135974630765e-18
5.34242,1.7783030877635842e-16,9.215703869774625e-18
5.34322,1.8405504566157956e-16,9.62930464649132e-18
5.34402,1.8165438639787652e-16,9.2133931220693e-18
5.34482,1.7861204156611492e-16,9.051992425753102e-18
5.34562,1.7625125548445454e-16,8.59152935705769e-18
5.34642,1.7668760301636363e-16,9.325279133492195e-18
5.34723,1.764208633744924e-16,1.0485811668543776e-17
5.34803,1.7705799365492508e-16,9.946062756741088e-18
5.34883,1.7630166994412052e-16,1.159836754510417e-17
5.34963,1.7393840096519687e-16,1.0371515390489009e-17
5.35043,1.7869354860363056e-16,1.0227345738296025e-17
5.35123,1.733596044208836e-16,9.768261936860307e-18
5.35203,1.6892141865015899e-16,9.296554283536286e-18
5.35283,1.7728113874139884e-16,8.649320456739619e-18
5.35363,1.7336004012350743e-16,9.594791087026153e-18
5.35443,1.7261079392761643e-16,9.589655747435292e-18
5.35523,1.760650434085827e-16,9.747783196324367e-18
5.35603,1.730617499120359e-16,1.0946819372192759e-17
5.35683,1.8083253285935191e-16,1.0393969510313654e-17
5.35764,1.767809340013331e-16,9.606533199106029e-18
5.35844,1.6915717580644596e-16,9.092339141324154e-18
5.35924,1.6901835201141243e-16,9.765095972558154e-18
5.36004,1.8312695586892759e-16,9.431838189982257e-18
5.36084,1.7668215353243966e-16,9.257236966071152e-18
5.36164,1.8965996381307906e-16,9.008629153328085e-18
5.36244,1.7884024162182687e-16,9.575652995340469e-18
5.36324,1.6928245503502803e-16,8.969510344332434e-18
5.36404,1.7577331270096475e-16,9.028040523430684e-18
5.36484,1.7314084063177443e-16,9.315376276365676e-18
5.36564,1.687961884553842e-16,1.0483831851638792e-17
5.36644,1.7174623495763254e-16,1.2342191379004289e-17
5.36724,1.7781555856664043e-16,1.683255922763493e-17
5.36805,1.7773228052087018e-16,1.0493619325488315e-17
5.36885,1.8415085478342508e-16,1.0125985407009408e-17
5.36965,1.7183010495885603e-16,9.22543749451972e-18
5.37045,1.7301603597417414e-16,1.06668263417183e-17
5.37125,1.7083526004774006e-16,1.020593016183124e-17
5.37205,1.736982575901765e-16,9.969095925728096e-18
5.37285,1.6385810996297127e-16,9.225631472088316e-18
5.37365,1.7367550447353986e-16,8.700664146711825e-18
5.37445,1.7010914464258923e-16,8.132267267261044e-18
5.37525,1.805885658237521e-16,8.97715039343626e-18
5.37605,1.7522257068419028e-16,1.1497707700055888e-17
5.37685,1.6752280187843142e-16,1.0691296069958217e-17
5.37765,1.7532882598344072e-16,1.2730768256907502e-17
5.37846,1.6787383735582354e-16,1.6336964758597394e-17
5.37926,1.6063065355940604e-16,1.2694763052033736e-17
5.38006,1.6488025504291042e-16,9.728059518584808e-18
5.38086,1.6822331196162698e-16,9.408292507058745e-18
5.38166,1.7819988821560574e-16,9.178966295646745e-18
5.38246,1.6930340278185718e-16,9.543800769026169e-18
5.38326,1.7293429449126412e-16,1.057853256506257e-17
5.38406,1.5769434826873619e-16,9.883482405471653e-18
5.38486,1.5877476352101547e-16,1.0334086108147596e-17
5.38566,1.7236273659617596e-16,1.0015242224862365e-17
5.38646,1.7164968406653978e-16,1.0209806965411103e-17
5.38726,1.768212924398036e-16,1.1083863129086004e-17
5.38806,1.582261363094357e-16,1.0842247665576445e-17
5.38887,1.6608436653162434e-16,9.592712784762432e-18
5.38967,1.70600424268379e-16,1.1292650496483517e-17
5.39047,1.6105869904146706e-16,9.217786743975981e-18
5.39127,1.7115149305071542e-16,9.779671644232545e-18
5.39207,1.7483840836962058e-16,8.70997914153288e-18
5.39287,1.6953168389758684e-16,8.177852709959041e-18
5.39367,1.5912418819598828e-16,9.040806820264463e-18
5.39447,1.6486033700592855e-16,1.008390362123172e-17
5.39527,1.6508748890072186e-16,1.0089559312448148e-17
5.39607,1.673112776749655e-16,9.94373774880303e-18
5.39687,1.6906218740469035e-16,8.981219076837241e-18
5.39767,1.7814120019782115e-16,1.095981534492786e-17
5.39847,1.6383908447027887e-16,9.698718606449553e-18
5.39928,1.7155770024968174e-16,1.1453904300773339e-17
5.40008,1.7244349390272876e-16,1.2635698460183293e-17
5.40088,1.7541467209343556e-16,1.0753627808775904e-17
5.40168,1.7452760645437304e-16,9.634875482397552e-18
5.40248,1.6545079649399587e-16,7.708482406944919e-18
5.40328,1.6702513450698963e-16,8.603212172586968e-18
5.40408,1.6038587830050226e-16,9.226719063046802e-18
5.40488,1.727866000008116e-16,9.72463460381805e-18
5.40568,1.7387613844752655e-16,8.709278834445982e-18
5.40648,1.7295340226829674e-16,9.527554183719718e-18
5.40728,1.5852546532643482e-16,8.353615870987219e-18
5.40808,1.7044681473681906e-16,9.413600497436057e-18
5.40888,1.591586770802755e-16,9.521990982462701e-18
5.40969,1.7162930228615947e-16,1.0955416415585054e-17
5.41049,1.7462634409724935e-16,1.0145007875842068e-17
5.41129,1.6792779564535047e-16,1.105001979567272e-17
5.41209,1.7222804777997563e-16,1.0235544806452772e-17
5.41289,1.631793638505461e-16,9.751123974379517e-18
5.41369,1.6494989277320984e-16,1.0472077071532798e-17
5.41449,1.6639423176157507e-16,1.0355485200279844e-17
5.41529,1.655160393735565e-16,9.509580492922913e-18
5.41609,1.658019906785746e-16,9.234989688138801e-18
5.41689,1.6491076677432694e-16,8.192299811908587e-18
5.41769,1.5870640024986568e-16,8.29437541444051e-18
5.41849,1.5948266726341587e-16,9.973622626310705e-18
5.41929,1.6358638928289888e-16,1.0317585698667852e-17
5.4201,1.638694813516415e-16,1.0389948820372373e-17
5.4209,1.6954185602926787e-16,8.897453955254276e-18
5.4217,1.6563756050658482e-16,9.63429335783761e-18
5.4225,1.6611117976716212e-16,8.151053986897238e-18
5.4233,1.69273938726414e-16,8.843294987264077e-18
5.4241,1.637350904663189e-16,7.824022196773695e-18
5.4249,1.6303238939266402e-16,1.0633221902109521e-17
5.4257,1.6402461027644478e-16,8.563687838791582e-18
5.4265,1.693936097613727e-16,1.0366435662046585e-17
5.4273,1.6413456331298088e-16,8.585463267566018e-18
5.4281,1.5395568439851047e-16,9.849614797334029e-18
5.4289,1.6117805560706896e-16,1.1167545032887936e-17
5.4297,1.557731394099893e-16,9.940883400219907e-18
5.4305,1.558087595388154e-16,9.152404140315093e-18
5.43131,1.671790560525001e-16,8.849507933998545e-18
5.43211,1.682303810852321e-16,9.085165014890089e-18
5.43291,1.7707618538386234e-16,8.816050379211064e-18
5.43371,1.7810420120537762e-16,9.1586213773304e-18
5.43451,1.7725412583801223e-16,8.09852567996952e-18
5.43531,1.6440067513446415e-16,1.1165564674702159e-17
5.43611,1.7243010784475335e-16,8.207668542840437e-18
5.43691,1.6220400287388528e-16,9.321743174250888e-18
5.43771,1.7054854516849635e-16,1.235233888414945e-17
5.43851,1.7325287293365262e-16,9.672357482636852e-18
5.43931,1.6386698270709888e-16,8.933118551756429e-18
5.44011,1.5826147150757047e-16,1.1954397848248468e-17
5.44091,1.554123576227936e-16,1.4720912895748224e-17
5.44172,1.7070888173506036e-16,9.241509226573332e-18
5.44252,1.6569589436865323e-16,9.365773665888529e-18
5.44332,1.6692326018823975e-16,9.586379292565281e-18
5.44412,1.609686467549439e-16,9.652210873640532e-18
5.44492,1.6717149805862356e-16,8.895146585986605e-18
5.44572,1.686673230613111e-16,9.538107838395392e-18
5.44652,1.7151581607465867e-16,9.848942614514437e-18
5.44732,1.758407278203045e-16,1.0010243324142508e-17
5.44812,1.7671779892403388e-16,1.0630080375286525e-17
5.44892,1.666670961490634e-16,9.381617753233032e-18
5.44972,1.690420029749145e-16,9.146479703145078e-18
5.45052,1.695805142893457e-16,1.0353708903218496e-17
5.45132,1.7477332553425814e-16,1.0118681372064802e-17
5.45213,1.6945073809914783e-16,9.376363969728484e-18
5.45293,1.657204306168806e-16,9.309000362471576e-18
5.45373,1.5335418781184374e-16,8.950508423023557e-18
5.45453,1.686834448113309e-16,8.393729606193887e-18
5.45533,1.689471022607692e-16,8.765509100567432e-18
5.45613,1.5894514621874608e-16,1.2358082598840459e-17
5.45693,1.6176780471265664e-16,8.912427721294569e-18
5.45773,1.7058273811893926e-16,8.804354485795686e-18
5.45853,1.6235783815524412e-16,8.421431905165547e-18
5.45933,1.6041447714154615e-16,9.228810443525289e-18
5.46013,1.5707207982770228e-16,8.125828038834099e-18
5.46093,1.6207699303355215e-16,8.003331634885595e-18
5.46173,1.7161583838018208e-16,7.931844749977914e-18
5.46254,1.6286522459428296e-16,9.000743674992147e-18
5.46334,1.615202337601691e-16,8.992296339453978e-18
5.46414,1.4990689707573423e-16,8.809741436406954e-18
5.46494,1.5419343071557035e-16,1.0271063255152953e-17
5.46574,1.5669579914387734e-16,9.937823859532592e-18
5.46654,1.6710286712792066e-16,8.617377476732022e-18
5.46734,1.6243735519467903e-16,9.032119903479256e-18
5.46814,1.610897297306226e-16,7.658564252671172e-18
5.46894,1.5691607232841663e-16,8.422216796214503e-18
5.46974,1.6022594866432e-16,9.715269254426936e-18
5.47054,1.5568196900133726e-16,9.172989861714664e-18
5.47134,1.7065135513899283e-16,9.113459652963873e-18
5.47214,1.6290724925594121e-16,9.558834564763523e-18
5.47295,1.5706774146725806e-16,1.0693710392024669e-17
5.47375,1.7057338226889123e-16,1.0504283141835298e-17
5.47455,1.6225356633345966e-16,1.2526436617808498e-17
5.47535,1.6987644649954681e-16,1.1423958256359713e-17
5.47615,1.6430528524298352e-16,1.047679999940264e-17
5.47695,1.6033227996994126e-16,1.0011025063060456e-17
5.47775,1.6208575926517704e-16,1.2212689994527265e-17
5.47855,1.6480891225798922e-16,8.89697457015429e-18
5.47935,1.4484742591725871e-16,9.632966840385345e-18
5.48015,1.6789129348697422e-16,1.0153435506337013e-17
5.48095,1.647188062255589e-16,1.0503634078740028e-17
5.48175,1.627029711874893e-16,9.1832990890831e-18
5.48255,1.5284929251854722e-16,1.0227096105813453e-17
5.48336,1.623615159485957e-16,1.1122848026831876e-17
5.48416,1.5693423683828983e-16,9.541142588161045e-18
5.48496,1.639540382754121e-16,1.0471630324953864e-17
5.48576,1.6131863038939072e-16,7.932149721200703e-18
5.48656,1.522249974202183e-16,8.313567767770876e-18
5.48736,1.5681558077258782e-16,8.174260787455008e-18
5.48816,1.6448661759853995e-16,8.37987302570832e-18
5.48896,1.5487719644371875e-16,8.50099023817059e-18
5.48976,1.7036134619770355e-16,7.985333683285087e-18
5.49056,1.6170989081411726e-16,8.04887209196517e-18
5.49136,1.6848697871938478e-16,8.434917698169105e-18
5.49216,1.643924642248769e-16,8.048498760808123e-18
5.49296,1.6141862555525761e-16,7.161737753049865e-18
5.49377,1.4852924626720487e-16,6.841064469852165e-18
5.49457,1.5760133609401522e-16,8.03910703146044e-18
5.49537,1.627039658438323e-16,7.708058854440569e-18
5.49617,1.6243589739644187e-16,7.907924133776628e-18
5.49697,1.691632045613662e-16,8.373489970327849e-18
5.49777,1.553201700390617e-16,8.596106186807082e-18
5.49857,1.5842815573668254e-16,9.581444517102496e-18
5.49937,1.6263282864639816e-16,1.2593061570337344e-17
5.50017,1.5841440649125863e-16,1.1725605584162704e-17
5.50097,1.7062951335647806e-16,1.0565728346387085e-17
5.50177,1.565875455437172e-16,8.533987301165643e-18
5.50257,1.5021906287717612e-16,8.440227530471505e-18
5.50337,1.5151765851417291e-16,8.506067872922608e-18
5.50418,1.5889683581159127e-16,8.463467104888783e-18
5.50498,1.6626528685172254e-16,7.831138811045236e-18
5.50578,1.624665005684752e-16,8.202060500609477e-18
5.50658,1.6537730593811463e-16,8.402362172569513e-18
5.50738,1.5979228202422328e-16,8.299172668618881e-18
5.50818,1.6501841567224227e-16,8.451825367019815e-18
5.50898,1.5598345004308647e-16,8.740623971115356e-18
5.50978,1.6356817255158019e-16,8.424511791564559e-18
5.51058,1.62393735590575e-16,8.58355353582046e-18
5.51138,1.7359695937629021e-16,8.695783058238176e-18
5.51218,1.776012851550267e-16,8.272664658465086e-18
5.51298,1.6774987406662795e-16,8.122197918534776e-18
5.51378,1.537881885187852e-16,9.820581332245965e-18
5.51459,1.670701296417113e-16,9.397601025984329e-18
5.51539,1.611024427295885e-16,1.0781731463574612e-17
5.51619,1.5340814256420855e-16,8.267946322348815e-18
5.51699,1.5361547686607564e-16,9.272383043880677e-18
5.51779,1.6915381418814466e-16,8.080419099340259e-18
5.51859,1.609469365345677e-16,9.23842295549656e-18
5.51939,1.6591088394545346e-16,8.623601664203512e-18
5.52019,1.6367148270287918e-16,8.655965465930063e-18
5.52099,1.5744653074952128e-16,7.711387680665012e-18
5.52179,1.6743138797052668e-16,7.917691846447989e-18
5.52259,1.5892769958807268e-16,9.979548465139343e-18
5.52339,1.6731104943634681e-16,8.711555724965165e-18
5.52419,1.6187483083124891e-16,8.425486180172425e-18
5.52499,1.5266172986118443e-16,9.047146347330032e-18
5.5258,1.6141330247622441e-16,8.530757990131114e-18
5.5266,1.6349437033875706e-16,8.003652359611513e-18
5.5274,1.666687271276103e-16,8.554589270980514e-18
5.5282,1.6744396409132408e-16,9.097061189782942e-18
5.529,1.594874582144593e-16,8.077960145859102e-18
5.5298,1.489061576098557e-16,8.183134833493966e-18
5.5306,1.4117326854408994e-16,8.001231596162079e-18
5.5314,1.658403317800467e-16,8.711138894199443e-18
5.5322,1.6052301842975646e-16,8.293766893291835e-18
5.533,1.5684848508112934e-16,7.48924932288095e-18
5.5338,1.5407583241267822e-16,7.488891016243051e-18
5.5346,1.6128255897690106e-16,7.549159382593665e-18
5.5354,1.7022147827444202e-16,8.59898519937922e-18
5.53621,1.7349476399120481e-16,8.582305077041407e-18
5.53701,1.6551701646482403e-16,8.63869707858851e-18
5.53781,1.6415753003763282e-16,7.575539249653429e-18
5.53861,1.56417431469187e-16,7.768056214945238e-18
5.53941,1.5236304848735642e-16,8.731604099692983e-18
5.54021,1.5602092329661595e-16,1.0301477275292245e-17
5.54101,1.6614669036133074e-16,9.094443031746079e-18
5.54181,1.7083938102074654e-16,9.240932655276481e-18
5.54261,1.622023293706586e-16,8.417922798618448e-18
5.54341,1.6202646946254915e-16,8.899167582580749e-18
5.54421,1.5572451011638284e-16,8.72930660714022e-18
5.54501,1.6222462232974058e-16,1.0785636661091252e-17
5.54581,1.5962785716209548e-16,8.099091515135935e-18
5.54662,1.5955628997083076e-16,8.549556979603988e-18
5.54742,1.544571417906966e-16,7.411889622092119e-18
5.54822,1.4876706586879562e-16,7.696767026756052e-18
5.54902,1.4171963527250138e-16,7.844586481007048e-18
5.54982,1.4691959415786128e-16,6.932590215293445e-18
5.55062,1.4682674896845879e-16,7.497589681451988e-18
5.55142,1.445074916112719e-16,7.668868383546404e-18
5.55222,1.4746398717610696e-16,7.580340327886569e-18
5.55302,1.510141868640085e-16,8.301921165646553e-18
5.55382,1.6399875815457975e-16,8.191120564801405e-18
5.55462,1.700073113041685e-16,8.322699092111983e-18
5.55542,1.5462917992744746e-16,8.537042152092384e-18
5.55622,1.4985164621486624e-16,9.243693084690917e-18
5.55703,1.648888886866682e-16,9.358289979734224e-18
5.55783,1.5522504275238243e-16,8.624723671951683e-18
5.55863,1.6021945023525274e-16,8.349079990341198e-18
5.55943,1.6178822360367115e-16,8.996785344308698e-18
5.56023,1.592983265357403e-16,8.956663714358688e-18
5.56103,1.6377553057515598e-16,8.884911630752089e-18
5.56183,1.5640668115232343e-16,1.0314184868023644e-17
5.56263,1.5459077573937295e-16,9.725935318073188e-18
5.56343,1.6117829119554432e-16,8.624083684889578e-18
5.56423,1.5384583274807152e-16,8.625045289919093e-18
5.56503,1.3419983202549499e-16,9.169799842585529e-18
5.56583,1.440037609502753e-16,1.416733095685582e-17
5.56663,1.4933020678328364e-16,7.900786509684502e-18
5.56744,1.5201898147189404e-16,9.485625884743722e-18
5.56824,1.4985669851566264e-16,9.381736241388444e-18
5.56904,1.5506920932253912e-16,9.65076898990345e-18
5.56984,1.6582423571198483e-16,1.0338035795891133e-17
5.57064,1.60159535074267e-16,9.907415270531169e-18
5.57144,1.4974679620293222e-16,9.761460114046177e-18
5.57224,1.6067441208926959e-16,1.0811933062695832e-17
5.57304,1.6983455070851294e-16,9.448468153610076e-18
5.57384,1.588336682216278e-16,9.07698888202854e-18
5.57464,1.6864475236541214e-16,8.273230910339526e-18
5.57544,1.6847408518825935e-16,8.267726138371972e-18
5.57624,1.5540279234674588e-16,8.083264852227573e-18
5.57704,1.5138533674006143e-16,8.158223526561118e-18
5.57785,1.5372175296100254e-16,9.526861499744757e-18
5.57865,1.535794094668665e-16,1.2969493980226393e-17
5.57945,1.5125271429991984e-16,9.866603750194106e-18
5.58025,1.5204742767848562e-16,7.4055319782878e-18
5.58105,1.5995345259234979e-16,8.982984737506232e-18
5.58185,1.5057703102655886e-16,7.962817447652753e-18
5.58265,1.547878891201343e-16,7.962979123102893e-18
5.58345,1.540506869222493e-16,9.232597206127188e-18
5.58425,1.6154757005398947e-16,8.822079148805337e-18
5.58505,1.580702776511703e-16,9.061907991210148e-18
5.58585,1.4914880695362743e-16,1.1173369918813745e-17
5.58665,1.4946403340975624e-16,9.637284275502242e-18
5.58745,1.3036199558330323e-16,8.413558725534805e-18
5.58826,1.5758901205584155e-16,9.510153582560257e-18
5.58906,1.578240143055111e-16,7.576920867333108e-18
5.58986,1.5478085073418283e-16,8.023533719877988e-18
5.59066,1.6171137921802722e-16,8.564609409756402e-18
5.59146,1.6280260706244943e-16,1.0346117771397753e-17
5.59226,1.5417876193848908e-16,1.0933261220945092e-17
5.59306,1.5482115117472387e-16,1.1460420735665505e-17
5.59386,1.5542713752846224e-16,1.2366019021743686e-17
5.59466,1.6386914267533895e-16,9.259554271431296e-18
5.59546,1.649803104417139e-16,9.566561189780961e-18
5.59626,1.6287158852148243e-16,9.25447624420363e-18
5.59706,1.6004971049628606e-16,9.001371954704656e-18
5.59786,1.5593113407579558e-16,8.436989605851352e-18
5.59867,1.683099235276584e-16,8.400730201069694e-18
5.59947,1.5495299407770831e-16,9.236023513107233e-18
5.60027,1.551351473687612e-16,8.111518790138195e-18
5.60107,1.6136843362588167e-16,8.911978994110424e-18
5.60187,1.6141957053334898e-16,9.415875543945852e-18
5.60267,1.5606000028221774e-16,1.01698205983684e-17
5.60347,1.5559908887557438e-16,9.522765627559365e-18
5.60427,1.6587860075580544e-16,9.49320809582255e-18
5.60507,1.6036411148614606e-16,9.672685510357495e-18
5.60587,1.5887044301792194e-16,9.021096051974322e-18
5.60667,1.5302860327546632e-16,9.505088667635534e-18
5.60747,1.608562037341756e-16,8.728280608893405e-18
5.60827,1.5447593259786728e-16,8.44323260421015e-18
5.60908,1.6636280093022714e-16,9.091416789885522e-18
5.60988,1.640413892172904e-16,8.31318894225084e-18
5.61068,1.5823160112409202e-16,7.973834657980162e-18
5.61148,1.4897174608303674e-16,8.163767733607576e-18
5.61228,1.4263972423717388e-16,8.545853834978655e-18
5.61308,1.4910202130060723e-16,8.753875073955857e-18
5.61388,1.6114045970971978e-16,7.886287088960819e-18
5.61468,1.5616817360375874e-16,7.401454576152817e-18
5.61548,1.4537389291602167e-16,7.547804908331455e-18
5.61628,1.495711588238162e-16,7.816107939950802e-18
5.61708,1.5116313732603406e-16,7.144074343408409e-18
5.61788,1.5238858685714584e-16,7.949918251363953e-18
5.61868,1.5557030435795015e-16,7.816121752073406e-18
5.61948,1.6151675744923227e-16,8.426810384873953e-18
5.62029,1.6028028516526948e-16,7.529600701828466e-18
5.62109,1.6173724703998774e-16,8.498142505519402e-18
5.62189,1.501796111282939e-16,8.7068187383296e-18
5.62269,1.4873839376294298e-16,9.60612839478331e-18
5.62349,1.4371583372713263e-16,9.245739115944812e-18
5.62429,1.4759883032393403e-16,7.850266107036367e-18
5.62509,1.5230286928693927e-16,8.953775229485983e-18
5.62589,1.4717432856412832e-16,8.30569877473142e-18
5.62669,1.5659036125757578e-16,7.517207002886981e-18
5.62749,1.5896424303049192e-16,7.910965474860106e-18
5.62829,1.5800048420980354e-16,7.666334673849579e-18
5.62909,1.6033016962913142e-16,8.914676100994124e-18
5.62989,1.5763018077641374e-16,8.201360877184485e-18
5.6307,1.583280217077128e-16,9.701110588973634e-18
5.6315,1.498400722129397e-16,8.759282771993557e-18
5.6323,1.4509817263956442e-16,8.199969162802768e-18
5.6331,1.4469874812245663e-16,7.66061366254187e-18
5.6339,1.5260312792342246e-16,8.504168208908168e-18
5.6347,1.507022970738573e-16,8.359478296057474e-18
5.6355,1.588850505238843e-16,7.872555572685556e-18
5.6363,1.5856567906755484e-16,7.35879738824971e-18
5.6371,1.5906168514380762e-16,9.004544829133897e-18
5.6379,1.5144448975251383e-16,8.511676380413616e-18
5.6387,1.5926455193197742e-16,9.282894504635823e-18
5.6395,1.56464876982732e-16,7.847134522096929e-18
5.6403,1.4348914800630404e-16,9.211218755194586e-18
5.64111,1.5576547159307464e-16,1.0685976208860401e-17
5.64191,1.4329435800482418e-16,9.302828918906938e-18
5.64271,1.6418761114772822e-16,8.868436507041985e-18
5.64351,1.4253978720576658e-16,1.0893922116071757e-17
5.64431,1.5228486449238775e-16,8.845861205090496e-18
5.64511,1.5796576603121126e-16,8.825930107290823e-18
5.64591,1.522856552082059e-16,8.988627221345564e-18
5.64671,1.5654352090009743e-16,8.812263957093211e-18
5.64751,1.5174106003263792e-16,8.465442400439051e-18
5.64831,1.6202918626797051e-16,9.275105046185649e-18
5.64911,1.4990169016104748e-16,8.666820585314534e-18
5.64991,1.5701502738396287e-16,9.070472542468758e-18
5.65071,1.5595555259866164e-16,8.875157842481947e-18
5.65152,1.5687212230147064e-16,1.0443761459883309e-17
5.65232,1.5560273456849242e-16,9.489581226378356e-18
5.65312,1.5275566958869742e-16,1.0379477722694868e-17
5.65392,1.6092982616407e-16,9.13327485648761e-18
5.65472,1.6582942510634716e-16,1.0153037817742613e-17
5.65552,1.5399192166099275e-16,9.248625829345608e-18
5.65632,1.4952343602636095e-16,9.079191873501252e-18
5.65712,1.5535707123795304e-16,8.924548974031999e-18
5.65792,1.5056350513624075e-16,9.661852068005412e-18
5.65872,1.6235956571044995e-16,8.751905320421853e-18
5.65952,1.4892378019075919e-16,9.725780466495802e-18
5.66032,1.5649192517837196e-16,9.969899587701884e-18
5.6604,1.4777358249306138e-16,7.38516320355951e-18
5.66112,1.5603701104599422e-16,9.411621222921284e-18
5.6612,1.4695675805804922e-16,8.277191832023774e-18
5.66193,1.5915422819510566e-16,8.454641519913741e-18
5.662,1.5556513190739548e-16,8.15186458498697e-18
5.66273,1.595493164224189e-16,1.0255795975592324e-17
5.6628,1.5938703143343578e-16,7.527385202818843e-18
5.66353,1.474324100983428e-16,1.028613313957902e-17
5.6636,1.5557152872739475e-16,8.769180521448392e-18
5.66433,1.508692110637571e-16,9.232818831149032e-18
5.6644,1.5030778730870394e-16,7.662901182567018e-18
5.66513,1.5285636412566064e-16,8.947026046452863e-18
5.6652,1.5004127224798272e-16,7.964350569518927e-18
5.66593,1.5277778244160794e-16,1.0121835960289762e-17
5.666,1.5090016531777335e-16,7.793525310451195e-18
5.66673,1.4373700927433816e-16,1.0698722254620961e-17
5.66681,1.4446995186551355e-16,8.428512369629551e-18
5.66753,1.4389957645393098e-16,1.0456747838280059e-17
5.66761,1.4851673870149868e-16,9.352957302927028e-18
5.66833,1.418182049026075e-16,8.716142985291756e-18
5.66841,1.642036931665131e-16,8.20361401213397e-18
5.66913,1.5330662677736635e-16,8.734837546768808e-18
5.66921,1.506652453261117e-16,7.622777041410538e-18
5.66993,1.5833918938469443e-16,8.063272637795813e-18
5.67001,1.4795593132454194e-16,8.280944886297982e-18
5.67073,1.8767787986286066e-16,9.230156649150009e-18
5.67081,1.5156457831870263e-16,7.582360980321695e-18
5.67153,1.584867215884942e-16,1.060609195569289e-17
5.67161,1.5154721333588594e-16,7.869741110714334e-18
5.67234,1.6139986456038936e-16,8.480077309477532e-18
5.67241,1.5719218911462324e-16,7.74453935440714e-18
5.67314,1.5753867445386884e-16,8.782211169295701e-18
5.67321,1.4757723407720255e-16,7.817191945323066e-18
5.67394,1.489941341232359e-16,9.557508031190073e-18
5.67401,1.4724597607159374e-16,7.864863458518622e-18
5.67474,1.5490687075381244e-16,8.665652976015784e-18
5.67481,1.5128262966863083e-16,7.580326279043989e-18
5.67554,1.45067234126178e-16,8.109967557286794e-18
5.67561,1.498318369911891e-16,7.338205361388327e-18
5.67634,1.5046926049308566e-16,8.131551374749558e-18
5.67641,1.3919977221737834e-16,7.769294858068748e-18
5.67714,1.5849025579131364e-16,8.27458926203817e-18
5.67721,1.4577618349002403e-16,8.28597381070924e-18
5.67794,1.5225719112007892e-16,1.0176278318906304e-17
5.67801,1.4669892058069483e-16,7.59182501753798e-18
5.67874,1.4653236715569254e-16,9.497360980165509e-18
5.67882,1.4316035953098692e-16,7.869524731008725e-18
5.67954,1.5293721908957347e-16,9.309492441911154e-18
5.67962,1.4716585839541522e-16,8.261619681113914e-18
5.68034,1.5380403104955722e-16,9.268959940760133e-18
5.68042,1.3887288216307521e-16,7.215158997174534e-18
5.68114,1.6755853060441822e-16,1.0740430373106466e-17
5.68122,1.387818665132552e-16,7.148299841470348e-18
5.68194,1.6386232398643423e-16,9.378264235932596e-18
5.68202,1.3774847589460334e-16,6.0154271111723195e-18
5.68275,1.5725934608743395e-16,9.9010469151631e-18
5.68282,1.3569250472135762e-16,6.397366391222061e-18
5.68355,1.5354540415738896e-16,8.488977034003226e-18
5.68362,1.3592447777506242e-16,8.534169795970568e-18
5.68435,1.4789465891378835e-16,8.670824163874349e-18
5.68442,1.4654038702756372e-16,7.366591516078431e-18
5.68515,1.5074001682991518e-16,8.554502688700682e-18
5.68522,1.4609669578005562e-16,7.305406671133108e-18
5.68595,1.5105039841361106e-16,9.27390937913172e-18
5.68602,1.4778317229776696e-16,9.095711622257825e-18
5.68675,1.481708154313611e-16,9.18228642452386e-18
5.68682,1.4185908637798447e-16,9.093272735188543e-18
5.68755,1.510486355073302e-16,8.927677513608111e-18
5.68762,1.5445776147066627e-16,7.630259809274669e-18
5.68835,1.5584299794000964e-16,8.565569606800433e-18
5.68842,1.3926611606766846e-16,7.622454566476882e-18
5.68915,1.5355184068661451e-16,1.0385050558654285e-17
5.68922,1.4986651558667403e-16,8.920939606287351e-18
5.68995,1.4398637605010495e-16,9.324311393543389e-18
5.69002,1.438954309236415e-16,7.895232954713665e-18
5.69075,1.458722690580669e-16,9.371907707292698e-18
5.69082,1.4887077419342554e-16,7.323372097652312e-18
5.69155,1.5093560085261807e-16,8.762720210799816e-18
5.69163,1.3736677542051442e-16,7.934444675662521e-18
5.69235,1.510770540485971e-16,8.324732383355198e-18
5.69243,1.582851229736097e-16,8.48820328840238e-18
5.69316,1.459630135715781e-16,8.549971768515084e-18
5.69323,1.5435268956245075e-16,8.379878040949228e-18
5.69396,1.5274459734892932e-16,7.898736998228633e-18
5.69403,1.5298495935163854e-16,6.589557597988491e-18
5.69476,1.4874478879084643e-16,8.393289081801479e-18
5.69483,1.4917229796205015e-16,6.468397011279208e-18
5.69556,1.5034349474292954e-16,9.272378335625747e-18
5.69563,1.475927265320277e-16,6.63257224404502e-18
5.69636,1.4975781969121848e-16,7.918641793299743e-18
5.69643,1.5205635753333718e-16,6.942590681873952e-18
5.69716,1.4300721853662867e-16,8.48362561587287e-18
5.69723,1.6030971262783579e-16,7.263564467207282e-18
5.69796,1.4021569581633703e-16,9.105622817880676e-18
5.69803,1.4659966828258903e-16,7.142607021225828e-18
5.69876,1.4236856257432403e-16,9.744034413672328e-18
5.69883,1.4754379635940434e-16,7.647615804104229e-18
5.69956,1.5223047396951494e-16,9.823401997287292e-18
5.69963,1.498417112219689e-16,8.049792087790379e-18
5.70036,1.4536778779706632e-16,8.308499290199297e-18
5.70043,1.448227242102956e-16,8.62034206197411e-18
5.70116,1.4390409647819496e-16,7.791845757962547e-18
5.70123,1.5763945284726252e-16,1.0032735443923357e-17
5.70196,1.5195087659763086e-16,7.833517754951457e-18
5.70203,1.5041140414344754e-16,9.546859181709746e-18
5.70276,1.5593153128768346e-16,8.652842803397322e-18
5.70283,1.554500796827609e-16,9.63509500369712e-18
5.70356,1.472235738769838e-16,9.501519152154889e-18
5.70364,1.5658194251650363e-16,7.313429218769579e-18
5.70437,1.5406623998260864e-16,9.06902338164839e-18
5.70444,1.5435635994121115e-16,7.032364599475775e-18
5.70517,1.4590076820578959e-16,8.898221026970553e-18
5.70524,1.566431550797235e-16,7.793301630775387e-18
5.70597,1.4598253055531562e-16,1.0013747017198107e-17
5.70604,1.5292283124607222e-16,6.768508281599327e-18
5.70677,1.4009888190579859e-16,9.766376573462657e-18
5.70684,1.5207302584955194e-16,7.013264304128543e-18
5.70757,1.5428502939337819e-16,1.0227462722866303e-17
5.70764,1.5163074512026734e-16,6.798545363650747e-18
5.70837,1.581005911709352e-16,9.4026803140552e-18
5.70844,1.3787669044544807e-16,6.907162511590449e-18
5.70917,1.4708695251383903e-16,7.860117705434385e-18
5.70924,1.4134225766526859e-16,8.021331550760466e-18
5.70997,1.5192688889228714e-16,7.580848494232241e-18
5.71004,1.4475676565696223e-16,7.18165871946662e-18
5.71077,1.4523917316970366e-16,9.325709165247616e-18
5.71084,1.438683620611768e-16,6.189350756684475e-18
5.71157,1.503089546021676e-16,8.582719314921339e-18
5.71164,1.426069046548362e-16,7.682581316245671e-18
5.71237,1.4408679611346344e-16,9.878492625493045e-18
5.71244,1.4208200951763487e-16,9.072575418525886e-18
5.71317,1.575746779242791e-16,9.290448947843124e-18
5.71324,1.4228644996411912e-16,8.345368057438712e-18
5.71397,1.452836367300562e-16,9.16070929369183e-18
5.71404,1.316648195668941e-16,7.972156827590513e-18
5.71478,1.4769562269172883e-16,8.739463192769611e-18
5.71484,1.41893471882433e-16,7.590185821447636e-18
5.71558,1.56486786226205e-16,9.370818844512486e-18
5.71565,1.449658995822728e-16,7.578232261957848e-18
5.71638,1.4597366644998846e-16,8.798425076239286e-18
5.71645,1.4989319553218516e-16,7.23615658248507e-18
5.71718,1.539826892601625e-16,7.991955826311729e-18
5.71725,1.4935085231241166e-16,8.702785569450671e-18
5.71798,1.5155730215206398e-16,9.182165250513429e-18
5.71805,1.4012481958629395e-16,8.689247815521729e-18
5.71878,1.5425557520913506e-16,8.229471633028543e-18
5.71885,1.437560955292344e-16,6.726597180877747e-18
5.71958,1.5293043566832456e-16,7.497781316659454e-18
5.71965,1.4027243094530271e-16,6.78521044727626e-18
5.72038,1.4611141903066802e-16,8.032798183221193e-18
5.72045,1.393574127727421e-16,7.477746475369992e-18
5.72118,1.4321601540886002e-16,7.683786224704086e-18
5.72125,1.4079072749192067e-16,6.76394137724357e-18
5.72198,1.41260495672238e-16,8.270125137044897e-18
5.72205,1.414358869165923e-16,1.0000789615121732e-17
5.72278,1.4527811262655872e-16,9.500940438785165e-18
5.72285,1.4121842787167122e-16,7.644108802154088e-18
5.72358,1.4258877394615546e-16,1.0350116374594533e-17
5.72365,1.4789937770960674e-16,8.775851368060643e-18
5.72438,1.470952565698702e-16,9.845383880853196e-18
5.72445,1.4663688515525312e-16,8.210480775835516e-18
5.72519,1.499742331397815e-16,1.0101678517142694e-17
5.72525,1.468113272983296e-16,7.524113618479454e-18
5.72599,1.5825350814320742e-16,8.344000705576796e-18
5.72605,1.4897272027380648e-16,8.402344535393059e-18
5.72679,1.6191904039863747e-16,8.604565721269897e-18
5.72685,1.4189534952032654e-16,8.72960442170152e-18
5.72759,1.6254343942674412e-16,8.756479034690724e-18
5.72766,1.5269061080402312e-16,7.470733502562944e-18
5.72839,1.4895570012917496e-16,8.676113860334872e-18
5.72846,1.611271166541106e-16,7.877920111846839e-18
5.72919,1.495002628275748e-16,8.343535668737909e-18
5.72926,1.511856589574828e-16,7.013428699982881e-18
5.72999,1.5199573144563944e-16,8.6932254729971e-18
5.73006,1.5168708567848128e-16,6.610955604174404e-18
5.73079,1.4668817401392698e-16,9.348830279030373e-18
5.73086,1.5335449573718607e-16,6.419942526071549e-18
5.73159,1.4944218129611254e-16,8.973601185558023e-18
5.73166,1.5099894872990222e-16,6.795990769935837e-18
5.73239,1.4095090400265932e-16,9.24654867973549e-18
5.73246,1.4703287541364202e-16,7.729088509799859e-18
5.73319,1.367253747400242e-16,9.701404387307989e-18
5.73326,1.412732787109729e-16,7.313161302450674e-18
5.73399,1.4575134147927792e-16,1.1029290026065897e-17
5.73406,1.4417933109113456e-16,6.9363560024558e-18
5.73479,1.376508521421865e-16,9.971811501035093e-18
5.73486,1.5480098761089411e-16,7.585293812924253e-18
5.7356,1.3938534752660271e-16,1.0733890099508646e-17
5.73566,1.5998638165889735e-16,8.240980203026758e-18
5.7364,1.5547972727098336e-16,9.435309477951134e-18
5.73646,1.539960121941559e-16,7.836503040730428e-18
5.7372,1.4914238444533026e-16,8.71153163235454e-18
5.73726,1.504656391507495e-16,8.13956476187724e-18
5.738,1.415997782943947e-16,8.202132064611249e-18
5.73806,1.3423103818246102e-16,7.213616239468215e-18
5.7388,1.4746489768289374e-16,8.454327132923083e-18
5.73886,1.4304622868748284e-16,8.487990623582087e-18
5.7396,1.394746290016243e-16,8.709084011170655e-18
5.73967,1.4686356685428403e-16,8.023281753940094e-18
5.7404,1.4138735034304583e-16,9.754622291061829e-18
5.74047,1.4722369825959264e-16,8.304735548032829e-18
5.74127,1.565718091392317e-16,7.990979265139914e-18
5.74207,1.5331333174155707e-16,9.132700172461286e-18
5.74287,1.4779457697883924e-16,8.501441301890291e-18
5.74367,1.4390272282900066e-16,7.061605575725401e-18
5.74447,1.4360250365611187e-16,6.720786039187755e-18
5.74527,1.4209767960265878e-16,5.645493264875939e-18
5.74607,1.4904313691486312e-16,6.842725320789182e-18
5.74687,1.4756213204146384e-16,7.232236636610518e-18
5.74767,1.4509462522226586e-16,6.458034555101804e-18
5.74847,1.4276700341616244e-16,6.859919263210234e-18
5.74927,1.3554067847304058e-16,7.708596863657234e-18
5.75007,1.4913986534081904e-16,6.549055143494191e-18
5.75087,1.5312397924134735e-16,7.568179187958308e-18
5.75168,1.428101710754994e-16,8.495959632744372e-18
5.75248,1.4657883452401792e-16,8.888703137378394e-18
5.75328,1.4836518165682983e-16,8.925370189847092e-18
5.75408,1.4434230631306746e-16,9.74425317375762e-18
5.75488,1.5129058523116004e-16,1.1107543568484121e-17
5.75568,1.4641325494720874e-16,8.66270446980867e-18
5.75648,1.4434663899944921e-16,7.606033736795975e-18
5.75728,1.4021364264612364e-16,8.273124470856306e-18
5.75808,1.4227962214151815e-16,1.0177044925216689e-17
5.75888,1.531536996032891e-16,9.77429657666092e-18
5.75968,1.5350561458869138e-16,8.478097465442529e-18
5.76048,1.5134578381408356e-16,7.20594154756472e-18
5.76128,1.4660420137630468e-16,7.472091791105834e-18
5.76208,1.4513993181011524e-16,7.061054215918773e-18
5.76288,1.4024442406587468e-16,6.6741953516534266e-18
5.76368,1.3734159814542212e-16,6.816723165671709e-18
5.76449,1.3821230254624415e-16,5.795370500620981e-18
5.76529,1.3833893083676835e-16,6.795702725120033e-18
5.76609,1.481588417787787e-16,7.551640508182341e-18
5.76689,1.3420601736441531e-16,7.616418178909628e-18
5.76769,1.3853624384895214e-16,6.957684758714411e-18
5.76849,1.416205600704968e-16,8.62087347276652e-18
5.76929,1.4679471008363006e-16,6.892013014572744e-18
5.77009,1.516413258035646e-16,8.407016415106914e-18
5.77089,1.4743769384823814e-16,8.778686854297874e-18
5.77169,1.5544088844902492e-16,7.673067127263553e-18
5.77249,1.6062512937496992e-16,8.565838635163469e-18
5.77329,1.469766309777342e-16,6.581175489628986e-18
5.77409,1.4339917713622835e-16,6.4113707453888704e-18
5.77489,1.4396151940189232e-16,6.614077768726318e-18
5.77569,1.4532661860187394e-16,6.667160349563314e-18
5.7765,1.4241666729301442e-16,6.757096199073789e-18
5.7773,1.4468103723043556e-16,6.7520887571390134e-18
5.7781,1.4522590509092482e-16,7.02136324665287e-18
5.7789,1.4472486313948884e-16,7.1154713588817e-18
5.7797,1.4180009923305726e-16,5.815046604944503e-18
5.7805,1.447049269348779e-16,5.6547372597302375e-18
5.7813,1.4186720875946743e-16,6.702690921569311e-18
5.7821,1.4153070372418559e-16,6.6557369519004786e-18
5.7829,1.4276947035789502e-16,8.172484507967573e-18
5.7837,1.517075209794688e-16,7.443801254279486e-18
5.7845,1.4272458637432736e-16,7.170093607852346e-18
5.7853,1.4053904790545287e-16,8.84778190473704e-18
5.7861,1.4475170406492227e-16,7.400542081710138e-18
5.7869,1.349483786105585e-16,6.083712359394216e-18
5.7877,1.4308055194000014e-16,7.077137445833954e-18
5.78851,1.439427043540984e-16,7.695372484136072e-18
5.78931,1.526778037379659e-16,7.770592691091665e-18
5.79011,1.4986377738554747e-16,9.310392029268334e-18
5.79091,1.5322899499299756e-16,7.422464867834505e-18
5.79171,1.535589688306571e-16,6.7894041390282796e-18
5.79251,1.4216958709879415e-16,7.69303265291734e-18
5.79331,1.406694822056431e-16,6.7454945239924144e-18
5.79411,1.3636058751448775e-16,6.6855652703541426e-18
5.79491,1.2853807299414914e-16,7.842755866407638e-18
5.79571,1.3713455832457287e-16,8.865157920686444e-18
5.79651,1.3810382989594044e-16,8.337904747960495e-18
5.79731,1.5020836614098046e-16,6.646571585130602e-18
5.79811,1.459992392695378e-16,6.7662728101778726e-18
5.79891,1.41505283491961e-16,7.31247510764139e-18
5.79971,1.447469341343951e-16,6.68333116167784e-18
5.80052,1.4873835550471651e-16,8.770133873567347e-18
5.80132,1.5120118210039522e-16,6.978612699065931e-18
5.80212,1.4684827134471244e-16,6.8418161852552306e-18
5.80292,1.4781184958564023e-16,7.903844432041604e-18
5.80372,1.4816248553065078e-16,7.002342017250189e-18
5.80452,1.3856538350192195e-16,6.0888120821790315e-18
5.80532,1.413384325201977e-16,7.672135025390823e-18
5.80612,1.392465824469962e-16,9.083233160764442e-18
5.80692,1.4403370745619635e-16,1.0980417679441285e-17
5.80772,1.3937122582200535e-16,9.141694702579359e-18
5.80852,1.3377262323411756e-16,8.246882809938973e-18
5.80932,1.383819343891695e-16,8.195482478951779e-18
5.81012,1.4074449551126867e-16,7.771037382670698e-18
5.81092,1.4879871365988988e-16,8.109660465376615e-18
5.81172,1.4320665407366443e-16,7.88834502498976e-18
5.81253,1.383669594718202e-16,8.030447357044533e-18
5.81333,1.429202987564327e-16,8.635301899837241e-18
5.81413,1.38917802882524e-16,7.373783183383334e-18
5.81493,1.330234882794229e-16,6.326259959149543e-18
5.81573,1.3476458450273414e-16,8.543284401186219e-18
5.81653,1.4103361243765323e-16,7.372056984147096e-18
5.81733,1.3395830535048463e-16,6.96516358126629e-18
5.81813,1.3976380496712655e-16,7.879196294000883e-18
5.81893,1.3986424845781506e-16,7.481143172513988e-18
5.81973,1.4292201093333755e-16,8.22871452933257e-18
5.82053,1.4047245152059716e-16,9.03579731497774e-18
5.82133,1.46464574061625e-16,8.150557289030836e-18
5.82213,1.3574772124945059e-16,9.184507073252692e-18
5.82293,1.413373820761293e-16,7.32623032743895e-18
5.82373,1.4404860317062231e-16,7.4432028369877e-18
5.82454,1.4151776850641734e-16,8.606614754095495e-18
5.82534,1.4310761361605303e-16,7.761135918511595e-18
5.82614,1.446320247432297e-16,7.985275669873525e-18
5.82694,1.3533891352040292e-16,9.339959364463424e-18
5.82774,1.3419485898676923e-16,7.824574018509166e-18
5.82854,1.3357394915502628e-16,6.982317407911053e-18
5.82934,1.3333349398806486e-16,6.661681996255674e-18
5.83014,1.3725472195523512e-16,7.050787963000421e-18
5.83094,1.26461990250835e-16,7.626515831635556e-18
5.83174,1.3368754779793475e-16,5.724697020613896e-18
5.83254,1.308599991120745e-16,6.882007025746863e-18
5.83334,1.3596563062290142e-16,7.499962280679054e-18
5.83414,1.2964310636110239e-16,6.38796832749671e-18
5.83494,1.2630905310514319e-16,6.5601558042875875e-18
5.83574,1.316848354120541e-16,7.850924965117457e-18
5.83655,1.400176289143807e-16,8.033610120436417e-18
5.83735,1.4418013256411152e-16,8.01479878836338e-18
5.83815,1.4614898493496207e-16,6.492569130531029e-18
5.83895,1.394720909603988e-16,6.208649165292925e-18
5.83975,1.3377487758246642e-16,7.873712648366094e-18
5.84055,1.4164987750808412e-16,6.899126536795855e-18
5.84135,1.3830895543140716e-16,6.339955764221159e-18
5.84215,1.3309251876967848e-16,7.600260805611584e-18
5.84295,1.3948389917046463e-16,7.887144775428917e-18
5.84375,1.375326203162798e-16,8.084834085198105e-18
5.84455,1.369159204421771e-16,8.983093215310079e-18
5.84535,1.4171958280491766e-16,7.744356268096426e-18
5.84615,1.3756590142492262e-16,7.144963052639289e-18
5.84695,1.3718809564240835e-16,5.318275826655601e-18
5.84775,1.3833974296518964e-16,5.770046836513589e-18
5.84855,1.435004371132096e-16,7.023061665120963e-18
5.84936,1.428486827211417e-16,5.3229817606687076e-18
5.85016,1.3466894520701334e-16,6.023768187409476e-18
5.85096,1.4142816923794047e-16,7.604787270787946e-18
5.85176,1.4870224894543747e-16,6.239395837429438e-18
5.85256,1.4028197216445634e-16,6.470803378062405e-18
5.85336,1.3859664151320616e-16,7.868405092125432e-18
5.85416,1.3562553523148274e-16,7.17465561462064e-18
5.85496,1.3845723484918167e-16,6.8336921951715035e-18
5.85576,1.366116944514053e-16,8.041217311236289e-18
5.85656,1.3950369330314774e-16,6.743530106992315e-18
5.85736,1.3843379918474139e-16,6.066431463567423e-18
5.85816,1.2904410034190634e-16,6.463855109245025e-18
5.85896,1.333868435882655e-16,7.46754053524341e-18
5.85976,1.3807166900101814e-16,7.446163769942632e-18
5.86056,1.348399230489173e-16,7.094356224185784e-18
5.86137,1.3027460920785342e-16,7.416316851651396e-18
5.86217,1.3713755722399534e-16,7.326323007979028e-18
5.86297,1.423999219722023e-16,6.4113844789971896e-18
5.86377,1.4330015920040714e-16,6.7178776816879435e-18
5.86457,1.4078330286631778e-16,7.712282684099029e-18
5.86537,1.380788671169429e-16,8.0426538156895e-18
5.86617,1.388301296294983e-16,8.08804096971427e-18
5.86697,1.4217822867517095e-16,8.78161676510032e-18
5.86777,1.3969077886382268e-16,7.952766102331187e-18
5.86857,1.38352575496005e-16,8.456842712550232e-18
5.86937,1.3722083903542083e-16,7.222326192977612e-18
5.87017,1.440422886298859e-16,7.20673670810235e-18
5.87097,1.4454644152486155e-16,6.5296607340279574e-18
5.87177,1.3776137685645128e-16,7.15356532020878e-18
5.87257,1.368615133123536e-16,8.401454439831726e-18
5.87338,1.3798292926625911e-16,6.952172163304061e-18
5.87418,1.3184130686410406e-16,6.822431853262082e-18
5.87498,1.2680437555230428e-16,7.840153754246124e-18
5.87578,1.3034031038104943e-16,7.41948190742777e-18
5.87658,1.356086166417221e-16,6.963073461622545e-18
5.87738,1.382401649724188e-16,7.197405957262122e-18
5.87818,1.3651672265666814e-16,7.099436154558949e-18
5.87898,1.408960813030382e-16,6.386242835569502e-18
5.87978,1.376457361671723e-16,6.029147278584144e-18
5.88058,1.3937149972968595e-16,6.40547569477491e-18
5.88138,1.421896590041421e-16,6.469088488810789e-18
5.88218,1.4404235948590735e-16,6.510502583634582e-18
5.88298,1.4181490476997995e-16,5.6747405274019554e-18
5.88378,1.3748468010807822e-16,7.53003165958542e-18
5.88458,1.393241547680945e-16,7.899362063189419e-18
5.88539,1.3908698962480598e-16,8.891440720990643e-18
5.88619,1.364268275974156e-16,8.234122986297829e-18
5.88699,1.3398595173814202e-16,8.14668615255756e-18
5.88779,1.4470007206203863e-16,8.229267450806613e-18
5.88859,1.3314492510346375e-16,7.367160445306439e-18
5.88939,1.3771583538079318e-16,7.028817932918511e-18
5.89019,1.3756318577591832e-16,7.998537534066849e-18
5.89099,1.4179790626940343e-16,7.917148775774663e-18
5.89179,1.4895240687517147e-16,7.078642651676732e-18
5.89259,1.460283069265057e-16,6.6094555299731155e-18
5.89339,1.4944568883326067e-16,5.9063343602369264e-18
5.89419,1.48307810293639e-16,6.442313855143756e-18
5.89499,1.3913156413119348e-16,6.388795547748279e-18
5.89579,1.3975243839949382e-16,7.412717746298673e-18
5.89659,1.3473911098640182e-16,7.202295529495528e-18
5.8974,1.298470786451357e-16,6.222868933908456e-18
5.8982,1.2789730684706558e-16,6.0040928670221816e-18
5.899,1.3464899352075356e-16,6.014797881091709e-18
5.8998,1.363809617428871e-16,6.7416713982539794e-18
5.9006,1.404426904633228e-16,7.345639067266399e-18
5.9014,1.3341566178825215e-16,7.741554569852023e-18
5.9022,1.3598829168391023e-16,8.581462906102633e-18
5.903,1.2604312356689535e-16,7.851275996617936e-18
5.9038,1.3102604234660556e-16,7.730758798273456e-18
5.9046,1.3291968360347775e-16,8.167112824602683e-18
5.9054,1.254401797113779e-16,7.763174354102274e-18
5.9062,1.3162928745025274e-16,8.153053160115626e-18
5.907,1.3578147707473942e-16,8.719412184629732e-18
5.9078,1.4038748890390184e-16,6.18411348407095e-18
5.9086,1.3830873651716427e-16,7.426936310267418e-18
5.90941,1.325178549480147e-16,7.664850552444373e-18
5.91021,1.3534752683717279e-16,7.224630574189646e-18
5.91101,1.3704484594683528e-16,6.3998294773424864e-18
5.91181,1.3597430116389241e-16,6.8500306993505675e-18
5.91261,1.3492558814268346e-16,7.4074288287877e-18
5.91341,1.3880129732095936e-16,7.211597608463507e-18
5.91421,1.3757612405421535e-16,6.170906695587669e-18
5.91501,1.4511749189976608e-16,5.8196088534334214e-18
5.91581,1.4678625251703323e-16,6.901367158789732e-18
5.91661,1.2220291838958001e-16,6.923592578990074e-18
5.91741,1.3292263405537581e-16,8.189178474355035e-18
5.91821,1.2531567276485186e-16,7.619595516295967e-18
5.91901,1.3546824753790632e-16,7.414474701633471e-18
5.91981,1.3844435389475641e-16,7.840698437625115e-18
5.92061,1.3017526022092922e-16,6.417922047321327e-18
5.92142,1.3725022814955652e-16,6.938657547044829e-18
5.92222,1.3853951473765052e-16,6.3118620788408485e-18
5.92302,1.4074083404735818e-16,6.39588396163975e-18
5.92382,1.345178313444014e-16,8.527076505706846e-18
5.92462,1.3994419106324166e-16,8.844985512688449e-18
5.92542,1.314677175221263e-16,8.413826343689679e-18
5.92622,1.3098155929134776e-16,8.348846464508996e-18
5.92702,1.4039539626601495e-16,8.946422993350722e-18
5.92782,1.3810935392139207e-16,9.312163132141876e-18
5.92862,1.312932533691829e-16,7.960209755316434e-18
5.92942,1.3107967816906674e-16,7.825894346383906e-18
5.93022,1.3505430481108202e-16,7.708867063212584e-18
5.93102,1.355926528719283e-16,6.510076609744052e-18
5.93182,1.3959749905310203e-16,6.996862426574227e-18
5.93262,1.3760670078021211e-16,7.632604209501131e-18
5.93342,1.349909350189705e-16,6.311959911626726e-18
5.93423,1.408929698426531e-16,6.5300072263767966e-18
5.93503,1.315982397162931e-16,6.542438376473321e-18
5.93583,1.324611472850479e-16,6.447523191727375e-18
5.93663,1.322556199920493e-16,8.28088213235255e-18
5.93743,1.4042536798589842e-16,7.435076644176092e-18
5.93823,1.318246157855948e-16,8.085380470259834e-18
5.93903,1.2991609971012955e-16,8.239278113444916e-18
5.93983,1.293280146355229e-16,6.983026522325256e-18
5.94063,1.3304123231809036e-16,8.698831428462518e-18
5.94143,1.3366453275794268e-16,8.59782543413315e-18
5.94223,1.2887480045230532e-16,8.212338542138325e-18
5.94303,1.3889444692683606e-16,8.788027170048681e-18
5.94383,1.3003794546448474e-16,7.456636804790999e-18
5.94463,1.3978033110177192e-16,7.300433918340273e-18
5.94543,1.3803387434701646e-16,6.881752053118914e-18
5.94624,1.341402204910465e-16,7.021755102117589e-18
5.94704,1.3357550499910904e-16,8.93871155798042e-18
5.94784,1.2712279525991174e-16,7.351770708015776e-18
5.94864,1.259489079234956e-16,6.827386510490007e-18
5.94944,1.220426835081061e-16,8.879830042732662e-18
5.95024,1.2765427953307136e-16,8.25418880377406e-18
5.95104,1.2991220317777464e-16,7.334730405142104e-18
5.95184,1.261441878827482e-16,7.146021980518516e-18
5.95264,1.2700407425942707e-16,6.8942637144805455e-18
5.95344,1.3662899139691795e-16,8.562157340819436e-18
5.95424,1.3381645127322103e-16,8.219751018376676e-18
5.95504,1.351221290443734e-16,7.035763902624737e-18
5.95584,1.4261257701428263e-16,6.4347241530182725e-18
5.95664,1.4130443440225883e-16,5.8634021548294176e-18
5.95744,1.3358570842198708e-16,5.9309988445887494e-18
5.95825,1.3247427131021127e-16,6.343008262382879e-18
5.95905,1.3575850269671695e-16,6.484658160590211e-18
5.95985,1.3611452350772174e-16,7.820995728934598e-18
5.96065,1.3291256164622263e-16,6.5757312973967925e-18
5.96145,1.3690029398582707e-16,6.2816086706835124e-18
5.96225,1.381480348300172e-16,7.026569851411456e-18
5.96305,1.3532512107148639e-16,6.811744582584615e-18
5.96385,1.3700317446905335e-16,7.57776974055489e-18
5.96465,1.3898424838682492e-16,7.6432527605538e-18
5.96545,1.3904613068619864e-16,7.407838104715139e-18
5.96625,1.2930990469585576e-16,7.707212545287655e-18
5.96705,1.3127405407795795e-16,6.0025225495967274e-18
5.96785,1.2382838381695331e-16,7.435524131939106e-18
5.96865,1.262660040302692e-16,6.844042974106622e-18
5.96945,1.3092992757587316e-16,5.692637966933693e-18
5.97026,1.350868977105276e-16,5.994957398987541e-18
5.97106,1.3926758284462943e-16,6.779377497931422e-18
5.97186,1.352878158735711e-16,6.715246029719024e-18
5.97266,1.3682522912809503e-16,7.576293551023304e-18
5.97346,1.4209509996191195e-16,8.662353093442339e-18
5.97426,1.437268223542227e-16,8.35049783587658e-18
5.97506,1.3904199053997162e-16,7.720867670937989e-18
5.97586,1.3523209028409834e-16,8.58635691946728e-18
5.97666,1.319362573818709e-16,7.661044177197569e-18
5.97746,1.3108835908961046e-16,5.6851663169231985e-18
5.97826,1.37196571774664e-16,6.267640906066989e-18
5.97906,1.3497495178924143e-16,6.866592460978145e-18
5.97986,1.3315242072995926e-16,6.516427101849265e-18
5.98066,1.3904548386430963e-16,8.06884231688118e-18
5.98146,1.3400648515151272e-16,8.237360918182201e-18
5.98227,1.3491626007627944e-16,7.465858184307832e-18
5.98307,1.326316804832459e-16,8.010310675489681e-18
5.98387,1.2584172660525047e-16,6.087636173432481e-18
5.98467,1.299089788122122e-16,7.23477884229693e-18
5.98547,1.3162004459820632e-16,6.951301783273276e-18
5.98627,1.2911997330649463e-16,5.88928598325252e-18
5.98707,1.327468879332703e-16,9.090112886113316e-18
5.98787,1.3466698883307662e-16,7.675138439061975e-18
5.98867,1.334351336848603e-16,7.168278401671182e-18
5.98947,1.3633245621295636e-16,7.280924660610053e-18
5.99027,1.3861430531517287e-16,7.216076772902071e-18
5.99107,1.370937727421353e-16,8.256059302108953e-18
5.99187,1.3795318957292419e-16,7.994088380011467e-18
5.99267,1.3014838863638364e-16,9.513894838632973e-18
5.99347,1.348896173763582e-16,8.080242073879952e-18
5.99428,1.3324210493686575e-16,8.962053320830039e-18
5.99508,1.3373348499267246e-16,1.1353981385825513e-17
5.99588,1.318798317036813e-16,8.299658570725597e-18
5.99668,1.3650606302933323e-16,5.99520902258797e-18
5.99748,1.3748877948712022e-16,6.8912678224616994e-18
5.99828,1.2960114062594778e-16,6.3992108876393225e-18
5.99908,1.3017124393071344e-16,5.988849558169886e-18
5.99988,1.3139849760851398e-16,6.651155992336134e-18
6.00068,1.3446341506202054e-16,6.411251251461528e-18
6.00148,1.3526073129277415e-16,7.450607736585793e-18
6.00228,1.355666303667539e-16,7.107026879000493e-18
6.00308,1.3613906412324406e-16,5.3303445819446305e-18
6.00388,1.287851083299901e-16,6.992883629980051e-18
6.00468,1.322448697433081e-16,7.03475620746589e-18
6.00548,1.3089791914508264e-16,7.224532534084972e-18
6.00628,1.258369882200382e-16,6.5720329711746314e-18
6.00709,1.3588648355221415e-16,5.9190181316390816e-18
6.00789,1.3750238650891922e-16,6.437548789286001e-18
6.00869,1.3324967723088642e-16,5.970476496630184e-18
6.00949,1.3514501988471167e-16,6.448615326754087e-18
6.01029,1.3325572838466562e-16,6.935294549923301e-18
6.01109,1.3945090557203155e-16,6.853111541436967e-18
6.01189,1.3364664141900862e-16,8.188227459769971e-18
6.01269,1.350407268634145e-16,8.592280347540572e-18
6.01349,1.3622814023895542e-16,7.994970972658435e-18
6.01429,1.3063605915296894e-16,6.2534783898723594e-18
6.01509,1.3174349398311832e-16,5.103612009777066e-18
6.01589,1.3671297948186988e-16,5.7579206467036976e-18
6.01669,1.3232640100054663e-16,6.506619066783366e-18
6.01749,1.2731064896627568e-16,5.0740087827800396e-18
6.01829,1.306362446699581e-16,5.374822377801664e-18
6.0191,1.299123317103643e-16,6.976461452206746e-18
6.0199,1.3446432199251795e-16,8.272240650414598e-18
6.0207,1.3100109396837968e-16,8.396932780905884e-18
6.0215,1.2763330105092914e-16,7.103412703759562e-18
6.0223,1.2868327276339884e-16,9.105003899149437e-18
6.0231,1.249965804991937e-16,8.553422039225492e-18
6.0239,1.3517116677674883e-16,7.932147895199672e-18
6.0247,1.2744143826200462e-16,8.153175948123909e-18
6.0255,1.3234840003065463e-16,6.9251468650228096e-18
6.0263,1.376159088019602e-16,8.071268969397641e-18
6.0271,1.4363793675656662e-16,7.296247987950773e-18
6.0279,1.363438401007178e-16,5.5736624843440674e-18
6.0287,1.3027737179465836e-16,6.429764360343654e-18
6.0295,1.3131243944284703e-16,7.417345473758898e-18
6.0303,1.2965110995308528e-16,7.112051369494179e-18
6.03111,1.32862690053104e-16,7.367775078337569e-18
6.03191,1.3415114412178858e-16,6.9144329736226954e-18
6.03271,1.2029420978484153e-16,6.85532426267728e-18
6.03351,1.2577675964551964e-16,7.195837723364211e-18
6.03431,1.2837144533565883e-16,6.375918554327839e-18
6.03511,1.2602644014941504e-16,6.229620164417262e-18
6.03591,1.3619887959762387e-16,6.027802387162467e-18
6.03671,1.3753365976411375e-16,7.34548799501028e-18
6.03751,1.3125809021796992e-16,7.436170980671426e-18
6.03831,1.4066345325878346e-16,7.440993561025392e-18
6.03911,1.3558069991922648e-16,7.379783755267364e-18
6.03991,1.2799047739084992e-16,6.241078440896424e-18
6.04071,1.3299492129509922e-16,6.978361556379414e-18
6.04151,1.237329069962005e-16,7.606162490966984e-18
6.04231,1.3166912524337898e-16,6.036767684372581e-18
6.04312,1.317653217147639e-16,6.474426079088274e-18
6.04392,1.289412916195713e-16,7.121365965795824e-18
6.04472,1.462629445707882e-16,7.291018462053325e-18
6.04552,1.3770383979586626e-16,6.433588308205457e-18
6.04632,1.3396519565532252e-16,5.384724116695779e-18
6.04712,1.3080078346422647e-16,6.0232287726116485e-18
6.04792,1.2807589523847574e-16,7.036865594389262e-18
6.04872,1.2855864004795321e-16,7.076688727790149e-18
6.04952,1.2521596978995718e-16,8.547012420052402e-18
6.05032,1.2518622014099706e-16,7.723933408986451e-18
6.05112,1.305418574200631e-16,6.627529713454338e-18
6.05192,1.3537361020445742e-16,7.489708162955535e-18
6.05272,1.274646056672172e-16,6.556127276031286e-18
6.05352,1.2447260141230222e-16,6.938222112685608e-18
6.05432,1.219726641727223e-16,7.553370944224388e-18
6.05513,1.2518092525206818e-16,6.525070683015859e-18
6.05593,1.238920257104059e-16,7.682987336775826e-18
6.05673,1.3445443574462404e-16,7.332191692559339e-18
6.05753,1.2063506706506834e-16,8.422458475122791e-18
6.05833,1.2496266226756354e-16,7.761088591699287e-18
6.05913,1.3072634521099096e-16,7.005002056446863e-18
6.05993,1.2827105817768192e-16,6.264433520343366e-18
6.06073,1.3318008410472088e-16,6.487560342931116e-18
6.06153,1.3214608228515275e-16,8.202840107303074e-18
6.06233,1.3235049434578052e-16,8.021166311895184e-18
6.06313,1.364989355978657e-16,7.936465680477459e-18
6.06393,1.2949178816150198e-16,9.173320744562136e-18
6.06473,1.369353870982245e-16,8.433036187535055e-18
6.06553,1.2787838607822752e-16,9.038227787195313e-18
6.06633,1.190222325318071e-16,1.075934640423474e-17
6.06714,1.1722944162885362e-16,7.901724833271197e-18
6.06794,1.2861157585180364e-16,7.646009618981097e-18
6.06874,1.3718947755090767e-16,8.355652935764914e-18
6.06954,1.3686120361240456e-16,7.386229043076665e-18
6.07034,1.2656492492283869e-16,6.465604249872452e-18
6.07114,1.2461021548013452e-16,6.782305060543738e-18
6.07194,1.3644927210806455e-16,7.031219446924906e-18
6.07274,1.312951392369629e-16,6.8263649368890756e-18
6.07354,1.30065096407021e-16,6.6044399377349004e-18
6.07434,1.4129346511434464e-16,7.883632039707944e-18
6.07514,1.3336846004544854e-16,7.112777177981605e-18
6.07594,1.3029805273786735e-16,7.166062101524199e-18
6.07674,1.3477601731544483e-16,6.8177206628947475e-18
6.07754,1.413913682208972e-16,6.963870286167075e-18
6.07834,1.4234949237901919e-16,8.488276981475067e-18
6.07915,1.3101313693674142e-16,8.703333221822186e-18
6.07995,1.2947577639202342e-16,7.6491973415287e-18
6.08075,1.320791696160293e-16,7.48637153133829e-18
6.08155,1.3910781685921046e-16,6.5420314108847304e-18
6.08235,1.2613439627292024e-16,6.029717949061464e-18
6.08315,1.3030269895151814e-16,6.227881320256562e-18
6.08395,1.3607161815750688e-16,5.988035424032065e-18
6.08475,1.3703087421306588e-16,6.5335717143352025e-18
6.08555,1.3951470650545943e-16,7.42147081661128e-18
6.08635,1.3869497266003923e-16,6.981699721696275e-18
6.08715,1.2950101920863222e-16,7.000819355641871e-18
6.08795,1.2424608675423566e-16,7.418294232736565e-18
6.08875,1.232618148695011e-16,7.519548826732598e-18
6.08955,1.3111031835164086e-16,7.458725030892867e-18
6.09035,1.2965569754441063e-16,7.193490792528578e-18
6.09115,1.267310046684161e-16,6.930168943863926e-18
6.09196,1.2877360782582375e-16,6.186343805569079e-18
6.09276,1.2711830722272722e-16,6.8614260553817094e-18
6.09356,1.4440615986055874e-16,6.9235627493294305e-18
6.09436,1.286425155006294e-16,6.615100063489606e-18
6.09516,1.3132462100794731e-16,6.960139588785844e-18
6.09596,1.3491117753683403e-16,6.34624705005093e-18
6.09676,1.2621181522641282e-16,7.74063829375242e-18
6.09756,1.279009035602733e-16,7.549572041340487e-18
6.09836,1.171544798839257e-16,7.158406973175851e-18
6.09916,1.278781395680981e-16,7.122072538485749e-18
6.09996,1.4957345962776324e-16,6.571737161335615e-18
6.10076,1.277313250830911e-16,8.516170812561626e-18
6.10156,1.31354394859032e-16,7.719678324515808e-18
6.10236,1.2532764891751874e-16,6.475318182205123e-18
6.10316,1.3170321615113964e-16,6.265182465092432e-18
6.10397,1.3106969325714291e-16,5.818642610403366e-18
6.10477,1.3067348109118647e-16,6.490293386905309e-18
6.10557,1.3384050005188336e-16,5.6966888952609314e-18
6.10637,1.3382111880382247e-16,6.972970197176021e-18
6.10717,1.2650759709529922e-16,7.027072020924483e-18
6.10797,1.361524255089924e-16,6.6744942145371735e-18
6.10877,1.297086236852294e-16,8.223075445122769e-18
6.10957,1.430179211197781e-16,8.060583775995925e-18
6.11037,1.390736698803289e-16,7.021642649181915e-18
6.11117,1.3128823444066883e-16,7.785750314976139e-18
6.11197,1.3311745273055108e-16,7.225812262549e-18
6.11277,1.3393997824838383e-16,7.635086979086373e-18
6.11357,1.2897500266086862e-16,6.1068607630095525e-18
6.11437,1.263598291952964e-16,6.973971511084501e-18
6.11517,1.2891889571969423e-16,6.669718122625589e-18
6.11598,1.3090324483731223e-16,6.0943269920963655e-18
6.11678,1.2983076112022688e-16,7.179395010806849e-18
6.11758,1.2870068597166086e-16,7.006250500019704e-18
6.11838,1.3669928602420855e-16,6.769264044391684e-18
6.11918,1.3442044449105955e-16,6.410068401066926e-18
6.11998,1.3618370588412934e-16,6.611287843717166e-18
6.12078,1.350889106507752e-16,7.604002513687945e-18
6.12158,1.3256825048556664e-16,7.948704926778158e-18
6.12238,1.2971713062842584e-16,6.808893353651329e-18
6.12318,1.2321210493666174e-16,6.6176469550031216e-18
6.12398,1.3261712090722182e-16,6.4242975397535824e-18
6.12478,1.2489423734500912e-16,6.413156856396424e-18
6.12558,1.3038252239213895e-16,6.053487347433635e-18
6.12638,1.3226486112692056e-16,5.673800648737506e-18
6.12718,1.2621188925538422e-16,7.466687496296382e-18
6.12799,1.3161647248232772e-16,9.562739847872277e-18
6.12879,1.3605595555676661e-16,7.647201020285028e-18
6.12959,1.2715818627842415e-16,1.0947597051922338e-17
6.13039,1.3352194188501148e-16,7.745177915232214e-18
6.13119,1.2490450378416662e-16,7.768432702212321e-18
6.13199,1.3294307920368235e-16,6.994639808978048e-18
6.13279,1.3794860165095284e-16,7.31179867942842e-18
6.13359,1.2791583201921494e-16,6.3806001524492325e-18
6.13439,1.291183198189247e-16,5.9603020811268896e-18
6.13519,1.3408224416080034e-16,7.082863132421919e-18
6.13599,1.3138394405272992e-16,7.861912488948444e-18
6.13679,1.3971431632478815e-16,8.415961804010119e-18
6.13759,1.3147684469423356e-16,9.345828741382665e-18
6.13839,1.3631212725354248e-16,6.5748966425951156e-18
6.13919,1.4229587105317052e-16,6.973241130724992e-18
6.14,1.300144358934732e-16,8.931019356443068e-18
6.1408,1.2422105935455564e-16,6.368597212042477e-18
6.1416,1.2166263191724812e-16,7.609555473356877e-18
6.1424,1.2220385439814058e-16,7.429243965309024e-18
6.1432,1.2494016839002012e-16,5.928460388200053e-18
6.144,1.311133524063253e-16,6.067816323759292e-18
6.1448,1.330563048486905e-16,8.595021067742578e-18
6.1456,1.2321504035089402e-16,6.957708742568045e-18
6.1464,1.2686978754249891e-16,6.516928949948685e-18
6.1472,1.2586613612414014e-16,7.235803840753134e-18
6.148,1.307369777685983e-16,8.87048936625702e-18
6.1488,1.3194983896025402e-16,7.713248938325273e-18
6.1496,1.2790582389102348e-16,7.036562804850279e-18
6.1504,1.2353378475467672e-16,7.424675645236968e-18
6.1512,1.211330089122453e-16,7.606172821474566e-18
6.15201,1.2456124601168472e-16,7.167739904833815e-18
6.15281,1.2769927832062926e-16,6.225141159262163e-18
6.15361,1.2418661224494847e-16,6.374236580273565e-18
6.15441,1.270178829193849e-16,7.381336301305297e-18
6.15521,1.2603662640959715e-16,6.6997650170393876e-18
6.15601,1.300271868274893e-16,6.545253002382191e-18
6.15681,1.3298709917197143e-16,6.5732938459037645e-18
6.15761,1.3201644774263322e-16,7.030312255392608e-18
6.15841,1.275594713288362e-16,6.860107605224953e-18
6.15921,1.1720047685873344e-16,6.197733823722082e-18
6.16001,1.2680747290399455e-16,6.820922537666344e-18
6.16081,1.2427436756090151e-16,6.3135787881086994e-18
6.16161,1.2077004411239898e-16,5.4050594617136894e-18
6.16241,1.2510902316866464e-16,6.782154582731059e-18
6.16321,1.279950484432655e-16,6.875709158690927e-18
6.16402,1.3375403617289872e-16,6.139326985735395e-18
6.16482,1.2397651080935581e-16,6.819880225667301e-18
6.16562,1.2426364715771062e-16,7.279259826162787e-18
6.16642,1.3259286860473578e-16,6.325056463145826e-18
6.16722,1.2693698147444942e-16,6.6179255508668065e-18
6.16802,1.2180350963915442e-16,6.603750214591275e-18
6.16882,1.3090478491610298e-16,6.635602753978734e-18
6.16962,1.360196182428953e-16,6.094400504479275e-18
6.17042,1.3300361381146963e-16,7.310000100075217e-18
6.17122,1.3414344534624754e-16,6.2534831775257994e-18
6.17202,1.3558444978152415e-16,6.107856009338313e-18
6.17282,1.359668383149381e-16,7.523499023166907e-18
6.17362,1.2771814656532432e-16,7.954526436974473e-18
6.17442,1.2662222271825678e-16,8.065925242008602e-18
6.17522,1.2743821082374402e-16,7.010860819977622e-18
6.17602,1.2514479057389394e-16,8.470915755847513e-18
6.17683,1.2318424134555086e-16,8.607708668351159e-18
6.17763,1.2538836531724384e-16,8.517086592744221e-18
6.17843,1.316826812721154e-16,6.625273813019875e-18
6.17923,1.279915109751374e-16,7.000016008013942e-18
6.18003,1.2794458927839775e-16,7.395095941508687e-18
6.18083,1.3073228897394887e-16,6.239212447597005e-18
6.18163,1.2943744146100215e-16,5.8286431025518196e-18
6.18243,1.3305354373493176e-16,6.605407264837352e-18
6.18323,1.2309759345041652e-16,6.3650619953434945e-18
6.18403,1.2804109404322907e-16,6.267771690440846e-18
6.18483,1.247455451124046e-16,6.813159025985822e-18
6.18563,1.2532985765144826e-16,6.762906622023413e-18
6.18643,1.2379188577622865e-16,7.36465647394764e-18
6.18723,1.2551559774451581e-16,6.134845435872641e-18
6.18803,1.288906425290002e-16,5.020291052429817e-18
6.18884,1.3466282069156407e-16,5.9067277463099585e-18
6.18964,1.3363487362488821e-16,7.205838172707566e-18
6.19044,1.2678876649469855e-16,6.745962409758826e-18
6.19124,1.2627757300688203e-16,6.0358494716453365e-18
6.19204,1.292930216992123e-16,6.186048612992759e-18
6.19284,1.244484137221801e-16,6.2591393199143375e-18
6.19364,1.3502427040304054e-16,6.000839067723492e-18
6.19444,1.299267225226545e-16,5.552204899910825e-18
6.19524,1.2814830249636282e-16,5.682718949634602e-18
6.19604,1.3363644329450882e-16,6.8863504572840626e-18
6.19684,1.1992674816796691e-16,9.229372139021026e-18
6.19764,1.2572082855418384e-16,8.627026289157239e-18
6.19844,1.2575545054966642e-16,1.5816611075065047e-17
6.19924,1.2612866312705359e-16,9.116022760693989e-18
6.20004,1.240896308867207e-16,6.769358604734085e-18
6.20085,1.1881873401632855e-16,6.214914511374397e-18
6.20165,1.1430464108291138e-16,5.8309503298432346e-18
6.20245,1.250447106161752e-16,7.32947976127799e-18
6.20325,1.241773086913681e-16,7.212080896539093e-18
6.20405,1.3416909779966226e-16,7.257524688314964e-18
6.20485,1.330376855879443e-16,8.206998653450144e-18
6.20565,1.355429032806229e-16,7.026001183509366e-18
6.20645,1.2968166840624742e-16,5.566473208474543e-18
6.20725,1.273206187559731e-16,5.510200073098057e-18
6.20805,1.216590011241e-16,5.795384444373309e-18
6.20885,1.2266313763248922e-16,7.114254386706862e-18
6.20965,1.2473504819492538e-16,7.479816303836476e-18
6.21045,1.2796374179189876e-16,7.494458849422668e-18
6.21125,1.2355528304585767e-16,7.896224795318633e-18
6.21205,1.28588434985006e-16,8.694551468427637e-18
6.21286,1.2980979722306217e-16,6.7868286493107426e-18
6.21366,1.2441427046010143e-16,5.445948408517771e-18
6.21446,1.2703579833308162e-16,6.8573594221509426e-18
6.21526,1.268313293452315e-16,7.09464864599221e-18
6.21606,1.3365761308409655e-16,7.824198120769853e-18
6.21686,1.2290240325867474e-16,7.211102588230616e-18
6.21766,1.2969317499465671e-16,6.6667093430936186e-18
6.21846,1.239079892131618e-16,6.6680180055922896e-18
6.21926,1.1696907867746628e-16,7.465396087207552e-18
6.22006,1.2237623459942932e-16,9.343003722068452e-18
6.22086,1.2213997153662039e-16,1.0090685442999544e-17
6.22166,1.2251838803500683e-16,8.873306487201058e-18
6.22246,1.2174500047093331e-16,9.139263261708485e-18
6.22326,1.2171791100868571e-16,7.303327550247557e-18
6.22406,1.2848162307493566e-16,7.26612799723343e-18
6.22487,1.3009332126776858e-16,6.845131829041573e-18
6.22567,1.2301448492435202e-16,7.416104917144769e-18
6.22647,1.183186149147781e-16,7.696946845591381e-18
6.22727,1.2436794931821783e-16,5.542192477198397e-18
6.22807,1.26694156634319e-16,6.1811007071786766e-18
6.22887,1.1792423627590915e-16,6.958066134944162e-18
6.22967,1.260310224983338e-16,7.224813468922804e-18
6.23047,1.3759587842118826e-16,7.921464628151639e-18
6.23127,1.3194225012640564e-16,6.6094221744753074e-18
6.23207,1.3322169422778072e-16,7.389308013421111e-18
6.23287,1.2516229347205268e-16,7.396828369543969e-18
6.23367,1.2125352052684771e-16,7.251430593849168e-18
6.23447,1.1558003188519735e-16,7.358817337657148e-18
6.23527,1.2081476785319242e-16,7.39710875755066e-18
6.23607,1.2564496395294721e-16,6.888463424928054e-18
6.23688,1.2281781412027136e-16,6.114274830699068e-18
6.23768,1.2586674141375055e-16,6.005886907575013e-18
6.23848,1.263489032294101e-16,6.144075593115762e-18
6.23928,1.1252178036218872e-16,5.926906882626733e-18
6.24008,1.1725068702074832e-16,7.110615588137322e-18
6.24088,1.2108745087528991e-16,6.8701984772033895e-18
6.24168,1.2367415830690572e-16,7.078934344520556e-18
6.24248,1.2358712058780652e-16,5.9669562489755795e-18
6.24328,1.3006402223569018e-16,5.9121935956237284e-18
6.24408,1.34213939094383e-16,6.662009365612439e-18
6.24488,1.2039225111023272e-16,6.496394938771237e-18
6.24568,1.2182083847772162e-16,6.233055527564263e-18
6.24648,1.288066245977226e-16,6.5472684552667555e-18
6.24728,1.2489993383271562e-16,6.768582834996894e-18
6.24808,1.3046873148715366e-16,7.121908038882374e-18
6.24888,1.2594682393268156e-16,6.999220894479956e-18
6.24969,1.3403891126905107e-16,6.236160339099053e-18
6.25049,1.3031454464190587e-16,7.052495530890332e-18
6.25129,1.2556234099523866e-16,6.5148771846096785e-18
6.25209,1.237137686646133e-16,6.923781265081449e-18
6.25289,1.231596536351726e-16,6.7048167334638136e-18
6.25369,1.2548742297893766e-16,6.608334604727798e-18
6.25449,1.2194145467833916e-16,5.721296077899911e-18
6.25529,1.209726247662594e-16,5.870304241911993e-18
6.25609,1.198858585895397e-16,6.106869175430973e-18
6.25689,1.2088341019904968e-16,5.982944304391605e-18
6.25769,1.2682743536453662e-16,6.941356918268662e-18
6.25849,1.26070240835777e-16,7.308188169742824e-18
6.25929,1.311698831978894e-16,6.762382829869423e-18
6.26009,1.21517236061216e-16,6.1865980034082336e-18
6.26089,1.1975226631225026e-16,5.329993836122462e-18
6.2617,1.2371307541518596e-16,6.376871599267269e-18
6.2625,1.2415170613473295e-16,6.98350164289893e-18
6.2633,1.2875961914375183e-16,7.738474807465186e-18
6.2641,1.218603264145525e-16,6.961319722336735e-18
6.2649,1.2506665897197704e-16,6.546651203992459e-18
6.2657,1.1844730841630183e-16,8.30216739058662e-18
6.2665,1.1815076900676194e-16,6.2048170541287515e-18
6.2673,1.2465864622212667e-16,6.733553666644081e-18
6.2681,1.2842557577728282e-16,6.406920697430629e-18
6.2689,1.2371714816167578e-16,5.678236958545364e-18
6.2697,1.2278310379146658e-16,6.788836727434178e-18
6.2705,1.2392418062397218e-16,5.449418312871762e-18
6.2713,1.204744750695696e-16,5.9141868770536635e-18
6.2721,1.2203199158525972e-16,6.525218801623617e-18
6.2729,1.2715584395667422e-16,7.08448995448181e-18
6.27371,1.2316374128175888e-16,6.504253930723689e-18
6.27451,1.28749204179574e-16,6.000139665799258e-18
6.27531,1.2662575420724668e-16,6.890725444484559e-18
6.27611,1.233229724986827e-16,6.0160880675436955e-18
6.27691,1.2249989911655404e-16,7.413989898337675e-18
6.27771,1.2281905086279883e-16,8.252205240818925e-18
6.27851,1.2582559938666136e-16,7.324481406913595e-18
6.27931,1.259977567387958e-16,7.268086495815508e-18
6.28011,1.3007914297519543e-16,7.86934120934934e-18
6.28091,1.291387586207296e-16,7.205379431370904e-18
6.28171,1.2856177721148343e-16,5.8576686160534685e-18
6.28251,1.2384880061877456e-16,5.8753612765454464e-18
6.28331,1.1853015243587315e-16,7.997857193592657e-18
6.28411,1.2311553289104206e-16,6.5356036747755824e-18
6.28491,1.203290434915097e-16,5.816584118252722e-18
6.28572,1.196632436328453e-16,6.765504996538673e-18
6.28652,1.3027892941637957e-16,7.04248286632535e-18
6.28732,1.2488626694900955e-16,5.6194579848714356e-18
6.28812,1.215722547820705e-16,5.9803325054482154e-18
6.28892,1.2676120068989514e-16,7.556819377280843e-18
6.28972,1.2451793419778127e-16,6.169094219385083e-18
6.29052,1.1926270130627161e-16,5.801400286190134e-18
6.29132,1.185331869449806e-16,6.0834366595972995e-18
6.29212,1.192363933243539e-16,5.482658394405121e-18
6.29292,1.1775219487333755e-16,5.4364800082975295e-18
6.29372,1.2158709388900407e-16,5.2002320131009675e-18
6.29452,1.221915788111043e-16,6.03838122041903e-18
6.29532,1.2588283442154382e-16,7.158937687544028e-18
6.29612,1.3447878528310706e-16,7.236295762157574e-18
6.29692,1.2445608812047432e-16,6.4861153510448085e-18
6.29773,1.244511737780697e-16,6.5677568569741315e-18
6.29853,1.2460945897761767e-16,6.875996062156689e-18
6.29933,1.2289816384966535e-16,6.581102300543071e-18
6.30013,1.2627659005645611e-16,6.43154585872261e-18
6.30093,1.2688467061986964e-16,6.982999532653128e-18
6.30173,1.1801361275431984e-16,7.394403303279698e-18
6.30253,1.154836999672748e-16,5.9989430048403715e-18
6.30333,1.244063628011991e-16,5.9031564838033336e-18
6.30413,1.2047978901320887e-16,5.6323304723893216e-18
6.30493,1.2187998895932232e-16,5.212639799469588e-18
6.30573,1.2816015328527096e-16,6.025944107523528e-18
6.30653,1.2744441405749534e-16,5.2012700866476416e-18
6.30733,1.2596228742637422e-16,5.667289581320479e-18
6.30813,1.324640439849947e-16,6.5285485019942794e-18
6.30893,1.215927434300347e-16,7.28228355882942e-18
6.30974,1.2801656822058855e-16,6.258863565834999e-18
6.31054,1.1863592528928812e-16,5.7602990037218794e-18
6.31134,1.2285358602419683e-16,6.2859876084765376e-18
6.31214,1.142483275323247e-16,6.6391527624870376e-18
6.31294,1.164794840063997e-16,6.3787526293296474e-18
6.31374,1.2266662171632666e-16,6.6231632192744395e-18
6.31454,1.1617387858341239e-16,6.291446947142232e-18
6.31534,1.1171348308404408e-16,5.3083281399269755e-18
6.31614,1.1619701245125e-16,6.411776664814725e-18
6.31694,1.1193329991250396e-16,7.179042645605978e-18
6.31774,1.228049742711443e-16,6.404247284335387e-18
6.31854,1.2129136450060835e-16,5.4090114345175746e-18
6.31934,1.2265842709952876e-16,6.7973988005104494e-18
6.32014,1.201710966840896e-16,5.8654662973808095e-18
6.32094,1.2506976713131118e-16,7.089479451059468e-18
6.32175,1.2352343695404456e-16,7.312805397870924e-18
6.32255,1.221272367295528e-16,8.876887636528265e-18
6.32335,1.1957542925049494e-16,7.708968451763806e-18
6.32415,1.1939482049099294e-16,6.516994285097246e-18
6.32495,1.1474792540519914e-16,6.180154576103265e-18
6.32575,1.0940667879001228e-16,6.129599318609342e-18
6.32655,1.1024618338771765e-16,6.215731746614997e-18
6.32735,1.1318698068005707e-16,5.962992091008284e-18
6.32815,1.1561799253731542e-16,6.316095050328777e-18
6.32895,1.2381823597981902e-16,6.802799241966194e-18
6.32975,1.229164322305992e-16,7.639505446863164e-18
6.33055,1.2620210350392712e-16,7.450346552662076e-18
6.33135,1.3162987759299707e-16,7.527599294264223e-18
6.33215,1.2482952401395151e-16,7.083845364150064e-18
6.33295,1.2088941979064966e-16,7.020786888823519e-18
6.33375,1.184934568570362e-16,6.5162542335740294e-18
6.33456,1.2240699824205626e-16,7.277988194424622e-18
6.33536,1.220185191531979e-16,6.689333846011932e-18
6.33616,1.1249404028340702e-16,6.139251514816429e-18
6.33696,1.2481483063677687e-16,5.8274087579994265e-18
6.33776,1.2512131330102998e-16,5.657064546181736e-18
6.33856,1.1659753140347002e-16,5.276554441341447e-18
6.33936,1.1455620247784474e-16,4.989949846760223e-18
6.34016,1.2141589912293652e-16,5.010109455534714e-18
6.34096,1.142179170318483e-16,5.862820196109117e-18
6.34176,1.1526541722466566e-16,5.8296921577315246e-18
6.34256,1.1978883476646003e-16,5.829380032273114e-18
6.34336,1.1484524150490268e-16,6.4062102873732336e-18
6.34416,1.169951919058395e-16,6.484102010291364e-18
6.34496,1.1197630001190122e-16,6.012957968967452e-18
6.34576,1.1519756321090002e-16,5.807076898955922e-18
6.34657,1.1762095811041056e-16,6.1810798214979494e-18
6.34737,1.1651648646758072e-16,5.624735388950603e-18
6.34817,1.1876804657815742e-16,5.4602401051913524e-18
6.34897,1.1472998700282184e-16,5.584097158234045e-18
6.34977,1.175140280328355e-16,5.7740890699147236e-18
6.35057,1.1603141070761994e-16,5.768522887192205e-18
6.35137,1.1878549185807622e-16,6.829331647447481e-18
6.35217,1.1677888582403316e-16,5.837564338405521e-18
6.35297,1.0840478563148607e-16,6.5907032933106865e-18
6.35377,1.1164457030642547e-16,6.209876001659406e-18
6.35457,1.0661628574896303e-16,5.783815813250454e-18
6.35537,1.0823931033928391e-16,5.9705297711822516e-18
6.35617,1.1705716681764502e-16,7.044129434241886e-18
6.35697,1.2130273678467372e-16,5.9831205831010585e-18
6.35777,1.200530408486492e-16,5.7837817546148795e-18
6.35858,1.1957458828028155e-16,5.968301769339369e-18
6.35938,1.136627207089427e-16,5.882614887727772e-18
6.36018,1.1421977435701291e-16,6.064846030720406e-18
6.36098,1.143198702330995e-16,5.14107382954004e-18
6.36178,1.1573740547569147e-16,5.175707644434429e-18
6.36258,1.1494277714087499e-16,6.0861946482821524e-18
6.36338,1.2380356238184354e-16,6.620650167208859e-18
6.36418,1.2561112207789646e-16,6.979199816501155e-18
6.36498,1.135490300314108e-16,5.7816252624493195e-18
6.36578,1.1719354519031194e-16,6.2013930283654424e-18
6.36658,1.1427866224579966e-16,5.406418216356337e-18
6.36738,1.1976501614268004e-16,6.1513935520314376e-18
6.36818,1.2201182104399107e-16,7.292147108582306e-18
6.36898,1.2400092501036359e-16,6.854854455246733e-18
6.36978,1.2036299472431254e-16,6.651493821516268e-18
6.37059,1.1147186576724762e-16,6.184550345393683e-18
6.37139,1.14610718577246e-16,5.478640999475253e-18
6.37219,1.1815607152990878e-16,5.436999705254781e-18
6.37299,1.2175006465064611e-16,5.74082373529935e-18
6.37379,1.2270171737989675e-16,5.8985024564769794e-18
6.37459,1.1109839474157843e-16,6.019292023564839e-18
6.37539,1.2327491112912058e-16,5.8724403195223135e-18
6.37619,1.1653049290616163e-16,6.4116814319777946e-18
6.37699,1.1862637473943782e-16,5.70240550370229e-18
6.37779,1.1148260543424494e-16,6.011113956835582e-18
6.37859,1.153533446027531e-16,7.253236172501168e-18
6.37939,1.1990826232209054e-16,6.2806494944227195e-18
6.38019,1.194967931207332e-16,7.36689046089879e-18
6.38099,1.0860924356757676e-16,7.00408163110408e-18
6.38179,1.1401249051316316e-16,5.872309251282161e-18
6.3826,1.1298581269481115e-16,6.1901312708885496e-18
6.3834,1.202038934280254e-16,6.853062149782738e-18
6.3842,1.2742539303508359e-16,6.7796142809426346e-18
6.385,1.3518973047755241e-16,6.5840031843548475e-18
6.3858,1.1512800028092762e-16,5.2662078946149235e-18
6.3866,1.111774481112717e-16,5.354293616481299e-18
6.3874,1.0742074078214831e-16,5.2711878303796295e-18
6.3882,1.18100061177311e-16,5.549207485262451e-18
6.389,1.2054746492101927e-16,6.5186796373891005e-18
6.3898,1.1755259014723934e-16,6.391909732134565e-18
6.3906,1.136787572180148e-16,6.053745089196685e-18
6.3914,1.1797600464226716e-16,5.74160522388252e-18
6.3922,1.2302390072178122e-16,5.6870972749313786e-18
6.393,1.2567547977088862e-16,5.986249597600312e-18
6.3938,1.2040267331392295e-16,6.3210849102060515e-18
6.39461,1.2454795278151776e-16,6.871793109123162e-18
6.39541,1.2574573743588383e-16,6.311931982244099e-18
6.39621,1.2343361316809e-16,6.178335869953524e-18
6.39701,1.2010362478622302e-16,4.985119828641216e-18
6.39781,1.1043390782914196e-16,5.4839177209516416e-18
6.39861,1.1514424644163602e-16,6.253085895430935e-18
6.39941,1.2174991428358458e-16,6.4729530268174335e-18
6.40021,1.2803468620437502e-16,6.7590237354156786e-18
6.40101,1.2275587538623162e-16,6.079938439356602e-18
6.40181,1.1988517382609803e-16,6.2632646009153364e-18
6.40261,1.2323885398025084e-16,6.126769184887713e-18
6.40341,1.1876966327770751e-16,6.763208509974686e-18
6.40421,1.1574894513066579e-16,6.961098912286334e-18
6.40501,1.086849304561846e-16,6.064833126415019e-18
6.40581,1.0799037838355023e-16,6.453316716375837e-18
6.40662,1.1737337096886558e-16,5.555792569994664e-18
6.40742,1.1822796219026767e-16,6.519025067066852e-18
6.40822,1.1420887919975e-16,5.553813119732007e-18
6.40902,1.1100079455285247e-16,5.4972566329064075e-18
6.40982,1.0712308919716106e-16,5.1425865300138035e-18
6.41062,1.090875580052256e-16,6.015782659836066e-18
6.41142,1.14228553215763e-16,5.778121250812344e-18
6.41222,1.119878464934311e-16,5.8716764686219744e-18
6.41302,1.1095538092487538e-16,6.920380689684742e-18
6.41382,1.1165881885689308e-16,6.238027482841503e-18
6.41462,1.1276318025611003e-16,6.045446499519379e-18
6.41542,1.160920027714406e-16,5.726990437054547e-18
6.41622,1.1181297817293624e-16,6.036156574622398e-18
6.41702,1.0721112183783948e-16,6.42482655668106e-18
6.41782,1.1202310601884473e-16,5.5652134633341186e-18
6.41862,1.1364024093406886e-16,6.6037249891069055e-18
6.41943,1.1110358673999752e-16,6.0536837383262455e-18
6.42023,1.098792739798004e-16,6.939278209561654e-18
6.42103,1.137338353261321e-16,6.5910854216699074e-18
6.42183,1.190513239040916e-16,5.930395542885122e-18
6.42263,1.1648981959269135e-16,6.769284850929153e-18
6.42343,1.1562328115325602e-16,6.935281885512357e-18
6.42423,1.2112876636266416e-16,6.723716804780806e-18
6.42503,1.1708255912898227e-16,6.883090938229909e-18
6.42583,1.245510079262201e-16,5.690483958533401e-18
6.42663,1.154021512694021e-16,5.504731700530225e-18
6.42743,1.1127702915332175e-16,6.517433587642277e-18
6.42823,1.1461938883779424e-16,1.2745188760143689e-17
6.42903,1.1719386389223552e-16,6.743210023878408e-18
6.42983,1.145304606383623e-16,6.3007363969755075e-18
6.43063,1.1564342848118504e-16,5.3897483773669594e-18
6.43144,1.1178124383660614e-16,5.092813608584949e-18
6.43224,1.1523734177175912e-16,5.966028030835793e-18
6.43304,1.214851250300921e-16,7.025908505747815e-18
6.43384,1.1082059324698475e-16,7.071737673285906e-18
6.43464,1.188390752932162e-16,8.13062612697775e-18
6.43544,1.227465163081941e-16,6.936922524813317e-18
6.43624,1.1946560926441183e-16,5.9847842142665395e-18
6.43704,1.1613019301142194e-16,6.0764547594484915e-18
6.43784,1.1855077099338407e-16,6.753832223033334e-18
6.43864,1.224579591388222e-16,6.983748464325019e-18
6.43944,1.1262897501401178e-16,7.031250238029745e-18
6.44024,1.1326201231354008e-16,6.816981361435731e-18
6.44104,1.1453998526812846e-16,6.8631522802535865e-18
6.44184,1.201367705628647e-16,6.856013412180704e-18
6.44264,1.1643705315969774e-16,6.736639125708266e-18
6.44345,1.1792079514565943e-16,6.863742995929018e-18
6.44425,1.1227136428253004e-16,5.378903039048913e-18
6.44505,1.1353081129486868e-16,5.289254913545166e-18
6.44585,1.1353098147825694e-16,5.099225926637214e-18
6.44665,1.0998818732505758e-16,4.7553640399805584e-18
6.44745,1.117940579777102e-16,5.3766778703639945e-18
6.44825,1.0885091327283283e-16,6.006436334016304e-18
6.44905,1.1394354167998672e-16,6.8541015479328985e-18
6.44985,1.1325745475859183e-16,6.559673078724652e-18
6.45065,1.0671423629071501e-16,6.031616609720167e-18
6.45145,1.0463041716768004e-16,5.681060532442923e-18
6.45225,1.0898195887650572e-16,5.8631249899848856e-18
6.45305,1.0270597424352776e-16,6.5254340648124795e-18
6.45385,1.0885247967679344e-16,6.119905326412225e-18
6.45465,1.130901181584405e-16,6.819844838785359e-18
6.45546,1.160578595592849e-16,6.239688105322765e-18
6.45626,1.1095549474379316e-16,6.190719242506383e-18
6.45706,1.1685443566073415e-16,6.045017453523321e-18
6.45786,1.1552013248729747e-16,6.523415785043049e-18
6.45866,1.1746518020833873e-16,7.302207478697777e-18
6.45946,1.1733717628092435e-16,6.939236611633655e-18
6.46026,1.1079664768273896e-16,7.800781174293305e-18
6.46106,1.0945107925722711e-16,6.82160748678524e-18
6.46186,1.1924576038306434e-16,5.713270855953194e-18
6.46266,1.14104623352398e-16,5.3971588765189316e-18
6.46346,1.0993395687272221e-16,6.232757300842133e-18
6.46426,1.1494428704464571e-16,6.2305369861853135e-18
6.46506,1.1370337419945524e-16,5.200509249928097e-18
6.46586,1.1321063619458082e-16,5.25268051931947e-18
6.46666,1.218972480892484e-16,6.601467857619345e-18
6.46747,1.1516760881344556e-16,5.6513029319478434e-18
6.46827,1.1339146597629994e-16,6.1315504605657656e-18
6.46907,1.1030479475558088e-16,6.028965222102865e-18
6.46987,1.0907603287173511e-16,5.9734869286269745e-18
6.47067,1.0881282053210445e-16,5.2181056431359435e-18
6.47147,1.1439681482709168e-16,5.3600191836798e-18
6.47227,1.1388203382222642e-16,5.266789545226403e-18
6.47307,1.1559419420027575e-16,5.5345323660285086e-18
6.47387,1.131132409910295e-16,6.8337050148035426e-18
6.47467,1.0755980188140767e-16,7.018857888020653e-18
6.47547,1.0476558394263339e-16,6.4969045022886355e-18
6.47627,1.0243246466878602e-16,5.582461047074635e-18
6.47707,1.1138957387272275e-16,6.05019347570755e-18
6.47787,1.1253475365702782e-16,5.954703031909376e-18
6.47867,1.1051929837528027e-16,6.2284758576408936e-18
6.47948,1.0841221461872354e-16,5.950564435195774e-18
6.48028,1.145771949136678e-16,5.279694218331881e-18
6.48108,1.145635512281602e-16,4.7500320216953565e-18
6.48188,1.1259478525373748e-16,4.9859559623424345e-18
6.48268,1.1040076356106412e-16,5.3514547028433216e-18
6.48348,1.1641612774534926e-16,6.2723408341445124e-18
6.48428,1.07949477160692e-16,5.3621418307673545e-18
6.48508,9.797805601695726e-17,5.5813442363266185e-18
6.48588,1.0488589613608828e-16,5.406610516722202e-18
6.48668,1.1143580992433106e-16,5.331238242243819e-18
6.48748,1.135071907625573e-16,5.271808065380901e-18
6.48828,1.136833296568011e-16,5.8912696991498975e-18
6.48908,1.1463055685193072e-16,6.039791827176408e-18
6.48988,1.0859242798223934e-16,6.973563332390836e-18
6.49068,1.117054447567901e-16,6.829290624634853e-18
6.49148,1.2070512937640342e-16,5.658002246906844e-18
6.49229,1.2057915848727563e-16,5.840010878182929e-18
6.49309,1.1736917828841342e-16,5.771212123119204e-18
6.49389,1.0788553798386587e-16,5.777412223292205e-18
6.49469,1.0990450782590404e-16,6.175526689026461e-18
6.49549,1.1660298884289514e-16,5.666452767456431e-18
6.49629,1.120854689631518e-16,6.4279879152293435e-18
6.49709,1.1376361525656058e-16,7.339339404536631e-18
6.49789,1.1572807418844451e-16,5.532800310251997e-18
6.49869,1.1710687041061316e-16,4.883567465251353e-18
6.49949,1.209285778600987e-16,5.456966704662224e-18
6.50029,1.1570708703852048e-16,6.212154279525198e-18
6.50109,1.1606969527385381e-16,7.007854850945459e-18
6.50189,1.0713299520363715e-16,6.2883416707478425e-18
6.50269,1.0994042792594839e-16,5.924970683428228e-18
6.50349,1.0790412950568627e-16,6.112852816628307e-18
6.5043,1.0963594915201378e-16,5.4163964739538576e-18
6.5051,1.1055638445517894e-16,4.9715876282085576e-18
6.5059,1.0633885327341003e-16,5.597250169794891e-18
6.5067,1.0956482528175912e-16,5.997321147918735e-18
6.5075,1.109691177555426e-16,5.618938525994196e-18
6.5083,1.0564454951891375e-16,5.3003939459145675e-18
6.5091,1.078501478776085e-16,5.026758230344049e-18
6.5099,1.0667380636386377e-16,5.0738491686193465e-18
6.5107,1.1272545059110143e-16,5.560132316467535e-18
6.5115,1.1059115112089058e-16,5.826964837967617e-18
6.5123,1.1729563271654878e-16,6.118724940350061e-18
6.5131,1.132112351488385e-16,6.2532680100057976e-18
6.5139,1.0559442388577387e-16,5.825037055727861e-18
6.5147,1.050810547041093e-16,5.7549325755873265e-18
6.5155,1.0985022498834035e-16,6.7613496437045024e-18
6.51631,1.0340291567402728e-16,5.634569250330565e-18
6.51711,1.082494452065066e-16,5.3325109266345984e-18
6.51791,1.1324638135419662e-16,5.8052495349470144e-18
6.51871,1.0913896416686623e-16,5.806553900111133e-18
6.51951,1.0795609390691794e-16,5.328067576932092e-18
6.52031,1.1131383989993083e-16,6.09725040900465e-18
6.52111,1.1165681456317466e-16,6.4654556458943395e-18
6.52191,1.1515683355975666e-16,6.561295960555378e-18
6.52271,1.120571563501337e-16,6.3995305022864466e-18
6.52351,1.1815027853366427e-16,6.4229846710642264e-18
6.52431,1.1074279212065992e-16,6.3708057430349236e-18
6.52511,1.0729554293487111e-16,7.051357677995805e-18
6.52591,1.0961798076256715e-16,5.8354186992950835e-18
6.52671,1.137835073958936e-16,5.658413350883964e-18
6.52751,1.1798135874076786e-16,6.366478725710149e-18
6.52832,1.1199803565821775e-16,5.4840679876348335e-18
6.52912,1.0906991334686659e-16,6.8885566221892295e-18
6.52992,1.036323866258762e-16,5.56928531642928e-18
6.5304,1.0852440576641305e-16,4.73188687855899e-18
6.53072,1.070818355050539e-16,5.746962756670004e-18
6.5312,1.165299408234115e-16,4.397244863499217e-18
6.53152,1.084810566274366e-16,6.465174881039914e-18
6.532,1.1342291377144202e-16,4.98887986512097e-18
6.53232,1.0686963158659124e-16,5.9767867030268795e-18
6.5328,1.1308561582804718e-16,6.0252069663409235e-18
6.53312,1.121852283331851e-16,6.7559240130516585e-18
6.5336,1.1654616841786534e-16,5.017206036714061e-18
6.53392,1.0737662697907941e-16,6.4746896570913575e-18
6.5344,1.0832252011258064e-16,5.30020270592448e-18
6.53472,1.026164561154755e-16,6.681384903692307e-18
6.5352,1.0434564971612524e-16,5.8215029105463745e-18
6.53552,1.0147940108959556e-16,6.664224025003403e-18
6.536,1.060392568167587e-16,5.111340576949303e-18
6.53632,1.0774103636084607e-16,6.4093580421421795e-18
6.5368,1.1219215149001632e-16,5.539161614080603e-18
6.53712,1.0971216828603144e-16,6.498056522702355e-18
6.53761,1.0597394505957244e-16,5.3132934015982034e-18
6.53792,1.1565777991432452e-16,7.551796654743349e-18
6.53841,1.1416288573620275e-16,5.3200667587764046e-18
6.53872,1.180381514336262e-16,6.5921205327087305e-18
6.53921,1.0771562194533119e-16,5.4671725781724326e-18
6.53952,1.2015064425989126e-16,6.238533107857522e-18
6.54001,1.0516231489447927e-16,5.011762905707757e-18
6.54033,1.0768400191658584e-16,6.915853838001342e-18
6.54081,1.112090636045666e-16,5.289886987117559e-18
6.54113,1.076926993995284e-16,6.464630503989874e-18
6.54161,1.1486159956648007e-16,4.9567805601060094e-18
6.54193,1.1026229808135124e-16,5.987462821867877e-18
6.54241,1.1345854915535483e-16,5.284831709862975e-18
6.54273,1.1199653418313104e-16,5.879006233680609e-18
6.54321,1.1325696191259398e-16,5.2970611363921915e-18
6.54353,1.1086427952496327e-16,5.424465456665186e-18
6.54401,1.145804699842333e-16,4.51842286275601e-18
6.54433,1.0933546369570704e-16,6.490797304523868e-18
6.54481,1.1247592368591383e-16,4.676032821161237e-18
6.54513,1.0274561871678094e-16,6.50599405632935e-18
6.54561,1.14012061476436e-16,4.5798357383186224e-18
6.54593,1.0891219099436996e-16,5.88066648530983e-18
6.54641,1.2075936711455902e-16,4.593664092397266e-18
6.54673,1.127676314760081e-16,5.6779519763419525e-18
6.54721,1.1911286109578462e-16,4.679878772877576e-18
6.54753,1.0836646016761217e-16,5.650006894725042e-18
6.54801,1.0731343713910862e-16,4.9027360364806186e-18
6.54833,1.0883866631397371e-16,5.776805720877641e-18
6.54881,1.1197851457212684e-16,4.8141626303450065e-18
6.54913,1.1968935946385238e-16,7.112438297810671e-18
6.54961,1.0857261753498935e-16,5.289221950923657e-18
6.54993,1.266888189480637e-16,6.2850831025051095e-18
6.55041,1.0833621582362717e-16,5.3974553570904654e-18
6.55073,1.0439171213631585e-16,6.784997946531097e-18
6.55122,1.115347516318791e-16,5.844736798138586e-18
6.55153,1.0825753648926713e-16,5.6616508722668855e-18
6.55202,1.1400679723001348e-16,5.4021978324574776e-18
6.55234,1.0300905842844335e-16,5.4007812013018985e-18
6.55282,1.1182512851958852e-16,5.751334862146586e-18
6.55314,1.0396320683438892e-16,5.990580561349666e-18
6.55362,1.0774660086267384e-16,5.967100145837493e-18
6.55394,1.0727690980440802e-16,7.719502109449787e-18
6.55442,1.1534189632530905e-16,8.427388789310773e-18
6.55474,1.026459072804208e-16,6.026953503367761e-18
6.55522,1.114486353198009e-16,7.049709449803999e-18
6.55554,9.722310761673867e-17,5.866921680749348e-18
6.55602,1.118085177697091e-16,5.252610154560796e-18
6.55634,1.0971840545222316e-16,5.625023709620707e-18
6.55682,1.0742532653142463e-16,4.773169635496127e-18
6.55714,1.1275727991368647e-16,5.609413473190767e-18
6.55762,1.1391591476500014e-16,4.711087846564784e-18
6.55794,1.1598477260650395e-16,6.454023348509578e-18
6.55842,1.1298585577430723e-16,5.317092394419128e-18
6.55874,1.0863817469753824e-16,5.770905271033512e-18
6.55922,1.0665902699616468e-16,5.0115580505457395e-18
6.55954,1.0745034269373719e-16,5.8725612656411834e-18
6.56002,1.066930966973765e-16,4.758019357783619e-18
6.56034,1.0914060005394544e-16,5.734890014448731e-18
6.56082,1.0685694165094877e-16,5.8426244235683235e-18
6.56114,1.0670460566500384e-16,6.339484963552286e-18
6.56162,1.0753044890207132e-16,6.7386238805447356e-18
6.56194,1.0662463557489624e-16,8.729899529531755e-18
6.56242,1.0552341846391285e-16,5.3816319738535455e-18
6.56274,1.0840492383865883e-16,7.794044699356753e-18
6.56322,1.103605303975667e-16,4.96243799846296e-18
6.56354,1.1221758870397642e-16,7.463383822874066e-18
6.56402,1.029877408082176e-16,5.2145420550213315e-18
6.56435,1.1078328873871893e-16,6.3421328490419336e-18
6.56482,1.0826121080265759e-16,4.4214178715992035e-18
6.56515,1.0384042671819971e-16,5.231571012903864e-18
6.56563,1.0460771268411675e-16,3.929054670848326e-18
6.56595,1.0844914840276703e-16,4.7522899769306426e-18
6.56643,9.910942074159113e-17,4.808719438025944e-18
6.56675,1.08740929318512e-16,5.257712779109681e-18
6.56723,1.0550249935984647e-16,4.559667569860383e-18
6.56755,1.109067399617794e-16,6.204425109679628e-18
6.56803,1.059145054333764e-16,4.555451421651488e-18
6.56835,1.0800822037580651e-16,5.943761768480311e-18
6.56883,1.136588000500393e-16,5.6629617982477765e-18
6.56915,1.068902174656947e-16,6.035599182274948e-18
6.56963,1.1632405250270534e-16,5.378438676707113e-18
6.56995,1.1013238513255447e-16,6.191641258530917e-18
6.57043,1.1254740521222602e-16,4.827948807845644e-18
6.57075,1.0960222582863843e-16,5.883800607539744e-18
6.57123,1.0588586352064771e-16,4.691214622230696e-18
6.57155,1.0626646720577126e-16,6.4834153372063794e-18
6.57203,1.0841014320722547e-16,4.4420151825262714e-18
6.57235,1.0034893648755863e-16,5.7192337722119616e-18
6.57283,1.0938794260958272e-16,4.246675666277972e-18
6.57315,1.0402342539278717e-16,5.921797515346104e-18
6.57363,1.027540988774646e-16,4.529871444769108e-18
6.57395,1.0101157608134007e-16,6.156435828001026e-18
6.57443,1.0873001735202859e-16,4.615262141713542e-18
6.57475,1.0949785009055943e-16,6.481544830522408e-18
6.57523,1.1660259323921943e-16,5.179324072051349e-18
6.57555,1.0563291560068687e-16,5.834844913682624e-18
6.57603,1.131914289489717e-16,4.921558078550167e-18
6.57635,1.0879562797244988e-16,6.350399602354361e-18
6.57683,1.0820660252643342e-16,5.187149993684478e-18
6.57716,1.0522186455427723e-16,6.644586221391145e-18
6.57763,1.1001629240517658e-16,4.379415407080587e-18
6.57796,1.0449099942417191e-16,5.75619595564142e-18
6.57843,1.116232299000923e-16,3.762654619088654e-18
6.57876,1.0228563095353724e-16,5.125648444048076e-18
6.57924,1.1068922014203985e-16,4.420773867648146e-18
6.57956,1.0951135328483035e-16,4.7143194782525255e-18
6.58004,1.153397626825877e-16,4.450307308871663e-18
6.58036,1.1296635729865346e-16,4.857968224682037e-18
6.58084,1.0905894673661008e-16,4.543174217117738e-18
6.58116,1.109651917202641e-16,5.365069950330669e-18
6.58164,1.104848986944676e-16,5.196690200156536e-18
6.58196,1.0557596403367335e-16,6.337706992581419e-18
6.58244,1.126846796576551e-16,5.0934052411535215e-18
6.58276,9.822099663386368e-17,6.4864669201550106e-18
6.58324,1.1334416741664378e-16,5.615866905867688e-18
6.58356,1.0514832742224427e-16,6.9123288510191055e-18
6.58404,1.1092188898381559e-16,4.8431518940271555e-18
6.58436,1.0090287088236964e-16,5.566122089955138e-18
6.58484,1.1072790313875548e-16,5.080897616318615e-18
6.58516,1.0888587851475884e-16,6.256840723815749e-18
6.58564,1.114336978918307e-16,4.8457000179232575e-18
6.58596,1.0721104254763977e-16,6.1063337451237146e-18
6.58644,1.0945863682240564e-16,5.432822061396415e-18
6.58676,1.0378206746999228e-16,5.827972564554937e-18
6.58724,1.0656383990038633e-16,5.155465997308575e-18
6.58756,1.0224555222043726e-16,6.1997036809364006e-18
6.58804,1.0611195930878307e-16,4.3553237030833364e-18
6.58836,1.1029599747442712e-16,6.8425781484471364e-18
6.58884,1.0910178175211724e-16,4.982210694564355e-18
6.58917,1.1014014456811144e-16,6.596044360308855e-18
6.58964,1.1385182472607043e-16,5.888138824628129e-18
6.58997,1.0716084237041745e-16,6.178230666739573e-18
6.59044,1.0881719556770651e-16,4.477698487429245e-18
6.59077,1.0486655576721787e-16,5.925848704202024e-18
6.59124,1.0430436013658372e-16,4.488428725810843e-18
6.59157,1.0132081539333844e-16,5.2338334489726514e-18
6.59204,1.0785875890362394e-16,5.136773159445249e-18
6.59237,1.0612341538484007e-16,6.0813174490628555e-18
6.59284,1.0804987860709612e-16,4.6916698335662674e-18
6.59317,1.0905175420103747e-16,5.4323501495912615e-18
6.59365,1.0316795460863927e-16,4.788033946982789e-18
6.59397,1.050063079655945e-16,5.2569758112734486e-18
6.59445,1.0090950481727557e-16,5.08177811729218e-18
6.59477,1.0669439235044452e-16,4.8244483984622814e-18
6.59525,1.0569906201524551e-16,3.91024985432756e-18
6.59557,1.0366016931852508e-16,5.4128620728061415e-18
6.59605,1.0721208729343113e-16,3.625877973499978e-18
6.59637,1.010911520618826e-16,5.610641024314535e-18
6.59685,1.0222467401850266e-16,4.730502700841371e-18
6.59717,1.0417628397949944e-16,5.456678910058354e-18
6.59765,1.0340714507077204e-16,4.526437373401707e-18
6.59797,1.1172960255274106e-16,6.750027094564712e-18
6.59845,9.957827553452368e-17,4.2021058031196185e-18
6.59877,1.1010857624428584e-16,6.0639899518373005e-18
6.59925,9.927352270184768e-17,4.4183887760374065e-18
6.59957,1.0824500970991031e-16,6.783966390057328e-18
6.60005,1.0056051776633986e-16,4.5675947999067614e-18
6.60037,9.875154942583351e-17,6.243808637232928e-18
6.60085,1.0252399787665968e-16,4.07110747339537e-18
6.60118,1.0887342492381883e-16,6.0927931428273275e-18
6.60165,1.0405487047428687e-16,4.5774974613583544e-18
6.60198,1.0799175630504491e-16,5.795775555117662e-18
6.60245,1.1071137936438563e-16,4.9244678681991496e-18
6.60278,1.079753642504524e-16,5.4819603152895986e-18
6.60325,1.1074804859162511e-16,4.271186229847643e-18
6.60358,1.087907152904752e-16,5.333940940390373e-18
6.60405,1.076434029998044e-16,4.089655721348897e-18
6.60438,1.063763659944268e-16,5.490149679442356e-18
6.60485,1.1007508835944187e-16,4.301867072094016e-18
6.60518,1.1229598641354886e-16,4.506666877638398e-18
6.60565,1.1896551569455087e-16,4.574645603662557e-18
6.60598,1.1089295812964475e-16,4.937692895145133e-18
6.60645,1.1557886545836744e-16,5.2606072276506456e-18
6.60678,1.0699986935387927e-16,5.2591251101445885e-18
6.60726,1.0869353211236523e-16,4.963440590562896e-18
6.60758,1.0488711475436791e-16,5.962528922880205e-18
6.60806,1.1244760618008431e-16,4.52322934149892e-18
6.60838,1.0481189952741373e-16,6.081695813872333e-18
6.60886,1.0925058187540331e-16,4.659072701768819e-18
6.60918,1.0855367970329636e-16,4.997827633919125e-18
6.60966,1.0773737536284279e-16,4.230266646884372e-18
6.60998,1.1368025772436512e-16,5.8860090249849855e-18
6.61046,1.1225143153553076e-16,4.325180494073081e-18
6.61078,1.1222164633536747e-16,5.9290336880168574e-18
6.61126,1.119252195573266e-16,4.635176932271445e-18
6.61158,1.042429078389856e-16,5.653642564965838e-18
6.61206,1.0437390081180255e-16,5.433982793720605e-18
6.61238,1.0737235624421208e-16,6.387613614354379e-18
6.61286,1.0709917358905398e-16,4.8007535012807776e-18
6.61319,9.83786761622982e-17,6.2818773595749125e-18
6.61366,1.0476337720836151e-16,4.271961391280956e-18
6.61399,1.0630994248446875e-16,6.23601975654619e-18
6.61446,1.0425868442342847e-16,4.8180059599932884e-18
6.61479,1.0875392604907728e-16,6.0827139795900315e-18
6.61526,9.988526366235134e-17,5.2084857448931426e-18
6.61559,1.0757796985070944e-16,5.982245926510507e-18
6.61606,1.0263625487244786e-16,4.406468742872022e-18
6.61639,1.0513755111035216e-16,5.280739059375907e-18
6.61686,1.0727788827386608e-16,4.141161592819693e-18
6.61719,1.0466698274293192e-16,4.7898075630992465e-18
6.61766,1.0871744109050343e-16,3.9305894679502426e-18
6.61799,1.0790373557756388e-16,4.925301139049698e-18
6.61846,1.1398798035859006e-16,3.854350736087226e-18
6.61879,1.0399268186169024e-16,5.027357285354204e-18
6.61926,1.1091987015816824e-16,4.741763758262549e-18
6.61959,1.0122251898120326e-16,5.38395879976782e-18
6.62006,1.0999203984253876e-16,4.292499168027313e-18
6.62039,9.705818527672252e-17,5.2069658456997234e-18
6.62086,1.0773523576581975e-16,3.658781977357141e-18
6.62119,9.706466171249264e-17,5.600900104106045e-18
6.62167,1.0508100959455832e-16,4.1592757934859225e-18
6.62199,1.0107210329830347e-16,5.957848861716507e-18
6.62247,1.065695942914312e-16,4.920132871315208e-18
6.62279,1.0717395190706021e-16,6.065945235803673e-18
6.62327,1.0817950503874036e-16,3.8191868232618316e-18
6.62359,1.0149579226230272e-16,5.978491166351712e-18
6.62407,1.0208452233683832e-16,4.157331753651429e-18
6.62439,9.980182700950043e-17,7.659237019483532e-18
6.62487,1.1004734143663171e-16,4.154276813532096e-18
6.6252,1.0427751929090847e-16,7.528663906277765e-18
6.62567,1.1105394826905148e-16,4.1562849260382955e-18
6.626,1.0367769159307891e-16,6.2919147597635794e-18
6.62647,1.1002728864305136e-16,3.997180451320177e-18
6.6268,1.094565912616237e-16,6.326301072484746e-18
6.62727,1.1072332609801035e-16,4.708455085759678e-18
6.6276,1.0959466728174883e-16,6.4731816891079365e-18
6.62807,1.083209960946896e-16,4.681834848831281e-18
6.6284,1.1190180500584174e-16,5.850571022046792e-18
6.62887,1.0406113362608604e-16,3.9460418300404094e-18
6.6292,1.0569818241137663e-16,5.188226374906744e-18
6.62967,1.0052701057823544e-16,4.103533485975973e-18
6.63,1.0116678900418671e-16,5.556834328896916e-18
6.63047,1.0338881999897611e-16,4.24858472111716e-18
6.6308,9.798991105571084e-17,4.813024729752239e-18
6.63127,1.0644860957662427e-16,4.021461943303017e-18
6.63207,1.035319388200392e-16,4.314477627706406e-18
6.63287,1.0341776262498131e-16,3.4560526043804893e-18
6.63367,1.0850905459812052e-16,3.844395206762601e-18
6.63447,1.0919599904262425e-16,4.6777948339872724e-18
6.63528,1.079887289578629e-16,4.075676539465411e-18
6.63608,1.0879798134370172e-16,3.612062262851449e-18
6.63688,1.0381406303203211e-16,4.0519230424733e-18
6.63768,1.0037196469135915e-16,4.469799244592802e-18
6.63848,1.0216187869998024e-16,4.890935209761712e-18
6.63928,1.07530048090603e-16,4.706456349250912e-18
6.64008,1.0128284789630731e-16,4.797909221180462e-18
6.64088,9.86705996711376e-17,4.417988595691628e-18
6.64168,1.0411409806904512e-16,4.762918821363857e-18
6.64248,1.043262033064348e-16,5.134370182500671e-18
6.64328,1.0463754604270574e-16,4.2177505584052056e-18
6.64408,1.1143226598169207e-16,3.286419290594735e-18
6.64488,1.0663365791276491e-16,3.749756041233341e-18
6.64568,1.1121479479102546e-16,4.251756390683182e-18
6.64648,1.1180743645294207e-16,4.009577424706745e-18
6.64728,1.0885200360819404e-16,4.3318233402002935e-18
6.64808,1.0955604418390139e-16,4.776830060557414e-18
6.64888,1.0920503180294659e-16,3.960679274208915e-18
6.64969,1.1307781494346986e-16,4.439687209712242e-18
6.65049,1.1050990219097692e-16,4.5781375606530996e-18
6.65129,1.0881604650329664e-16,4.1733622815862834e-18
6.65209,1.10242278040668e-16,4.370618422288155e-18
6.65289,1.0935870466492979e-16,4.220011687275215e-18
6.65369,1.0707219329925948e-16,4.540561417834868e-18
6.65449,1.0635013888824634e-16,4.439787217336485e-18
6.65529,1.0150036965549917e-16,3.9090836560050115e-18
6.65609,1.040344804310484e-16,3.425887629228528e-18
6.65689,1.0651392210050076e-16,4.202828739600741e-18
6.65769,1.0357806488368293e-16,4.5351271432445215e-18
6.65849,1.0494830776448584e-16,3.904286707723401e-18
6.65929,1.0484853156191893e-16,3.9260184779545355e-18
6.66009,1.0248144819182256e-16,4.80787090048774e-18
6.66089,1.0354726089123055e-16,4.3448478963282764e-18
6.66169,1.0549635221784555e-16,4.52658156263527e-18
6.66249,1.0646595103226438e-16,5.051053748250256e-18
6.6633,1.0372675321884811e-16,4.59267920697485e-18
6.6641,1.0614403233356091e-16,4.5470812370926484e-18
6.6649,1.0538972091184088e-16,4.8074381015555466e-18
6.6657,1.0863468124955895e-16,4.742992921014937e-18
6.6665,1.0847687391945054e-16,4.44402517415394e-18
6.6673,1.0325053757861528e-16,4.048352886228259e-18
6.6681,1.0261143509985091e-16,4.2518166361957595e-18
6.6689,1.0370317520966467e-16,4.058848792111964e-18
6.6697,1.0501039438164254e-16,4.2950225581850565e-18
6.6705,1.0733051155443163e-16,4.0673416493087894e-18
6.6713,1.0852941461389743e-16,4.423289793098941e-18
6.6721,1.095509642667538e-16,4.0698211377936125e-18
6.6729,1.0805020012554348e-16,4.0607550096419984e-18
6.6737,1.0401432206912591e-16,3.741722808346978e-18
6.6745,1.0804249067862363e-16,3.757628054363475e-18
6.6753,1.0504601279478257e-16,4.6612296259735005e-18
6.6761,1.0650898027149138e-16,4.691822754966436e-18
6.6769,1.0275077807337782e-16,4.7182506055940535e-18
6.67771,1.059389335306797e-16,5.658613561993749e-18
6.67851,9.969574676507274e-17,4.9469166087688965e-18
6.67931,1.0546557282690091e-16,4.8925772162334326e-18
6.68011,1.0402656398450328e-16,4.924897099555471e-18
6.68091,1.0800770843449168e-16,4.485028340551859e-18
6.68171,1.0397882542237355e-16,4.2644499730949355e-18
6.68251,1.0580629436846641e-16,4.5830266927727696e-18
6.68331,1.0341322886565884e-16,4.248313300750619e-18
6.68411,1.0469837558470564e-16,3.99662401231757e-18
6.68491,1.0667991276009176e-16,4.548106834570481e-18
6.68571,1.0579462564412948e-16,4.596974220283353e-18
6.68651,1.0189442368414083e-16,4.561626534146927e-18
6.68731,9.980587137184136e-17,4.323891619799322e-18
6.68811,1.0021646991913483e-16,4.7605380651051875e-18
6.68891,1.0523087627431128e-16,4.7553509359499204e-18
6.68971,1.0350595442191296e-16,4.845717840498099e-18
6.69051,1.0607619114326558e-16,4.6371506347012595e-18
6.69132,1.0272237216464247e-16,4.2478668843473155e-18
6.69212,1.0064112276299051e-16,4.672291662842245e-18
6.69292,1.0650684130285143e-16,5.398297806843239e-18
6.69372,1.0760940223716695e-16,4.55824899713341e-18
6.69452,1.0970589261935256e-16,3.839762913539011e-18
6.69532,1.0502771695783145e-16,4.787508612559842e-18
6.69612,1.0648002220867118e-16,5.208009818301771e-18
6.69692,1.0940123179202677e-16,4.771875001900738e-18
6.69772,1.0960038720045146e-16,4.260810213446059e-18
6.69852,1.1155737759415906e-16,4.533746857582427e-18
6.69932,1.1091393473726139e-16,4.902944640983768e-18
6.70012,1.145316330123852e-16,4.6138522238094724e-18
6.70092,1.0870950859505696e-16,4.745881710786653e-18
6.70172,1.044661900836094e-16,6.4612887298711865e-18
6.70252,1.0834096741600992e-16,5.580184286038669e-18
6.70332,1.0953658193689604e-16,5.34486333154705e-18
6.70412,1.0361419891432448e-16,5.162858176516007e-18
6.70492,1.0822662233179755e-16,4.854393663528406e-18
6.70573,1.0707875870554496e-16,6.3839289945690926e-18
6.70653,1.0060124405180372e-16,7.586696406580143e-18
6.70733,1.0947849782145476e-16,5.313052140485392e-18
6.70813,1.036709473786347e-16,5.359111558105428e-18
6.70893,1.0361703733586621e-16,5.2961146083816634e-18
6.70973,1.0506867523598931e-16,4.561018842645509e-18
6.71053,1.0822609838635181e-16,4.3920744718447724e-18
6.71133,1.0884282649973991e-16,4.3494831816770466e-18
6.71213,1.1024871794327624e-16,4.33002270293884e-18
6.71293,1.0706452536394296e-16,4.801699051677932e-18
6.71373,1.046442346273144e-16,4.945557367460503e-18
6.71453,1.0947730487108598e-16,4.1757428764607914e-18
6.71533,1.1155230336507344e-16,4.6220992372308374e-18
6.71613,1.0612761779718627e-16,4.518719040933763e-18
6.71693,1.0271550542008922e-16,4.4593845805859296e-18
6.71773,1.116310839301657e-16,5.109167277598512e-18
6.71853,1.066905342630269e-16,4.174394838960534e-18
6.71934,1.0653989141503407e-16,4.727106613449807e-18
6.72014,9.945670884459751e-17,4.423333714049495e-18
6.72094,1.0204953065829104e-16,3.4696191204773615e-18
6.72174,1.0032199129101448e-16,3.881803423533638e-18
6.72254,1.0179220618510804e-16,4.504091561740888e-18
6.72334,1.0626937152664413e-16,4.0138972994556516e-18
6.72414,1.092928140614186e-16,4.5530262598464e-18
6.72494,1.0968900419538166e-16,4.8091739038682455e-18
6.72574,1.0695582071477324e-16,4.4840078524892524e-18
6.72654,1.0765323232491971e-16,5.5202657523998535e-18
6.72734,1.0422278244005228e-16,5.482429406343977e-18
6.72814,1.0129201609069051e-16,3.8998618943036685e-18
6.72894,9.397854483285241e-17,4.5862091358114796e-18
6.72974,1.0275150713148701e-16,4.9089730601710634e-18
6.73054,1.0353060016054364e-16,5.0265294396983535e-18
6.73134,1.0910276265662675e-16,4.7730234487099534e-18
6.73214,1.1000863603408475e-16,5.5220414727137906e-18
6.73294,1.127123803939394e-16,5.228563334709996e-18
6.73375,1.0073486110526556e-16,3.943463499201095e-18
6.73455,1.0346754909998723e-16,3.671115347081734e-18
6.73535,1.0901185959714363e-16,4.75204747948576e-18
6.73615,1.0797022265957277e-16,4.2255379126157986e-18
6.73695,1.0360903649974871e-16,4.379173489810374e-18
6.73775,1.0588929695973696e-16,4.586297145907757e-18
6.73855,1.0439507215233456e-16,4.279599402064887e-18
6.73935,1.0700731363644048e-16,4.496947104311644e-18
6.74015,1.0768193231869333e-16,4.81755481402689e-18
6.74095,1.0913350840415123e-16,4.1871966328817464e-18
6.74175,1.0554409399148647e-16,4.616403720460855e-18
6.74255,1.0018651526810693e-16,4.810021904295662e-18
6.74335,1.0140394233782832e-16,4.8472999329491014e-18
6.74415,1.0180444568926031e-16,4.803933110891107e-18
6.74495,1.0462284825016039e-16,4.6278216143885795e-18
6.74575,1.028235862293657e-16,4.830381336761128e-18
6.74655,1.0153384204081971e-16,4.429043394198054e-18
6.74736,1.0414390187712083e-16,4.282220010131321e-18
6.74816,1.0700036618460695e-16,4.7302830380774885e-18
6.74896,1.0453995641336251e-16,4.356150244423602e-18
6.74976,1.0439221807687308e-16,3.999041435524245e-18
6.75056,1.0374127200397457e-16,4.487355645301273e-18
6.75136,1.0107285515199853e-16,4.222102705028106e-18
6.75216,1.0251001920889906e-16,4.09049157693886e-18
6.75296,1.004171890858466e-16,4.309277544609894e-18
6.75376,9.804590475601332e-17,4.287922687596435e-18
6.75456,9.697073441503347e-17,4.293095457712786e-18
6.75536,1.0569971732811103e-16,4.695441383396302e-18
6.75616,1.0459407995943879e-16,4.9911770077310754e-18
6.75696,1.044840698164637e-16,4.887498181241272e-18
6.75776,1.0205406069348941e-16,4.260519556048854e-18
6.75856,1.0019565502271721e-16,4.0045069491244745e-18
6.75936,1.0380383729495197e-16,4.036735853367515e-18
6.76016,1.0623617549772654e-16,3.928220097283634e-18
6.76096,1.0790243436637002e-16,3.9051723609398895e-18
6.76177,1.0226844371874334e-16,3.79450601554445e-18
6.76257,9.942006906346538e-17,4.0355058154241334e-18
6.76337,1.0761771393233178e-16,4.3125273563274986e-18
6.76417,1.0345883738345991e-16,4.295441711017273e-18
6.76497,1.0155449210774556e-16,3.891259949817886e-18
6.76577,1.0415424222019751e-16,5.0972028291700465e-18
6.76657,1.0368014702455992e-16,4.174468971235505e-18
6.76737,9.914252494711972e-17,3.939293538933256e-18
6.76817,1.0018664220895631e-16,5.9728773538215815e-18
6.76897,9.866927541501782e-17,4.975545978666733e-18
6.76977,9.978451815295191e-17,5.028506859661967e-18
6.77057,1.0176254697174575e-16,5.422910166817672e-18
6.77137,9.981581328202374e-17,4.468615203965005e-18
6.77217,1.0216212947639271e-16,4.4829886133350856e-18
6.77297,1.0112089585727943e-16,5.678026266819707e-18
6.77377,1.0408039374352541e-16,5.024330739251939e-18
6.77457,1.0648873240842612e-16,4.5895093606028016e-18
6.77538,1.102680917124088e-16,5.1701416060018904e-18
6.77618,1.112311774183744e-16,4.5911524365311774e-18
6.77698,1.044411291819506e-16,4.463932241813907e-18
6.77778,1.05380485702346e-16,4.2238366660808336e-18
6.77858,1.0665836026123573e-16,3.1947226989266872e-18
6.77938,1.0471503710983196e-16,4.535405127322228e-18
6.78018,1.0715741997335472e-16,4.285830205782338e-18
6.78098,1.0739749633797219e-16,3.8905406552219776e-18
6.78178,1.003232878947849e-16,3.9003196582884694e-18
6.78258,1.0088012936210819e-16,3.674350500230992e-18
6.78338,1.0108643410678015e-16,4.067404325182333e-18
6.78418,9.70007327565184e-17,4.2981540816260056e-18
6.78498,1.044047369691604e-16,4.0965768803491985e-18
6.78578,1.0038875002362983e-16,4.009433766590079e-18
6.78658,9.719480803958667e-17,3.8899180907285915e-18
6.78738,1.0111405764004684e-16,4.34090067522478e-18
6.78818,1.0614914462372415e-16,5.126323528950757e-18
6.78898,1.0363956539294424e-16,4.671861258988779e-18
6.78979,1.0205933019219376e-16,3.837314662708995e-18
6.79059,1.0226029575604124e-16,4.401237171565321e-18
6.79139,9.987351058974266e-17,4.065658945349777e-18
6.79219,1.0277289598808747e-16,3.936913491688709e-18
6.79299,1.0576555275452823e-16,4.552004538157625e-18
6.79379,1.0716916780213658e-16,3.71652278799872e-18
6.79459,1.0252868572377001e-16,4.0660842240632725e-18
6.79539,1.0402947893222414e-16,4.950542928206831e-18
6.79619,1.0177089846810048e-16,4.3989180178348025e-18
6.79699,9.786018853486264e-17,4.657400459672644e-18
6.79779,1.0109966048467555e-16,5.369974866846209e-18
6.79859,1.0268537844398779e-16,4.7984634415832434e-18
6.79939,1.0125976873186172e-16,4.4929680364619754e-18
6.80019,1.0582694698345275e-16,4.5827632723210595e-18
6.80099,1.0619523914447092e-16,3.9985342475177195e-18
6.80179,1.0129205889907367e-16,4.116121079158529e-18
6.80259,1.031636060450142e-16,4.789492657565248e-18
6.8034,1.0318351587686352e-16,3.8161982696840735e-18
6.8042,1.0162530012749052e-16,3.9470512885991704e-18
6.805,1.0080839361207726e-16,3.9544529223080945e-18
6.8058,1.0282272469981083e-16,3.8058019067862194e-18
6.8066,9.572928511270844e-17,3.947827808046577e-18
6.8074,9.616876611648452e-17,3.823471659202481e-18
6.8082,9.882616253209212e-17,4.1018861595963175e-18
6.809,9.587228401339016e-17,4.223703825431964e-18
6.8098,9.489676683173754e-17,4.022523750719365e-18
6.8106,9.937437045871791e-17,4.7894159949116954e-18
6.8114,9.491201786609985e-17,4.6923235996355784e-18
6.8122,9.731213878982892e-17,3.8678471274482975e-18
6.813,9.832449644580104e-17,4.174641978422735e-18
6.8138,9.35493847256324e-17,4.022992734927862e-18
6.8146,9.14937984833145e-17,5.041297159115102e-18
6.8154,9.903428411039623e-17,5.124009197524485e-18
6.8162,9.775682308535763e-17,4.7131264713758825e-18
6.817,9.938375044810355e-17,4.289514644797557e-18
6.81781,1.0018063898389316e-16,4.4536474034220596e-18
6.81861,9.781363384281039e-17,4.390327926115172e-18
6.81941,9.89450689569502e-17,5.1272003790061534e-18
6.82021,1.0565877394499467e-16,5.310161689826653e-18
6.82101,1.0623508559635074e-16,5.018994571666549e-18
6.82181,1.0116815956510774e-16,5.101351454664885e-18
6.82261,9.960149386494917e-17,5.323330192143825e-18
6.82341,9.76536644257014e-17,4.736144891676364e-18
6.82421,9.601849158250712e-17,4.7808905705146575e-18
6.82501,1.0266345333667561e-16,4.552152993081724e-18
6.82581,9.782173977606481e-17,4.058838406072083e-18
6.82661,9.394149725650915e-17,4.150473990286284e-18
6.82741,9.761107648074188e-17,4.1507420903300834e-18
6.82821,1.0021524310775323e-16,3.917017596050153e-18
6.82901,1.0032869930011924e-16,4.3789988289751114e-18
6.82981,1.0573624164731784e-16,4.442713953776191e-18
6.83061,1.0494401726798913e-16,4.5448809258741015e-18
6.83142,1.0168435488369131e-16,4.438555863286603e-18
6.83222,1.0942230096512023e-16,4.3400631447436325e-18
6.83302,1.0527444875177618e-16,4.157816499160701e-18
6.83382,1.0021686592043132e-16,4.135564906778414e-18
6.83462,9.914404615949155e-17,4.159024176510148e-18
6.83542,9.871946348737132e-17,4.224197129199489e-18
6.83622,1.0108038431963901e-16,4.260155762305449e-18
6.83702,9.846178111486422e-17,5.034030815506528e-18
6.83782,9.87763859010138e-17,4.917874751713802e-18
6.83862,9.683402675414703e-17,5.69686464037862e-18
6.83942,9.928029128105907e-17,5.72255554257467e-18
6.84022,9.945659959725216e-17,5.142305781082002e-18
6.84102,9.894119842770917e-17,5.521093581485339e-18
6.84182,1.0138479594599518e-16,5.017652101555708e-18
6.84262,9.892024297156188e-17,4.807065591538812e-18
6.84342,9.940133272799666e-17,5.312774243695843e-18
6.84422,9.97699696926766e-17,4.917128567889514e-18
6.84502,1.0191783136619891e-16,4.616454120854133e-18
6.84583,1.02371559833225e-16,5.0697041871421825e-18
6.84663,1.0596382145208891e-16,5.4028547046295865e-18
6.84743,1.0689908571959899e-16,5.0133983353936594e-18
6.84823,1.0296268505921821e-16,4.283860069631498e-18
6.84903,1.0217756145038912e-16,4.229753893223744e-18
6.84983,1.0538286817614092e-16,4.5328645763914384e-18
6.85063,9.76380074502172e-17,4.393499501579295e-18
6.85143,1.0305145052711266e-16,4.397642464594283e-18
6.85223,1.0058764421369403e-16,4.719557104918353e-18
6.85303,9.351647388473867e-17,4.5970029939125395e-18
6.85383,1.0030353556080148e-16,4.983783805671447e-18
6.85463,1.0118523223597821e-16,5.288440087276154e-18
6.85543,9.97215256218321e-17,4.239123639023773e-18
6.85623,1.0142313496570979e-16,4.137144963008053e-18
6.85703,1.005685423369268e-16,3.8772471458044615e-18
6.85783,9.955198078010318e-17,4.1713159070792576e-18
6.85863,1.066761192618957e-16,4.1115216272150495e-18
6.85944,1.0748205559871486e-16,4.9211514449010096e-18
6.86024,1.0222907190221625e-16,4.3673976522785714e-18
6.86104,1.0332278544187228e-16,4.170350801600049e-18
6.86184,1.0231498258713834e-16,4.4543823884058675e-18
6.86264,9.942739982675796e-17,4.643101217801348e-18
6.86344,1.0033511432199455e-16,4.795814822563288e-18
6.86424,9.98059993884013e-17,4.772213200654721e-18
6.86504,9.699079296212675e-17,4.7067823141164435e-18
6.86584,9.332946063648875e-17,4.376664453462387e-18
6.86664,9.433092302381904e-17,4.951550289467632e-18
6.86744,9.451597437142804e-17,4.40041299096372e-18
6.86824,9.388203990646872e-17,3.8615931721344414e-18
6.86904,9.732690391304192e-17,4.492206162134944e-18
6.86984,9.81658100471992e-17,4.2145526128160026e-18
6.87064,9.800688938740752e-17,3.940776513732014e-18
6.87144,9.769521632904103e-17,4.7954680868762075e-18
6.87224,9.886334901675368e-17,5.266302863432692e-18
6.87304,9.620157587213716e-17,4.262373748825297e-18
6.87385,9.816145762056187e-17,4.03613316206384e-18
6.87465,9.741780246657921e-17,4.011552602004364e-18
6.87545,1.0132707921653975e-16,3.3878999739793112e-18
6.87625,1.0669335649645495e-16,3.756052639358229e-18
6.87705,1.0437120080636052e-16,4.037977229695904e-18
6.87785,1.0049284053735068e-16,3.876301399137629e-18
6.87865,9.687955867578636e-17,3.950352060431721e-18
6.87945,8.954840400283331e-17,4.5519974187383995e-18
6.88025,9.10851986935861e-17,4.902056499007319e-18
6.88105,1.0361508365602864e-16,4.562049231510293e-18
6.88185,9.847111641019062e-17,4.9092666498004126e-18
6.88265,9.511830233792952e-17,4.546838578342808e-18
6.88345,9.883204737254147e-17,4.421195789041331e-18
6.88425,9.886224828470616e-17,4.075795061237089e-18
6.88505,9.36113383510018e-17,3.994301338713641e-18
6.88585,9.73381277781721e-17,4.2596577808642476e-18
6.88665,9.841489723860151e-17,4.45744054785879e-18
6.88746,9.808696982269708e-17,4.391403077117547e-18
6.88826,9.846535533948147e-17,4.4230348617650826e-18
6.88906,1.0285172536137091e-16,3.782766806749857e-18
6.88986,1.0363134308240511e-16,4.4812943474898276e-18
6.89066,1.0473100235525684e-16,4.993392526844467e-18
6.89146,1.0443588601117372e-16,5.322820011413238e-18
6.89226,1.0247572458428784e-16,5.194728681122602e-18
6.89306,1.0279680362790743e-16,5.471295457137068e-18
6.89386,1.0066170304320307e-16,5.012381308436798e-18
6.89466,9.661401083336323e-17,4.7306666261063945e-18
6.89546,9.792092268139232e-17,4.643012482001048e-18
6.89626,9.621630128756675e-17,4.452488033760237e-18
6.89706,9.646000030380355e-17,4.26556079283216e-18
6.89786,1.0175044924242535e-16,4.185058391088034e-18
6.89866,9.527834872830215e-17,4.514785028979944e-18
6.89946,9.104369550715983e-17,4.547843216563041e-18
6.90026,1.0057899203336937e-16,4.5532404446075824e-18
6.90106,1.02012976544992e-16,4.416163735659839e-18
6.90187,1.0130283585598641e-16,4.156069906610806e-18
6.90267,1.0266188268110547e-16,4.153587867715261e-18
6.90347,1.0102822386885183e-16,3.7945095339910335e-18
6.90427,9.620399043488906e-17,3.9641806365442195e-18
6.90507,9.55774384249172e-17,4.8614389637217965e-18
6.90587,1.0135989741011315e-16,4.444159312134278e-18
6.90667,1.0147202817583668e-16,4.1550181719429035e-18
6.90747,9.303154522703528e-17,5.3528286888859495e-18
6.90827,9.516623369017819e-17,4.5697765686170575e-18
6.90907,9.84325435645852e-17,5.0368457250929384e-18
6.90987,1.1027049082781656e-16,6.314042224951594e-18
6.91067,1.0706716063271097e-16,6.376634704983281e-18
6.91147,1.0083190665315335e-16,5.1220475180916036e-18
6.91227,1.0138340334655767e-16,5.715037997570439e-18
6.91307,1.0158051434475847e-16,5.515759878390126e-18
6.91387,9.957868741143981e-17,5.9762614406338395e-18
6.91467,9.623136520543697e-17,4.481578871537772e-18
6.91548,1.0064411898558131e-16,4.704494151196837e-18
6.91628,1.0012917230175277e-16,4.440771664350402e-18
6.91708,1.0144295251180162e-16,4.632563943581819e-18
6.91788,1.0077493669427846e-16,4.566936522690418e-18
6.91868,9.978928377453998e-17,4.412273372394748e-18
6.91948,9.800143560375323e-17,4.975107128700441e-18
6.92028,9.662689687832455e-17,5.2717814317977475e-18
6.92108,9.50296053067548e-17,4.8577335571166016e-18
6.92188,9.660124390783564e-17,4.6828902236812156e-18
6.92268,9.386118651081761e-17,4.859328284040709e-18
6.92348,9.422978987659964e-17,4.654566039619348e-18
6.92428,9.786890632494752e-17,4.405164410791966e-18
6.92508,9.81972761416652e-17,3.9665466369111974e-18
6.92588,9.937028849383703e-17,4.2021455166517886e-18
6.92668,9.635072699635287e-17,4.257145683655732e-18
6.92748,9.553775443015775e-17,4.349603864513069e-18
6.92828,9.83848013582988e-17,4.501183864125666e-18
6.92908,9.463821850998999e-17,4.44632727638561e-18
6.92989,9.816772930838563e-17,4.6240804899656864e-18
6.93069,9.550889824337343e-17,4.3938280015952785e-18
6.93149,9.553171029269113e-17,4.523530615459476e-18
6.93229,9.549459526225804e-17,3.975339794949555e-18
6.93309,9.816426275517715e-17,4.3917147425236744e-18
6.93389,9.78545998230169e-17,4.381318828878679e-18
6.93469,9.89184938339381e-17,4.114534154943857e-18
6.93549,9.768594082342828e-17,5.261969264473217e-18
6.93629,1.00348918604784e-16,5.454421831294326e-18
6.93709,9.96377456190248e-17,5.4664677574604025e-18
6.93789,9.534893869685531e-17,4.8469504122159375e-18
6.93869,9.687761023249695e-17,4.90242194076151e-18
6.93949,9.682326275201211e-17,4.267484838445688e-18
6.94029,9.684930234441314e-17,3.961162064378086e-18
6.94109,9.846091798128284e-17,3.942618219030035e-18
6.94189,9.780371641155132e-17,4.2558150452184505e-18
6.94269,9.942986170474871e-17,3.65855080290601e-18
6.9435,9.848669913053126e-17,3.902228065984194e-18
6.9443,9.997192824112772e-17,4.029278796398005e-18
6.9451,1.0005506527232092e-16,4.354279986833008e-18
6.9459,9.888432194823271e-17,4.373481781569224e-18
6.9467,1.0267052714409923e-16,4.285083446295609e-18
6.9475,9.984527527068448e-17,4.901367923301379e-18
6.9483,9.430821351804948e-17,5.625519586437421e-18
6.9491,9.763901929950845e-17,4.82826765331456e-18
6.9499,9.568393344146383e-17,4.7015691259041636e-18
6.9507,1.0074656673986724e-16,5.3867587620939166e-18
6.9515,9.960238927023527e-17,5.163973956274405e-18
6.9523,9.680583203547615e-17,4.3644326100289054e-18
6.9531,9.354146090524674e-17,4.294231506086563e-18
6.9539,9.569231050366011e-17,4.448986937662142e-18
6.9547,9.471414033715328e-17,4.2646166615988575e-18
6.9555,9.542670709474987e-17,3.956201148279162e-18
6.9563,9.871105874475803e-17,3.964910855388395e-18
6.9571,9.949377369394324e-17,4.017155906697694e-18
6.95791,9.51467965937492e-17,3.981878872222364e-18
6.95871,9.666376257929624e-17,4.206229394703934e-18
6.95951,9.754339422446777e-17,4.2417397258406885e-18
6.96031,9.762962959772975e-17,4.30387944229266e-18
6.96111,9.949670575456623e-17,4.7813928910102464e-18
6.96191,9.698287363225965e-17,4.6099880438972126e-18
6.96271,9.189473371867639e-17,4.450087502914168e-18
6.96351,9.40228230449786e-17,4.760810375347178e-18
6.96431,9.393452435688352e-17,4.1205817555526304e-18
6.96511,9.257674373723088e-17,4.0780994046280055e-18
6.96591,9.568448388230571e-17,4.4101092593181735e-18
6.96671,9.553068828389215e-17,4.3222109764412785e-18
6.96751,9.963937829611588e-17,5.661174940710001e-18
6.96831,9.726264942783967e-17,5.1141258192783715e-18
6.96911,9.883238112237924e-17,4.073815710691509e-18
6.96991,9.975225225908222e-17,4.518265230385062e-18
6.97071,9.743519315392933e-17,4.132115094569364e-18
6.97152,9.53253319887906e-17,3.861531117360449e-18
6.97232,9.703295924023292e-17,4.057189917939151e-18
6.97312,9.636992286091591e-17,4.2641640789710416e-18
6.97392,9.58452043211232e-17,4.070319261400134e-18
6.97472,9.728643986995941e-17,3.948742413205985e-18
6.97552,1.012865889408586e-16,4.5457079079183114e-18
6.97632,1.0110860471428268e-16,3.983593022540015e-18
6.97712,1.0958942424953527e-16,3.909693842529666e-18
6.97792,9.54048418774397e-17,4.243390410877957e-18
6.97872,9.30284371356336e-17,5.394306551200133e-18
6.97952,1.0105085335640268e-16,5.04362522741918e-18
6.98032,9.748365893562441e-17,4.5932105650808466e-18
6.98112,9.704777863728752e-17,4.3921153223402935e-18
6.98192,9.719392710883608e-17,4.6506665705140064e-18
6.98272,9.917842193296083e-17,5.3155688527497175e-18
6.98352,9.56603189993673e-17,4.792062957848664e-18
6.98432,9.41758600174404e-17,3.7340020931996536e-18
6.98513,9.821133891796875e-17,4.2414759304322306e-18
6.98593,1.001453782128524e-16,3.969472608169677e-18
6.98673,1.0817347814904306e-16,3.510963851080553e-18
6.98753,9.97360715205225e-17,3.998715662484605e-18
6.98833,9.868238311378098e-17,5.117182368491036e-18
6.98913,1.0007072684842125e-16,4.316205605476878e-18
6.98993,9.911456911361571e-17,4.473671036452302e-18
6.99073,9.599471761116036e-17,4.657789303416302e-18
6.99153,9.791010302454456e-17,4.4315228451398946e-18
6.99233,9.685590793177941e-17,5.445529257685982e-18
6.99313,9.462974094598158e-17,4.648049536617426e-18
6.99393,9.48876799869514e-17,4.144342499203619e-18
6.99473,9.845552638282043e-17,5.11641474137085e-18
6.99553,1.0364047312635055e-16,5.8542465391536686e-18
6.99633,1.0095231000827225e-16,6.5451346809856035e-18
6.99713,9.936402225440373e-17,4.840372574624038e-18
6.99793,9.583814839681915e-17,4.842412157957907e-18
6.99873,9.055990719608344e-17,4.510160675981908e-18
6.99954,9.536573746277452e-17,4.036456387631285e-18
7.00034,9.512459833350035e-17,3.906962988478546e-18
7.00114,9.68685150866952e-17,4.3336750196355e-18
7.00194,9.339963870108692e-17,3.6031128539571425e-18
7.00274,9.515035431508675e-17,3.6906490336037984e-18
7.00354,1.0184880547222656e-16,4.102316865056878e-18
7.00434,9.824917168336488e-17,4.285502430457888e-18
7.00514,9.328373673626725e-17,4.369167692288501e-18
7.00594,9.715251745793254e-17,4.275737570564518e-18
7.00674,9.254999747017855e-17,4.5404436266737785e-18
7.00754,9.721655139149115e-17,4.373063972899391e-18
7.00834,9.230504898443231e-17,4.8492086804662834e-18
7.00914,8.713357966448732e-17,4.231121626312445e-18
7.00994,8.713339925095537e-17,3.943191539480491e-18
7.01074,9.661268228837183e-17,4.687855658418652e-18
7.01154,9.86620947408242e-17,3.908703984218595e-18
7.01234,9.806854383393715e-17,3.670115762301757e-18
7.01315,9.566313558089651e-17,4.139379876841497e-18
7.01395,9.714509010707671e-17,3.808290600358452e-18
7.01475,9.905529508355671e-17,3.3117858697812473e-18
7.01555,1.0154669740464413e-16,4.0377905455916384e-18
7.01635,9.891288459988e-17,4.5394916161841474e-18
7.01715,9.685451974443716e-17,4.2909512171451636e-18
7.01795,9.499658271570937e-17,4.9359240886134834e-18
7.01875,9.554928900637558e-17,4.342738374638776e-18
7.01955,9.181171370798536e-17,4.149500119090133e-18
7.02035,9.41489193454633e-17,4.7331667511285796e-18
7.02115,9.454754102365584e-17,3.893314571547193e-18
7.02195,9.324901950020617e-17,3.735457836429483e-18
7.02275,9.116069133624955e-17,4.491348912440585e-18
7.02355,9.251368596894423e-17,4.03198528198746e-18
7.02435,9.813263723768914e-17,3.934511641127989e-18
7.02515,9.842708220614876e-17,5.008931147485567e-18
7.02595,9.608304110037772e-17,4.5137773421219714e-18
7.02675,9.63539937601944e-17,3.954150045864873e-18
7.02756,9.625853921975398e-17,4.5887677918054654e-18
7.02836,9.367062596352495e-17,4.015466460356731e-18
7.02916,9.877476708075808e-17,3.585772298207228e-18
7.02996,9.695102202387661e-17,4.411449310394997e-18
7.03076,9.9645152859375e-17,3.9911502997901825e-18
7.03156,9.697431104552628e-17,4.078752585927253e-18
7.03236,9.419974398992088e-17,4.565753976958034e-18
7.03316,9.485276615392495e-17,4.417041111502121e-18
7.03396,9.59904595727129e-17,4.085716450824938e-18
7.03476,9.641155627652063e-17,4.486001110464925e-18
7.03556,9.283266025597323e-17,3.985857060774065e-18
7.03636,9.592286079963751e-17,3.903743355715169e-18
7.03716,9.721969853566876e-17,4.353482928683601e-18
7.03796,9.484569054419878e-17,4.294483641426781e-18
7.03876,1.058869778950235e-16,4.5605628540074326e-18
7.03956,1.0552904412337722e-16,5.104915047389737e-18
7.04036,1.0090592783229431e-16,4.3313113457310955e-18
7.04117,9.662571788957944e-17,4.1443399270648675e-18
7.04197,9.638708275409e-17,4.307982009948408e-18
7.04277,1.0186711161083072e-16,3.973109337092949e-18
7.04357,1.0023839552687725e-16,3.7675078712171654e-18
7.04437,1.0131329886159675e-16,4.260809692704405e-18
7.04517,9.75581017480027e-17,3.998408087038679e-18
7.04597,9.377621547369641e-17,4.534464619286408e-18
7.04677,9.15137387521303e-17,4.716410856602885e-18
7.04757,9.797735840582142e-17,4.4546725369314595e-18
7.04837,9.831889955392191e-17,4.28761036042028e-18
7.04917,9.850868902436359e-17,4.775541541017638e-18
7.04997,9.695550487263335e-17,4.315886940532245e-18
7.05077,9.499685649165136e-17,4.352372555418937e-18
7.05157,9.159822214558961e-17,4.9968342190785986e-18
7.05237,8.991603282759821e-17,4.8063576284641026e-18
7.05317,9.578858255998736e-17,5.5751631828672036e-18
7.05397,9.678580604517298e-17,3.8026481329155335e-18
7.05477,9.458099856819816e-17,3.813361315845893e-18
7.05558,8.70978587228023e-17,4.757003568010575e-18
7.05638,9.247840496927153e-17,4.533298236261603e-18
7.05718,9.455185234527831e-17,4.2694670926409145e-18
7.05798,9.551362431715962e-17,3.8176017567995295e-18
7.05878,9.729920489412067e-17,3.715388286294592e-18
7.05958,9.572831816734415e-17,4.027558228334902e-18
7.06038,9.772301892026164e-17,4.618781572928805e-18
7.06118,9.852435150194923e-17,4.333432886493981e-18
7.06198,9.897418874646552e-17,4.169929074048097e-18
7.06278,9.803809013671562e-17,5.0591998750452015e-18
7.06358,9.665802205170248e-17,4.854360327350456e-18
7.06438,9.073707174843116e-17,4.842100768989886e-18
7.06518,9.317757090509782e-17,5.571845167967152e-18
7.06598,8.919338223344185e-17,4.049552564085064e-18
7.06678,9.171247358128807e-17,4.5224533782827236e-18
7.06758,9.271611223382952e-17,5.1321283960328965e-18
7.06838,9.102067822064195e-17,4.8710467184684936e-18
7.06919,9.183950882803568e-17,4.631390001146504e-18
7.06999,8.906006686726867e-17,4.7026051626644196e-18
7.07079,8.666990779163691e-17,3.806192945003966e-18
7.07159,8.617541054318926e-17,4.211848788945957e-18
7.07239,8.697154323726396e-17,4.5836036231597285e-18
7.07319,9.472373754131021e-17,3.8825969142420855e-18
7.07399,9.173986115971355e-17,4.219732297554206e-18
7.07479,9.042806016468474e-17,4.7940585950368874e-18
7.07559,9.567253892762751e-17,4.167684110941762e-18
7.07639,9.180157143087377e-17,4.4211467783531125e-18
7.07719,9.375086417474692e-17,4.986412357064218e-18
7.07799,8.996698075569331e-17,5.156247524871964e-18
7.07879,8.767281158699444e-17,4.608847244050687e-18
7.07959,9.219539714986457e-17,4.6921345373922596e-18
7.08039,9.00593895551603e-17,4.7509160536526e-18
7.08119,9.271031950264291e-17,4.723705572039029e-18
7.08199,9.777853454375039e-17,4.757590052212077e-18
7.08279,9.146599570302884e-17,5.4073715167109616e-18
7.0836,9.93569210263965e-17,5.260276785885831e-18
7.0844,9.442047442796288e-17,3.9327040368810695e-18
7.0852,9.254730021867807e-17,4.479966119129747e-18
7.086,8.852079036450859e-17,4.963040731516673e-18
7.0868,9.027739261702719e-17,4.543934680393095e-18
7.0876,9.08679642084464e-17,4.084694246061433e-18
7.0884,9.160167315863408e-17,4.5598353887530554e-18
7.0892,9.1183751742456e-17,4.4327316344582455e-18
7.09,9.055299410275268e-17,3.7907198172301616e-18
7.0908,9.494450557573383e-17,3.641487839080592e-18
7.0916,9.073697398058325e-17,4.123605118664458e-18
7.0924,8.876479541172285e-17,4.6603331476352435e-18
7.0932,8.562249874030743e-17,4.163202478289425e-18
7.094,8.778939145937985e-17,4.117758505107569e-18
7.0948,9.268333871026787e-17,4.950936697105309e-18
7.0956,8.862287621139502e-17,5.5038160754878655e-18
7.0964,8.819149056468784e-17,4.705672607337968e-18
7.09721,9.179026717761912e-17,4.325487527541149e-18
7.09801,9.208152606550851e-17,5.38276983462756e-18
7.09881,9.24489755185875e-17,5.042477157203928e-18
7.09961,9.299623322184134e-17,4.575776969013983e-18
7.10041,8.622800670361961e-17,3.947536602703937e-18
7.10121,8.636799818061333e-17,3.4249787659242592e-18
7.10201,9.655954888824958e-17,4.031830934572371e-18
7.10281,9.492282195304488e-17,4.2670492379276794e-18
7.10361,9.318867127545432e-17,3.5941572904386634e-18
7.10441,9.198528911994263e-17,4.375721714296922e-18
7.10521,9.05943970327486e-17,4.3734024468842285e-18
7.10601,9.542207347414381e-17,4.322001887459263e-18
7.10681,9.575715162085718e-17,4.364994882637093e-18
7.10761,9.389134424712343e-17,4.52236313117621e-18
7.10841,9.130964602288791e-17,4.265408494187182e-18
7.10921,9.13010699073961e-17,4.643578397780693e-18
7.11001,9.271420165059927e-17,4.690627356250033e-18
7.11081,9.11606938783565e-17,5.132350009307581e-18
7.11162,8.90601543997227e-17,6.679393244457187e-18
7.11242,9.24726030412458e-17,4.4507033560234265e-18
7.11322,9.095184245247428e-17,4.3027421791251294e-18
7.11402,9.231869519882521e-17,4.406167541105764e-18
7.11482,9.150416007214276e-17,4.8733420159636316e-18
7.11562,9.267453950460332e-17,4.4983146785602174e-18
7.11642,9.498420195259263e-17,3.938007074761222e-18
7.11722,9.550568958959976e-17,4.2987887339673415e-18
7.11802,9.368305393000124e-17,4.311919748153736e-18
7.11882,9.394529619396811e-17,3.7746117890389035e-18
7.11962,9.329933607575383e-17,3.7170428223862995e-18
7.12042,9.673721956292876e-17,4.022392360539413e-18
7.12122,9.688362499175548e-17,3.803618535117336e-18
7.12202,9.476578306744863e-17,4.149644563105333e-18
7.12282,9.073342832714871e-17,4.4874671419858765e-18
7.12362,9.038821570118127e-17,4.0493411796940576e-18
7.12442,9.241746262360471e-17,4.3994310775967946e-18
7.12523,9.254467844503116e-17,4.820725786341506e-18
7.12603,8.79667490550671e-17,4.299962940298988e-18
7.12683,9.460797853215127e-17,4.5022311033210895e-18
7.12763,9.687499620335433e-17,4.952983333668976e-18
7.12843,9.289459292776374e-17,4.710528545066821e-18
7.12923,9.479452387268654e-17,4.227373283862275e-18
7.13003,9.4850335443668e-17,4.3886693993279616e-18
7.13083,9.314121024039291e-17,3.9412320543419115e-18
7.13163,9.460752847078177e-17,4.195456179850164e-18
7.13243,9.28376642188009e-17,4.5410981496881755e-18
7.13323,8.853866931707255e-17,3.9478716843001755e-18
7.13403,9.455409916193147e-17,3.7492811715694944e-18
7.13483,9.554608072019236e-17,3.300201300784134e-18
7.13563,9.271859469479694e-17,3.830844067296661e-18
7.13643,9.356534548475395e-17,4.4534580696837044e-18
7.13723,9.049799880851548e-17,3.853350242025424e-18
7.13803,8.616582877207217e-17,3.93882121878065e-18
7.13883,8.582049473850574e-17,4.323767673006174e-18
7.13964,8.826855061846302e-17,4.325233427146854e-18
7.14044,9.0593662810803e-17,5.126289197980085e-18
7.14124,9.47362276184036e-17,5.2204439944336985e-18
7.14204,8.870054996890328e-17,4.0907670139285786e-18
7.14284,8.917376580330124e-17,4.2273051458595714e-18
7.14364,9.138223828814108e-17,4.045690350867133e-18
7.14444,9.428445365245884e-17,3.765225537365911e-18
7.14524,9.618072409268051e-17,4.252331558616988e-18
7.14604,9.51374992902968e-17,4.025975990020716e-18
7.14684,9.628581316151891e-17,3.5597651052958835e-18
7.14764,9.489253389373036e-17,4.042282710902505e-18
7.14844,9.600910639283348e-17,3.9358437493340875e-18
7.14924,1.0063994631273524e-16,3.906658467884569e-18
7.15004,9.992195328122212e-17,3.9655453030449625e-18
7.15084,1.0242480269880725e-16,4.69598368710195e-18
7.15164,9.826946364774328e-17,3.9691564885547115e-18
7.15244,9.83297575524316e-17,4.081135024872798e-18
7.15325,1.0581086433467372e-16,4.087239861470442e-18
7.15405,1.0394083390709171e-16,4.702213410431162e-18
7.15485,9.370825740286962e-17,4.166176096060104e-18
7.15565,9.355296617051076e-17,4.087946446355326e-18
7.15645,9.136675646945408e-17,4.427973356481472e-18
7.15725,9.229559444515612e-17,3.9689795794396115e-18
7.15805,9.022668881284094e-17,4.1032582040885344e-18
7.15885,1.006988175502896e-16,5.023325339375494e-18
7.15965,1.0113428434415344e-16,4.2727196809935784e-18
7.16045,9.830085281516052e-17,4.041784892779121e-18
7.16125,9.491981772602128e-17,4.6082485811688145e-18
7.16205,8.952721959927384e-17,3.980344723977716e-18
7.16285,9.234449473409607e-17,3.675579257841982e-18
7.16365,9.002552799590106e-17,4.2311444564221915e-18
7.16445,9.470601658746659e-17,4.48632018415951e-18
7.16525,9.679918975928295e-17,3.806237483277729e-18
7.16605,9.73066504722278e-17,4.327252114338237e-18
7.16685,9.84068134433704e-17,4.3328030531597886e-18
7.16766,9.807264668217708e-17,4.530984535246069e-18
7.16846,9.454735687736043e-17,5.2859453334199195e-18
7.16926,9.272329612240798e-17,6.155832995802273e-18
7.17006,9.120895795104855e-17,5.7925869929031065e-18
7.17086,8.996765348368934e-17,4.714558207450318e-18
7.17166,8.946819074522554e-17,4.070758069724896e-18
7.17246,8.507825240452949e-17,3.893926570275632e-18
7.17326,8.950302714435102e-17,4.741084883217458e-18
7.17406,9.153625040654245e-17,4.201373157624099e-18
7.17486,9.060983088503646e-17,4.0745166995753e-18
7.17566,9.45101898127541e-17,4.063388598691644e-18
7.17646,9.37507614910121e-17,3.5555053353327476e-18
7.17726,9.238183936975436e-17,3.87376837314189e-18
7.17806,8.71094189888903e-17,3.9454038739959534e-18
7.17886,8.967483629571538e-17,4.056861655346527e-18
7.17966,9.238557890205193e-17,4.304997251365704e-18
7.18046,9.556852665538461e-17,4.432001673241448e-18
7.18127,9.252287156109755e-17,4.275008464272745e-18
7.18207,9.15149724289295e-17,3.9325852983863175e-18
7.18287,9.116840208961183e-17,3.750157816094997e-18
7.18367,9.277937982242734e-17,3.816863342329704e-18
7.18447,9.139535362919112e-17,5.20991261699157e-18
7.18527,8.87496637063337e-17,5.5997900918619306e-18
7.18607,9.267656950374084e-17,5.685077451814966e-18
7.18687,9.020528448171728e-17,4.339581092131234e-18
7.18767,9.135072332881661e-17,4.4601734082391034e-18
7.18847,9.369846121326223e-17,4.501189144779402e-18
7.18927,8.829877494243344e-17,4.774712083817066e-18
7.19007,8.641123540797366e-17,4.3164385353014385e-18
7.19087,9.058990403017163e-17,4.5252415452932425e-18
7.19167,8.662677809185288e-17,4.598374845209486e-18
7.19247,8.872925176475102e-17,4.3526283154729475e-18
7.19327,8.980184392940947e-17,4.2534287807758816e-18
7.19407,9.330530056820458e-17,4.517886695242672e-18
7.19487,9.506047122740945e-17,4.7244073560525295e-18
7.19568,9.363451779218834e-17,4.284666162254574e-18
7.19648,9.190406338213212e-17,3.989371333061512e-18
7.19728,9.642526086444963e-17,4.2114342554556916e-18
7.19808,8.843712810862321e-17,4.024509596109508e-18
7.19888,9.024063907430398e-17,4.579058795721925e-18
7.19968,9.303344992918391e-17,5.291218312924339e-18
7.20048,9.096362909687092e-17,4.581967515442729e-18
7.20128,8.723020336304862e-17,3.489407691942659e-18
7.20208,8.958705115497052e-17,4.636659588845134e-18
7.20288,9.027316936298303e-17,4.174341294012298e-18
7.20368,9.328942342897196e-17,3.632793444680474e-18
7.20448,9.397734900622164e-17,4.1793937052804936e-18
7.20528,9.155095216549033e-17,4.156860372368852e-18
7.20608,9.012245112388381e-17,3.2362534373983673e-18
7.20688,9.388000371752056e-17,3.408895135170443e-18
7.20768,9.408238400417131e-17,3.5461538765658015e-18
7.20848,9.100182879933904e-17,3.4287825891232243e-18
7.20929,9.336061631153944e-17,3.617559265405775e-18
7.21009,9.276144722298124e-17,3.5400020123249165e-18
7.21089,1.0358621146097088e-16,3.8243508852636714e-18
7.21169,9.917563005305864e-17,4.042600370370854e-18
7.21249,9.572018588363648e-17,4.2219955748067315e-18
7.21329,9.342220606099786e-17,4.907329386356755e-18
7.21409,9.510411674452925e-17,4.3650517035877246e-18
7.21489,9.487062177587487e-17,3.6973037043874035e-18
7.21569,9.4630418917131e-17,4.232447240608525e-18
7.21649,9.273647468689913e-17,4.125080495130327e-18
7.21729,9.176482628646006e-17,3.759747648295448e-18
7.21809,9.371768450787135e-17,3.666226305272555e-18
7.21889,9.106959730032652e-17,3.7102598073735796e-18
7.21969,9.01867577899615e-17,3.4496221031618244e-18
7.22049,8.99447216402974e-17,3.654948113304068e-18
7.22129,9.096365245918871e-17,3.665423756357013e-18
7.22209,9.611257318025187e-17,3.691985908819402e-18
7.22289,9.556284476987336e-17,4.132880239091916e-18
7.2237,9.314551127958667e-17,4.6001368290597625e-18
7.2245,9.197254381844951e-17,4.2354529512714095e-18
7.2253,9.295469590275687e-17,4.300174090454968e-18
7.2261,9.345525699962355e-17,4.0699984424951745e-18
7.2269,9.225795229818217e-17,4.354995005600621e-18
7.2277,9.425754058878347e-17,4.498106059870166e-18
7.2285,9.147889915414331e-17,4.116005564126785e-18
7.2293,9.232168122295275e-17,3.6614461039284795e-18
7.2301,8.414572621993819e-17,4.061328599416346e-18
7.2309,9.00412560866699e-17,3.976849349548334e-18
7.2317,8.968001390125992e-17,4.2555336528051985e-18
7.2325,8.927425746997335e-17,4.4387945383654515e-18
7.2333,9.396107889382264e-17,3.867771580462864e-18
7.2341,9.362775493101065e-17,3.6072872604594294e-18
7.2349,8.410663967705706e-17,3.676889993793259e-18
7.2357,8.326273809605871e-17,3.532337613815447e-18
7.2365,8.529141901586515e-17,3.205099676757384e-18
7.23731,8.366086019406689e-17,3.2695955179814243e-18
7.23811,8.6603444388025e-17,3.5677933201012725e-18
7.23891,9.091156963670428e-17,3.709230634392972e-18
7.23971,9.920766884772048e-17,4.363824480408912e-18
7.24051,9.8894515420882e-17,4.1643225281434356e-18
7.24131,9.61802737709486e-17,4.4095462118029725e-18
7.24211,9.659400544079138e-17,4.2338126333463856e-18
7.24291,9.576492837520643e-17,4.314135266115658e-18
7.24371,8.784447486149652e-17,4.119190493156606e-18
7.24451,9.309292482958371e-17,4.8415031802263e-18
7.24531,8.786659977210863e-17,4.7968248338084574e-18
7.24611,8.722639939967912e-17,4.2391685752157315e-18
7.24691,9.235849515359436e-17,3.9743813437434534e-18
7.24771,9.309947712399261e-17,7.138929064727265e-18
7.24851,8.85940154167858e-17,5.99718387757202e-18
7.24931,8.613349652193023e-17,4.496349937532895e-18
7.25011,8.646758688758408e-17,4.5761271848410946e-18
7.25091,8.736137804918511e-17,3.929251895695644e-18
7.25172,9.358561127730918e-17,4.1832061320663176e-18
7.25252,9.152368251046964e-17,4.0470325716414975e-18
7.25332,8.966929391582288e-17,4.2164465091702474e-18
7.25412,9.176019609545675e-17,3.8173567690445884e-18
7.25492,8.940091220865994e-17,3.5914863389777176e-18
7.25572,9.026974947208936e-17,3.819826416160538e-18
7.25652,8.893023620618332e-17,4.1017439695963774e-18
7.25732,8.570108536686903e-17,3.5540941344358374e-18
7.25812,8.627450366818361e-17,3.9358198707823594e-18
7.25892,8.66762007411746e-17,4.949884232621424e-18
7.25972,8.719165090327662e-17,4.5563657777953985e-18
7.26052,8.9278079772913e-17,5.584253890840483e-18
7.26132,9.228102311999107e-17,5.810724332793865e-18
7.26212,9.146391206027247e-17,4.9173116059325015e-18
7.26292,8.934611461530517e-17,4.463167431791234e-18
7.26372,9.199926920533743e-17,4.564987765987854e-18
7.26452,9.016680308884864e-17,4.449301008926669e-18
7.26533,9.05473796556025e-17,4.2794425269406875e-18
7.26613,9.504824285418387e-17,3.875514295264754e-18
7.26693,9.690118032790578e-17,3.4871965643704956e-18
7.26773,9.844955178881751e-17,3.85829419301354e-18
7.26853,9.3470605344481e-17,3.625730620100652e-18
7.26933,9.238999235062471e-17,3.7240293473649935e-18
7.27013,9.330592204813386e-17,4.0635575551080375e-18
7.27093,9.059316655265231e-17,4.2638093146698464e-18
7.27173,8.942848372172683e-17,5.1153158526562234e-18
7.27253,8.987027169836844e-17,4.887497467850197e-18
7.27333,8.70184566290258e-17,5.2125868071835666e-18
7.27413,8.506691431890241e-17,5.2889052006202114e-18
7.27493,8.775095608730207e-17,4.456355176050532e-18
7.27573,8.92649075194848e-17,4.4466494489745195e-18
7.27653,8.861393242362121e-17,4.161188107148641e-18
7.27733,9.101935700272675e-17,4.265743082226617e-18
7.27813,9.55218842176178e-17,4.5345267173221554e-18
7.27893,8.888983604929469e-17,4.4194797633174656e-18
7.27974,8.5645744868687e-17,3.853381572206038e-18
7.28054,9.472473878946404e-17,3.832314886802631e-18
7.28134,9.467918958756503e-17,4.41159602470157e-18
7.28214,9.204435567985272e-17,4.3538396339453884e-18
7.28294,9.130913257766986e-17,4.666312098659721e-18
7.28374,9.231992777960481e-17,4.643145259342955e-18
7.28454,9.311715763328535e-17,3.6828915479877295e-18
7.28534,8.889466087651016e-17,3.4173587342626472e-18
7.28614,8.873830943630986e-17,3.4654426840625093e-18
7.28694,8.612057018179733e-17,3.657741032278105e-18
7.28774,8.658057468616572e-17,3.935250829958364e-18
7.28854,8.216876003098663e-17,3.9214584291389095e-18
7.28934,8.67418106974894e-17,4.6551049791210164e-18
7.29014,8.828848589028065e-17,4.7169608794818825e-18
7.29094,8.917899311086149e-17,4.807468123365113e-18
7.29174,9.170536115614192e-17,4.680246979830717e-18
7.29254,9.519622344016831e-17,4.908995414342663e-18
7.29335,9.271735533711903e-17,4.51439072990283e-18
7.29415,9.288530546125163e-17,4.037126031533561e-18
7.29495,9.351139336994041e-17,4.359521413429042e-18
7.29575,9.120896044578299e-17,3.887395957946716e-18
7.29655,9.100049916085055e-17,4.047171644789609e-18
7.29735,8.890901400772778e-17,3.987839649278902e-18
7.29815,8.979504629373301e-17,3.676865001243173e-18
7.29895,8.784448838171816e-17,3.758125460344257e-18
7.29975,8.550261276854829e-17,3.907181542470607e-18
7.30055,8.781891152427307e-17,4.4737490664625715e-18
7.30135,8.479930129629123e-17,3.9682342202221456e-18
7.30215,8.968096668476592e-17,3.8662116105680226e-18
7.30295,9.091344112838524e-17,4.003979178560348e-18
7.30375,8.997092637897572e-17,4.1190566578595986e-18
7.30455,8.998024727144733e-17,4.5385159246951454e-18
7.30535,9.325009588788352e-17,4.808998857597475e-18
7.30615,9.157548441631225e-17,4.8060309137974225e-18
7.30695,9.172138876768338e-17,4.031312237295274e-18
7.30776,9.135602528170861e-17,3.9520201216270794e-18
7.30856,9.264999322383222e-17,4.6911700150890334e-18
7.30936,9.103206351083612e-17,4.0848306454652566e-18
7.31016,8.744185697567732e-17,4.118635290592515e-18
7.31096,9.180557963069656e-17,4.398271114710117e-18
7.31176,9.103415237745432e-17,4.3167335171365735e-18
7.31256,8.960285271284787e-17,4.285558781720261e-18
7.31336,8.50871595947525e-17,4.0040234230155724e-18
7.31416,8.551100920220766e-17,3.7923271955866015e-18
7.31496,8.828871030004121e-17,3.55882333915162e-18
7.31576,8.927284369560206e-17,3.243509489046526e-18
7.31656,8.740385326467105e-17,3.4700160935297424e-18
7.31736,9.297145740703168e-17,3.906484523711524e-18
7.31816,9.477940672226114e-17,3.961899590664042e-18
7.31896,8.977202750997835e-17,3.547087875259652e-18
7.31976,9.061742779745815e-17,3.452750007001184e-18
7.32056,8.847508563311763e-17,3.851415698887314e-18
7.32137,9.341351312523992e-17,4.378209686687739e-18
7.32217,9.454311504114835e-17,3.762506710514431e-18
7.32297,9.056078663762896e-17,4.095590554431616e-18
7.32377,8.508512825284615e-17,4.3297240542179216e-18
7.32457,8.90655691645774e-17,4.102566455956379e-18
7.32537,8.958888597793666e-17,4.232827899367232e-18
7.32617,8.834810666136591e-17,3.82525008250668e-18
7.32697,8.560867496960401e-17,3.896604056828073e-18
7.32777,8.876495312403029e-17,3.993289952043867e-18
7.32857,8.699593166347483e-17,3.951653057677105e-18
7.32937,8.594651588414227e-17,4.02208516740296e-18
7.33017,9.01762418695031e-17,5.033937318419007e-18
7.33097,9.139869382862599e-17,4.8501682311194e-18
7.33177,8.899312681426001e-17,3.6781046451435986e-18
7.33257,9.379048893613915e-17,4.156949562937679e-18
7.33337,8.582806411186705e-17,3.5211461489205334e-18
7.33417,8.608329057465031e-17,3.7248780791950375e-18
7.33497,8.402676248571517e-17,3.915751185237206e-18
7.33578,8.597512816082774e-17,3.9384378165261264e-18
7.33658,8.640497101780608e-17,4.408275086546525e-18
7.33738,8.819957160553435e-17,4.20306526412484e-18
7.33818,8.625887859224637e-17,3.847335078985585e-18
7.33898,8.539985567458178e-17,4.471508929862637e-18
7.33978,8.435430435384235e-17,4.0121212890730784e-18
7.34058,8.635769756191856e-17,4.10326492034553e-18
7.34138,8.931867752247575e-17,4.6620786089193584e-18
7.34218,9.322994431591136e-17,4.829369857867467e-18
7.34298,8.878374380197492e-17,4.080364258912068e-18
7.34378,8.871661204062965e-17,3.832167359648862e-18
7.34458,9.247613253882132e-17,3.6185840379740255e-18
7.34538,8.796486458076881e-17,4.170267539727926e-18
7.34618,8.986461815262735e-17,3.9230115789099386e-18
7.34698,8.755959942450828e-17,3.7624033799590576e-18
7.34778,8.738423136071682e-17,3.6325362164517465e-18
7.34858,9.040526399516573e-17,3.837084759624637e-18
7.34939,9.110149448504271e-17,4.375388859418036e-18
7.35019,9.182785659670508e-17,4.0481157022814746e-18
7.35099,9.853580588709498e-17,4.362641915233921e-18
7.35179,9.261680399262631e-17,4.290315478123523e-18
7.35259,9.206402214502438e-17,4.120342518758638e-18
7.35339,9.446735186131031e-17,3.702697164124097e-18
7.35419,8.734933899263609e-17,3.786797781162602e-18
7.35499,8.820436485774693e-17,3.7374511110201665e-18
7.35579,8.791445188647256e-17,3.4250195475429893e-18
7.35659,8.796023798822287e-17,3.9428126975742924e-18
7.35739,9.13035731343839e-17,4.3154873311734454e-18
7.35819,8.842965626074641e-17,3.639412150895706e-18
7.35899,8.756768653181511e-17,3.6703643853041254e-18
7.35979,8.774441841917396e-17,4.2760373379283495e-18
7.36059,8.174984082380281e-17,3.869820501647397e-18
7.36139,8.576220765198544e-17,3.563290463315602e-18
7.36219,9.141815079623428e-17,3.552454484191922e-18
7.36299,8.919752644233874e-17,4.2923772349183865e-18
7.3638,9.098285318265139e-17,3.712236955772326e-18
7.3646,8.783088568833936e-17,3.63683165778459e-18
7.3654,8.752738695628e-17,3.8293847171671646e-18
7.3662,9.243325661872008e-17,3.9246306814269145e-18
7.367,8.977390525189716e-17,3.9136380038320895e-18
7.3678,9.045884189901787e-17,4.165871152128766e-18
7.3686,9.297602726580041e-17,3.9560446281148246e-18
7.3694,9.035740440179795e-17,4.1646141348073595e-18
7.3702,9.294622529201991e-17,3.5670538964759524e-18
7.371,9.31989133937696e-17,4.0450070792800434e-18
7.3718,9.086390392565643e-17,4.52900195380892e-18
7.3726,8.790175936935661e-17,3.792817966906416e-18
7.3734,8.893243032447745e-17,3.8055277697935195e-18
7.3742,8.456932648476282e-17,4.538366816789312e-18
7.375,8.415922114134313e-17,3.8309321816394666e-18
7.3758,8.732396563571766e-17,3.8419033888572116e-18
7.3766,8.73112118520046e-17,3.757912364085731e-18
7.37741,9.225708785161011e-17,3.8356225795560326e-18
7.37821,8.800623523553233e-17,3.603117111485167e-18
7.37901,8.857302320316262e-17,3.1372762454156792e-18
7.37981,9.175929543719456e-17,3.601360574908136e-18
7.38061,8.504548332270089e-17,4.400134488623135e-18
7.38141,8.954281493949762e-17,3.4611996792241093e-18
7.38221,8.528000091344455e-17,3.500410346197078e-18
7.38301,8.711881468928537e-17,3.6981620147028945e-18
7.38381,8.912358049912455e-17,3.7050612359935124e-18
7.38461,9.194428351170033e-17,3.969611246447687e-18
7.38541,9.337058365640287e-17,4.197447876962832e-18
7.38621,9.379768173916747e-17,5.144769619143375e-18
7.38701,8.722785582026783e-17,4.4549992549259454e-18
7.38781,8.41340290510645e-17,3.683603888867564e-18
7.38861,8.831046543313498e-17,3.690791768411797e-18
7.38941,8.662569692382597e-17,3.841968425157531e-18
7.39021,8.932697077617705e-17,3.7466242747598415e-18
7.39101,9.133590895374707e-17,4.348960552595004e-18
7.39182,9.191087415958785e-17,3.504887647605028e-18
7.39262,8.991716333959808e-17,3.4944510944836134e-18
7.39342,8.976135453617145e-17,3.6952671633387655e-18
7.39422,8.78631209812604e-17,3.2199793311734785e-18
7.39502,8.980913489134116e-17,3.372798150261981e-18
7.39582,8.862229394580466e-17,3.88335369149149e-18
7.39662,9.22458848836962e-17,3.8062052865328195e-18
7.39742,9.573944199003907e-17,3.773421162592997e-18
7.39822,8.90955182278977e-17,3.493661907643037e-18
7.39902,8.716163771653443e-17,3.4503737447128064e-18
7.39982,8.88294950342524e-17,3.57129167304571e-18
7.40062,9.187816111266236e-17,3.664929593567689e-18
7.40142,8.465777525222738e-17,4.507057220134481e-18
7.40222,8.367877232060423e-17,4.4371596411475194e-18
7.40302,8.154176761973161e-17,3.795217189456651e-18
7.40382,8.652384264805742e-17,4.11788311054548e-18
7.40462,8.394068410237007e-17,4.018278765599385e-18
7.40543,8.86753783171952e-17,3.78803576708319e-18
7.40623,8.433721265674881e-17,4.134051927792669e-18
7.40703,8.244934565050351e-17,4.0445846848710275e-18
7.40783,8.723015589974027e-17,3.8843324747731694e-18
7.40863,8.899876563878481e-17,3.706070520655015e-18
7.40943,8.639303953849074e-17,3.3651746246123826e-18
7.41023,9.062748307616328e-17,3.9069790946006954e-18
7.41103,8.949096260687602e-17,3.9772371996997025e-18
7.41183,9.051943409777832e-17,4.215413749485992e-18
7.41263,8.763789352053391e-17,4.676839576307564e-18
7.41343,8.253499378261518e-17,3.9786919138922996e-18
7.41423,8.690227038156072e-17,3.830461711879269e-18
7.41503,8.579319159969966e-17,4.102197149494167e-18
7.41583,8.405320371583549e-17,3.668453702577518e-18
7.41663,8.194755017301528e-17,3.559245065955348e-18
7.41743,8.34177151164052e-17,3.5623394434069444e-18
7.41823,8.28235731584608e-17,4.292187758580296e-18
7.41903,8.388738739668881e-17,4.439074737289478e-18
7.41984,8.518891152486109e-17,3.995795655798068e-18
7.42064,8.4429368180794e-17,3.8919470427393254e-18
7.42144,8.145439766971171e-17,3.9415598307807155e-18
7.42224,8.232389922453351e-17,3.517275973197976e-18
7.42304,8.599376203622082e-17,3.524045582647513e-18
7.42384,9.187317961864054e-17,3.6511627393754714e-18
7.42464,9.160518731610664e-17,3.6064528485317296e-18
7.42544,8.853922775897376e-17,3.590616851152517e-18
7.42624,8.709273897988817e-17,3.4563926942251463e-18
7.42704,8.659961562460021e-17,3.4423523382646973e-18
7.42784,9.29704143083096e-17,4.19772508129646e-18
7.42864,8.4612995759257e-17,3.305781426480886e-18
7.42944,8.693700742998989e-17,4.530766840192843e-18
7.43024,8.799284526557729e-17,5.088968328032678e-18
7.43104,8.736189823083976e-17,4.281108292116411e-18
7.43184,8.508452653658774e-17,4.1700739258739665e-18
7.43264,8.495002742041944e-17,4.007282644041695e-18
7.43345,8.631438562239532e-17,3.791267801407334e-18
7.43425,8.601376583455755e-17,3.70253474146709e-18
7.43505,8.752616579733898e-17,3.4446102518483113e-18
7.43585,8.870791601206653e-17,4.278180096694984e-18
7.43665,8.818729490078604e-17,4.7266782928170795e-18
7.43745,8.59922567262147e-17,4.0142306733291085e-18
7.43825,8.487840416463115e-17,3.753418387466447e-18
7.43905,8.688108257777054e-17,3.7904712599905834e-18
7.43985,8.236291909492185e-17,3.465579028803919e-18
7.44065,8.040644838772466e-17,3.1299415541842536e-18
7.44145,7.788002464002485e-17,3.186054091474916e-18
7.44225,8.308024573747785e-17,3.996266530753549e-18
7.44305,8.873787141087231e-17,4.379945448326449e-18
7.44385,8.727396857715403e-17,3.515315784733218e-18
7.44465,8.70946479431376e-17,3.7801588734281515e-18
7.44545,8.711830266248721e-17,4.3362613038577995e-18
7.44625,9.088537476455267e-17,4.5446699878729185e-18
7.44705,9.18641081022878e-17,5.466650071002256e-18
7.44786,8.916821317620296e-17,5.7638808569552395e-18
7.44866,8.650742394478175e-17,4.6616443799093715e-18
7.44946,9.0744173053656e-17,4.241971145878763e-18
7.45026,8.948269424327605e-17,4.031418931884197e-18
7.45106,8.660189013066225e-17,4.263991526263829e-18
7.45186,8.843378592160524e-17,4.5627836692554895e-18
7.45266,9.097299604099194e-17,4.0361242884399745e-18
7.45346,9.35366113659746e-17,4.726558804729748e-18
7.45426,9.146571990628807e-17,4.909283455221977e-18
7.45506,8.812158070462203e-17,4.690149261286857e-18
7.45586,9.182467590462256e-17,5.3591364522592845e-18
7.45666,9.218846191966668e-17,4.784792573345622e-18
7.45746,8.986036363256247e-17,4.202964118888777e-18
7.45826,9.047507939850478e-17,3.839136772858526e-18
7.45906,8.873976803047994e-17,3.9781294657248456e-18
7.45986,8.673078328102424e-17,4.277158587360391e-18
7.46066,8.682289858759561e-17,3.691338024492904e-18
7.46147,8.391815435691046e-17,3.714825107930587e-18
7.46227,7.647106254424999e-17,3.8924114558318065e-18
7.46307,8.756608205254652e-17,3.9303771485103246e-18
7.46387,8.586413357877546e-17,3.9464974487265435e-18
7.46467,8.709427142908201e-17,4.529850453332089e-18
7.46547,8.576836744312944e-17,4.976413614850874e-18
7.46627,7.690842228360933e-17,4.458860498927772e-18
7.46707,8.170586307692722e-17,3.964142254207032e-18
7.46787,8.27162116908583e-17,4.21580230621326e-18
7.46867,8.408191353720263e-17,3.988494859847393e-18
7.46947,8.337805063624299e-17,3.372886974313756e-18
7.47027,8.570560757514638e-17,3.557861353178187e-18
7.47107,8.988757775525161e-17,3.3373707722232032e-18
7.47187,8.410083536384752e-17,3.843516068269852e-18
7.47267,8.586038713431413e-17,3.865035756085406e-18
7.47347,8.770198071432192e-17,3.91024012650954e-18
7.47427,8.485774274847558e-17,3.87878129665573e-18
7.47507,8.700121427894789e-17,3.770944638378012e-18
7.47588,8.749416597078018e-17,4.1951530278480315e-18
7.47668,8.636064468950417e-17,4.072905787355219e-18
7.47748,8.929457788992006e-17,4.0638875312306484e-18
7.47828,8.573149740804473e-17,3.819852583294635e-18
7.47908,8.551691910937809e-17,3.997111117863597e-18
7.47988,8.574148033899237e-17,3.852317128651988e-18
7.48068,8.37997206518148e-17,4.369797932522143e-18
7.48148,8.351936610804696e-17,4.394654715106925e-18
7.48228,8.043402806275616e-17,4.1949885093351395e-18
7.48308,8.245220116126324e-17,4.405865761660706e-18
7.48388,8.266579725258682e-17,3.8636406591502235e-18
7.48468,8.276068013522555e-17,3.9434171251460984e-18
7.48548,8.045797546657781e-17,3.4840627633424836e-18
7.48628,8.450848209856124e-17,3.688036147715038e-18
7.48708,8.671584279484834e-17,3.523079392544054e-18
7.48788,8.530072083013939e-17,3.2300613698657266e-18
7.48868,8.865811746868608e-17,3.229629622739676e-18
7.48949,8.563147679246718e-17,3.4576969437892837e-18
7.49029,8.44800703049378e-17,3.562603538751995e-18
7.49109,8.717507287248519e-17,3.7961073908192074e-18
7.49189,8.926882915590247e-17,3.6316403448478674e-18
7.49269,8.940005699329642e-17,4.088545859477462e-18
7.49349,8.735493646591831e-17,4.698957404918028e-18
7.49429,8.421938629617307e-17,4.5361735486169e-18
7.49509,8.593564608166934e-17,4.481452605766017e-18
7.49589,8.078866184924809e-17,4.923657841925383e-18
7.49669,9.291463512395552e-17,4.376164725107869e-18
7.49749,8.16688781484251e-17,4.6842088142799195e-18
7.49829,8.456442917078022e-17,4.5657144211163224e-18
7.49909,8.617281230949462e-17,4.0844238979800876e-18
7.49989,8.596747301367989e-17,4.543024686121903e-18
7.50069,8.411841478330827e-17,4.165920071721584e-18
7.50149,8.735149598159435e-17,4.2088246959702866e-18
7.50229,8.708050487781094e-17,4.056637823012086e-18
7.50309,8.834808396722308e-17,3.812591499795881e-18
7.5039,9.003174303375818e-17,3.9015670647278854e-18
7.5047,8.487019673211327e-17,3.3313314506999565e-18
7.5055,8.327523860502323e-17,3.7265763307486515e-18
7.5063,8.729216962857389e-17,3.965428409943306e-18
7.5071,8.546040798174212e-17,3.5836501218033295e-18
7.5079,8.857105000400288e-17,4.060306358858896e-18
7.5087,8.844309210060385e-17,4.658917083782744e-18
7.5095,8.552654310745572e-17,3.999923627795834e-18
7.5103,8.421859015788898e-17,3.885492162142924e-18
7.51065,7.805481222265109e-17,2.9329414625534617e-18
7.5111,8.090576089879977e-17,3.8770589555095946e-18
7.5119,8.555107156161067e-17,3.9280995901900715e-18
7.51195,8.186330771887367e-17,3.01931050561808e-18
7.5127,8.80584393133912e-17,3.731544365629123e-18
7.51325,7.972657081294456e-17,3.6414502936639875e-18
7.5135,8.247248108416234e-17,3.955609829420378e-18
7.5143,8.366613491237923e-17,4.071084910428617e-18
7.51455,8.099497199680422e-17,4.297736598185413e-18
7.5151,8.476504825044703e-17,4.6767812351535144e-18
7.51586,8.139201263828145e-17,2.770729864824828e-18
7.5159,8.510696420488685e-17,4.6179433080505984e-18
7.5167,8.475375619949259e-17,4.482239444026586e-18
7.51716,7.972499576522692e-17,2.746295462682347e-18
7.51751,7.70383576068234e-17,4.023860909897747e-18
7.51831,8.352535340735251e-17,4.171565021487048e-18
7.51846,8.018389411958077e-17,2.5698618628382925e-18
7.51911,8.668984035397751e-17,4.1362041986087945e-18
7.51976,8.213575544285012e-17,2.6353935789834093e-18
7.51991,8.276346701724054e-17,3.206418111182251e-18
7.52071,8.67868622788813e-17,3.639468519069776e-18
7.52106,8.481177521512114e-17,2.5336419431066667e-18
7.52151,8.119643737686618e-17,3.81841850171975e-18
7.52231,8.676272155341047e-17,3.598508278833224e-18
7.52236,7.900130781900468e-17,2.7193090352782072e-18
7.52311,8.662560708809373e-17,4.1633505440295034e-18
7.52366,7.718565294892628e-17,3.0243655924507396e-18
7.52391,8.726017150555236e-17,3.755137032423913e-18
7.52471,9.052654695272254e-17,3.796004172954215e-18
7.52496,7.855297677313349e-17,2.5299476687975817e-18
7.52551,8.526234108966294e-17,4.317067241598085e-18
7.52627,7.902074659785565e-17,2.8352953944180022e-18
7.52631,8.479484957719302e-17,4.4147635913569074e-18
7.52711,8.475549247617913e-17,4.452646187011539e-18
7.52757,7.892170179605473e-17,2.34564748211757e-18
7.52791,8.344438225586452e-17,4.206824363250737e-18
7.52871,8.47599846268107e-17,4.3787604812044285e-18
7.52887,7.912849145623226e-17,2.4455296741245816e-18
7.52951,8.574340921581178e-17,4.65704216215681e-18
7.53017,7.670182378848902e-17,2.3515623333404747e-18
7.53031,8.102654229080326e-17,4.4440897284111736e-18
7.53111,8.449651385899551e-17,4.5544251519628864e-18
7.53147,7.979502906794513e-17,2.5109624842068284e-18
7.53192,8.707906904890276e-17,4.5418240695858e-18
7.53272,7.952134201315644e-17,3.9028257038820404e-18
7.53277,8.0445013588182e-17,2.7073171081352283e-18
7.53352,8.54085490056777e-17,4.840418414817647e-18
7.53407,8.188544753070692e-17,3.037818174739278e-18
7.53432,8.86436816617493e-17,4.6286378414132955e-18
7.53512,8.835754274412831e-17,4.7374585897063045e-18
7.53538,8.230448149332753e-17,3.198397544698181e-18
7.53592,8.771467204113455e-17,4.7974497371037585e-18
7.53668,7.953708310672524e-17,2.6502380676220222e-18
7.53672,8.629857621801401e-17,4.402045782673602e-18
7.53752,8.398443462698918e-17,4.533652686468387e-18
7.53798,8.124183233835841e-17,3.1125312234646705e-18
7.53832,8.430374658276097e-17,4.189425113043603e-18
7.53912,8.486463730708104e-17,4.108097802491465e-18
7.53928,7.639750384563489e-17,2.810152440715519e-18
7.53992,8.494422815228078e-17,4.740986827007054e-18
7.54058,7.666687353512752e-17,3.921043142202139e-18
7.54072,8.193223967814099e-17,5.200124958526258e-18
7.54152,8.331018996528993e-17,4.225765373684231e-18
7.54188,7.978286225954179e-17,3.3248129142218425e-18
7.54232,8.385571151616116e-17,5.636898100821305e-18
7.54312,8.404722029686173e-17,4.65512940247286e-18
7.54318,7.96420406741953e-17,3.4268227746235842e-18
7.54392,8.719151031115713e-17,4.92555288232098e-18
7.54449,7.89304523894254e-17,2.8178503314026923e-18
7.54472,8.429244026965583e-17,4.880772703216946e-18
7.54553,8.38085262157488e-17,4.573587320911673e-18
7.54579,7.822804672685537e-17,2.4484353562758066e-18
7.54633,8.53895405863653e-17,5.323683997105038e-18
7.54709,8.051313768900334e-17,2.5042330511617032e-18
7.54713,7.794736997436067e-17,4.454264470017768e-18
7.54793,8.360859012291053e-17,4.833522047304171e-18
7.54839,7.780503466944461e-17,2.4037790173015194e-18
7.54873,8.326172799724724e-17,4.934846194168859e-18
7.54953,7.960265947006974e-17,4.625543385203981e-18
7.54969,7.830071018257836e-17,2.4610097703045645e-18
7.55033,7.872585418845155e-17,4.6449847991086256e-18
7.55099,8.169321319273895e-17,2.7495224606703093e-18
7.55113,8.261677381559428e-17,4.511614030394423e-18
7.55193,8.147877849540417e-17,3.9807660165175025e-18
7.55229,7.914515182912198e-17,2.5235888144595717e-18
7.55273,8.315474448264068e-17,5.8753860972880186e-18
7.55353,8.214087761190456e-17,5.578817809451822e-18
7.55359,7.754382081549082e-17,3.2741400036129597e-18
7.55433,8.736752774209836e-17,4.2806703466990645e-18
7.5549,8.310748783405747e-17,3.0111914125105556e-18
7.55513,8.894985974933725e-17,4.154659395304953e-18
7.55593,8.917279001121005e-17,3.501312604902728e-18
7.5562,7.666903743282966e-17,3.015685176731825e-18
7.55673,8.723608442917071e-17,3.868636191952145e-18
7.5575,7.768521224310673e-17,3.131731276383083e-18
7.55753,8.434892353596244e-17,3.7394558282120255e-18
7.55833,8.623486067502087e-17,3.981463955151111e-18
7.5588,7.754654884277271e-17,3.2280330675921713e-18
7.55913,8.358574847841344e-17,4.395077413923296e-18
7.55994,8.827574125333398e-17,4.395694373246334e-18
7.5601,7.874809604635623e-17,3.071020842087881e-18
7.56074,8.732456521613211e-17,4.422121725965443e-18
7.5614,7.820295094442068e-17,2.749592591973731e-18
7.56154,8.125849847227904e-17,4.6455860940817425e-18
7.56234,8.77378182024863e-17,4.5578795022794916e-18
7.5627,7.854270227354436e-17,2.5602136085279743e-18
7.56314,8.419571252111861e-17,5.1924975951373304e-18
7.56394,8.6226690942779e-17,5.5438172755348846e-18
7.56401,8.338519186163348e-17,2.6544532528843568e-18
7.56474,8.554128515921986e-17,4.5835317124349435e-18
7.56531,7.906327576245417e-17,2.9410396289454667e-18
7.56554,8.242232288811066e-17,4.9752336308768915e-18
7.56634,8.515383783826915e-17,4.7521601985590234e-18
7.56661,8.067633130804582e-17,3.082068182617336e-18
7.56714,8.394347355684908e-17,4.719675660375297e-18
7.56791,8.276636883820722e-17,2.8123896274205542e-18
7.56794,8.343575348330705e-17,4.3490350670673876e-18
7.56874,8.480665824021024e-17,3.953453516797957e-18
7.56921,8.200240187322081e-17,2.676264697424906e-18
7.56954,8.391024879232627e-17,4.5383010532931496e-18
7.57034,8.587789292269222e-17,4.21249994062949e-18
7.57051,7.822012458277729e-17,3.49481159447068e-18
7.57114,8.655500934530297e-17,3.5632602790901895e-18
7.57181,7.916499465109056e-17,3.1105211381660885e-18
7.57194,8.223444142682768e-17,3.580992913471636e-18
7.57274,8.434253583534585e-17,4.160376968624857e-18
7.57311,7.757655124105625e-17,3.481757636886743e-18
7.57355,8.253477178274247e-17,4.557708727866011e-18
7.57435,8.275901753340904e-17,4.2705614296972135e-18
7.57442,8.003003605916889e-17,3.333746048136622e-18
7.57515,8.379242557640778e-17,4.534475023526281e-18
7.57572,7.905196102014354e-17,3.258185048425105e-18
7.57595,8.23017529808902e-17,4.761995934548089e-18
7.57675,8.080831526874548e-17,4.2353351478374524e-18
7.57702,8.105645596794531e-17,3.159183129759178e-18
7.57755,8.2707502943641e-17,4.754338635230962e-18
7.57832,7.86814524465456e-17,3.1358878376594385e-18
7.57835,7.841579672551793e-17,4.85977443711638e-18
7.57915,7.996440978306615e-17,4.70763279456617e-18
7.57962,8.038241820948802e-17,2.862341322855711e-18
7.57995,8.31651642002111e-17,5.3169975037677476e-18
7.58075,8.222529942826591e-17,4.5153379499536936e-18
7.58092,8.093505477158188e-17,2.3345342725511706e-18
7.58155,8.455223054461195e-17,4.579486248457646e-18
7.58222,8.023744672283344e-17,2.3904101676652396e-18
7.58235,8.210366449241921e-17,4.5405004840672026e-18
7.58315,8.095360694013715e-17,4.4950095780070294e-18
7.58353,8.12654602553281e-17,2.8777647278783408e-18
7.58395,8.273625489691656e-17,4.748000137418601e-18
7.58475,8.757429691086776e-17,4.362422522695867e-18
7.58483,7.794962853414773e-17,2.9905850135393573e-18
7.58555,8.508925383364247e-17,3.999391137274977e-18
7.58613,7.728657498730679e-17,2.9870308279424665e-18
7.58635,8.167109089164059e-17,3.9614966902983755e-18
7.58716,7.964154002629374e-17,4.140424483479304e-18
7.58743,7.398246128670883e-17,2.736579347117116e-18
7.58796,8.330049757303038e-17,4.1573176457600945e-18
7.58873,7.831369510224644e-17,3.0998218237709994e-18
7.58876,8.605233728668591e-17,3.9020160744529546e-18
7.58956,8.74743563824697e-17,3.6331840150081505e-18
7.59003,7.723817303653198e-17,3.269321192577536e-18
7.59036,8.465923560628497e-17,4.382127644743826e-18
7.59116,8.131522032764193e-17,4.2783820232022325e-18
7.59133,7.923240520324595e-17,3.1514489994542296e-18
7.59196,8.590321933249942e-17,4.9450310282672665e-18
7.59263,7.81710350341361e-17,2.986549236717618e-18
7.59276,8.624426818789406e-17,4.472700100248558e-18
7.59356,8.207818338091873e-17,4.620323191065746e-18
7.59394,7.656590008145173e-17,2.81850308612991e-18
7.59436,8.574346668384562e-17,4.533391627466603e-18
7.59516,7.839876895003414e-17,4.932655481391074e-18
7.59524,7.674169832668477e-17,2.655864258249975e-18
7.59596,7.957619309629536e-17,4.6465186722820464e-18
7.59654,7.740371538040279e-17,2.7091565619287017e-18
7.59676,8.276264605351099e-17,4.614124076796174e-18
7.59756,8.551401896106616e-17,4.945107913715246e-18
7.59784,7.285594587655222e-17,2.746445508261897e-18
7.59836,8.19900287453328e-17,5.2543970090539425e-18
7.59914,7.445604709546826e-17,2.7883662628276957e-18
7.59916,7.492222924951702e-17,4.52922958926311e-18
7.59996,7.693588033545206e-17,4.4969699763963065e-18
7.60044,7.755343282324685e-17,2.599077861787249e-18
7.60076,7.583965622607834e-17,4.233804734263316e-18
7.60157,7.369482837850897e-17,4.299250774435655e-18
7.60174,7.74200925409619e-17,3.1122763892334098e-18
7.60237,7.770685227558768e-17,4.400690378602384e-18
7.60305,7.967646244893277e-17,2.9991575067726152e-18
7.60317,7.984141172414104e-17,4.742843526940607e-18
7.60397,8.18647626050537e-17,4.2762972146581e-18
7.60435,8.093006748301635e-17,3.233664645718845e-18
7.60477,8.388737325506236e-17,3.609141550744952e-18
7.60557,8.014071583594109e-17,3.420190449596428e-18
7.60565,7.718671222561196e-17,2.8839665856214493e-18
7.60637,8.178328063514576e-17,3.8916918053824864e-18
7.60695,7.456909230251253e-17,2.520767906203159e-18
7.60717,8.021117271642406e-17,3.9261518357348384e-18
7.60797,8.104432267776351e-17,3.683859948301141e-18
7.60825,7.017704670180051e-17,2.8378689852764284e-18
7.60877,8.178674908550131e-17,4.050931980861151e-18
7.60955,7.464099135808579e-17,3.2103495284944797e-18
7.60957,8.219320455594243e-17,4.139759343059757e-18
7.61037,7.947485345052936e-17,3.7831727628149135e-18
7.61085,7.713076826782033e-17,3.3705317813909157e-18
7.61117,8.097837772997315e-17,4.143836170958708e-18
7.61197,8.001558390375425e-17,4.3994056233173e-18
7.61215,7.557694663059241e-17,2.3986574010731783e-18
7.61277,8.210105852878138e-17,5.084307432452098e-18
7.61346,7.773844027493457e-17,2.773475672724271e-18
7.61357,8.205529484740629e-17,4.2996322183194784e-18
7.61437,8.33182109560445e-17,4.314798273704845e-18
7.61476,7.394717969962683e-17,2.467683850538627e-18
7.61518,7.928852263622406e-17,4.385326630691752e-18
7.61598,8.141902781640167e-17,4.436443556213607e-18
7.61606,7.882643608606927e-17,2.495908129681425e-18
7.61678,8.014612333575646e-17,4.4631087950357245e-18
7.61736,7.781456224689545e-17,2.4956060462759668e-18
7.61758,7.968306646961854e-17,4.1230123641272375e-18
7.61838,7.858595047024922e-17,3.9534171125680756e-18
7.61866,7.728661585512479e-17,2.522068897833445e-18
7.61918,7.913681072867119e-17,4.5774943710195634e-18
7.61996,7.51414571822587e-17,3.0068063781295905e-18
7.61998,7.662260470809938e-17,4.614298084282225e-18
7.62078,7.860295661536435e-17,3.954267082980568e-18
7.62126,7.532253001935777e-17,3.032904108378428e-18
7.62158,7.917612011687907e-17,3.811442796824567e-18
7.62238,8.081992450130468e-17,3.669663688202395e-18
7.62257,7.732976122613524e-17,2.1362680656289026e-18
7.62318,8.756137144384298e-17,3.504393171602572e-18
7.62387,7.884572505688765e-17,2.7112592403115076e-18
7.62398,8.722645608994695e-17,3.7078029176290345e-18
7.62478,8.14130779778811e-17,3.605257706745194e-18
7.62517,7.652186726672295e-17,3.1579179644513045e-18
7.62558,8.414333627032986e-17,4.070854756757725e-18
7.62638,8.136313069650994e-17,4.081515402220957e-18
7.62647,7.668721393933598e-17,2.9245149282524194e-18
7.62718,8.050936586752019e-17,4.479143504231667e-18
7.62777,7.797545251471677e-17,2.6357034672564245e-18
7.62798,8.228908628467705e-17,5.1921834913553136e-18
7.62878,8.121095099143782e-17,4.2062803114031715e-18
7.62907,7.371007757708981e-17,2.4770566473065912e-18
7.62959,7.88243690413778e-17,4.8774489526600864e-18
7.63037,7.673260728160534e-17,2.9998773291351984e-18
7.63039,7.70749630617482e-17,4.457566910162947e-18
7.63119,7.716294879311071e-17,4.399778886864351e-18
7.63167,7.407213394335126e-17,2.8293714770685625e-18
7.63199,7.945469690720454e-17,4.7942859491791306e-18
7.63279,8.16090215262681e-17,4.501871538262688e-18
7.63298,7.713259853456597e-17,2.426127862352053e-18
7.63359,8.354081434600892e-17,4.8469241750579915e-18
7.63428,7.87016568988852e-17,2.7550194948757234e-18
7.63439,8.154245565593599e-17,4.0130584764570434e-18
7.63519,8.597828523406252e-17,3.964744335687478e-18
7.63558,7.860615409627493e-17,2.4591959710713274e-18
7.63599,8.40639329198986e-17,3.912092327244705e-18
7.63679,8.1995778200269e-17,3.796274036500781e-18
7.63688,7.972545981550873e-17,2.5034898634330642e-18
7.63759,7.852366077124813e-17,4.319643766010443e-18
7.63818,7.780451449434074e-17,2.6570084905448625e-18
7.63839,7.937734496025941e-17,4.367081392153472e-18
7.63919,7.994775269842879e-17,3.9997233121951475e-18
7.63948,8.040842905678454e-17,2.707907601034582e-18
7.63999,8.367130688947938e-17,3.9986259728266015e-18
7.64078,8.063357952891343e-17,2.655486970749597e-18
7.64079,7.996387068539295e-17,4.604276399042303e-18
7.64159,8.265833581151538e-17,4.252871869579827e-18
7.64209,7.872201300285535e-17,2.7595043624002106e-18
7.64239,7.956134471151073e-17,3.797839792152205e-18
7.6432,7.993163266627705e-17,4.5377983884157026e-18
7.64339,7.549993249121121e-17,2.751913433772781e-18
7.644,7.519538616908651e-17,4.316713096849404e-18
7.64469,7.489466945604907e-17,2.7613523192575216e-18
7.6448,7.856388182206205e-17,4.2997329802184434e-18
7.6456,8.433357338569891e-17,4.7925086943778194e-18
7.64599,7.669655955795898e-17,2.9173017953640563e-18
7.6464,9.340202254662299e-17,5.403369146206342e-18
7.6472,8.641560617249979e-17,4.9892897561659295e-18
7.64729,7.674648354065708e-17,2.9284129551295505e-18
7.648,8.590682919724367e-17,5.0873395819603545e-18
7.64859,7.88996164014282e-17,2.7247601537496277e-18
7.6488,8.538932577257114e-17,4.6568247951070146e-18
7.6496,8.619997389264605e-17,4.252112497426406e-18
7.64989,8.188721031191202e-17,2.7037188373301757e-18
7.6504,8.810344984404131e-17,4.171802029702753e-18
7.6512,8.380312792356997e-17,2.7730502538869568e-18
7.6525,8.270774224915154e-17,2.3082862520096733e-18
7.6538,8.076731674514836e-17,2.4792249534190277e-18
7.6551,8.09046136028202e-17,2.720169312066232e-18
7.6564,8.186933161255354e-17,2.637297198818572e-18
7.6577,8.005825737609403e-17,2.994832720536177e-18
7.659,7.770621036435135e-17,3.2008045198615917e-18
7.6603,7.841476035200361e-17,2.910472427938917e-18
7.66161,7.640634564721198e-17,2.4632959802562304e-18
7.66291,7.817227594696523e-17,2.598987826328737e-18
7.66421,7.889531468737721e-17,2.838951458085644e-18
7.66551,7.944812295386075e-17,3.0538626953683983e-18
7.66681,7.908192640233086e-17,2.6602013483091372e-18
7.66811,7.974865069070384e-17,2.5146718969779586e-18
7.66941,7.959460333444935e-17,2.4087776145433742e-18
7.67072,8.13871017489289e-17,2.609713536250437e-18
7.67202,7.904233488485834e-17,2.9475565330222684e-18
7.67332,7.741303470576916e-17,3.325255214427824e-18
7.67462,7.893230680177804e-17,3.2510737070951443e-18
7.67592,8.062600565646196e-17,3.533474411652046e-18
7.67722,8.299147129879425e-17,3.1096940630596706e-18
7.67852,7.961740927159532e-17,2.8411009448037192e-18
7.67982,7.92213914726246e-17,3.2150324449684005e-18
7.68113,7.777572671268623e-17,3.1746800256597697e-18
7.68243,7.64773120565101e-17,2.9600199667798978e-18
7.68373,8.337147743454453e-17,2.9560705513154818e-18
7.68503,8.293928698482824e-17,2.9333930713753386e-18
7.68633,8.074449596034286e-17,2.8601849260172967e-18
7.68763,8.090761624325348e-17,2.3959617772252153e-18
7.68893,8.25347434489173e-17,2.4566539059169798e-18
7.69024,8.16026350633781e-17,2.380394284151651e-18
7.69154,8.309580103242016e-17,2.6221135495886416e-18
7.69284,8.022608874005492e-17,2.729214233380532e-18
7.69414,7.93199674748189e-17,2.726824300601654e-18
7.69544,7.750434299233732e-17,2.6167269039628512e-18
7.69674,8.034674201719638e-17,2.848940736260641e-18
7.69804,7.390232366890197e-17,2.9938341066965306e-18
7.69934,7.57222070673082e-17,2.4226198052176053e-18
7.70065,7.956258980497181e-17,2.719992439476739e-18
7.70195,8.349915661435908e-17,2.532315411952433e-18
7.70325,8.404538738313977e-17,2.4705055898228162e-18
7.70455,8.265742910482202e-17,2.835741594013617e-18
7.70585,8.39607358594731e-17,2.7956635803912666e-18
7.70715,8.485596591023153e-17,2.6422087706900786e-18
7.70845,7.706919051355931e-17,2.30653480450104e-18
7.70976,7.808017838418122e-17,2.617427918202178e-18
7.71106,7.438627789925948e-17,2.6801733791034448e-18
7.71236,7.10459563309288e-17,2.8371043223888764e-18
7.71366,7.309073123288666e-17,2.60031989626964e-18
7.71496,7.707640114397381e-17,2.929099832320127e-18
7.71626,7.837310351935322e-17,2.9679108641202474e-18
7.71756,7.982466798995036e-17,2.641543365226575e-18
7.71886,8.17705545990773e-17,2.5444146723903136e-18
7.72017,8.09923250160988e-17,2.454112822422686e-18
7.72147,8.149931036624945e-17,2.2631460563625353e-18
7.72277,7.971624274922871e-17,2.4917149384439633e-18
7.72407,8.161097253566262e-17,2.5582987268591605e-18
7.72537,7.846693128207239e-17,2.6436526523910073e-18
7.72667,7.881472622410645e-17,2.5549017976592967e-18
7.72797,7.794856172726969e-17,3.0017603671825906e-18
7.72928,7.634534968031038e-17,2.6424575812862133e-18
7.73058,7.884541125189729e-17,2.5767066003452274e-18
7.73188,7.940194542935063e-17,3.2692227698068817e-18
7.73318,8.226835827686903e-17,2.597600675249116e-18
7.73448,7.764357042434771e-17,2.662508011686585e-18
7.73578,8.314114699104242e-17,2.5063175701147332e-18
7.73708,8.426496006321957e-17,2.678346211442508e-18
7.73839,8.211715522312996e-17,2.7487921065233898e-18
7.73969,7.596729088690029e-17,2.532918035977992e-18
7.74099,7.932811298139123e-17,2.4181654166132788e-18
7.74229,7.965543638553553e-17,2.5548721679310955e-18
7.74359,7.862681005600495e-17,2.468378907354716e-18
7.74489,7.759568765504994e-17,2.698716129568765e-18
7.74619,7.875601304415145e-17,3.236942865679335e-18
7.74749,8.168943324268522e-17,3.2476238151615893e-18
7.7488,7.257028898377468e-17,3.698788431598787e-18
7.7501,7.670449656317313e-17,2.7543597996115827e-18
7.7514,7.893207380169688e-17,2.575511080606319e-18
7.7527,7.845803886357013e-17,2.537126369982913e-18
7.754,7.693921929348219e-17,2.5354190669077484e-18
7.7553,7.66064091119703e-17,2.3727575537432297e-18
7.7566,7.612471452362431e-17,2.986104758582202e-18
7.75791,8.188525691879005e-17,2.816753119450144e-18
7.75921,7.944273075862094e-17,2.8760139546610022e-18
7.76051,7.559912581294335e-17,2.6246944982276506e-18
7.76181,8.259764751328127e-17,2.693358108705635e-18
7.76311,7.57398826685096e-17,3.156799258288201e-18
7.76441,7.478126346188614e-17,2.953523403861932e-18
7.76571,7.589162433218241e-17,3.151818289662105e-18
7.76701,7.733571007142063e-17,2.6786146547449928e-18
7.76832,7.714014986892813e-17,2.8582799742981172e-18
7.76962,7.883938126245798e-17,2.8328099984754768e-18
7.77092,7.824064129040713e-17,2.921253470568853e-18
7.77222,8.280674081195849e-17,2.5686073839551648e-18
7.77352,8.052691568455555e-17,3.094080743935955e-18
7.77482,7.795595187646207e-17,4.3274166636279466e-18
7.77612,8.004617599766603e-17,3.517967266133774e-18
7.77743,7.674185367450822e-17,2.8042408373745877e-18
7.77873,8.058482251522403e-17,2.956720641086136e-18
7.78003,8.052502584904797e-17,3.1922765355585677e-18
7.78133,7.651936515770721e-17,2.7406823544190407e-18
7.78263,7.770370111647151e-17,2.7517175451806333e-18
7.78393,8.016475108483231e-17,2.9173928194119724e-18
7.78523,7.95766594643261e-17,3.0001808087638533e-18
7.78653,7.989272311448209e-17,2.8359751997134907e-18
7.78784,7.67115087273682e-17,3.3857829402012676e-18
7.78914,7.688697925662854e-17,3.0870593787938273e-18
7.79044,8.0789538691642e-17,2.9223461048934434e-18
7.79174,7.970592773544509e-17,2.8884074372547264e-18
7.79304,7.86844326502686e-17,2.8075244310556483e-18
7.79434,8.041154405610588e-17,2.8181389046352583e-18
7.79564,7.847666018594968e-17,3.000903838645883e-18
7.79695,7.87054277942591e-17,4.14760076235794e-18
7.79825,7.704587567518105e-17,2.890860442916641e-18
7.79955,7.208966182865795e-17,2.9517546988444905e-18
7.80085,7.281329801684647e-17,2.8610009135592023e-18
7.80215,7.639656137182858e-17,3.491890163253528e-18
7.80345,7.398260765911964e-17,2.8193935978113604e-18
7.80475,7.65629110648297e-17,3.1210601594221643e-18
7.80605,7.578179621647365e-17,2.6730656693811066e-18
7.80736,7.557176837232072e-17,2.9205917714618987e-18
7.80866,7.447161474208215e-17,2.651577927594944e-18
7.80996,7.543229480862236e-17,2.5571258304086077e-18
7.81126,7.524403181371137e-17,2.5748962872465888e-18
7.81256,7.521341708657937e-17,2.5916877338006227e-18
7.81386,7.799292312806888e-17,3.2372169785367693e-18
7.81516,7.800599392952104e-17,3.334308484413588e-18
7.81647,7.403530453779365e-17,3.0149069964341577e-18
7.81777,7.510381925256136e-17,3.179288410488836e-18
7.81907,7.319762523557191e-17,3.646861142446239e-18
7.82037,7.547714402816556e-17,2.922787065003822e-18
7.82167,7.996987013490925e-17,2.9103940577795136e-18
7.82297,7.780514716631874e-17,2.8073407592966328e-18
7.82427,7.579300601557652e-17,2.95360092349103e-18
7.82557,7.613417374217852e-17,2.824943385617202e-18
7.82688,7.872860724397945e-17,2.9465857855004623e-18
7.82818,7.953521746347835e-17,2.5187080640359252e-18
7.82948,7.753983745601525e-17,3.1192685293627106e-18
7.83078,7.798242711796261e-17,2.6370785108990553e-18
7.83208,7.752111213336634e-17,2.5776388638517493e-18
7.83338,7.522616293609481e-17,2.8526854585264626e-18
7.83468,7.437541394793149e-17,2.649955575019011e-18
7.83599,7.184303359820526e-17,2.624844148648494e-18
7.83729,7.028179639084372e-17,3.018746475684203e-18
7.83859,7.71258539266273e-17,3.141336527937994e-18
7.83989,8.071530415163753e-17,3.0806993090116218e-18
7.84119,7.913714921305839e-17,2.7541182951711328e-18
7.84249,7.732297841997764e-17,2.731090258155252e-18
7.84379,7.785766215209523e-17,2.784946071309502e-18
7.8451,7.902779144998665e-17,2.91721697535671e-18
7.8464,7.900575967196988e-17,3.393088381916668e-18
7.8477,8.138514078557623e-17,3.0593811887765097e-18
7.849,7.619186010027939e-17,2.4611234664137786e-18
7.8503,7.51172670211915e-17,3.3459365340580538e-18
7.8516,7.339364125060813e-17,2.723539620629322e-18
7.8529,7.468665186589489e-17,2.709345167085406e-18
7.8542,7.739314522842439e-17,2.569010027196062e-18
7.85551,7.705696084365083e-17,2.5575943355880216e-18
7.85681,7.45649874715068e-17,2.898339062578127e-18
7.85811,7.20597703670169e-17,2.759780215142982e-18
7.85941,7.194301017031527e-17,2.851611706971371e-18
7.86071,7.661553695884459e-17,2.4175855762300146e-18
7.86201,7.793905962584798e-17,2.690212704641756e-18
7.86331,7.707872704777963e-17,3.1093591218946224e-18
7.86462,7.623028348750027e-17,2.7324010660926557e-18
7.86592,8.141112456750428e-17,2.8460458514193747e-18
7.86722,7.897513411164414e-17,3.1659312201170487e-18
7.86852,7.692236203179649e-17,2.904364783931301e-18
7.86982,7.237256586816512e-17,2.590806747893618e-18
7.87112,7.426662506423815e-17,2.8608453582329157e-18
7.87242,7.154478114611437e-17,2.9453380352802178e-18
7.87372,7.5609443035484e-17,2.6578517201708904e-18
7.87503,7.592077039980369e-17,2.8784648003941017e-18
7.87633,7.340915059588976e-17,2.419605298918017e-18
7.87763,7.518958074786055e-17,2.4320788922376485e-18
7.87893,7.609031112759238e-17,2.3422487482485738e-18
7.88023,7.828829169353455e-17,2.1649083735807906e-18
7.88153,7.749235770623039e-17,2.5161808152928353e-18
7.88283,7.691449411816087e-17,2.627046816197015e-18
7.88414,7.583018736914212e-17,2.7820266645798385e-18
7.88544,7.725457847052214e-17,2.82122323766633e-18
7.88674,7.473208017809446e-17,2.588659498758058e-18
7.88804,7.086721213326848e-17,2.587824772644879e-18
7.88934,7.154830488384695e-17,2.8003069895543427e-18
7.89064,7.332946802491984e-17,3.4045427337024786e-18
7.89194,7.364028876790432e-17,2.919716474245422e-18
7.89324,7.385866680507617e-17,2.647559946536373e-18
7.89455,7.138295995016902e-17,2.4580631602618746e-18
7.89585,7.367839344495691e-17,2.9188965380533274e-18
7.89715,7.817593728294241e-17,2.7409898417119245e-18
7.89845,7.677825239146849e-17,2.342235227659791e-18
7.89975,7.788348005141286e-17,2.5171862518191057e-18
7.90105,7.634809534713205e-17,2.7187867376746485e-18
7.90235,7.859224028749501e-17,2.920670073689285e-18
7.90366,7.737614014669964e-17,3.0384577920454926e-18
7.90496,7.652529730805486e-17,2.854133943350101e-18
7.90626,7.204104459391735e-17,2.5752521617223073e-18
7.90756,7.314234535121706e-17,2.489772405817537e-18
7.90886,7.211073366210755e-17,2.5340706019622434e-18
7.91016,6.988642071007232e-17,2.5075302502416497e-18
7.91146,7.29195020367481e-17,2.554013989622915e-18
7.91276,7.548993728856661e-17,2.8185835503010386e-18
7.91407,7.54220806133925e-17,2.8146842790673293e-18
7.91537,7.605608467537065e-17,3.0572479547172373e-18
7.91667,7.497777906982876e-17,3.1293373446729925e-18
7.91797,7.815765647435166e-17,2.9005556971973513e-18
7.91927,7.656847602512901e-17,2.7957887331012226e-18
7.92057,7.497553349010481e-17,3.0056850443916072e-18
7.92187,7.410109645309081e-17,2.867654855729552e-18
7.92318,7.437860832888584e-17,2.7300671800018193e-18
7.92448,7.219697554891737e-17,2.762929046665514e-18
7.92578,7.381697848647071e-17,2.3577690152381037e-18
7.92708,7.554831236669796e-17,2.8928104520146912e-18
7.92838,6.869509182078485e-17,2.7424382663826965e-18
7.92968,7.446940504308194e-17,2.8676277241665533e-18
7.93098,7.400576650434795e-17,2.606862136956903e-18
7.93228,7.6319310546715e-17,2.5491694306974017e-18
7.93359,7.552860170780873e-17,2.8228870656828173e-18
7.93489,7.465324824171413e-17,2.8232915233296524e-18
7.93619,7.63088910530838e-17,2.62486235692874e-18
7.93749,7.849503813933279e-17,2.9004563311764463e-18
7.93879,7.683984143617201e-17,2.92765704414763e-18
7.94009,7.801053321495605e-17,2.7858801048208816e-18
7.94139,7.544392352047197e-17,2.5842285885130837e-18
7.9427,7.427140583076609e-17,2.640981781222419e-18
7.944,7.041815783389686e-17,2.929252015500094e-18
7.9453,7.05679544680531e-17,2.489068511501284e-18
7.9466,7.019112925842193e-17,3.87397902061584e-18
7.9479,7.230299449026859e-17,3.436389106887932e-18
7.9492,7.193142121872649e-17,3.362934716860077e-18
7.9505,7.675743261501015e-17,3.1559787624025693e-18
7.95181,7.746194408079128e-17,2.6152047643364516e-18
7.95311,7.83052312302843e-17,2.7445674505141746e-18
7.95441,7.731443619804278e-17,2.9366945632348763e-18
7.95571,7.447833515593369e-17,2.6631839572879794e-18
7.95701,7.398234073212621e-17,2.771087971837107e-18
7.95831,7.648055593401447e-17,3.3777004739880083e-18
7.95961,7.287550319013756e-17,2.7410213216798877e-18
7.96091,7.584863881916794e-17,2.9805151867650608e-18
7.96222,7.49143476453271e-17,2.7786508513568017e-18
7.96352,7.294419540758919e-17,2.8664509639588047e-18
7.96482,7.657637717199666e-17,3.003749979357108e-18
7.96612,7.474617824541782e-17,2.8664299410398465e-18
7.96742,7.950656103633197e-17,2.713920423226191e-18
7.96872,7.785584875059632e-17,2.7209859346918738e-18
7.97002,7.322215943988867e-17,2.7102701222900085e-18
7.97133,7.434952177870527e-17,2.516864270081447e-18
7.97263,7.219828277387028e-17,2.3572822224264906e-18
7.97393,7.349407859583413e-17,2.547877726043824e-18
7.97523,7.153183224845457e-17,2.4724907085217676e-18
7.97653,7.807212857222024e-17,2.7953762623835252e-18
7.97783,7.428784825082817e-17,3.3770723920196537e-18
7.97913,7.356043947930298e-17,3.41220271444423e-18
7.98043,7.159796700407383e-17,3.2420293070542253e-18
7.98174,7.499839707145318e-17,3.0963172107144506e-18
7.98304,7.48660061943343e-17,3.122010425923773e-18
7.98434,7.261058742913055e-17,3.2134831761295506e-18
7.98564,7.053552450070515e-17,3.0090175944875196e-18
7.98694,7.312236673338105e-17,3.0333972446779493e-18
7.98824,7.737089615018596e-17,2.7118633095787553e-18
7.98954,7.480306684297377e-17,2.7873457750618288e-18
7.99085,7.23603051011205e-17,3.0357300670281132e-18
7.99215,7.378686730504785e-17,2.323171481293897e-18
7.99345,7.303683106112856e-17,2.6472429873213326e-18
7.99475,7.503518003212814e-17,2.693381714594015e-18
7.99605,7.483025547725776e-17,2.6650114072816513e-18
7.99735,7.288753574979353e-17,2.842533738496856e-18
7.99865,7.09352394407355e-17,2.9727522694087138e-18
7.99995,6.873561925546494e-17,3.4573115518234297e-18
8.00126,7.462747793180417e-17,3.044104186324464e-18
8.00256,7.629809259016457e-17,2.896758585603017e-18
8.00386,7.385865296529371e-17,3.3587761793639222e-18
8.00516,8.088245389985056e-17,3.321588760337963e-18
8.00646,8.365528202256971e-17,3.44930902878527e-18
8.00776,7.583688518689902e-17,3.1510830810927293e-18
8.00906,7.441358998032092e-17,2.7634329361929587e-18
8.01037,7.288513502860134e-17,2.95292442860553e-18
8.01167,7.299849474620289e-17,2.7236583777725265e-18
8.01297,7.348775944315191e-17,2.8177480861580127e-18
8.01427,7.368614811984961e-17,3.1400226246897298e-18
8.01557,7.356202806519061e-17,3.3449755053633277e-18
8.01687,7.592924249526702e-17,4.3669504225934815e-18
8.01817,7.348568852307352e-17,2.8049131977069834e-18
8.01947,7.400063954893384e-17,2.7142404934886847e-18
8.02078,7.332308597759052e-17,3.1063712000755402e-18
8.02208,7.019420574823389e-17,2.6558450487853857e-18
8.02338,7.204171670198601e-17,2.38157924138038e-18
8.02468,7.476772796930794e-17,2.7000372362845587e-18
8.02598,7.61302236735479e-17,3.492981287309778e-18
8.02728,7.514734915769455e-17,3.8427548816464354e-18
8.02858,7.615393061948867e-17,2.807019428143445e-18
8.02989,7.328821212344737e-17,2.4979248907189033e-18
8.03119,7.527118987228857e-17,2.733021046133424e-18
8.03249,7.543385618742184e-17,3.0294494951777606e-18
8.03379,7.2836654761525e-17,3.5014048175601704e-18
8.03509,7.390863053918028e-17,4.0864186482225956e-18
8.03639,7.337583515268762e-17,3.0597322908233493e-18
8.03769,7.2236702090411e-17,3.1512268782154664e-18
8.03899,7.113324722599723e-17,2.7253148811258022e-18
8.0403,7.000388291874721e-17,2.4560089597163808e-18
8.0416,7.413662948547245e-17,2.6541057780069163e-18
8.0429,6.998838658392736e-17,2.7635395839557667e-18
8.0442,7.332310723249534e-17,2.5536036365773708e-18
8.0455,7.430489564308598e-17,2.471117498942189e-18
8.0468,7.483270897338324e-17,2.770503618393616e-18
8.0481,7.0415859775551e-17,3.010146514856177e-18
8.04941,7.108474149440465e-17,2.70886593758435e-18
8.05071,6.937435533590105e-17,2.4869035488007738e-18
8.05201,7.32771090674773e-17,2.966883733503297e-18
8.05331,7.417032982552595e-17,3.301410558724858e-18
8.05461,7.507763228009981e-17,3.4544279134540683e-18
8.05591,7.153398016080302e-17,3.092673159111104e-18
8.05721,7.153165044653292e-17,3.354376987834478e-18
8.05852,7.194589918046311e-17,3.0130474822595216e-18
8.05982,6.990218612473815e-17,2.699136519881213e-18
8.06112,7.051752528000985e-17,2.465315906247445e-18
8.06242,7.016314996871262e-17,3.108859670687026e-18
8.06372,7.21495168519278e-17,2.9594055120594933e-18
8.06502,7.640976548093561e-17,2.9012179323435237e-18
8.06632,7.369352418276588e-17,2.5205873862024697e-18
8.06762,7.005726087466124e-17,2.2311731225521145e-18
8.06893,7.092101836959345e-17,2.7886372565852327e-18
8.07023,6.957783861362733e-17,2.654107557203366e-18
8.07153,7.349296983661193e-17,2.7411141253187832e-18
8.07283,7.337103241780716e-17,3.1439177771040717e-18
8.07413,7.026886799487515e-17,3.1458304667678354e-18
8.07543,6.892107988155172e-17,2.9115326958584578e-18
8.07673,7.111541925055216e-17,3.1471091492447582e-18
8.07804,7.131882493588566e-17,2.8069757873649138e-18
8.07934,6.932479460460022e-17,2.59537179505799e-18
8.08064,7.328497208314192e-17,2.7574120871868093e-18
8.08194,7.461836959328812e-17,2.9816963508340448e-18
8.08324,7.35860459018547e-17,2.8239571398153834e-18
8.08454,7.160538036129403e-17,2.7779058500926996e-18
8.08584,7.487070912561504e-17,3.177992270041449e-18
8.08714,6.952586928395216e-17,2.9758499062203984e-18
8.08845,7.121052966432288e-17,2.5951687290579113e-18
8.08975,7.118956306765108e-17,2.557785774418474e-18
8.09105,7.30307343180557e-17,3.0734631557924077e-18
8.09235,7.409445813122597e-17,3.417703259780189e-18
8.09365,6.958284580171888e-17,3.392286623324785e-18
8.09495,6.928386585434019e-17,2.914187939985493e-18
8.09625,6.997658371317685e-17,2.852167192879901e-18
8.09756,7.13520923980733e-17,2.9223899185624862e-18
8.09886,7.228717783350897e-17,3.002500773593592e-18
8.10016,7.203207829738856e-17,2.8284592916636828e-18
8.10146,7.402849719250305e-17,2.9631928208659453e-18
8.10276,7.244710235504485e-17,3.2320027071699258e-18
8.10406,7.351770187739404e-17,3.5955387019336826e-18
8.10536,7.342950655259433e-17,2.5543359222475882e-18
8.10666,7.271873292951355e-17,2.52364349443218e-18
8.10797,7.311928392623701e-17,2.7713285257372276e-18
8.10927,7.050596537132713e-17,2.5805392994351453e-18
8.11057,7.058130497973805e-17,2.8576650888566922e-18
8.11187,6.980552507289144e-17,3.009177028095415e-18
8.11317,7.355488499646911e-17,2.5528596649708267e-18
8.11447,7.397437651561315e-17,2.506790874222702e-18
8.11577,7.026988131572507e-17,2.7523920651410672e-18
8.11708,7.070198764605186e-17,2.9279635231574273e-18
8.11838,7.202066789565235e-17,2.566520184859957e-18
8.11968,7.098981746455809e-17,2.4606754473160954e-18
8.12098,7.167611255683666e-17,2.4374259071428672e-18
8.12228,7.506721309580777e-17,2.3020849299715065e-18
8.12358,7.321705736019342e-17,2.479311228904619e-18
8.12488,7.045205824040603e-17,2.4847739686743127e-18
8.12618,6.913897045793716e-17,2.925780426054537e-18
8.12749,6.988313090762339e-17,2.617854961940886e-18
8.12879,6.872671674177311e-17,2.7645171238929513e-18
8.13009,7.042766418647513e-17,2.540695757384928e-18
8.13139,7.034078074073446e-17,2.9018354891362866e-18
8.13269,6.52221625410419e-17,3.3915787705801146e-18
8.13399,7.097426401891957e-17,3.0894017156720747e-18
8.13529,7.143788164849693e-17,3.141386266397216e-18
8.1366,6.889037204627286e-17,2.672289971322246e-18
8.1379,7.13723193505093e-17,2.8476249003937378e-18
8.1392,7.319337435361712e-17,2.634586374670311e-18
8.1405,7.559086910586705e-17,2.4271106718780034e-18
8.1418,7.657219147568891e-17,2.5306592028951692e-18
8.1431,7.23831655018988e-17,2.3922169517752862e-18
8.1444,7.091977815565107e-17,2.5139220880637397e-18
8.1457,7.062666611459254e-17,2.5193034494288552e-18
8.14701,7.489427364790428e-17,2.6927356886491937e-18
8.14831,7.085742915302715e-17,2.5322366875501504e-18
8.14961,6.946540529918319e-17,2.7972590346842077e-18
8.15091,7.298922801497235e-17,2.882083135966382e-18
8.15221,6.948145520668334e-17,2.6382120602170696e-18
8.15351,6.82089666428242e-17,2.8643372769708248e-18
8.15481,7.324985602865376e-17,2.76264681855156e-18
8.15612,7.013180812776015e-17,2.525699403987802e-18
8.15742,7.100687092660317e-17,2.6740622059340883e-18
8.15872,6.984204873319309e-17,2.4146352036302267e-18
8.16002,7.316865009560168e-17,2.3459264575455712e-18
8.16132,7.279273597997292e-17,2.3948364999962345e-18
8.16262,6.899479632370733e-17,2.5772946272704486e-18
8.16392,6.650483179417297e-17,2.54775029464246e-18
8.16523,6.728377116392627e-17,2.504607153974545e-18
8.16653,6.955286703286133e-17,2.3604798508571056e-18
8.16783,6.98666800666554e-17,2.5028968594557418e-18
8.16913,7.342592224137491e-17,2.59244599488648e-18
8.17043,6.899752523386658e-17,2.674425442088736e-18
8.17173,6.414738178053314e-17,2.5519646451914662e-18
8.17303,6.778316617812386e-17,2.767463017363391e-18
8.17433,7.154935416917603e-17,2.7287792468239553e-18
8.17564,7.338689012592031e-17,3.1639795531949233e-18
8.17694,7.282619703442216e-17,3.085944355305654e-18
8.17824,7.05042257111762e-17,2.7390159929081144e-18
8.17954,7.231052268495125e-17,2.4249712309458464e-18
8.18084,6.98798758025478e-17,2.6801109736958327e-18
8.18214,7.144987769658236e-17,2.8300236060283068e-18
8.18344,6.928359660235464e-17,2.779452067075393e-18
8.18475,7.197868843031241e-17,2.5404337951733017e-18
8.18605,7.228148041696028e-17,2.710939828419129e-18
8.18735,7.137816216711534e-17,3.2038662248495608e-18
8.18865,7.186327871310315e-17,2.9109087993804397e-18
8.18995,7.035926896537035e-17,2.65904077888687e-18
8.19125,6.819293749125606e-17,2.8680307057430267e-18
8.19255,6.703993572322682e-17,2.681515115087372e-18
8.19385,7.08110622546489e-17,2.512279804386837e-18
8.19516,6.753652734358528e-17,2.5328936241946293e-18
8.19646,6.811482583583182e-17,2.592980647106306e-18
8.19776,7.07241814731407e-17,2.5901664800115825e-18
8.19906,6.838990756590646e-17,2.5640442025448485e-18
8.20036,6.791189085387538e-17,3.3731337342645213e-18
8.20166,6.927965377318894e-17,3.1383383599199143e-18
8.20296,6.568483681542725e-17,2.6075494350914153e-18
8.20427,7.11341207896442e-17,2.893866576117903e-18
8.20557,7.10538101362154e-17,2.8528948591996107e-18
8.20687,6.96989589850319e-17,2.9220103117987077e-18
8.20817,6.823677254443147e-17,2.7267637572404897e-18
8.20947,6.779109972460544e-17,2.6106853543686287e-18
8.21077,6.85414292815745e-17,2.6459535332563616e-18
8.21207,7.01715994579141e-17,2.9063046806196226e-18
8.21337,6.792692988738949e-17,2.695355679289997e-18
8.21468,7.05026846615905e-17,3.192478990554654e-18
8.21598,7.223275842857021e-17,2.5689264534953292e-18
8.21728,6.852639354825877e-17,2.696258699792568e-18
8.21858,6.74422180397311e-17,2.80871889954412e-18
8.21988,7.097525881394918e-17,2.6248861029631416e-18
8.22118,6.83044343227609e-17,2.523772449852081e-18
8.22248,6.584469978326731e-17,2.4906364944564194e-18
8.22379,6.982284577668444e-17,2.522095491799605e-18
8.22509,7.001815572289339e-17,2.8801647934341023e-18
8.22639,6.971204245241153e-17,3.0782599976130177e-18
8.22769,6.758803453698757e-17,2.771620909346129e-18
8.22899,6.931137326537416e-17,2.657305791992788e-18
8.23029,7.203082107640228e-17,2.891608451947063e-18
8.23159,6.667699181679156e-17,2.467691322968014e-18
8.23289,6.922672193431549e-17,2.5466601097690073e-18
8.2342,7.013959246544939e-17,3.0220098345528586e-18
8.2355,6.877187109050931e-17,2.7175702392036385e-18
8.2368,6.954651810575616e-17,2.842502282077565e-18
8.2381,6.827468388733422e-17,2.948410474700466e-18
8.2394,6.836687748250315e-17,2.701909827643041e-18
8.2407,6.573311355627739e-17,2.4800194246323196e-18
8.242,7.139874156547459e-17,2.5317314447178093e-18
8.24331,7.065398176176263e-17,2.395355851725005e-18
8.24461,6.705454711348539e-17,2.3762902795479307e-18
8.24591,7.05485091088432e-17,2.9088724781415667e-18
8.24721,7.039878043914165e-17,2.9619923087052048e-18
8.24851,6.837299873889501e-17,3.2573136110036274e-18
8.24981,6.620490825824657e-17,3.1093897084447764e-18
8.25111,6.772341881339641e-17,2.5746236008177856e-18
8.25241,7.030455194732288e-17,2.6777070133941557e-18
8.25372,7.073887399260414e-17,2.591716674721772e-18
8.25502,6.971352672505843e-17,2.5495783668109673e-18
8.25632,7.432904487242823e-17,2.4867674507250098e-18
8.25762,7.395905294104873e-17,2.492694977633129e-18
8.25892,7.305579399472397e-17,2.4196411646933657e-18
8.26022,7.152747221749194e-17,2.778019618794327e-18
8.26152,6.90810785938901e-17,2.789277886515501e-18
8.26283,6.462410614670203e-17,2.817912488889855e-18
8.26413,6.927292951956325e-17,2.3194353503309344e-18
8.26543,6.725513979270007e-17,2.3820412185955248e-18
8.26673,7.018627302956395e-17,2.6384197702111573e-18
8.26803,6.930264686734273e-17,2.6223587020288643e-18
8.26933,6.942690642074497e-17,3.115847752542764e-18
8.27063,6.797956496570096e-17,3.158789871304711e-18
8.27194,6.789903431607264e-17,3.2292751527741564e-18
8.27324,6.87477526125059e-17,2.6520359446995482e-18
8.27454,6.752822982465314e-17,2.5729549007408626e-18
8.27584,7.058733436931393e-17,2.9684824265822656e-18
8.27714,6.898185374386042e-17,2.727524201549624e-18
8.27844,7.028262593630442e-17,2.3831780184467224e-18
8.27974,6.851107866718025e-17,2.4253423176932546e-18
8.28104,6.621187253740028e-17,2.6116307867846738e-18
8.28235,6.306491689044673e-17,2.76675883123697e-18
8.28365,6.52393624865305e-17,2.6773291819764166e-18
8.28495,6.737210085987933e-17,2.792808178990217e-18
8.28625,6.525409690410998e-17,2.8912759592366384e-18
8.28755,6.829384013512545e-17,3.0498759070996688e-18
8.28885,6.659971839160202e-17,3.0094977234253538e-18
8.29015,6.575418048812332e-17,3.1265993761135462e-18
8.29146,6.945431243571496e-17,2.659289229353367e-18
8.29276,6.731917491825741e-17,2.7220169703884947e-18
8.29406,7.205935680849978e-17,2.4907602121890132e-18
8.29536,7.222611655319841e-17,2.3447536222670836e-18
8.29666,7.077732793225991e-17,2.6006206981984076e-18
8.29796,6.967238916991094e-17,2.5992259405709488e-18
8.29926,6.832772787326908e-17,2.2817640928216623e-18
8.30056,6.483262235678688e-17,3.1630702202553563e-18
8.30187,6.81077491273216e-17,2.8346405182369463e-18
8.30317,6.814638380735196e-17,2.6697572512358306e-18
8.30447,6.98888354880188e-17,2.5198067502170785e-18
8.30577,6.467502901579381e-17,2.952803371632989e-18
8.30707,6.398137848237263e-17,2.686001430712952e-18
8.30837,6.544680438576157e-17,3.050278327941932e-18
8.30967,6.354165065293796e-17,2.9865663090508042e-18
8.31098,6.164676171964438e-17,2.923462588288073e-18
8.31228,6.536005723865199e-17,2.633974207358645e-18
8.31358,6.777683513418374e-17,2.5530404216870197e-18
8.31488,6.886508637154428e-17,3.1071410920080916e-18
8.31618,7.017602617100845e-17,2.929599623939001e-18
8.31748,7.441340766792021e-17,2.5030871860879557e-18
8.31878,7.013568844817794e-17,2.839427886842189e-18
8.32008,6.773068508996216e-17,2.237374216229408e-18
8.32139,6.71104743889663e-17,2.2317114564959042e-18
8.32269,6.72889576037797e-17,2.3808449952365956e-18
8.32399,6.430722895639012e-17,2.338808649375803e-18
8.32529,6.791984344674085e-17,2.693981863161887e-18
8.32659,6.509619791297293e-17,2.913983635731507e-18
8.32789,6.433545462295828e-17,2.709366518928265e-18
8.32919,6.203849011731764e-17,3.172155363849629e-18
8.3305,6.482395745339268e-17,3.3263635250411433e-18
8.3318,6.40656368612085e-17,2.879190424555584e-18
8.3331,6.702278420403362e-17,2.762833399016831e-18
8.3344,6.545774568666904e-17,2.662694891618321e-18
8.3357,6.352488283918639e-17,2.7422099629175956e-18
8.337,6.934492494959245e-17,2.6966556948006666e-18
8.3383,6.755029374257687e-17,2.5853908515457626e-18
8.3396,6.572996698043162e-17,2.484622685123244e-18
8.34091,7.068093153013104e-17,2.6991790859908007e-18
8.34221,7.026298294072702e-17,2.484914530832585e-18
8.34351,6.420088460227639e-17,2.529366585954206e-18
8.34481,6.478244914744976e-17,3.02279775402679e-18
8.34611,6.665890645077682e-17,2.6655026683884682e-18
8.34741,6.535844959061257e-17,2.6912645382422577e-18
8.34871,6.801743087379782e-17,3.1791618873262474e-18
8.35002,6.327590672788237e-17,3.329855968138885e-18
8.35132,6.492297199901327e-17,3.0616125850169792e-18
8.35262,6.47264351627711e-17,2.6768709522400357e-18
8.35392,6.715360436480753e-17,2.718383652216333e-18
8.35522,6.443216763689934e-17,2.725931864094641e-18
8.35652,6.537270982962506e-17,2.3200473948336208e-18
8.35782,6.672693642356372e-17,2.3313718344251e-18
8.35912,7.067196107534598e-17,2.2300079762937992e-18
8.36043,7.241203196455968e-17,2.259715374540452e-18
8.36173,6.986174594161489e-17,2.4027613359914498e-18
8.36303,6.906607831813175e-17,2.4321637866935345e-18
8.36433,6.86318879037461e-17,2.744219177250754e-18
8.36563,6.48360958235121e-17,2.752244219532418e-18
8.36693,6.609086344641028e-17,2.9092875403722024e-18
8.36823,6.613908584267312e-17,3.3404366296517313e-18
8.36954,6.611867494901065e-17,3.6116019226886776e-18
8.37084,6.755931591819663e-17,2.952702837613913e-18
8.37214,6.382255622395157e-17,2.7399084666872653e-18
8.37344,6.597230466489668e-17,2.4327882893774198e-18
8.37474,6.043777866890755e-17,2.4536564979072263e-18
8.37604,6.50496615269643e-17,2.4647544741673653e-18
8.37734,6.784640158241366e-17,2.585949558840327e-18
8.37865,6.846951344514889e-17,2.3514235358374372e-18
8.37995,7.083546924586835e-17,2.146566030280876e-18
8.38125,6.881573410252644e-17,2.111064494087641e-18
8.38255,6.791051886360138e-17,2.383040970066546e-18
8.38385,6.876755593099058e-17,2.5534993921189924e-18
8.38515,6.749890672711694e-17,2.881066797542591e-18
8.38645,6.579430202975981e-17,2.9644840850332125e-18
8.38775,6.282229980708125e-17,2.824109392792239e-18
8.38906,6.839838606132691e-17,3.2379337671787905e-18
8.39036,6.245520631058148e-17,3.1274514323632084e-18
8.39166,6.374412084478353e-17,2.5460434281241363e-18
8.39296,6.540235266587712e-17,3.420917266537839e-18
8.39426,6.586329578396152e-17,2.842481904647077e-18
8.39556,6.429026238477986e-17,2.4854979043406622e-18
8.39686,6.316044141539192e-17,2.5629809011116053e-18
8.39817,6.74109462162917e-17,2.8636553651419797e-18
8.39947,6.814847043728472e-17,2.588490060316817e-18
8.40077,6.763014706184544e-17,2.542926492335942e-18
8.40207,6.867717341732134e-17,2.4850364624033832e-18
8.40337,6.77978834405503e-17,2.7495453340473853e-18
8.40467,6.945741278935584e-17,3.0256843140044164e-18
8.40597,6.492882989591246e-17,2.9163488370199033e-18
8.40727,6.495113216470587e-17,3.00757941507296e-18
8.40858,6.326244880345692e-17,2.633474592531368e-18
8.40988,6.319252372411804e-17,2.493945277504256e-18
8.41118,6.706773490676173e-17,2.954854388067427e-18
8.41248,6.608095778149495e-17,2.944480496328623e-18
8.41378,6.416986066043158e-17,2.7728910173441226e-18
8.41508,6.465386237373127e-17,2.5455924475018352e-18
8.41638,6.555567159386631e-17,2.280055672753478e-18
8.41769,7.034467590877683e-17,2.2356283089742532e-18
8.41899,6.613026649107257e-17,2.2037869174582487e-18
8.42029,6.680548209779205e-17,2.135561714848686e-18
8.42159,6.849168574882205e-17,2.724902263454381e-18
8.42289,7.054070623943834e-17,2.5796189559879738e-18
8.42419,6.716183325181661e-17,2.5658818057158525e-18
8.42549,6.504005148711954e-17,2.2906305745867467e-18
8.42679,6.573734132377469e-17,2.535188713077903e-18
8.4281,6.161020264095494e-17,2.383194775743235e-18
8.4294,5.950838602979056e-17,2.460363280944062e-18
8.4307,6.456599075974403e-17,3.058892937425217e-18
8.432,6.536598060246259e-17,2.7900789751511697e-18
8.4333,6.455416813455229e-17,2.998933227009339e-18
8.4346,6.513575070109914e-17,2.5761760644989116e-18
8.4359,6.187207437167435e-17,2.4198164407769066e-18
8.43721,6.100513885852334e-17,1.9998901354216653e-18
8.43851,6.569807950930405e-17,2.035289352539235e-18
8.43981,6.243644575608511e-17,2.1612828523862547e-18
8.44111,6.328289635876783e-17,2.2203506649626933e-18
8.44241,6.523396941675191e-17,2.680218627441426e-18
8.44371,6.870098514917326e-17,2.5847840059640777e-18
8.44501,6.666073498199464e-17,2.658114493525999e-18
8.44631,6.349250449657843e-17,2.26097614873433e-18
8.44762,6.675536848360644e-17,2.482918119547005e-18
8.44892,6.283832644314857e-17,2.6519896902207487e-18
8.45022,6.393761917986175e-17,2.947077478804024e-18
8.45152,6.461233103927371e-17,2.6117930333750237e-18
8.45282,6.540217107104142e-17,3.275504900308032e-18
8.45412,6.190300392622673e-17,2.4210715553972407e-18
8.45542,6.490511678278987e-17,2.432586200062597e-18
8.45673,6.18632573156488e-17,2.4510537734141692e-18
8.45803,6.327094854622206e-17,2.5276027748597016e-18
8.45933,6.218666943873862e-17,2.3111042230139993e-18
8.46063,6.679183635136171e-17,2.0662464671064834e-18
8.46193,6.659163750768134e-17,2.2166386781446332e-18
8.46323,6.716407315953952e-17,2.0517123176720798e-18
8.46453,6.809611638151137e-17,2.095720558167961e-18
8.46583,6.639879319408008e-17,2.4391305708384394e-18
8.46714,6.413740127523441e-17,2.580707634991315e-18
8.46844,6.526347477484389e-17,2.5715623511505053e-18
8.46974,6.37227593531355e-17,2.4241606406429946e-18
8.47104,6.338153512373392e-17,2.7512905666366173e-18
8.47234,6.158814718161555e-17,3.1314190966948205e-18
8.47364,6.211249500741658e-17,3.054533070624211e-18
8.47494,6.203942766072984e-17,2.7774663679149946e-18
8.47625,6.590634420633867e-17,2.5519448599147178e-18
8.47755,6.780052537605774e-17,2.8839094610578665e-18
8.47885,6.439828847944458e-17,2.710167768183474e-18
8.48015,6.498100787492974e-17,2.591518603470841e-18
8.48145,6.652112056620097e-17,2.700777938985378e-18
8.48275,6.69795691876096e-17,2.2820491242828083e-18
8.48405,6.308821472128068e-17,2.5249824018417056e-18
8.48536,6.460318432035483e-17,2.6027754021059044e-18
8.48666,6.379485910926483e-17,2.824117364445362e-18
8.48796,6.356256419108096e-17,2.5379634230074753e-18
8.48926,6.412346183014671e-17,2.4024810149681898e-18
8.49056,6.288043107711351e-17,2.682687298177557e-18
8.49186,6.558101661945683e-17,2.5717631391189456e-18
8.49316,6.119254573861694e-17,2.552879121445159e-18
8.49446,6.488403463380443e-17,2.962544912963778e-18
8.49577,6.040108322768932e-17,3.0463378478216105e-18
8.49707,6.042545766740491e-17,2.4350883992694178e-18
8.49837,6.338183394484991e-17,2.429261213503791e-18
8.49967,6.15233546889086e-17,2.5597188710435064e-18
8.50097,6.075736885467428e-17,2.7218515013311773e-18
8.50227,6.51979700400101e-17,2.3684644645273924e-18
8.50357,6.473691559799068e-17,2.386826240643688e-18
8.50488,6.236722815700204e-17,2.236359129818129e-18
8.50618,6.388593277421411e-17,2.3605436348932914e-18
8.50748,6.126750897235482e-17,2.726852317650073e-18
8.50878,6.221293654495383e-17,2.7556568439518946e-18
8.51008,6.413889061157095e-17,2.438713468484749e-18
8.51138,6.401139711284027e-17,2.684762068505442e-18
8.51268,5.818428822759751e-17,2.886339079067325e-18
8.51398,6.19148805971221e-17,3.505411314863978e-18
8.51529,6.3148252406308e-17,2.9565789036475256e-18
8.51659,6.564799207941736e-17,2.8300808780472213e-18
8.51789,6.685975580449131e-17,3.03442938490136e-18
8.51919,6.495920434188825e-17,2.8618551467134333e-18
8.52049,6.51973839613265e-17,2.4132600605120748e-18
8.52179,6.140932785058031e-17,2.1774330193085032e-18
8.52309,6.32219234213456e-17,2.233222890849703e-18
8.5244,6.404549038719575e-17,2.4477859368875597e-18
8.5257,6.438133330262263e-17,2.172810749018686e-18
8.527,6.716286750533336e-17,2.1939774549118706e-18
8.5283,6.45715938344872e-17,2.350180533629911e-18
8.5296,6.421251508856961e-17,2.5193546679509994e-18
8.5309,6.981440546851179e-17,2.636976795858755e-18
8.5322,6.479367810287874e-17,2.990439341625059e-18
8.5335,6.163460943301575e-17,2.708124094711099e-18
8.53481,6.369722888055543e-17,3.0884355707150666e-18
8.53611,6.479270327090428e-17,3.103113532117889e-18
8.53741,6.169138374782312e-17,2.986797552633317e-18
8.53871,6.391825363496059e-17,2.801352085927756e-18
8.54001,6.225460991763986e-17,3.145063843129562e-18
8.54131,6.396780722886124e-17,2.4714807984262178e-18
8.54261,6.372134295620091e-17,2.705605515057748e-18
8.54392,6.701023402063137e-17,2.69609161366051e-18
8.54522,6.459777441702624e-17,2.295809359427486e-18
8.54652,6.358009523797695e-17,2.4627888831486007e-18
8.54782,6.293222172898838e-17,2.5320730328871426e-18
8.54912,6.435737332607329e-17,2.779802991441462e-18
8.55042,6.335870648857171e-17,3.0411280568942452e-18
8.55172,6.131867113759395e-17,3.013245214163222e-18
8.55302,6.267358168708203e-17,2.8177416306398986e-18
8.55433,6.304413776714429e-17,2.807931292672723e-18
8.55563,6.071038933341402e-17,3.071889769911527e-18
8.55693,6.059478556504405e-17,3.212344783794937e-18
8.55823,6.281942588803086e-17,2.6720583513986664e-18
8.55953,5.989534528323561e-17,3.052097800569026e-18
8.56083,6.159337653647001e-17,2.6302858990953777e-18
8.56213,5.832794085040537e-17,2.6809074468450992e-18
8.56344,5.885067962131045e-17,2.5471200533980243e-18
8.56474,6.05852880012089e-17,2.407741011810452e-18
8.56604,6.306952582515192e-17,2.2728365194140312e-18
8.56734,6.242172331645054e-17,2.274711708760304e-18
8.56864,6.440546110633729e-17,2.609434751502106e-18
8.56994,6.482010927453374e-17,2.6110790678578233e-18
8.57124,6.638873671958745e-17,2.4187311610140253e-18
8.57254,6.295952066869515e-17,2.3557307029221965e-18
8.57385,6.255754431192113e-17,2.339405984719997e-18
8.57515,6.12950495905412e-17,2.557262857028308e-18
8.57645,6.254067783195633e-17,2.5732246663665794e-18
8.57775,6.03834135457384e-17,2.4881554480971792e-18
8.57905,6.207072814067274e-17,2.5176924412930857e-18
8.58035,5.976296083638161e-17,2.829767794370561e-18
8.58165,6.318014729831253e-17,2.7907467382605137e-18
8.58296,6.062130456461121e-17,2.8058019775584656e-18
8.58426,6.543208377106418e-17,2.415162771755203e-18
8.58556,6.266003026827492e-17,2.4346388673440893e-18
8.58686,6.118854378405518e-17,2.6442162508087152e-18
8.58816,6.256041203633613e-17,2.555796284396992e-18
8.58946,6.361867647763621e-17,2.365519303521317e-18
8.59076,6.331919073664038e-17,2.319918295695778e-18
8.59207,6.333137340158062e-17,2.405967970988024e-18
8.59337,6.076295893076718e-17,2.3812000155845393e-18
8.59467,6.102209613382276e-17,3.1560409954719034e-18
8.59597,5.81687095331367e-17,2.6964236260055138e-18
8.59727,5.90144090317188e-17,3.288334972525803e-18
8.59857,6.416919700244064e-17,2.9769602310210337e-18
8.59987,6.252134463806773e-17,3.208170772863978e-18
8.60117,6.094235230258896e-17,3.205632806711889e-18
8.60248,6.708326304384961e-17,3.5053122205267575e-18
8.60378,6.059500533691515e-17,2.8927126270970552e-18
8.60508,6.576443058015338e-17,3.2729717216163245e-18
8.60638,6.551228436036281e-17,2.8210679954845357e-18
8.60768,6.197133824889923e-17,2.8656814965431066e-18
8.60898,6.105886491854e-17,2.7450498916645466e-18
8.61028,6.446572911789826e-17,2.431788827750641e-18
8.61159,6.494870712716937e-17,2.490520839396997e-18
8.61289,6.729029562885948e-17,2.3079919465841242e-18
8.61419,6.781479505951954e-17,2.4491586211693265e-18
8.61549,6.482753275124284e-17,2.4412802738119516e-18
8.61679,6.394150935924436e-17,2.331838975741566e-18
8.61809,5.885422779411912e-17,2.573561203474582e-18
8.61939,5.966918363119655e-17,2.5678808256461897e-18
8.62069,6.121157514401673e-17,2.812242855935378e-18
8.622,6.098314754106278e-17,2.80482575103841e-18
8.6233,6.077832673990335e-17,2.682832646436707e-18
8.6246,6.403331252419561e-17,3.1411012285857143e-18
8.6259,6.176344078717716e-17,3.0879488538267343e-18
8.6272,6.449498367826183e-17,3.1582673779519933e-18
8.6285,6.597977215606739e-17,2.9760862169946225e-18
8.6298,6.35481738761857e-17,2.664680470657259e-18
8.63111,6.210811659775887e-17,2.4701973209719733e-18
8.63241,6.027498891443943e-17,2.3794243382823225e-18
8.63371,6.352230117796093e-17,2.465510814511472e-18
8.63501,6.296027269923506e-17,2.2953553853983097e-18
8.63631,6.252379862606262e-17,2.7693177188580234e-18
8.63761,6.276080582500836e-17,2.6204497896089633e-18
8.63891,6.131859571326031e-17,2.4908716675997617e-18
8.64021,6.464190218513204e-17,2.4439143186916928e-18
8.64152,6.476241046201207e-17,2.756019025032842e-18
8.64282,5.918845204941467e-17,2.618290378072624e-18
8.64412,6.006047660233852e-17,2.900719804924287e-18
8.64542,6.259499603023221e-17,2.8165663096080576e-18
8.64672,6.511204159356119e-17,2.918029245823631e-18
8.64802,6.384524923590819e-17,2.788453969989829e-18
8.64932,5.965227747545495e-17,2.514434054101102e-18
8.65063,6.445373673359743e-17,2.673011332474069e-18
8.65193,5.96538328115574e-17,2.4390587741203637e-18
8.65323,6.070536060777505e-17,2.4093451212582048e-18
8.65453,6.340707418875264e-17,2.2488820272265272e-18
8.65583,6.39534176794398e-17,2.282341053726942e-18
8.65713,6.364967849557063e-17,2.224710751360149e-18
8.65843,6.426437098822552e-17,2.1930070187925513e-18
8.65973,6.0620692098776e-17,2.525560983842878e-18
8.66104,6.477669666070171e-17,2.447568931540364e-18
8.66234,6.422709978648403e-17,2.5669802875084204e-18
8.66364,6.23100937539703e-17,2.477869588927556e-18
8.66494,6.497824080115509e-17,2.8911782214464264e-18
8.66624,6.073716295000109e-17,2.8984046624371624e-18
8.66754,6.170451248157408e-17,2.6623776236379528e-18
8.66884,6.452990466428147e-17,2.735240878528937e-18
8.67015,5.92362873823458e-17,2.981097181867005e-18
8.67065,6.4252284715482e-17,2.1950978396798285e-18
8.67145,6.468623496843194e-17,2.683093959904924e-18
8.67195,6.293496721077068e-17,2.039377462420888e-18
8.67275,6.29756233755787e-17,2.857155833155313e-18
8.67325,6.321061117575913e-17,2.414289347300003e-18
8.67405,6.25517957176707e-17,2.6666645553469836e-18
8.67455,6.265650287843411e-17,3.4152688695718972e-18
8.67535,6.091099217860495e-17,2.3972553887299106e-18
8.67585,5.969159645099096e-17,2.0811880364809737e-18
8.67665,5.98807721145038e-17,2.754307312076804e-18
8.67716,6.084743275615846e-17,1.7280238096794729e-18
8.67795,6.141522159813062e-17,2.303981960486237e-18
8.67846,6.200319121672231e-17,2.1041430261659477e-18
8.67925,6.26233301526976e-17,2.218720905484953e-18
8.67976,6.216734935832037e-17,1.9830859006640743e-18
8.68056,6.450092118126155e-17,2.28346075452728e-18
8.68106,6.631755682204867e-17,2.1755604326306353e-18
8.68186,6.40756781853378e-17,2.4846760282311248e-18
8.68236,6.548403809527145e-17,1.9635378514371036e-18
8.68316,6.113931797889688e-17,2.5346310131503766e-18
8.68366,6.293161864059314e-17,1.826756135873016e-18
8.68446,6.27073181414045e-17,2.4718655375758768e-18
8.68496,6.885026418319944e-17,1.9924397586952946e-18
8.68576,5.975928823036984e-17,2.684563252189095e-18
8.68626,6.45579388593151e-17,1.9025508226817823e-18
8.68706,6.062743402086526e-17,2.674086308136017e-18
8.68757,6.041377395957282e-17,2.192367123737446e-18
8.68836,5.731844119122975e-17,2.824275646519098e-18
8.68887,6.163230593240246e-17,2.2028590578823816e-18
8.68967,6.005832681908213e-17,3.165198306457097e-18
8.69017,6.316186855260972e-17,2.2016144371799617e-18
8.69097,6.498365547134361e-17,4.8460605271101865e-18
8.69147,6.1874797902326e-17,2.487969824893702e-18
8.69227,6.153929715822515e-17,5.140554059874193e-18
8.69277,6.390842131225068e-17,2.231205479393689e-18
8.69357,6.355292258858544e-17,2.739173727792187e-18
8.69407,6.533273812901849e-17,2.195548722651657e-18
8.69487,6.399416797534856e-17,2.702134484999782e-18
8.69537,6.434671461323702e-17,2.243634480221847e-18
8.69617,6.380315954411523e-17,2.854645735066146e-18
8.69667,6.144594203748168e-17,2.226075384018133e-18
8.69747,6.711274670798828e-17,2.4482916913126156e-18
8.69797,6.490311454065384e-17,2.250602980946344e-18
8.69878,6.557070196580841e-17,2.3206119097660873e-18
8.69928,6.471641337783314e-17,2.152508179309197e-18
8.70008,6.524937578092201e-17,2.3533796161526498e-18
8.70058,6.450251626804923e-17,2.0775924640632664e-18
8.70138,6.33319439998353e-17,2.096503958501582e-18
8.70188,6.416531761833777e-17,2.1175276468158277e-18
8.70268,6.021571695856898e-17,1.963875686544007e-18
8.70318,6.195442145311527e-17,1.934507413165448e-18
8.70398,6.554017354647494e-17,2.389382328221964e-18
8.70448,6.244196324336519e-17,2.080737745068315e-18
8.70528,6.170488315345714e-17,2.4618681617348514e-18
8.70578,6.212972981484604e-17,2.0579108435515923e-18
8.70658,6.444856480666102e-17,2.3036809729466007e-18
8.70708,6.331865494846551e-17,2.388299527466561e-18
8.70788,5.929874337259571e-17,2.4610227929744673e-18
8.70838,6.234916070059972e-17,2.2757050531992553e-18
8.70919,5.957692363962977e-17,2.8841325695728024e-18
8.70968,6.426276741311759e-17,2.3277284580346832e-18
8.71049,6.059399456203125e-17,3.0691997348278963e-18
8.71099,6.303905445013134e-17,2.4113364964353713e-18
8.71179,6.236739355272974e-17,3.1322533874402056e-18
8.71229,6.263560593355331e-17,2.4083811249127427e-18
8.71309,6.018950034923474e-17,2.7743440729740572e-18
8.71359,6.503257056401713e-17,2.165901432613237e-18
8.71439,6.059756298284121e-17,2.881496949972336e-18
8.71489,6.439929825034228e-17,2.2114292425819746e-18
8.71569,6.081015607883271e-17,3.1205180385880904e-18
8.71619,6.265094719167361e-17,2.5773969241579444e-18
8.71699,6.062021840835082e-17,2.7661749727723066e-18
8.71749,5.976523522127975e-17,2.5905118350674153e-18
8.7183,5.896333106260215e-17,2.678792331432643e-18
8.71879,6.322471505488433e-17,2.412823180166408e-18
8.7196,6.000427403236481e-17,2.506194532311796e-18
8.72009,6.361322693192532e-17,2.1534200146369226e-18
8.7209,5.841599453311937e-17,2.6189975701836044e-18
8.7214,6.11910641408054e-17,1.8233259176349287e-18
8.7222,6.153596676142758e-17,2.2506558493435652e-18
8.7227,6.152413984884882e-17,1.975631172708669e-18
8.7235,5.971127848192982e-17,2.7660253149607112e-18
8.724,6.132594137578628e-17,1.8612077272179388e-18
8.7248,6.256100288185372e-17,2.892843571084411e-18
8.7253,6.080356943224714e-17,2.133643174649928e-18
8.7261,6.400417928347382e-17,2.4467835994314323e-18
8.7266,6.060572317813759e-17,2.1273875260011084e-18
8.7274,6.431842329798298e-17,2.7538659200770093e-18
8.7279,6.265633682864446e-17,1.7887644586319466e-18
8.72871,6.330034209689671e-17,2.8037489769398785e-18
8.7292,6.208572455365196e-17,2.2456050067278392e-18
8.73001,6.164516967450725e-17,3.601417372934604e-18
8.7305,6.085602684444174e-17,2.268897639445311e-18
8.73131,6.162016406249874e-17,3.053541315953042e-18
8.7318,6.148930749379677e-17,2.1570590939772345e-18
8.73261,6.069099459010822e-17,3.4675146684456125e-18
8.73311,6.276756076899251e-17,2.0904084165871858e-18
8.73391,5.961286796178205e-17,3.3676811462696444e-18
8.73441,6.279415452278367e-17,2.265526561790098e-18
8.73521,5.881949588664972e-17,2.8422967814126607e-18
8.73571,6.153020543071916e-17,2.428356466182825e-18
8.73651,5.859978242406412e-17,2.781764945220531e-18
8.73701,6.544680975122409e-17,2.2348632205144896e-18
8.73782,5.997052426427908e-17,2.6815348937829627e-18
8.73831,6.462321012773526e-17,2.060716724705756e-18
8.73912,5.867529858447114e-17,2.3524168803776104e-18
8.73961,6.467835842556906e-17,2.009181043095094e-18
8.74042,6.235023465070748e-17,2.4050455440841586e-18
8.74091,6.384571447594821e-17,2.0742805273627985e-18
8.74172,6.382576690918002e-17,2.5609706503023233e-18
8.74221,6.340407032080466e-17,2.1367290214276293e-18
8.74302,6.149524357678785e-17,2.4752187693039323e-18
8.74351,6.273168318350094e-17,2.0816356071095737e-18
8.74432,6.245565324535641e-17,2.4049841213895602e-18
8.74482,6.343599291293662e-17,1.8361674117775084e-18
8.74562,6.180642784281725e-17,2.500277759299062e-18
8.74612,6.100533865971886e-17,1.732951007057592e-18
8.74692,5.801057794899033e-17,2.145951141522532e-18
8.74742,6.217790385402995e-17,1.9854797995563e-18
8.74823,6.100518144828896e-17,2.367209432651552e-18
8.74872,6.428354781437638e-17,2.041487666848715e-18
8.74953,6.530379836735157e-17,2.4852920065191182e-18
8.75002,6.356129942115103e-17,1.994741637631653e-18
8.75083,6.521104661606684e-17,2.730745695186013e-18
8.75132,6.354906503869667e-17,1.7647605081906096e-18
8.75213,6.435259431837366e-17,2.8286064873838477e-18
8.75262,6.282855665568549e-17,2.010072430425473e-18
8.75343,6.131216123437602e-17,2.4365654506282074e-18
8.75392,6.284300224257565e-17,2.202349333965502e-18
8.75473,6.001963593922618e-17,2.62039336345453e-18
8.75523,6.076555107013635e-17,1.920303956613121e-18
8.75603,6.076529491076035e-17,2.5018308478602673e-18
8.75653,6.610416653213431e-17,2.272391784203558e-18
8.75734,5.971256134783735e-17,2.6211981011121604e-18
8.75783,6.347477470419067e-17,2.333313903637122e-18
8.75864,5.681928024364102e-17,2.7968081124834253e-18
8.75913,6.056821501080958e-17,2.2994657780728222e-18
8.75994,6.139316455920284e-17,2.514993731435677e-18
8.76043,6.186344437489961e-17,2.136576083652855e-18
8.76124,5.890769975425043e-17,2.470947375484895e-18
8.76173,6.239833056245088e-17,2.0162764159475582e-18
8.76254,6.097544946567721e-17,2.6040081991190112e-18
8.76303,6.209887932828323e-17,1.8763783320511697e-18
8.76384,5.826358225613312e-17,2.90545312119634e-18
8.76433,6.156031963494287e-17,2.0627621202934645e-18
8.76514,6.239746236722563e-17,2.5443465467294253e-18
8.76563,6.375885442731867e-17,1.9942893794094138e-18
8.76644,6.30652333525696e-17,2.7550867920694413e-18
8.76694,6.473786737660894e-17,2.146110694619624e-18
8.76775,6.273560133765585e-17,2.6634082895396794e-18
8.76824,6.310881043067709e-17,2.1743050579656287e-18
8.76905,6.16667140305179e-17,2.3378896750166818e-18
8.76954,6.194990970656327e-17,2.242854970693891e-18
8.77035,6.14894463679767e-17,2.1540388014958498e-18
8.77084,6.162547216156417e-17,2.121174232244407e-18
8.77165,6.841821492957579e-17,2.1208835589523304e-18
8.77214,6.27647334818488e-17,1.8769164862945676e-18
8.77344,6.239135682390084e-17,1.8605995603239644e-18
8.77474,6.40237032381858e-17,2.0361120172038297e-18
8.77604,6.228622110600672e-17,2.4735844323820625e-18
8.77735,6.054385866770685e-17,2.4067431531905893e-18
8.77865,6.245313408121119e-17,2.351571222792599e-18
8.77995,6.25843339197172e-17,2.1548728923891463e-18
8.78125,6.286376864593956e-17,2.0138781681727232e-18
8.78255,6.53445827671063e-17,2.1613269879154264e-18
8.78385,6.274614729265931e-17,2.3826883885916637e-18
8.78515,6.041360092899407e-17,1.9131938877324258e-18
8.78645,6.24161368131016e-17,1.9997344167164498e-18
8.78775,6.238810443176177e-17,2.020091693251334e-18
8.78906,6.192965171583393e-17,2.0204717689421116e-18
8.79036,6.04406942662457e-17,2.1120686133976543e-18
8.79166,5.975873395334373e-17,2.0306791342545328e-18
8.79296,6.059853636760584e-17,2.221305214060328e-18
8.79426,5.989462121230906e-17,2.2268998294783743e-18
8.79556,6.023663512567589e-17,2.007002371042695e-18
8.79686,6.137173422631807e-17,2.1084997949518236e-18
8.79816,5.99203345124234e-17,1.889900879681311e-18
8.79946,5.984340072491624e-17,2.1421570878497216e-18
8.80077,5.909401858141291e-17,2.7611213740470125e-18
8.80207,5.902052140075175e-17,2.4043815072221513e-18
8.80337,5.944088450171195e-17,1.9869421170652316e-18
8.80467,5.903607214948771e-17,2.0021997996112117e-18
8.80597,6.138665218418678e-17,1.959423675953517e-18
8.80727,6.01413363429105e-17,1.9537267995978836e-18
8.80857,5.996916759961984e-17,1.7617734495679794e-18
8.80987,6.068354683515579e-17,2.0687733605951285e-18
8.81118,5.774677042685411e-17,2.049564246981981e-18
8.81248,6.22308412338949e-17,2.1993682235573506e-18
8.81378,6.266697324888092e-17,1.940254302687744e-18
8.81508,6.210044931982595e-17,2.1961429576215444e-18
8.81638,6.11561829769896e-17,2.1714272531156177e-18
8.81768,6.152600635633943e-17,1.9228858987480553e-18
8.81898,5.966277424104655e-17,1.969223874922121e-18
8.82028,6.000535635956776e-17,2.0529197001867245e-18
8.82158,5.897721085554499e-17,2.154801060383098e-18
8.82289,5.948986527543989e-17,2.0322960117141484e-18
8.82419,6.197176107437351e-17,1.9438204975612473e-18
8.82549,6.313194870969113e-17,2.045360396396801e-18
8.82679,6.361613033078807e-17,2.23141926518374e-18
8.82809,6.090950750674677e-17,2.126211489875829e-18
8.82939,6.016491414358449e-17,2.1383634842702012e-18
8.83069,6.013713751610256e-17,2.1090519934558997e-18
8.83199,6.043181146212966e-17,2.052197095708932e-18
8.83329,6.423329616481272e-17,2.0552650583671716e-18
8.8346,6.302060487347645e-17,1.9688925135316267e-18
8.8359,6.26070188083363e-17,1.9280862121470776e-18
8.8372,6.39243898350741e-17,2.064515174076699e-18
8.8385,6.292951436230954e-17,2.2079432699510204e-18
8.8398,6.4407570133433e-17,2.0472529828007716e-18
8.8411,6.306632347992989e-17,1.8634287192339404e-18
8.8424,6.09675099993574e-17,1.934051092644137e-18
8.8437,6.189614047844546e-17,2.1215242992477704e-18
8.84501,6.276735036408117e-17,2.2005726892582668e-18
8.84631,6.227873993251403e-17,2.7194310143761397e-18
8.84761,6.05128012299693e-17,2.1387718150088598e-18
8.84891,6.318566662558876e-17,2.0771002626038308e-18
8.85021,6.150218706049851e-17,2.0806735824290642e-18
8.85151,5.955308216597591e-17,1.9585365663158592e-18
8.85281,5.855274792539341e-17,1.9435967650484187e-18
8.85411,6.074910974742037e-17,1.953817462305024e-18
8.85541,5.986468932308257e-17,1.843297601541364e-18
8.85672,6.463238907295049e-17,2.0223618370964608e-18
8.85802,6.755427304603463e-17,2.1731002150003762e-18
8.85932,6.473514110666149e-17,2.0781559509612493e-18
8.86062,6.24926331171078e-17,1.994937308499203e-18
8.86192,6.283313427330181e-17,2.1533614070130797e-18
8.86322,6.06843647566519e-17,2.095621232783117e-18
8.86452,6.095355022248636e-17,2.1621033999047224e-18
8.86582,5.814205810792679e-17,2.1270733010067346e-18
8.86712,6.130804078287243e-17,2.0545256980427664e-18
8.86843,6.459226492068206e-17,2.076708248047017e-18
8.86973,6.312520654100481e-17,2.3743512529642e-18
8.87103,5.961766541783174e-17,2.4818473510448007e-18
8.87233,6.260877675998809e-17,2.25637539149136e-18
8.87363,6.067297380554517e-17,2.0419494091994748e-18
8.87493,6.299725530171021e-17,1.792278290987107e-18
8.87623,6.118874695923832e-17,1.898714821590554e-18
8.87753,6.113804336045288e-17,1.9006334864788597e-18
8.87884,6.236156679641663e-17,1.912405128898973e-18
8.88014,6.121764623920793e-17,1.6483410612723712e-18
8.88144,6.029518884197791e-17,1.6187289935214582e-18
8.88274,6.175969458418864e-17,1.9561656255920775e-18
8.88404,6.001079594535668e-17,2.0433937552044237e-18
8.88534,6.373927317429858e-17,2.1832316718762992e-18
8.88664,6.26439292494653e-17,2.3724492573798392e-18
8.88794,6.120491684887992e-17,2.3044348011834027e-18
8.88924,6.090228559344491e-17,2.2384667930381673e-18
8.89055,5.689807212225584e-17,2.128283749691559e-18
8.89185,6.100053285935737e-17,2.2866679841940252e-18
8.89315,5.82726642298118e-17,2.3584277930335307e-18
8.89445,5.841160806226898e-17,2.534137191135583e-18
8.89575,6.004299529667173e-17,2.3702378862030133e-18
8.89705,5.810782853709368e-17,2.5243885294244232e-18
8.89835,6.304526001394287e-17,2.3117597931820282e-18
8.89965,6.162086364304577e-17,2.221106616716365e-18
8.90095,6.141323692711563e-17,2.0090437429366262e-18
8.90226,6.09281229080379e-17,1.797037211937513e-18
8.90356,6.082877636672907e-17,1.7250427620691021e-18
8.90486,5.947628009177668e-17,1.6881102094206698e-18
8.90616,6.026309490568409e-17,1.9329694983014225e-18
8.90746,6.195255929781215e-17,1.8617138426490152e-18
8.90876,6.212919758681763e-17,2.308322588774001e-18
8.91006,5.911579496448183e-17,2.334677072545452e-18
8.91136,6.204004476399193e-17,2.3063234759990093e-18
8.91267,6.477671152068028e-17,2.0889288197008044e-18
8.91397,6.308315986199717e-17,2.0925451191317742e-18
8.91527,6.132188982597898e-17,2.614492531035386e-18
8.91657,5.75019853574244e-17,2.093622998472204e-18
8.91787,5.91379274940191e-17,2.0847216550599976e-18
8.91917,6.137362902906244e-17,2.290527256416459e-18
8.92047,5.930090683156582e-17,2.106226831376794e-18
8.92177,5.79656070218235e-17,2.0260549709452633e-18
8.92307,5.887510383763884e-17,1.9101923391073743e-18
8.92438,5.95186939423157e-17,2.1667813323423892e-18
8.92568,6.063882701326428e-17,2.348825271987501e-18
8.92698,6.14181850883504e-17,2.34802155302737e-18
8.92828,6.131618105937687e-17,2.3226511928938513e-18
8.92958,5.848984474932752e-17,1.8868925789010162e-18
8.93088,5.88966772972847e-17,1.7306451424851233e-18
8.93218,6.149105071700981e-17,1.7628655465581176e-18
8.93348,6.00273418297744e-17,1.9500179816446235e-18
8.93479,6.081348469423301e-17,2.2983650066249026e-18
8.93609,6.227993549607109e-17,1.98355812608301e-18
8.93739,6.038810292079326e-17,2.083964383002817e-18
8.93869,6.115115444311383e-17,1.9923466662176976e-18
8.93999,6.346842617447828e-17,2.323068988379785e-18
8.94129,6.134146970555506e-17,2.2586326855379644e-18
8.94259,5.786061036362635e-17,2.1745016621813364e-18
8.94389,5.90994420120014e-17,2.239310187713673e-18
8.94519,5.739795221228118e-17,2.104504173159218e-18
8.9465,5.872775375502146e-17,2.064665029045479e-18
8.9478,5.930218663345038e-17,1.9764799552394198e-18
8.9491,5.751226464045051e-17,2.0510816512026953e-18
8.9504,6.09351249935458e-17,1.943578712061563e-18
8.9517,5.97518893563913e-17,1.7376518914067644e-18
8.953,6.032853815510327e-17,2.1697730772223778e-18
8.9543,5.951785932894842e-17,1.9252433559944713e-18
8.9556,5.984013124354712e-17,1.7987535876552844e-18
8.9569,5.968790616114596e-17,1.9578797469589497e-18
8.95821,5.866729843403121e-17,2.1848218430005088e-18
8.95951,6.341170247418262e-17,2.3081221062207585e-18
8.96081,6.357852553965635e-17,2.4601774035363837e-18
8.96211,6.01812330559493e-17,2.186164052248358e-18
8.96341,6.064561327510666e-17,2.13086476464014e-18
8.96471,5.950984273140216e-17,2.2796493350662164e-18
8.96601,6.171746979486151e-17,2.298150479979635e-18
8.96731,6.27015748225566e-17,2.057410303895462e-18
8.96862,6.132680924948035e-17,1.7280917866791731e-18
8.96992,5.625308896893782e-17,1.7319415311528661e-18
8.97122,5.795223057202374e-17,2.026768471593521e-18
8.97252,5.800219911726882e-17,2.1248491163580605e-18
8.97382,6.012640222925412e-17,1.8773340614970585e-18
8.97512,5.888290855666327e-17,1.552805361645558e-18
8.97642,5.674635719768671e-17,1.951016382251017e-18
8.97772,5.642606546484077e-17,1.9788230632317284e-18
8.97902,5.762016219645616e-17,2.1269267777227153e-18
8.98033,5.800619667581071e-17,2.100024170761056e-18
8.98163,5.828586558313572e-17,1.965867982759013e-18
8.98293,6.034800361319085e-17,2.0598633656061897e-18
8.98423,5.875006871632901e-17,2.1067095063266364e-18
8.98553,6.105206900521796e-17,2.1573571052774255e-18
8.98683,6.011685196763371e-17,1.82482328586071e-18
8.98813,5.749530709493396e-17,1.8826124637199164e-18
8.98943,5.8448002171359e-17,2.105558466567242e-18
8.99073,5.87767303119778e-17,2.050435954919371e-18
8.99204,5.908278340898547e-17,2.14671810259118e-18
8.99334,6.192814174027554e-17,1.8241184860777282e-18
8.99464,5.85902601837889e-17,1.8301811346157852e-18
8.99594,5.877029104447802e-17,1.823566359560802e-18
8.99724,5.769731264670281e-17,1.929024613110675e-18
8.99854,5.78705205740969e-17,2.0236504772565436e-18
8.99984,5.823471294225118e-17,1.8655405606955737e-18
9.00114,5.74685426715565e-17,1.6163125724695337e-18
9.00245,5.702011526398015e-17,1.698982496686764e-18
9.00375,5.784416618366584e-17,1.8130279844772466e-18
9.00505,5.912591500403381e-17,2.0188462787228255e-18
9.00635,6.089247041583474e-17,2.142693366552316e-18
9.00765,5.960474683466503e-17,2.141732865078284e-18
9.00895,6.032956921243623e-17,1.8086735805167412e-18
9.01025,5.993269327966828e-17,2.290127391222861e-18
9.01155,5.718444013398036e-17,2.306442903030522e-18
9.01285,5.803643921558477e-17,2.143349539266068e-18
9.01416,5.682401803880576e-17,2.0796011711479413e-18
9.01546,5.841542566518422e-17,1.6754566816930696e-18
9.01676,5.686758390933202e-17,1.6651237196474605e-18
9.01806,5.578947027991847e-17,1.6924147515208661e-18
9.01936,5.972355366704179e-17,1.77378521467979e-18
9.02066,5.983728796704215e-17,1.5955507656300605e-18
9.02196,5.843106741343012e-17,1.514661408363303e-18
9.02326,5.910771596134165e-17,1.9558775991359897e-18
9.02456,5.690505959125644e-17,1.8918525706332172e-18
9.02587,5.728568391655653e-17,1.897329600499658e-18
9.02717,5.674107255719424e-17,1.9092282447522087e-18
9.02847,5.705470574549364e-17,1.845288587605668e-18
9.02977,5.69002252608704e-17,2.047711530225793e-18
9.03107,5.68510759709579e-17,1.9046222245137474e-18
9.03237,5.4855697080242635e-17,1.741485463665374e-18
9.03367,5.636809609105355e-17,1.77986161229544e-18
9.03497,5.692366356978125e-17,1.8427080105214456e-18
9.03628,5.970601156938872e-17,1.9795409044555397e-18
9.03758,5.964497123673252e-17,2.085433088180458e-18
9.03888,5.836269129589199e-17,1.869830386168877e-18
9.04018,5.686395339029082e-17,1.6997373514658365e-18
9.04148,5.881162819762281e-17,1.699903724744129e-18
9.04278,6.126927184826737e-17,1.9204169175915076e-18
9.04408,6.032022759323268e-17,1.7994280653760167e-18
9.04538,5.81707020667039e-17,1.7093396656689424e-18
9.04668,5.856573984232492e-17,1.85962599321465e-18
9.04799,5.5510864941138835e-17,1.866748730668842e-18
9.04929,6.027108179443544e-17,1.9422303659131832e-18
9.05059,5.900740867864218e-17,1.881954936849949e-18
9.05189,5.91369812169406e-17,2.071383630656573e-18
9.05319,5.875469819319903e-17,1.867747993459678e-18
9.05449,5.877380781374743e-17,1.917898437576464e-18
9.05579,5.656839388759845e-17,2.1928113263545753e-18
9.05709,6.034380413698731e-17,1.9241478342306403e-18
9.0584,5.865277655049845e-17,2.051423493423076e-18
9.0597,5.5418152387695225e-17,1.8533002896877915e-18
9.061,6.018569859826556e-17,2.1537325955070422e-18
9.0623,5.702532752639955e-17,2.0978212285306637e-18
9.0636,5.865834155859088e-17,1.978476797584717e-18
9.0649,5.811523934331878e-17,2.0434098324369504e-18
9.0662,5.905281608767289e-17,1.7357853353473073e-18
9.0675,5.750633205114087e-17,1.6517803895932273e-18
9.0688,5.908118101569028e-17,1.8314001531978087e-18
9.07011,5.90228532171686e-17,1.5941990305812421e-18
9.07141,5.94876941102926e-17,1.678258737178925e-18
9.07271,6.047681424055437e-17,1.6358184871569421e-18
9.07401,5.784495506140448e-17,1.7123750626031212e-18
9.07531,5.850314836963643e-17,1.7260427891796877e-18
9.07661,5.938148972672517e-17,1.8761733026596063e-18
9.07791,5.614344847800397e-17,1.9623808031730293e-18
9.07921,5.86033276076316e-17,1.9864496128946058e-18
9.08051,5.612371288691857e-17,2.0149302489453024e-18
9.08182,5.76474580216748e-17,1.965407771247306e-18
9.08312,5.744271284807628e-17,2.062850158708176e-18
9.08442,5.73410686541819e-17,2.0743571232839897e-18
9.08572,5.763515009980397e-17,2.0538098784557032e-18
9.08702,5.632386305667436e-17,1.952561676735296e-18
9.08832,5.693008242003997e-17,1.6517256501860899e-18
9.08962,5.933605324841377e-17,1.87622783173671e-18
9.09092,5.887136618972819e-17,1.9424888988906484e-18
9.09223,5.828808154011991e-17,1.7190367835631889e-18
9.09353,5.819266139215625e-17,1.8344271072170692e-18
9.09483,5.867264164647262e-17,1.740160266172256e-18
9.09613,5.886442982385705e-17,2.0148725737360736e-18
9.09743,5.862828504461915e-17,1.911010137556812e-18
9.09873,5.90570009279327e-17,1.8037779751663524e-18
9.10003,5.905313885748737e-17,1.8459575151366284e-18
9.10133,5.983499914509209e-17,2.086152897351252e-18
9.10263,5.682126544809459e-17,2.3303797309129856e-18
9.10394,5.736615417718176e-17,1.9743069740239013e-18
9.10524,5.682047742333198e-17,2.134270074675792e-18
9.10654,5.798920642426343e-17,1.9115124054771562e-18
9.10784,5.800815605592155e-17,2.064601682048556e-18
9.10914,5.72296137878064e-17,2.262836761491086e-18
9.11044,5.687856356339731e-17,2.220958753421938e-18
9.11174,5.675906041370745e-17,2.038476505917976e-18
9.11304,5.835499758122674e-17,1.951837565202017e-18
9.11434,5.899704671467541e-17,1.8755850174086e-18
9.11565,5.981163742562879e-17,1.643598136468972e-18
9.11695,5.729973814790709e-17,1.6609019101590618e-18
9.11825,5.951500927963186e-17,1.7341047149760153e-18
9.11955,6.128521540493166e-17,1.676006536839449e-18
9.12085,5.807218861316797e-17,1.6640430764362581e-18
9.12215,5.829749478512203e-17,1.9857902065357317e-18
9.12345,5.81749505411713e-17,2.074419305540915e-18
9.12475,5.469343269434962e-17,2.124035757112117e-18
9.12606,5.760658904725996e-17,2.163006149906453e-18
9.12736,5.695557342569482e-17,1.974263031885088e-18
9.12866,5.787629468805228e-17,2.2362647297627273e-18
9.12996,5.700268367277912e-17,2.1674968047073338e-18
9.13126,5.783671335299625e-17,2.096323380198336e-18
9.13256,5.891470282325075e-17,1.966286267004404e-18
9.13386,5.737873839711893e-17,1.8527784452884074e-18
9.13516,5.693150376702719e-17,1.8606133531356074e-18
9.13646,5.606111437181966e-17,1.7555080651400952e-18
9.13777,5.5383062977563206e-17,1.852948491476565e-18
9.13907,5.675229852971482e-17,1.780965000241179e-18
9.14037,5.666920499844122e-17,1.6792597743290217e-18
9.14167,5.528478950177864e-17,1.760319997897339e-18
9.14297,5.684809930301941e-17,1.748272309594168e-18
9.14427,5.606174754650256e-17,1.7661341117052523e-18
9.14557,5.693843671878875e-17,1.975541501282734e-18
9.14687,5.70038018890643e-17,1.956689107717396e-18
9.14817,5.826538839392891e-17,1.8114327485589657e-18
9.14948,5.756752156719075e-17,2.1018879104394532e-18
9.15078,5.598220120689963e-17,1.9333999056459137e-18
9.15208,5.530374943865539e-17,1.7365523423377885e-18
9.15338,5.46983659168604e-17,1.9366262158497847e-18
9.15468,5.741502031347501e-17,2.348044465737477e-18
9.15598,5.446134465468606e-17,2.284238648618902e-18
9.15728,5.588707974347788e-17,2.0165905772779002e-18
9.15858,5.74514418829035e-17,1.8818776177740984e-18
9.15989,5.772732655146597e-17,1.891424179175651e-18
9.16119,5.829119658384823e-17,1.939527815020885e-18
9.16249,5.866299577029482e-17,1.8713596753153098e-18
9.16379,5.772995190767204e-17,2.0714709477982447e-18
9.16509,5.699132315585346e-17,1.71476641694596e-18
9.16639,5.753503592223416e-17,1.8905845048475707e-18
9.16769,5.949852863171107e-17,2.1625902198517512e-18
9.16899,5.845939461632688e-17,2.040918487100811e-18
9.17029,5.94624138411907e-17,1.7796588265439266e-18
9.1716,5.76067300865407e-17,1.815951634109673e-18
9.1729,5.817647381996593e-17,1.9220207037510817e-18
9.1742,5.4626512552285416e-17,2.0753059263070457e-18
9.1755,5.531169297086764e-17,1.9433396060686733e-18
9.1768,5.5273129954522865e-17,1.9902303962226082e-18
9.1781,5.57356707861398e-17,1.8971586831393147e-18
9.1794,5.4382974938116675e-17,1.908185383739525e-18
9.1807,5.686386521733129e-17,1.8444813464301564e-18
9.18201,5.303642574908403e-17,2.0871856015853586e-18
9.18331,5.554267734373379e-17,2.510736230016497e-18
9.18461,5.622758076265338e-17,2.1798520373052204e-18
9.18591,5.5159209749881166e-17,2.384501711757461e-18
9.18721,5.796968520934037e-17,1.8494385246751624e-18
9.18851,5.812026507295855e-17,2.037030671136545e-18
9.18981,5.923337218076357e-17,2.00726482972793e-18
9.19111,5.641072657588281e-17,1.8805347703466692e-18
9.19241,5.747593841562928e-17,1.8844120043726183e-18
9.19372,5.720208035519922e-17,1.695595264287332e-18
9.19502,5.715217598754851e-17,1.7921757605382537e-18
9.19632,5.659995681623659e-17,1.8755982712580834e-18
9.19762,5.4405274182531565e-17,2.0624416884528714e-18
9.19892,5.765225905758427e-17,1.859585922340129e-18
9.20022,5.413890785513851e-17,1.8573253372996835e-18
9.20152,5.324320010740631e-17,1.9037208081348906e-18
9.20282,5.38789986276741e-17,2.086970807988153e-18
9.20412,5.506659811433481e-17,1.910841650085795e-18
9.20543,5.746556632972657e-17,2.154864067248585e-18
9.20673,5.492708174413782e-17,2.150850217550996e-18
9.20803,5.622892196003611e-17,2.350521430202603e-18
9.20933,5.699849471452217e-17,2.4451641508104436e-18
9.21063,5.409226655474184e-17,1.929346715811509e-18
9.21193,5.71188716183121e-17,1.8935647845926727e-18
9.21323,5.646733345766238e-17,2.0014975277128163e-18
9.21453,5.624736997587096e-17,1.963703226876512e-18
9.21584,5.569399770405382e-17,2.009227179228639e-18
9.21714,5.595935881849373e-17,2.021693317325265e-18
9.21844,5.695911801674462e-17,1.853747865538779e-18
9.21974,5.526576848089589e-17,2.0275326774441685e-18
9.22104,5.668536262637957e-17,2.1390892140785356e-18
9.22234,5.743733019368839e-17,1.8264215020581655e-18
9.22364,5.5068126179611315e-17,2.180370887475417e-18
9.22494,5.5365191350663746e-17,2.1811252940442397e-18
9.22624,5.528464049744317e-17,1.9836618803364688e-18
9.22755,5.246901641455988e-17,1.9151239340250716e-18
9.22885,5.120868665697343e-17,1.949942099759072e-18
9.23015,5.400372099993979e-17,2.41059178370133e-18
9.23145,5.3239881064197563e-17,2.195447519650199e-18
9.23275,5.662604274111416e-17,2.292351774346517e-18
9.23405,5.581962124503731e-17,1.9648119850600176e-18
9.23535,5.4297215842117526e-17,1.8417798201886136e-18
9.23665,5.681958184628782e-17,1.798736845948133e-18
9.23795,5.606437660766657e-17,1.882947309001797e-18
9.23926,5.5247017834404706e-17,2.3192141183746498e-18
9.24056,5.670829874417736e-17,1.9291274108996476e-18
9.24186,5.4848250895411326e-17,1.868593789242924e-18
9.24316,5.681550509529594e-17,1.7280056386209825e-18
9.24446,5.5489311629734625e-17,1.4205209712482572e-18
9.24576,5.687224895470327e-17,1.889056666904152e-18
9.24706,5.781447989060159e-17,2.105883312294298e-18
9.24836,5.594117968398805e-17,2.1253076283253543e-18
9.24967,5.600361824470486e-17,2.427859546674643e-18
9.25097,5.558924955430073e-17,2.3330240330120883e-18
9.25227,5.4877502972441065e-17,2.354374166394422e-18
9.25357,5.347233929540438e-17,2.0331309175250826e-18
9.25487,5.541567250105126e-17,2.285797864050577e-18
9.25617,5.751520372498561e-17,2.336007640440203e-18
9.25747,5.497659217735538e-17,2.0961962005567722e-18
9.25877,5.710869705522698e-17,1.6932986822204417e-18
9.26007,5.673883976041282e-17,2.0221759817193188e-18
9.26138,5.407865694190465e-17,1.880472412090579e-18
9.26268,5.597692619443557e-17,1.9685095723371656e-18
9.26398,5.4120366699909765e-17,1.8562750474685893e-18
9.26528,5.420874344317953e-17,1.805610272499107e-18
9.26658,5.5061447405287874e-17,1.7772355013445395e-18
9.26788,5.4144926136519336e-17,2.011912114026359e-18
9.26918,5.651423652610066e-17,2.370401021310098e-18
9.27048,5.413336520648517e-17,2.2356577343594287e-18
9.27178,5.596822481510687e-17,2.0264686039324e-18
9.27309,5.5167461003185396e-17,1.825849681619612e-18
9.27439,5.384606761946219e-17,1.8034060127881834e-18
9.27569,5.731517630360731e-17,2.1636062124448147e-18
9.27699,5.63222564380394e-17,2.0842169022798117e-18
9.27829,5.745028542542344e-17,2.3650877748550647e-18
9.27959,5.3803901854855926e-17,2.2215248351124845e-18
9.28089,5.718601634822886e-17,1.997187621209988e-18
9.28219,5.541250330061572e-17,1.978736319226089e-18
9.2835,5.4552794141520643e-17,2.0096488460092757e-18
9.2848,5.636051218441003e-17,1.9703715479112506e-18
9.2861,5.284671432417401e-17,1.8287510860841692e-18
9.2874,5.460978741157022e-17,1.908818105823428e-18
9.2887,5.4809988278600265e-17,2.020753522616914e-18
9.29,5.4829900113212425e-17,1.89010513962824e-18
9.2913,5.478297637539598e-17,2.02827769739598e-18
9.2926,5.666848619460321e-17,2.1145521338880006e-18
9.2939,5.358904932169185e-17,2.180360085672693e-18
9.29521,5.4538909466776417e-17,1.9957991329085298e-18
9.29651,5.525864605421642e-17,1.9723104208701015e-18
9.29781,5.5328037876681766e-17,1.67090677361327e-18
9.29911,5.571654622044307e-17,2.009230764902722e-18
9.30041,5.479920216863743e-17,2.4575496244447587e-18
9.30171,5.4246600445746904e-17,2.3609075342248468e-18
9.30301,5.517589209378436e-17,2.4611442759080398e-18
9.30431,5.4931512045020706e-17,2.3810766423012543e-18
9.30561,5.590088993157893e-17,2.432906473594612e-18
9.30692,5.4390362527928804e-17,2.0293554537871588e-18
9.30822,5.57692356470589e-17,2.0793695679833385e-18
9.30952,5.597862575570439e-17,2.334899278921222e-18
9.31082,5.683517381000579e-17,2.2415497569095356e-18
9.31212,5.587873661788631e-17,2.3592186214860627e-18
9.31342,5.3158538952058205e-17,1.987442383186331e-18
9.31472,5.710776331243364e-17,2.00713170268025e-18
9.31602,5.5205251965648105e-17,2.0620115159726442e-18
9.31733,5.452485698005661e-17,1.94931501518287e-18
9.31863,5.5432879556462205e-17,1.8560617000835473e-18
9.31993,5.49213711899896e-17,1.795320599991639e-18
9.32123,5.2923249864416596e-17,1.9158530530168953e-18
9.32253,5.392588879663381e-17,1.859583658245473e-18
9.32383,5.105227260621378e-17,1.9099717349881108e-18
9.32513,5.2239118976957585e-17,2.049270135518773e-18
9.32643,5.560230564070157e-17,2.1206257392569824e-18
9.32773,5.588310014840107e-17,2.11373744016742e-18
9.32904,5.741488960452474e-17,2.138104768862244e-18
9.33034,5.453017153838323e-17,1.9448214303049034e-18
9.33164,5.183394983687373e-17,2.0711426666925933e-18
9.33294,5.4540529647526185e-17,2.096727441004963e-18
9.33424,5.4514369927914685e-17,2.0812146722071727e-18
9.33554,5.396779164325589e-17,1.963573283534905e-18
9.33684,5.665609755140238e-17,1.818339499980625e-18
9.33814,5.69726746723617e-17,2.1106330986495936e-18
9.33945,5.533583639041458e-17,1.9479455883728578e-18
9.34075,5.72420270341146e-17,2.251106893921117e-18
9.34205,5.743318211416828e-17,2.2757138698836848e-18
9.34335,5.75211247134467e-17,2.0471149928192793e-18
9.34465,5.655151766786732e-17,1.892546241580608e-18
9.34595,5.152382658593599e-17,2.0967482302721196e-18
9.34725,5.291342403364245e-17,2.3413660229174198e-18
9.34855,5.460614459812746e-17,2.0903277715022108e-18
9.34985,5.179180920676272e-17,2.278593821821716e-18
9.35116,5.4006277506322886e-17,2.360591911111042e-18
9.35246,5.410334610007104e-17,2.2437511321814897e-18
9.35376,5.4164107629169195e-17,2.0108212483824216e-18
9.35506,5.0506011374426036e-17,2.026140333678894e-18
9.35636,5.038656591044593e-17,2.3141739245459127e-18
9.35766,5.214158216299401e-17,1.980199142154252e-18
9.35896,5.2123744805508273e-17,1.866372944841364e-18
9.36026,5.437406596105488e-17,1.9887878317206137e-18
9.36156,5.2835799003669044e-17,1.988073379581033e-18
9.36287,5.4242873920822875e-17,2.0222839197228412e-18
9.36417,5.424818917131841e-17,2.1160483145549874e-18
9.36547,5.5122450749632324e-17,2.0508317301329412e-18
9.36677,5.644009837616216e-17,1.8442129615733146e-18
9.36807,5.4041778126665476e-17,1.643556923500003e-18
9.36937,5.305040196145675e-17,1.7837616833843973e-18
9.37067,5.3040751006985656e-17,1.8127882797615157e-18
9.37197,5.4570484194748436e-17,1.9007292694323656e-18
9.37328,5.409620287708167e-17,1.9937629577309323e-18
9.37458,5.254871812036783e-17,2.0240235355638066e-18
9.37588,5.444566898201388e-17,2.407235376270041e-18
9.37718,5.2662366812170835e-17,2.1726585248799132e-18
9.37848,5.477391790456348e-17,2.033527041955569e-18
9.37978,5.28312514781364e-17,2.158093277870288e-18
9.38108,5.3352969626770346e-17,2.6329585007328637e-18
9.38238,5.259828113281916e-17,2.5275353237473947e-18
9.38368,5.216458454380474e-17,2.2115389783963507e-18
9.38499,5.423022915957795e-17,2.0195984930403887e-18
9.38629,5.576997034672727e-17,1.964452445180189e-18
9.38759,5.594944308480683e-17,1.831766863671341e-18
9.38889,5.543125988555387e-17,1.6216946927964714e-18
9.39019,5.506794832110331e-17,1.6407296451381177e-18
9.39149,5.44078210810823e-17,1.8547460179019858e-18
9.39279,5.342084932751917e-17,2.0661707054918644e-18
9.39409,5.670881805938344e-17,1.7539265579442052e-18
9.39539,5.678641639585338e-17,2.084057838795469e-18
9.3967,5.3948847371121845e-17,1.9675396361790155e-18
9.398,5.369743508917557e-17,1.8679613643667383e-18
9.3993,5.27479826434477e-17,2.0234676836790832e-18
9.4006,5.566916009652692e-17,1.8223938155102482e-18
9.4019,5.3072632982637014e-17,2.213699350174481e-18
9.4032,5.5055304543471356e-17,2.0983760648417395e-18
9.4045,5.044744146203174e-17,2.0226575249798163e-18
9.4058,5.4693535593376186e-17,1.973849250253593e-18
9.40711,5.409701511947793e-17,2.274817044660915e-18
9.40841,5.619365816871611e-17,2.161765759050359e-18
9.40971,5.3838275412629905e-17,2.1023162054177225e-18
9.41101,5.2540305930720313e-17,1.947115186549554e-18
9.41231,5.3439626673601504e-17,1.7878462315620207e-18
9.41361,5.3812173052271736e-17,2.0332770611038247e-18
9.41491,5.267720621598001e-17,2.2234565296836312e-18
9.41621,5.714145389914632e-17,1.9060253471492155e-18
9.41751,5.50730774675827e-17,1.855270637478917e-18
9.41882,5.5045401098209934e-17,1.838218979795138e-18
9.42012,5.525209461670309e-17,1.831279168404863e-18
9.42142,5.579634244149679e-17,1.8312117976716133e-18
9.42272,5.328025410638851e-17,2.025927231608356e-18
9.42402,5.390700273413764e-17,1.9260902513563664e-18
9.42532,5.1519617012678875e-17,2.109530548644085e-18
9.42662,5.243033147860474e-17,2.181009826084329e-18
9.42792,5.1843002360007385e-17,1.878716316665724e-18
9.42922,5.372999615563372e-17,2.2554264166246982e-18
9.43053,5.4872345010040506e-17,2.386359166292784e-18
9.43183,5.174359031709362e-17,2.0730214447651303e-18
9.43313,5.554166219143684e-17,2.018136845391796e-18
9.43443,5.650656741653998e-17,2.0724844081483833e-18
9.43573,5.536905081103745e-17,2.372793074660789e-18
9.43703,5.336846615881291e-17,1.8845856543884848e-18
9.43833,5.314932186781615e-17,1.982329759468157e-18
9.43963,5.5210642460742975e-17,2.017331206457541e-18
9.44094,5.0559027741552634e-17,2.0535873982810346e-18
9.44224,5.234578758968752e-17,1.9840887204394473e-18
9.44354,5.370924615345157e-17,2.01243424065695e-18
9.44484,5.2223327241032754e-17,1.6802401344033196e-18
9.44614,5.2307043184534946e-17,1.834103433166267e-18
9.44744,5.4076295942434303e-17,1.8958513237550672e-18
9.44874,5.3813824783542645e-17,1.8732312551586873e-18
9.45004,5.2655564570367917e-17,1.7980572334779568e-18
9.45134,5.1388887495616865e-17,2.0427707659261226e-18
9.45265,5.0012645125375145e-17,1.9637440882549e-18
9.45395,5.113166794970812e-17,1.916558188195118e-18
9.45525,5.233311308217735e-17,1.947284935935901e-18
9.45655,4.826111731015259e-17,2.167380520573743e-18
9.45785,5.0231672476830594e-17,2.1856541388867466e-18
9.45915,5.1615285081589375e-17,2.3876327649698957e-18
9.46045,5.3697740758555146e-17,2.3796108643647586e-18
9.46175,5.307613297782135e-17,2.1005318020408677e-18
9.46306,5.151741557084458e-17,1.784853054568741e-18
9.46436,5.344695391013997e-17,1.711141092895536e-18
9.46566,5.488336592809565e-17,1.738858909729568e-18
9.46696,5.419229842106257e-17,1.6394271362135349e-18
9.46826,5.578079713895595e-17,1.7283105023242848e-18
9.46956,5.350656266923361e-17,1.980555979289067e-18
9.47086,5.0959160738963577e-17,1.940762231135723e-18
9.47216,5.389573327647753e-17,1.9743485664110698e-18
9.47346,5.3509217377160766e-17,2.248266735923104e-18
9.47477,5.3292800508110745e-17,2.2073257105759863e-18
9.47607,5.200132183408731e-17,1.8855941789223096e-18
9.47737,5.1930891428561304e-17,2.173794785007084e-18
9.47867,5.1451308974424717e-17,2.0270454168344148e-18
9.47997,5.2599671516136794e-17,2.2901688788319245e-18
9.48127,5.346424680174142e-17,2.132095110015362e-18
9.48257,4.950774839794345e-17,2.1070181194609032e-18
9.48387,5.136649470091166e-17,2.339907899107805e-18
9.48517,5.485801409804176e-17,2.442911553772544e-18
9.48648,5.07917604333765e-17,2.2223983728207756e-18
9.48778,5.1680603892965266e-17,1.8298565132748475e-18
9.48908,5.265661209240594e-17,1.6565859254471253e-18
9.49038,5.3372041074795436e-17,1.6919821345564197e-18
9.49168,5.1876703557332914e-17,1.7236323595436946e-18
9.49298,5.107459771322704e-17,1.9068575602628292e-18
9.49428,5.164641332896202e-17,1.896567103825483e-18
9.49558,5.456230634247585e-17,1.859712154541739e-18
9.49689,5.5335220093565634e-17,1.6337130112563709e-18
9.49819,5.3099223553666604e-17,1.8089580979786274e-18
9.49949,5.2751000697049716e-17,1.8293897417092973e-18
9.50079,5.2032074902248825e-17,1.846254777622641e-18
9.50209,5.1493801641140304e-17,2.1384949695616706e-18
9.50339,5.114889821665848e-17,2.0827185984693498e-18
9.50469,4.961928717447233e-17,2.0505071695025266e-18
9.50599,5.373215781271676e-17,2.230748628661034e-18
9.50729,5.0273853762950857e-17,2.2587979403295955e-18
9.5086,5.1996824282710355e-17,1.919135884372842e-18
9.5099,5.081420709737795e-17,1.9893648641812746e-18
9.5112,5.1867055623117666e-17,2.136913481105597e-18
9.5125,5.022880956448291e-17,2.336339091337093e-18
9.5138,4.973049989613718e-17,2.248375829041064e-18
9.5151,5.002668054980431e-17,2.3138153303134818e-18
9.5164,5.386820919371366e-17,2.3606535651449013e-18
9.5177,5.441013349048215e-17,1.897186460615435e-18
9.519,5.314595044962586e-17,2.0663450692063573e-18
9.52031,5.3000970959131776e-17,1.768527287664646e-18
9.52161,5.2727648143448264e-17,1.7263840882529086e-18
9.52291,4.905601613885408e-17,1.686415801595178e-18
9.52421,4.9864375686442434e-17,1.6617282642249797e-18
9.52551,5.030624292499452e-17,1.916967739492465e-18
9.52681,5.013195136943247e-17,1.7444643812016417e-18
9.52811,5.0734310440854456e-17,2.152392824547311e-18
9.52941,5.1686866087358315e-17,2.4593468041859354e-18
9.53072,5.2329147678062957e-17,2.5847294169012193e-18
9.53202,5.341184650762155e-17,2.5384052707415452e-18
9.53332,5.637489510623436e-17,2.2437600314808594e-18
9.53462,5.480962700591958e-17,1.8203205231588826e-18
9.53592,5.106072592399468e-17,1.8948486054924325e-18
9.53722,5.311253655364486e-17,1.9199347941400988e-18
9.53852,5.300048993318195e-17,2.2510911493564812e-18
9.53982,5.0754671399347155e-17,1.9078443457306516e-18
9.54112,5.114383682629778e-17,1.6536809986673793e-18
9.54243,5.2245423443355705e-17,1.7833419650098745e-18
9.54373,5.277102056531455e-17,1.8880216532554784e-18
9.54503,5.237092778859578e-17,2.0067216925210785e-18
9.54633,5.2524784525273457e-17,1.9874864590966573e-18
9.54763,5.201084903614449e-17,1.872180731563637e-18
9.54893,5.127286525061313e-17,2.1808591946818624e-18
9.55023,5.002741140787731e-17,2.0582881492544706e-18
9.55153,5.1894820201483234e-17,2.1151419920820347e-18
9.55283,5.0514966637522816e-17,1.8972013011818818e-18
9.55414,4.9953267209176955e-17,1.8095040896132236e-18
9.55544,5.2329002658854534e-17,2.0206957026168853e-18
9.55674,5.2340491789880745e-17,2.0264424520851386e-18
9.55804,5.027361258405681e-17,2.2126958554252564e-18
9.55934,4.8238153266939104e-17,2.119663460219895e-18
9.56064,5.2578931387273954e-17,2.0639373247342776e-18
9.56194,5.04122712820899e-17,2.044522711163079e-18
9.56324,5.062838928504493e-17,1.9173648979806525e-18
9.56455,4.956605922758722e-17,2.1724776906118026e-18
9.56585,5.0152365723472766e-17,2.0323083108969424e-18
9.56715,5.1622244016239986e-17,1.9466140734840313e-18
9.56845,5.462738394222992e-17,2.131267752602474e-18
9.56975,5.4197849104633865e-17,2.424410893304042e-18
9.57105,5.2141732255235163e-17,2.1938685709272223e-18
9.57235,4.9589207184202786e-17,2.336451996526465e-18
9.57365,5.1883692820063634e-17,1.9924285966663272e-18
9.57495,5.0301879266777324e-17,2.0029097761126986e-18
9.57626,5.2453015919351645e-17,1.9381432232465845e-18
9.57756,5.1680136343893716e-17,1.8013813152651673e-18
9.57886,5.128126990225603e-17,1.6644669607096043e-18
9.58016,5.593074253243724e-17,2.8804448686608462e-18
9.58146,5.25047328810083e-17,2.2592815400917637e-18
9.58276,4.654257812142125e-17,2.256045238835827e-18
9.58406,5.2982024410863366e-17,2.4436183467456605e-18
9.58536,5.32635536687838e-17,2.413124643151063e-18
9.58667,5.167822412775446e-17,3.2067480544318837e-18
9.58797,5.053659252012265e-17,2.5327523381908697e-18
9.58927,4.981553136087822e-17,2.427242111987293e-18
9.59057,4.960307394452218e-17,2.3133245998430824e-18
9.59187,5.314946705389041e-17,2.151730481516767e-18
9.59317,5.319949321441158e-17,2.289567242494914e-18
9.59447,5.27678775562308e-17,1.989502814942833e-18
9.59577,5.1843513970605985e-17,1.867943195358568e-18
9.59707,4.9903808212848554e-17,2.009290994115549e-18
9.59838,4.975873537893023e-17,1.890557589807787e-18
9.59968,4.9433455647346756e-17,1.8442536650001467e-18
9.60098,5.035302513870739e-17,1.8923022789786563e-18
9.60228,4.9973482197207177e-17,1.793747523166398e-18
9.60358,5.1434990252524304e-17,2.0341617361467017e-18
9.60488,5.152463310429616e-17,1.7036856833020249e-18
9.60618,4.9500245792338484e-17,2.1002383454973858e-18
9.60748,4.7966663482157603e-17,2.2657016598404598e-18
9.60878,4.7789045978603654e-17,2.336469173664691e-18
9.61009,4.8938512966853593e-17,2.050373435526951e-18
9.61139,5.0040390730059194e-17,1.9542211931966272e-18
9.61269,5.113819629121178e-17,2.185774700696377e-18
9.61399,5.2250758132962784e-17,2.306704808867988e-18
9.61529,5.17402637326655e-17,2.2106511152886696e-18
9.61659,5.174357520460224e-17,2.314856617217858e-18
9.61789,5.171053758950957e-17,2.3444338904992327e-18
9.61919,5.063073483406385e-17,2.0762623190325517e-18
9.6205,5.1832398855329523e-17,2.0550257625074393e-18
9.6218,5.2456594468864356e-17,1.6395387896991631e-18
9.6231,5.108051476598565e-17,1.5167616477124981e-18
9.6244,5.21327900897019e-17,1.5307352362902084e-18
9.6257,5.226069166046287e-17,1.7073219443545995e-18
9.627,5.2256971585192336e-17,1.7929853219605172e-18
9.6283,5.2118248096348866e-17,1.5329341577603661e-18
9.6296,5.0184103135528234e-17,1.5309660278923629e-18
9.6309,5.0372913009482456e-17,1.6770158345990744e-18
9.63221,5.141577127416145e-17,1.74535478037041e-18
9.63351,5.019683739770244e-17,1.8576273591810593e-18
9.63481,5.250422470099372e-17,1.9764004473425557e-18
9.63611,5.2647693214448777e-17,1.8622192634632212e-18
9.63741,5.1299888308595104e-17,2.0050466606172866e-18
9.63871,4.6255214955004666e-17,2.2123063818950645e-18
9.64001,4.8748900338788874e-17,2.2531740195768626e-18
9.64131,4.890933440397191e-17,2.2023684196100293e-18
9.64261,4.7657745312470744e-17,2.4922869623701072e-18
9.64392,4.9760859824797616e-17,2.3063671626602704e-18
9.64522,4.927122422314917e-17,2.542611590294388e-18
9.64652,5.293468105604743e-17,2.225670070030083e-18
9.64782,5.240086255287294e-17,2.1807380931763588e-18
9.64912,5.0440097844896996e-17,2.383738181938435e-18
9.65042,5.0418671780722297e-17,1.8514627028608776e-18
9.65172,5.216283131605858e-17,1.942698164754891e-18
9.65302,5.0343594488023216e-17,1.786460338344724e-18
9.65433,4.832001601603445e-17,1.8236089485072873e-18
9.65563,5.109173224892519e-17,1.8641575885679942e-18
9.65693,5.1978575763848566e-17,1.970047371809302e-18
9.65823,5.029915267300483e-17,1.8363994155985376e-18
9.65953,4.8821283830389796e-17,2.3829266562878707e-18
9.66083,4.8957198847285874e-17,1.9453664676271424e-18
9.66213,5.2697048929714686e-17,1.9621458413499204e-18
9.66343,5.3035644259446265e-17,2.315291106100283e-18
9.66473,6.189939699238141e-17,2.950459753420057e-18
9.66604,6.881825448005873e-17,3.8840464047882735e-18
9.66734,5.5022696641833584e-17,2.579258035251801e-18
9.66864,5.0727736812640275e-17,2.059559846717514e-18
9.66994,4.897556245048692e-17,2.2097578702377087e-18
9.67124,4.9115669681479346e-17,2.1048040491150952e-18
9.67254,4.926006867080777e-17,2.0804696562991186e-18
9.67384,4.8382164507514594e-17,1.819400329521965e-18
9.67514,5.136102413043098e-17,1.7080588003060708e-18
9.67644,5.047369732426432e-17,1.5058670449874177e-18
9.67775,5.0214438945381786e-17,1.4894012746610712e-18
9.67905,5.1685614238624435e-17,1.5548651019372996e-18
9.68035,5.1719481434865344e-17,1.6439829324630405e-18
9.68165,5.0069795149079155e-17,1.6269035648950357e-18
9.68295,5.007136549618589e-17,1.5765048708362706e-18
9.68425,5.0948828305791465e-17,1.5508459429349524e-18
9.68555,4.9539130930039905e-17,1.7265791169638018e-18
9.68685,5.113575413656865e-17,2.0914224211868064e-18
9.68816,5.126302038366287e-17,1.7229817829157689e-18
9.68946,5.099137367496717e-17,1.7828198874888795e-18
9.69076,4.976995803979572e-17,2.193194470014577e-18
9.69206,5.1544415501608856e-17,2.2736047297226563e-18
9.69336,4.7579305327936187e-17,2.3263600926812907e-18
9.69466,4.825751385239973e-17,1.9393118122779598e-18
9.69596,5.0009295356997544e-17,2.037842365980615e-18
9.69726,4.9264763208167316e-17,2.161275752707724e-18
9.69856,5.000414611582185e-17,2.2112325670017097e-18
9.69987,5.305618807601788e-17,2.1662286300297692e-18
9.70117,5.166362769883363e-17,2.0335651612882418e-18
9.70247,5.229252910831538e-17,2.3465732454372842e-18
9.70377,5.001387800217345e-17,1.905361381851041e-18
9.70507,4.9038773657613236e-17,2.016459302073634e-18
9.70637,5.1050305140759723e-17,1.9841364916437362e-18
9.70767,4.9091255335539005e-17,1.9095042274933226e-18
9.70897,5.132971508173006e-17,1.901912604771154e-18
9.71028,5.2208779793068386e-17,1.810011650963984e-18
9.71158,5.230099760349309e-17,1.9582996685386903e-18
9.71288,4.9928083456617747e-17,1.8693012310337107e-18
9.71418,5.0995726860660433e-17,1.9727184214205138e-18
9.71548,5.056647388893709e-17,1.8648881424763226e-18
9.71678,4.8147404121756805e-17,1.8387127359060967e-18
9.71808,4.88055626679707e-17,1.964832177682024e-18
9.71938,4.916463093714105e-17,2.249298778238475e-18
9.72068,5.006623754493153e-17,2.19311221956971e-18
9.72199,4.93698256344611e-17,2.4537267329521338e-18
9.72329,4.6154281508598146e-17,2.3267711491287863e-18
9.72459,4.838740355261334e-17,2.243295732773216e-18
9.72589,4.840608935407156e-17,1.9092784053440257e-18
9.72719,5.0930817323937065e-17,1.7563758190033105e-18
9.72849,4.852173406244736e-17,2.442064294338599e-18
9.72979,4.8674202081705666e-17,2.2150039515718145e-18
9.73109,4.968621503469931e-17,2.3080656544519448e-18
9.73239,4.965123760772173e-17,1.7624270605157143e-18
9.7337,4.9604346476353685e-17,1.7444478174108945e-18
9.735,4.805276680367081e-17,1.7744667814504484e-18
9.7363,4.9657195552567515e-17,1.606824463555622e-18
9.7376,5.1548412068790476e-17,1.7882427589990946e-18
9.7389,5.2172232513628815e-17,1.7094826135436092e-18
9.7402,5.144122146443404e-17,1.941082627676822e-18
9.7415,4.9101896476285586e-17,1.9082329051217553e-18
9.7428,4.9711238331442523e-17,1.9500839425385954e-18
9.74411,4.9699082551624615e-17,2.1415143834382812e-18
9.74541,5.2010373310536024e-17,2.1286519905168508e-18
9.74671,5.2944774903121207e-17,2.0458506463336913e-18
9.74801,4.883712946797211e-17,2.120414737082614e-18
9.74931,5.037659986687787e-17,2.3234388540318807e-18
9.75061,4.860575213771529e-17,2.362240436575194e-18
9.75191,4.9252495445912513e-17,2.3503395458137142e-18
9.75321,4.914614809429172e-17,1.998847628818549e-18
9.75451,4.74470169582894e-17,1.9292446625634833e-18
9.75582,4.9514664695081435e-17,2.2081544312622204e-18
9.75712,5.026050138467825e-17,2.1062983597776627e-18
9.75842,4.845463397448705e-17,1.9706666249310973e-18
9.75972,4.855994079428701e-17,1.8955841016457282e-18
9.76102,5.1172852820043475e-17,1.9560016353344473e-18
9.76232,5.2018460837222355e-17,1.7917436462237302e-18
9.76362,5.127784249806043e-17,1.8785225292017547e-18
9.76492,5.0042191569611336e-17,1.7569630618743174e-18
9.76622,5.10857392793069e-17,1.7265300350090921e-18
9.76753,5.1634273685688985e-17,1.9172638091824207e-18
9.76883,5.170406865640813e-17,1.8658484318181013e-18
9.77013,5.0347718015718506e-17,1.998694357936542e-18
9.77143,5.03419512377577e-17,2.14368604504052e-18
9.77273,4.8482846730799265e-17,1.6671321974781725e-18
9.77403,4.5980327693800666e-17,1.5724585548094711e-18
9.77533,4.661508945098901e-17,1.5789574997029022e-18
9.77663,4.77340749363556e-17,1.8555038623349303e-18
9.77794,4.6907877264391956e-17,2.244973288633071e-18
9.77924,4.902295521520302e-17,2.1565631624438177e-18
9.78054,4.953293286444166e-17,2.0144985939345987e-18
9.78184,4.883402201515266e-17,1.7842253754414584e-18
9.78314,4.9222587041315666e-17,1.9324119101491405e-18
9.78444,4.8562820144952635e-17,1.758097005193856e-18
9.78574,4.813116875185885e-17,1.5747556688533181e-18
9.78704,4.8813995705881607e-17,1.6618947065916644e-18
9.78834,4.851820817729483e-17,1.7109888849194269e-18
9.78965,5.0178907618459097e-17,2.0424128263421084e-18
9.79095,4.8520699597319604e-17,1.9752911046648458e-18
9.79225,4.742557311371426e-17,1.8735849944893653e-18
9.79355,4.8666352174928966e-17,1.6107318113398681e-18
9.79485,5.0991643683131476e-17,1.6894388652053754e-18
9.79615,5.09956709461319e-17,1.7878499527186992e-18
9.79745,5.131216461308387e-17,1.6452737613634034e-18
9.79875,5.041300177472734e-17,1.768410430161138e-18
9.80005,5.045487898888614e-17,1.7095286275842584e-18
9.80136,4.8114943791247347e-17,1.7234804441291875e-18
9.80266,4.683545727029153e-17,1.7201069340107792e-18
9.80396,4.866311168712466e-17,1.8128569868235877e-18
9.80526,4.730425021378574e-17,2.0676626930092884e-18
9.80656,4.830345618316073e-17,2.07874182597398e-18
9.80786,4.702982795419204e-17,1.9436958050726028e-18
9.80916,4.6943031578967546e-17,1.6157139281360558e-18
9.81046,4.847484989069962e-17,1.872448715095905e-18
9.81177,4.815450017311254e-17,1.5931477766330812e-18
9.81307,4.73042355799077e-17,1.5753678970024338e-18
9.81437,4.808718580447222e-17,1.7523230104329326e-18
9.81567,4.7401474693533415e-17,1.8792166460587117e-18
9.81697,4.8523100133649363e-17,1.7390385070893545e-18
9.81827,4.7012426224615824e-17,1.6931095747187458e-18
9.81957,4.9428440598442196e-17,1.7441537854780506e-18
9.82087,4.9254289565387965e-17,1.5529598427859094e-18
9.82217,4.811855988532753e-17,1.6144477691153682e-18
9.82348,4.794775310634382e-17,1.9390032854430708e-18
9.82478,4.8950776942926817e-17,1.697900822574621e-18
9.82608,4.808443451539359e-17,1.8363336488493016e-18
9.82738,4.672102591803003e-17,1.8665401225095375e-18
9.82868,4.6738891035799364e-17,1.9267241822925342e-18
9.82998,4.807968788374304e-17,1.8759174049784242e-18
9.83128,4.971065110535286e-17,1.81466481911885e-18
9.83258,4.7086154870858416e-17,1.9258873286189863e-18
9.83388,4.5677204344053426e-17,2.076383605989476e-18
9.83519,4.923294485062106e-17,2.331706208641618e-18
9.83649,4.620369424418082e-17,2.7035058328433617e-18
9.83779,4.891282914958612e-17,4.2577257779914075e-18
9.83909,4.8962166166481265e-17,2.4158938290372652e-18
9.84039,4.891915865445137e-17,2.326873451016652e-18
9.84169,4.8327064318055607e-17,2.092728501107563e-18
9.84299,5.058778221630502e-17,1.8307338430353458e-18
9.84429,5.081596899553409e-17,1.775309451599184e-18
9.8456,5.1719836488725276e-17,1.7849334286746107e-18
9.8469,4.9804954830681205e-17,2.0241396495657252e-18
9.8482,4.932318265520145e-17,1.8067559288453524e-18
9.8495,4.7362592960077296e-17,1.7113365396707541e-18
9.8508,4.6952588473835827e-17,1.7759965611029026e-18
9.8521,4.6564738103712967e-17,1.9982600069075475e-18
9.8534,4.805148657229317e-17,2.3438228782221128e-18
9.8547,4.8591766075111066e-17,2.000545190781307e-18
9.856,4.997178372296506e-17,1.891765977311364e-18
9.85731,4.827343284094565e-17,1.870895075742779e-18
9.85861,4.7695119417555497e-17,1.826418307364167e-18
9.85991,4.5178977337387264e-17,1.90027803064294e-18
9.86121,4.5865234920685874e-17,2.1456394968906962e-18
9.86251,4.7874803966971354e-17,2.0682007791426476e-18
9.86381,4.8070969146964744e-17,2.2532152483173596e-18
9.86511,4.9065338385267186e-17,2.116357163532543e-18
9.86641,4.6884914949415607e-17,2.13333598366985e-18
9.86772,4.887587213352087e-17,2.058896627934741e-18
9.86902,4.584415080878504e-17,1.906104714235189e-18
9.87032,4.7790653256891826e-17,1.9419806241901832e-18
9.87162,4.7500584150691865e-17,1.832244597876983e-18
9.87292,4.724812646038621e-17,1.924562183268996e-18
9.87422,4.686052583346526e-17,1.937407153666572e-18
9.87552,4.978800576933399e-17,1.859499075555697e-18
9.87682,4.726332042099942e-17,1.9112916781994344e-18
9.87812,4.6685838122883065e-17,1.8017432512460985e-18
9.87943,4.6848899513862834e-17,1.826900025068784e-18
9.88073,4.777296261249318e-17,1.89190934044521e-18
9.88203,4.5796290936846135e-17,1.997161343587696e-18
9.88333,4.663882698060783e-17,2.110707722117976e-18
9.88463,4.688510444798582e-17,1.935426377393034e-18
9.88593,4.5575926372102916e-17,2.3347058606127506e-18
9.88723,4.8205711099228165e-17,2.0769118760973848e-18
9.88853,4.4991123525307996e-17,2.19502692212181e-18
9.88983,4.3100775347467815e-17,2.1516239530249836e-18
9.89114,4.509771950467574e-17,2.1598543070863762e-18
9.89244,4.3892919869683766e-17,2.0167492235254017e-18
9.89374,4.1172840043323624e-17,2.140740516322649e-18
9.89504,4.57945047530044e-17,1.89734680037164e-18
9.89634,4.6074954889719425e-17,2.049486380497658e-18
9.89764,4.3136812546495114e-17,1.8778512845269016e-18
9.89894,4.43043492182897e-17,2.2030991493133538e-18
9.90024,4.834110706266873e-17,1.9646328993167112e-18
9.90155,4.561350940394268e-17,1.6452718328541976e-18
9.90285,4.857807060718902e-17,1.6649025588347692e-18
9.90415,4.931472904575512e-17,1.7244425010066205e-18
9.90545,4.8963790095281455e-17,1.7717685810077767e-18
9.90675,4.9134741386697016e-17,1.7952446792799607e-18
9.90805,4.7225492096006615e-17,1.7878997964474052e-18
9.90935,4.725248934265905e-17,1.929178782761391e-18
9.91065,4.936129553916301e-17,1.9067412249900293e-18
9.91195,4.7713983293502785e-17,1.811846484716601e-18
9.91326,4.418316992028552e-17,1.8471549770928634e-18
9.91456,4.668814819320912e-17,1.6547050063426218e-18
9.91586,4.924479308787105e-17,2.039377405653613e-18
9.91716,5.032253192502758e-17,2.039421604058392e-18
9.91846,5.0416908659417756e-17,2.298019758924498e-18
9.91976,4.917995927039346e-17,2.3397175962091234e-18
9.92106,4.424153065811668e-17,2.1222000774948613e-18
9.92236,4.94972619910785e-17,2.533205958391878e-18
9.92366,4.9051731197587403e-17,2.408217409269731e-18
9.92497,5.065427719238744e-17,2.086683595418479e-18
9.92627,4.873225194108933e-17,2.069865769703537e-18
9.92757,4.57252851278766e-17,1.9964121158802434e-18
9.92887,4.843959405052861e-17,2.0973880431234456e-18
9.93017,4.6701377338509903e-17,2.140998462295267e-18
9.93147,4.621450919612478e-17,1.9740302744023085e-18
9.93277,4.640121429517419e-17,1.7962412193928012e-18
9.93407,4.9543130464507904e-17,1.7353831701134325e-18
9.93538,4.943894765207913e-17,1.8155886286335817e-18
9.93668,4.721699918637445e-17,1.9524704912558185e-18
9.93798,4.9351410208489166e-17,1.9070235325051288e-18
9.93928,4.9187412202231887e-17,2.0317789598294317e-18
9.94058,4.9494048829547485e-17,1.808025090350893e-18
9.94188,5.097452931470097e-17,1.963450491947262e-18
9.94318,4.957676901187792e-17,1.9374597668488016e-18
9.94448,5.055741465285368e-17,2.149898047633292e-18
9.94578,4.924308914670678e-17,2.7626548781148418e-18
9.94709,4.5608236150360064e-17,2.098247198655677e-18
9.94839,4.5622103913958964e-17,2.3313361700718547e-18
9.94969,4.742776616223571e-17,2.5710784782577776e-18
9.95099,4.770035695677936e-17,2.7158294876226677e-18
9.95229,4.412006641345714e-17,2.033375820034652e-18
9.95359,4.602255053613939e-17,2.4594470210727408e-18
9.95489,4.9694072949286355e-17,2.4437948753381745e-18
9.95619,4.7310369156259625e-17,2.3881329306197266e-18
9.95749,4.675916685886322e-17,2.177304690750496e-18
9.9588,5.187190867190553e-17,2.100998147943698e-18
9.9601,5.026776711219376e-17,2.08022852549524e-18
9.9614,4.922365483354618e-17,2.0963038387400948e-18
9.9627,4.958612749943958e-17,1.8375705704200483e-18
9.964,4.700488489932723e-17,1.6357573171902653e-18
9.9653,4.663774331422614e-17,2.2742088783157163e-18
9.9666,4.734885287702941e-17,1.9942869743104985e-18
9.9679,4.7593710132436105e-17,2.27313578556732e-18
9.96921,4.7559588155997774e-17,2.263926247783727e-18
9.97051,4.902938768769401e-17,2.1881606550121594e-18
9.97181,4.790194072124617e-17,2.138445356314429e-18
9.97311,4.9663160538903345e-17,2.2726712888769983e-18
9.97441,4.5797973346564985e-17,2.1794254459750458e-18
9.97571,4.630807590387395e-17,2.479238546565985e-18
9.97701,4.5104450506132e-17,2.703106977250272e-18
9.97831,4.1962898836397924e-17,2.620939978155657e-18
9.97961,4.4663804654297325e-17,2.530159913057602e-18
9.98092,4.226555728720596e-17,2.4779569261470986e-18
9.98222,4.1726765978229165e-17,2.4041300700481234e-18
9.98352,4.6215088131801786e-17,2.3944717713575082e-18
9.98482,4.5223000286192703e-17,2.2299998810907495e-18
9.98612,4.5098308073867816e-17,2.4906635585509707e-18
9.98742,4.5953631325000105e-17,2.1581497157962816e-18
9.98872,4.522072110346061e-17,2.0458368871324013e-18
9.99002,4.8113135625497916e-17,2.0112498756737753e-18
9.99133,4.989881817792185e-17,1.9747893968559754e-18
9.99263,4.93926767917705e-17,1.8222040138498497e-18
9.99393,4.891627121734507e-17,2.0610426257789106e-18
9.99523,4.887610751660928e-17,1.9430996325237132e-18
9.99653,4.6138448051568937e-17,1.8045418818466806e-18
9.99783,4.656410428677389e-17,2.0821401866701882e-18
9.99913,4.764886935627727e-17,2.0607474673982547e-18
10.00043,4.8437044752003985e-17,1.946062913873948e-18
10.00173,4.7414890703235555e-17,1.9372389224364496e-18
10.00304,4.667757098493313e-17,2.218125339953644e-18
10.00434,4.767485291221913e-17,2.090664063269237e-18
10.00564,4.7099441468248834e-17,2.3039025234340824e-18
10.00694,4.774375193542567e-17,2.364239646011044e-18
10.00824,4.788261257929112e-17,2.284937197819761e-18
10.00954,5.0908777327450435e-17,2.379942181119461e-18
10.01065,4.5527472622664484e-17,1.6779816429519864e-18
10.01084,4.82285084564557e-17,2.562535651452358e-18
10.01195,4.7185279312016564e-17,1.6709970932158089e-18
10.01214,4.49486942406837e-17,2.3307031230506007e-18
10.01325,4.4993080486417876e-17,1.7983001277772145e-18
10.01344,4.596598055204608e-17,2.3714992143659184e-18
10.01455,4.618299305342321e-17,1.7275989602130633e-18
10.01475,4.763602815821771e-17,2.782384040553362e-18
10.01585,4.5150497553440945e-17,1.5184168805721504e-18
10.01605,4.5597586767932705e-17,2.1728323946162797e-18
10.01716,4.878621805884666e-17,1.6952273748883272e-18
10.01735,4.5681518010621167e-17,1.963610957182157e-18
10.01846,4.7487368171729496e-17,1.7961935642648192e-18
10.01865,4.748551893854024e-17,2.2466229909388944e-18
10.01976,4.670379795881098e-17,1.765572303607823e-18
10.01995,5.008100113273182e-17,1.8668710832135676e-18
10.02106,4.587858230274141e-17,1.8837928479186645e-18
10.02125,4.745323451557049e-17,2.1346306198911785e-18
10.02236,4.6846156444017136e-17,1.8798811139147652e-18
10.02255,4.6384961461887116e-17,1.8437915067202468e-18
10.02366,4.6355540465606936e-17,2.623503192994233e-18
10.02385,4.9907471914580966e-17,1.824531879894959e-18
10.02496,4.508869661797905e-17,2.4678121924688105e-18
10.02516,4.6364607357897314e-17,1.6850236202623817e-18
10.02626,4.5685036517232674e-17,2.1565981397547616e-18
10.02646,4.6244841061056705e-17,1.639936184369467e-18
10.02756,4.6099446117067176e-17,2.0726441092850906e-18
10.02776,4.8845894516101523e-17,1.5479529392537567e-18
10.02886,4.607364308024222e-17,1.9526836935524542e-18
10.02906,4.7947038431830646e-17,2.1165186189794993e-18
10.03017,4.8668777627553855e-17,1.7553902987108324e-18
10.03036,4.5897561165137505e-17,2.123006604637711e-18
10.03147,4.699783310606633e-17,1.889452446801546e-18
10.03166,4.800466149614119e-17,2.1776980476093412e-18
10.03277,4.5910061280364475e-17,1.936832772181599e-18
10.03296,4.590385052263714e-17,2.2093371315791697e-18
10.03407,4.715356556386464e-17,1.8814338283785933e-18
10.03426,4.468732112490661e-17,2.2487710405373292e-18
10.03537,4.771315643633453e-17,1.846126863604266e-18
10.03556,4.3097717928892776e-17,2.3566560840036144e-18
10.03667,4.808571497937216e-17,1.873799694995408e-18
10.03687,4.632623479650673e-17,2.13977125894401e-18
10.03797,4.708784791452985e-17,1.7576862230172158e-18
10.03817,4.539908785100352e-17,2.6171019014361813e-18
10.03927,4.70884827692123e-17,1.848496996114686e-18
10.03947,4.619634646240052e-17,2.1184871005445907e-18
10.04057,4.739766145657262e-17,1.8612315303484626e-18
10.04077,4.3816711439439446e-17,2.386925897396362e-18
10.04187,4.6656806189892575e-17,1.7457423402821813e-18
10.04207,4.3436018572381464e-17,2.257436502158322e-18
10.04318,4.7852393029145435e-17,1.7366283116038153e-18
10.04337,4.5322431533234803e-17,2.3137752987351123e-18
10.04448,4.662852452814741e-17,1.6313359987423803e-18
10.04467,4.2506467376292e-17,2.2390222217834836e-18
10.04578,4.591741368689742e-17,1.5367021981465389e-18
10.04597,4.5374447298020786e-17,2.2713502672411565e-18
10.04708,4.558557381553162e-17,1.3901885728145491e-18
10.04727,4.5092532952877345e-17,2.326314915003392e-18
10.04838,4.703113080855737e-17,1.6740659932604505e-18
10.04858,4.917806561249525e-17,2.32940272289151e-18
10.04968,4.551064203431337e-17,1.75923055897816e-18
10.04988,4.8434647870314636e-17,2.0697871066729426e-18
10.05098,4.789223453796613e-17,1.6922198637289985e-18
10.05118,4.485983229127279e-17,1.9541701979269583e-18
10.05228,4.964011281682833e-17,1.7718287667184966e-18
10.05248,4.718905628062417e-17,1.7512494131392584e-18
10.05358,4.642085781089508e-17,1.5007554013248713e-18
10.05378,4.883163563502096e-17,1.8098919265445573e-18
10.05488,4.774127000834629e-17,1.4788172788780298e-18
10.05508,4.8549534240423866e-17,1.847906840117737e-18
10.05619,4.646744963761296e-17,1.7974316338181683e-18
10.05638,4.6902626499832505e-17,1.7961749049902378e-18
10.05749,4.706726174166641e-17,1.9313812816757273e-18
10.05768,4.620202212459907e-17,2.007720589159811e-18
10.05879,4.742525057675635e-17,1.7913341602302657e-18
10.05899,4.695845804789806e-17,2.2930819585905973e-18
10.06009,4.5660803445498824e-17,1.6866537576590273e-18
10.06029,4.885722255682906e-17,2.308070532764254e-18
10.06139,4.6587999726773304e-17,1.8109381857164797e-18
10.06159,4.5727695067575115e-17,2.5882990062279987e-18
10.06269,4.5672205822825554e-17,1.843184095460941e-18
10.06289,4.7076970108303215e-17,2.4639014222847324e-18
10.06399,4.4450180124247643e-17,1.899456620120201e-18
10.06419,4.937507734556853e-17,2.5017735022997848e-18
10.06529,4.399184915551026e-17,1.8355288125372165e-18
10.06549,4.740141413601233e-17,3.1051098822938743e-18
10.06659,4.446356941568153e-17,1.899908837383282e-18
10.06679,4.7225826459620827e-17,3.687378942148751e-18
10.06789,4.244049912319864e-17,1.976978246294029e-18
10.06809,4.477975321687463e-17,3.069074749718602e-18
10.0692,4.2331107027508833e-17,1.963368193848516e-18
10.06939,4.3346561367730447e-17,2.8421758158587754e-18
10.0705,4.319057260943797e-17,1.9451802751154545e-18
10.0707,4.396728215351465e-17,2.8171313925654754e-18
10.0718,4.353193203351299e-17,2.0980669666996605e-18
10.072,4.7793835784240475e-17,2.4327851451724753e-18
10.0731,4.750831026122823e-17,1.8413843898105367e-18
10.0733,4.3166048932584325e-17,2.3789724590513553e-18
10.0744,4.519851437184443e-17,1.9091986811315752e-18
10.0746,4.4820427746024106e-17,2.9710153986151257e-18
10.0757,4.5180221844936177e-17,1.7958536722841978e-18
10.0759,4.514597175639753e-17,2.6808678720910668e-18
10.077,4.409111938061196e-17,1.9127561182749496e-18
10.0772,4.521652655303152e-17,2.197082414218899e-18
10.0783,4.672426997250738e-17,2.1329832699632883e-18
10.0785,4.5133200185815794e-17,2.131367459378044e-18
10.0796,4.6183600914887904e-17,1.845296638828533e-18
10.0798,4.5340865165159856e-17,2.2655297696078216e-18
10.0809,4.524801429426261e-17,1.6816940878138949e-18
10.0811,4.51648809842335e-17,2.1114805867532476e-18
10.08221,4.5422869084126555e-17,1.839992762423513e-18
10.08241,4.655455407190588e-17,2.045960543521739e-18
10.08351,4.6945528009655015e-17,1.940255117633692e-18
10.08371,4.7722897138085535e-17,2.24762834010147e-18
10.08481,4.7952591766718897e-17,1.975147730972318e-18
10.08501,4.804890745145079e-17,2.2781584242819242e-18
10.08611,4.665783607572109e-17,1.9566331338569472e-18
10.08631,4.511497644156781e-17,2.269023646073882e-18
10.08741,4.610677176651037e-17,1.802258925126476e-18
10.08761,4.784709090307801e-17,2.1593152875356212e-18
10.08871,4.6791918651514215e-17,1.720469472940406e-18
10.08891,4.6286858178755954e-17,1.9330523015953146e-18
10.09001,4.612682948885449e-17,1.8583414244790315e-18
10.09021,4.8591378180379936e-17,2.000902300530355e-18
10.09131,4.6748375619578496e-17,1.971226848187436e-18
10.09151,4.629001348787919e-17,1.8771373266346712e-18
10.09261,4.769370126451152e-17,2.010566808554876e-18
10.09282,4.701696618321698e-17,2.2809321063917233e-18
10.09391,4.781395438009821e-17,2.1880374692436676e-18
10.09412,4.71812005939349e-17,2.1749955638728186e-18
10.09522,4.6300504505251206e-17,2.3098609857371388e-18
10.09542,4.9364990124319114e-17,2.2520807533926488e-18
10.09652,4.4184607010378115e-17,1.9262385540218218e-18
10.09672,4.7073358318444803e-17,2.5975290147423712e-18
10.09782,4.3730245847419353e-17,1.827695117965772e-18
10.09802,4.5771392497781086e-17,2.7107352173069593e-18
10.09912,4.7150823835400355e-17,1.97409276309776e-18
10.09932,4.37011515867812e-17,3.1936307375480564e-18
10.10042,4.6327612147327225e-17,1.7296114229859673e-18
10.10062,4.8067070994636586e-17,2.423455866778994e-18
10.10172,4.548452736812e-17,1.7245834252492449e-18
10.10192,4.586585605470272e-17,2.476044904933889e-18
10.10302,4.7411290953191385e-17,1.7551706959779683e-18
10.10322,4.9421349316057115e-17,2.4469892256147098e-18
10.10432,4.5863859532510824e-17,1.6498459214450388e-18
10.10453,4.347695762801612e-17,2.2026325923623424e-18
10.10562,4.523650924132624e-17,1.6052218826024556e-18
10.10583,4.4323165304336746e-17,2.2125947691772544e-18
10.10692,4.4440552196601705e-17,2.00299584189094e-18
10.10713,4.63351716290058e-17,2.152458835286907e-18
10.10823,4.644070148404873e-17,1.8742447369474463e-18
10.10843,4.823210532084123e-17,1.9808848789902906e-18
10.10953,4.529045398963852e-17,1.857526965542748e-18
10.10973,4.959452548089245e-17,2.0884129472147e-18
10.11083,4.6789012300516266e-17,1.5799660300852688e-18
10.11103,4.663078590437286e-17,2.391123302965305e-18
10.11213,4.617694177968056e-17,1.5945030968360861e-18
10.11233,4.5488856668303735e-17,2.283502081578026e-18
10.11343,4.450770290351693e-17,1.513348908449496e-18
10.11363,4.556318298096361e-17,2.4882959805501634e-18
10.11473,4.636128833684697e-17,1.5205144925474706e-18
10.11494,4.704951687262775e-17,2.174045057154493e-18
10.11603,4.6966999621685526e-17,1.6548554547495336e-18
10.11624,4.619842498614866e-17,1.8717382037219627e-18
10.11733,4.584793642442947e-17,1.836658278932167e-18
10.11754,4.6050572236301486e-17,1.6417842831082485e-18
10.11863,4.63577062384504e-17,1.9129135001451327e-18
10.11884,4.7516722521498424e-17,1.8270665047882045e-18
10.11993,4.3638823646066474e-17,2.0387896332284156e-18
10.12014,4.746644678190839e-17,1.8685772020291647e-18
10.12124,4.5177612263055865e-17,1.920731286529725e-18
10.12144,4.7740212298184555e-17,1.7433868511055044e-18
10.12254,4.600067730349322e-17,2.0894170443282066e-18
10.12274,4.743842931018842e-17,1.792758660369278e-18
10.12384,4.347757473804256e-17,2.193587760198161e-18
10.12404,5.055270271102635e-17,2.542665431124288e-18
10.12514,4.351062190305626e-17,2.4746417915446947e-18
10.12534,4.8842264416486517e-17,2.5331993519360666e-18
10.12644,4.7809204410828185e-17,1.8092705092235025e-18
10.12665,4.5285586418854147e-17,2.336864809993175e-18
10.12774,4.555321803581474e-17,1.813750541985223e-18
10.12795,4.470361102247403e-17,2.483852184264052e-18
10.12904,4.489679626672223e-17,1.839371222393245e-18
10.12925,4.858327419452578e-17,2.4663844021421253e-18
10.13034,4.5626089933148885e-17,1.83604450568904e-18
10.13055,4.5062956981500206e-17,2.572490467601323e-18
10.13164,4.583660086107401e-17,1.6970980869730842e-18
10.13185,4.8243602991023636e-17,2.6623324076635722e-18
10.13294,4.406081020051371e-17,1.5131118998619408e-18
10.13425,4.4473757229536425e-17,1.5857500622380669e-18
10.13555,4.410036713988947e-17,2.060603076303516e-18
10.13685,4.539856974735205e-17,2.112812820820421e-18
10.13815,4.593542772757466e-17,1.4979680129948717e-18
10.13945,4.4736952466412775e-17,1.9209340897996066e-18
10.14075,4.521141288676427e-17,2.2540740550993514e-18
10.14205,4.5266480893842945e-17,2.0329023781693658e-18
10.14335,4.5371414797422056e-17,2.327239470114487e-18
10.14465,4.505336317279879e-17,2.0447055815325305e-18
10.14595,4.48849749937316e-17,1.614998851736307e-18
10.14726,4.6729866479925155e-17,1.4946816072302066e-18
10.14856,4.3867470088273034e-17,1.5346451823030341e-18
10.14986,4.440165290487847e-17,1.7402481162779166e-18
10.15116,4.3195490932930976e-17,2.020277984553356e-18
10.15246,4.296618240458899e-17,2.2514215358075853e-18
10.15376,4.352155587288606e-17,2.41210400040854e-18
10.15506,4.485360895811173e-17,2.412451788517748e-18
10.15636,4.4284262747702834e-17,2.3108720731282213e-18
10.15766,4.3297506440403235e-17,2.128806447628716e-18
10.15896,4.5568891707049075e-17,2.1544456364128746e-18
10.16027,4.5634911809550194e-17,1.9365756590143833e-18
10.16157,4.6911302387239384e-17,1.7438930262074426e-18
10.16287,4.3883445728182877e-17,2.365299110120477e-18
10.16417,4.3565345655386255e-17,1.9842282190371034e-18
10.16547,4.456984347612062e-17,1.877960293974796e-18
10.16677,4.46278138096551e-17,1.4330996193197833e-18
10.16807,4.570561242699286e-17,1.4723767259663458e-18
10.16937,4.4682774645071504e-17,1.6847594312402725e-18
10.17067,4.4200978027591965e-17,1.822413350915569e-18
10.17197,4.401060829410651e-17,1.6987094450256257e-18
10.17328,4.605552792066005e-17,1.6331102345713346e-18
10.17458,4.404245295126925e-17,1.9312879637399653e-18
10.17588,4.496819899161382e-17,1.8828634063583413e-18
10.17718,4.514691732846315e-17,1.7018119916229793e-18
10.17848,4.413784474459965e-17,1.8087683167459634e-18
10.17978,4.2956706539528057e-17,1.8290530504659296e-18
10.18108,4.324470971929487e-17,1.5574994213894126e-18
10.18238,4.5415063192730736e-17,1.846778246692766e-18
10.18368,4.6566121581487987e-17,1.829644769527853e-18
10.18498,4.42861309973763e-17,1.4840690824677199e-18
10.18629,4.5091006264392885e-17,1.8101888467074324e-18
10.18759,4.5176737894491876e-17,1.794751289703124e-18
10.18889,4.44274251587032e-17,1.5937512470777517e-18
10.19019,4.549713854579228e-17,1.8695392964848784e-18
10.19149,4.7704592985641037e-17,1.9792508904461706e-18
10.19279,4.657701781744181e-17,1.8443931899981443e-18
10.19409,4.534256206066976e-17,1.7975902893483008e-18
10.19539,4.41339147266381e-17,1.7000849135613892e-18
10.19669,4.570305721535857e-17,1.5819047655217474e-18
10.19799,4.4400217802359306e-17,1.6786637928014986e-18
10.1993,4.5431197929695314e-17,1.6315885711477509e-18
10.2006,4.685430896209272e-17,1.7169437376706665e-18
10.2019,4.546599850494408e-17,1.6744266810225008e-18
10.2032,4.600167454826712e-17,1.6399286941917037e-18
10.2045,4.6078574806822995e-17,1.6824440210118037e-18
10.2058,4.574836553028665e-17,1.966045428537193e-18
10.2071,4.4805400152398994e-17,1.9034124470835736e-18
10.2084,4.412051536716369e-17,1.9248565672437582e-18
10.2097,4.720831389119927e-17,1.8481971595125282e-18
10.211,4.574213555672157e-17,1.7683091107828588e-18
10.21231,4.6042179232412036e-17,1.9233413420653793e-18
10.21361,4.645385546266169e-17,2.173119728176049e-18
10.21491,4.38918777017037e-17,2.0804038133497745e-18
10.21621,4.376281106877059e-17,2.192586273334549e-18
10.21751,4.5081657303482387e-17,2.0648999310830418e-18
10.21881,4.466579750925384e-17,1.6131384061277374e-18
10.22011,4.3720583991282856e-17,1.6380112069841495e-18
10.22141,4.3564085037657826e-17,1.6960666274247842e-18
10.22271,4.490700023258402e-17,1.5195381475493145e-18
10.22401,4.514982478706656e-17,1.8027710315374068e-18
10.22532,4.5214952737376475e-17,1.9411427820978196e-18
10.22662,4.5495629499157417e-17,1.876489122536474e-18
10.22792,4.4876944944274487e-17,1.564884542761448e-18
10.22922,4.508960553706522e-17,1.6137970416544898e-18
10.23052,4.5142083263023917e-17,1.6385905355046276e-18
10.23182,4.47802377226729e-17,1.7661127756033598e-18
10.23312,4.688475946687633e-17,1.947130867235777e-18
10.23442,4.6818032768165936e-17,2.3071724181263452e-18
10.23572,4.466205650594877e-17,2.2576797687357853e-18
10.23702,4.3833526815457477e-17,2.1796703835514233e-18
10.23833,4.2635672409582585e-17,2.243713393494253e-18
10.23963,4.368547774362705e-17,1.902696709368928e-18
10.24093,4.40500430070698e-17,1.905792340560863e-18
10.24223,4.6927512739674996e-17,1.9365437202317293e-18
10.24353,4.6204944032374365e-17,2.3408202452790292e-18
10.24483,4.448838934930737e-17,2.66016531957517e-18
10.24613,4.590709362011193e-17,2.4318533531867722e-18
10.24743,4.5374376647156447e-17,1.7697442181313952e-18
10.24873,4.5198622907605886e-17,1.7056589060586325e-18
10.25003,4.5528149217225265e-17,1.774474417774138e-18
10.25134,4.5341645943392594e-17,1.7405822650133446e-18
10.25264,4.5719834637198536e-17,1.7718265797941633e-18
10.25394,4.613160699781062e-17,1.799696311851809e-18
10.25524,4.46850881527664e-17,1.614037559284477e-18
10.25654,4.5273996678269666e-17,1.408901792588962e-18
10.25784,4.679426667330641e-17,1.3123885048995217e-18
10.25914,4.667638597561091e-17,1.533916047210573e-18
10.26044,4.54622135384243e-17,1.7256318886115657e-18
10.26174,4.4835858115650475e-17,1.819767607651569e-18
10.26304,4.5179780246167636e-17,1.7001427351214913e-18
10.26435,4.5615706242921155e-17,1.84686558550586e-18
10.26565,4.6857463960211376e-17,1.5290079893121853e-18
10.26695,4.60344923172372e-17,1.4871650575767036e-18
10.26825,4.496350326843832e-17,1.6178461303260718e-18
10.26955,4.593197140720692e-17,1.6589056204551312e-18
10.27085,4.585644676336859e-17,1.767542337156399e-18
10.27215,4.4381167037743027e-17,2.0129039584663307e-18
10.27345,4.3844188401620306e-17,2.0244290143417072e-18
10.27475,4.465620834355522e-17,1.844151722641747e-18
10.27605,4.466397529480038e-17,1.8137593326682073e-18
10.27736,4.491016009153062e-17,1.949764351016351e-18
10.27866,4.419293783379557e-17,2.5646527297768584e-18
10.27996,4.412023940863018e-17,1.906463092245625e-18
10.28126,4.4189007956396003e-17,1.761607263270835e-18
10.28256,4.3281025236840416e-17,1.5410204449690697e-18
10.28386,4.372665050515357e-17,1.2552399237108702e-18
10.28516,4.3966822373383457e-17,1.434421684490333e-18
10.28646,4.383078677078025e-17,1.634025715723773e-18
10.28776,4.5930644342566504e-17,1.5058377633903286e-18
10.28906,4.491397213084669e-17,1.6379748914620568e-18
10.29037,4.3297523008632125e-17,1.8786490267751626e-18
10.29167,4.5078227375536776e-17,1.7102048974234106e-18
10.29297,4.6299467129358467e-17,1.8575626358494116e-18
10.29427,4.6174724907704556e-17,1.889481789510776e-18
10.29557,4.567182817436573e-17,1.7841236506553273e-18
10.29687,4.5464828205108815e-17,1.7047487166664565e-18
10.29817,4.540740460169277e-17,1.5987327374545742e-18
10.29947,4.55754579853328e-17,1.6899588761433105e-18
10.30077,4.4661668473704417e-17,1.636141618768478e-18
10.30207,4.2971986954132867e-17,1.8670465461379647e-18
10.30338,4.377334806012815e-17,1.8489037398171037e-18
10.30468,4.347523421520851e-17,1.7323069335088297e-18
10.30598,4.311162585796145e-17,2.1140007727146097e-18
10.30728,4.4260828480684664e-17,1.969491835509501e-18
10.30858,4.2802435098319376e-17,1.951723919990314e-18
10.30988,4.2510660532404756e-17,1.9807844504259717e-18
10.31118,4.249317366066034e-17,1.8697998219396687e-18
10.31248,4.2389638170078594e-17,1.858165410979241e-18
10.31378,4.2402201048388705e-17,2.079333598646912e-18
10.31508,4.518967288510394e-17,1.9740560613308204e-18
10.31639,4.269582753384936e-17,1.864741401183747e-18
10.31769,4.3399573500818947e-17,1.6809810897467973e-18
10.31899,4.3524873744631746e-17,1.5841152614265968e-18
10.32029,4.4405215128860585e-17,1.50962154093007e-18
10.32159,4.472206804877685e-17,1.7591157368327076e-18
10.32289,4.509890652143696e-17,1.804627805959245e-18
10.32419,4.5392867035800536e-17,1.5979530359009964e-18
10.32549,4.6165464486920427e-17,1.620710881979789e-18
10.32679,4.5669957132172507e-17,1.6804075025300225e-18
10.32809,4.3755118836690944e-17,1.6606203253595581e-18
10.3294,4.3378849883615067e-17,1.6569141626356438e-18
10.3307,4.168074335473575e-17,1.757157433060512e-18
10.332,4.418907782154477e-17,1.939052450419649e-18
10.3333,4.227941347121125e-17,1.9050836802792982e-18
10.3346,4.120933181446428e-17,2.2445798935484857e-18
10.3359,4.174090844255867e-17,2.0850512234791536e-18
10.3372,4.3439306086650337e-17,1.8724080847682073e-18
10.3385,4.3625083787267186e-17,2.118168475419594e-18
10.3398,4.1200999637084665e-17,1.8498055684264597e-18
10.3411,4.206144793043119e-17,1.602238374845742e-18
10.34241,4.275625508402081e-17,1.8546578038917777e-18
10.34371,4.1235121100253816e-17,2.189009697020842e-18
10.34501,4.2482506364541205e-17,2.0565683877118804e-18
10.34631,4.420060031904294e-17,2.384005430807441e-18
10.34761,4.292956258995132e-17,1.9402767995019657e-18
10.34891,4.4974557234599704e-17,1.784367217651197e-18
10.35021,4.500290936657447e-17,1.7772023973767994e-18
10.35151,4.35197886036613e-17,1.6930525139277125e-18
10.35281,4.420086064411002e-17,1.6106235242736017e-18
10.35411,4.444146104153734e-17,1.6816743584013441e-18
10.35542,4.4707039841447377e-17,1.9919255064983473e-18
10.35672,4.5592287609242925e-17,1.7640218476060566e-18
10.35802,4.421238810944549e-17,1.993392943671256e-18
10.35932,4.385692404247995e-17,1.769388791211319e-18
10.36062,4.468088751156073e-17,1.718238751887513e-18
10.36192,4.4504382165523366e-17,2.3196059243853146e-18
10.36322,4.3310630549495977e-17,2.1554931737782233e-18
10.36452,4.4147437965871076e-17,2.232964439068429e-18
10.36582,4.445900375687271e-17,2.1122086573675596e-18
10.36712,4.463591828358297e-17,2.1152074670859296e-18
10.36843,4.400244538462581e-17,2.392317723842869e-18
10.36973,4.261304201281079e-17,2.4604382543120857e-18
10.37103,4.432489272413329e-17,2.231929277025197e-18
10.37233,4.464011320902533e-17,1.965571328586158e-18
10.37363,4.3963898541152537e-17,2.242294029786209e-18
10.37493,4.3336010185082326e-17,2.2330275342567513e-18
10.37623,4.261736418551848e-17,1.9451173281412292e-18
10.37753,4.3941808641597785e-17,1.8956609623515213e-18
10.37883,4.3961191189650377e-17,1.706960585514502e-18
10.38013,4.044768173850362e-17,1.6449677216587426e-18
10.38144,4.438074338500124e-17,1.80519626610325e-18
10.38274,4.3141915064966113e-17,1.7241767423521476e-18
10.38404,4.418205639227399e-17,1.8955531503581673e-18
10.38534,4.393811187992958e-17,1.995944280930828e-18
10.38664,4.4981167447405656e-17,1.6823614194410349e-18
10.38794,4.417621170087343e-17,1.9691142173597624e-18
10.38924,4.312124178918113e-17,2.0121789179515897e-18
10.39054,4.216732303881395e-17,1.9644981914265165e-18
10.39184,4.4837806131011715e-17,2.099709351552737e-18
10.39314,4.4044288188755475e-17,2.091356346984672e-18
10.39445,4.22056219504434e-17,1.860011505629533e-18
10.39575,4.404302855410864e-17,1.891863730278305e-18
10.39705,4.3315853614799873e-17,2.1700746212092194e-18
10.39835,4.222773486957913e-17,2.2693541605696522e-18
10.39965,4.2097115774397145e-17,2.4708907135728786e-18
10.40095,4.2901672129180727e-17,2.3794303047512286e-18
10.40225,4.200152426110875e-17,2.228725358749828e-18
10.40355,4.21792676560449e-17,2.491389383046055e-18
10.40485,4.1207585268013464e-17,1.970156587263465e-18
10.40615,4.34078506864987e-17,2.032616113689388e-18
10.40746,4.160633695825656e-17,2.3165858996999227e-18
10.40876,4.235801451577682e-17,1.9611592888720146e-18
10.41006,4.230393774107032e-17,2.013366504895349e-18
10.41136,4.2787976132352504e-17,2.1739822820695188e-18
10.41266,4.254895445490918e-17,2.0087573078731942e-18
10.41396,4.478080289052388e-17,2.1151263752644664e-18
10.41526,4.259295212657268e-17,2.0684115962351246e-18
10.41656,4.4464544170116886e-17,1.6682116562816113e-18
10.41786,4.433079087911141e-17,1.7073126091497429e-18
10.41916,4.4785769739695906e-17,1.4690529541526741e-18
10.42047,4.4714232129854556e-17,1.493135767125474e-18
10.42177,4.515494252939413e-17,1.7594149769157483e-18
10.42307,4.440104060021302e-17,1.8495136948615354e-18
10.42437,4.241677722171789e-17,1.8279240556013906e-18
10.42567,4.0464830955706516e-17,1.6417720422346368e-18
10.42697,4.0483499373534745e-17,1.8631343766667037e-18
10.42827,4.3558247321307185e-17,2.1049962263389706e-18
10.42957,4.209633118463776e-17,2.2885063232847704e-18
10.43087,4.227028689428945e-17,2.095387913830258e-18
10.43217,4.0628920733586565e-17,2.0332629043504482e-18
10.43348,4.2312291081646856e-17,1.9492906359320293e-18
10.43478,4.1355259030120704e-17,1.5443433858806369e-18
10.43608,4.1139282657080105e-17,1.6526688530930217e-18
10.43738,4.1730012492135186e-17,1.7940307488649265e-18
10.43868,4.260255297033129e-17,1.6754036859903748e-18
10.43998,4.26723687524887e-17,2.0715678444418295e-18
10.44128,4.319921258578164e-17,1.8006448550089394e-18
10.44258,4.345467539575387e-17,1.4406150440622288e-18
10.44388,4.2104442709224356e-17,1.6416635445557052e-18
10.44518,4.321972187393799e-17,1.8177076627697233e-18
10.44649,4.5160001411858336e-17,1.6213117708170051e-18
10.44779,4.4826846994159763e-17,1.807123192171859e-18
10.44909,4.419218594738003e-17,1.608287141923407e-18
10.45039,4.5165604307492666e-17,1.501822690341302e-18
10.45169,4.387135755514497e-17,1.5016893517707856e-18
10.45299,4.231774036804829e-17,1.779509038153076e-18
10.45429,4.076850663250669e-17,2.002350149071632e-18
10.45559,4.089713624191257e-17,1.929924649321354e-18
10.45689,4.1563198266934376e-17,1.796681203099168e-18
10.45819,4.059572311698051e-17,1.7500243889956514e-18
10.4595,4.245481707592706e-17,2.1417105195958524e-18
10.4608,4.2945080583003626e-17,1.965544681644455e-18
10.4621,4.249968294879452e-17,2.0643803142280842e-18
10.4634,4.1771682147464635e-17,2.1365628873377658e-18
10.4647,4.2989299162961147e-17,2.1631504758303377e-18
10.466,4.30558113165858e-17,2.126938038596501e-18
10.4673,4.3868956607411375e-17,2.3227199435016428e-18
10.4686,4.544005370404544e-17,2.0392980759832987e-18
10.4699,4.1026810610240147e-17,2.028837050998742e-18
10.4712,4.156741405907781e-17,2.0361709040664592e-18
10.47251,4.215019746079958e-17,1.6953446969703668e-18
10.47381,4.253112922008546e-17,1.6287652839593199e-18
10.47511,4.3488284169805143e-17,1.6191376849284214e-18
10.47641,4.394348529163584e-17,1.4676778021876085e-18
10.47771,4.539558482656574e-17,1.5179153788222584e-18
10.47901,4.4551988236362875e-17,1.7231107204790161e-18
10.48031,4.2307599778115446e-17,1.744853445961479e-18
10.48161,4.290970133174484e-17,1.8618540845630408e-18
10.48291,4.2926866839675794e-17,1.8149491327370522e-18
10.48421,4.3418128687381617e-17,1.6457343969815777e-18
10.48552,4.3838887402131535e-17,1.5144267640561513e-18
10.48682,4.269464533087273e-17,1.781026543405196e-18
10.48812,4.022402919328094e-17,1.86361495595326e-18
10.48942,4.1581332115602696e-17,1.6795916014646597e-18
10.49072,4.169874015009824e-17,1.7199176520123697e-18
10.49202,4.1930653384280526e-17,1.6131636749487274e-18
10.49332,4.340432083193456e-17,1.8226111552366433e-18
10.49462,4.2751414851896846e-17,1.982298073581457e-18
10.49592,4.3432794913600564e-17,2.0372756832755845e-18
10.49722,4.3287484215265225e-17,1.8344583329791497e-18
10.49853,4.185854017812448e-17,1.9388584469437928e-18
10.49983,4.1873474937042656e-17,2.1154728322761465e-18
10.50113,4.184537800831054e-17,2.160223726406687e-18
10.50243,4.4355421467821875e-17,2.3081813540229053e-18
10.50373,4.7013160615834875e-17,2.0136761758951457e-18
10.50503,4.466798615735977e-17,1.740537906809639e-18
10.50633,4.5451758947692785e-17,1.599046769865647e-18
10.50763,4.4794078453305194e-17,1.7962862146245477e-18
10.50893,4.2902991457046845e-17,1.6918985049636249e-18
10.51023,4.24754734555935e-17,1.5747040835542631e-18
10.51154,4.0775077998757485e-17,1.6520884883011913e-18
10.51284,4.2960581667862074e-17,1.5276265533139733e-18
10.51414,4.3969713246811586e-17,1.5304182399186534e-18
10.51544,4.466988469972683e-17,1.5247870924834598e-18
10.51674,4.4069090657843735e-17,1.6422306678915502e-18
10.51804,4.414240605991896e-17,1.5538187556664746e-18
10.51934,4.4130044069868787e-17,1.4338790593852802e-18
10.52064,4.340631881483764e-17,1.4898616375837594e-18
10.52194,3.981438646526141e-17,1.820033160401687e-18
10.52324,3.898883390676975e-17,2.028156436219934e-18
10.52455,4.0133796965045026e-17,2.121863401199831e-18
10.52585,4.3399116026996275e-17,1.9819842709714565e-18
10.52715,4.1621998021835756e-17,1.8816390676541032e-18
10.52845,4.0723183660667966e-17,1.8942134363389314e-18
10.52975,3.907007846238957e-17,1.9937219026781073e-18
10.53105,4.297207365341285e-17,1.8270850909703392e-18
10.53235,4.278404104862782e-17,2.0319001660330777e-18
10.53365,4.161363300190161e-17,2.021495119959513e-18
10.53495,4.4412577084306765e-17,1.953832938370073e-18
10.53625,4.331338500068643e-17,2.060485211036802e-18
10.53756,4.280023044420893e-17,2.013116295255768e-18
10.53886,4.137257357225308e-17,1.8259886344265567e-18
10.54016,4.34835923785607e-17,1.823158745434368e-18
10.54146,4.3158176993936827e-17,1.987748888120494e-18
10.54276,4.1967269520538526e-17,1.9292139774104932e-18
10.54406,4.159978198260886e-17,1.5225835334924838e-18
10.54536,4.37858909084243e-17,1.4538579660456046e-18
10.54666,4.287478095685314e-17,1.4428048611070718e-18
10.54796,4.3144168760535384e-17,1.5227586331696637e-18
10.54926,4.2835122250144603e-17,1.608126834592528e-18
10.55057,4.2190115524456114e-17,1.7865739766384538e-18
10.55187,4.255141036971988e-17,1.6273057295002796e-18
10.55317,4.1886737450542535e-17,1.5285104900860141e-18
10.55447,4.176301049854128e-17,1.8438015104165837e-18
10.55577,4.1375292945767995e-17,1.7729584831914302e-18
10.55707,4.172800299034084e-17,1.6768056376379224e-18
10.55837,4.0762095407293736e-17,1.737369800313063e-18
10.55967,3.9846940724585757e-17,1.7350205107104566e-18
10.56097,4.1809087757504457e-17,1.630113762371576e-18
10.56227,4.2848810799440665e-17,1.730176179372036e-18
10.56358,4.1397168131158474e-17,2.0226109309084053e-18
10.56488,4.133976447705825e-17,1.9954571192313197e-18
10.56618,4.1425672416716366e-17,1.6450226372726028e-18
10.56748,4.3478650093164217e-17,1.6792188993399064e-18
10.56878,4.2444849241327995e-17,1.755494312098992e-18
10.57008,4.0655306202583536e-17,1.6543674190441835e-18
10.57138,4.076418860219151e-17,1.4685328515874987e-18
10.57268,4.3180216764410875e-17,1.6698974830795529e-18
10.57398,4.427872365020525e-17,1.6431622237151698e-18
10.57528,4.126954394849408e-17,1.5095836252431072e-18
10.57659,4.15569370756323e-17,1.5906263151657228e-18
10.57789,4.177571547383629e-17,1.5380474977265698e-18
10.57919,4.21958744061556e-17,1.4748391895254446e-18
10.58049,4.2632852417050025e-17,1.5889703563637121e-18
10.58179,4.276547157673659e-17,1.7689838793187746e-18
10.58309,4.2579340043812775e-17,1.7614588372661583e-18
10.58439,4.264847998512202e-17,2.0358667227819516e-18
10.58569,4.1865494110875626e-17,1.873471526940455e-18
10.58699,4.376319168510454e-17,2.108097754486849e-18
10.58829,4.3204782221782243e-17,1.999779104699411e-18
10.5896,4.2722092188492375e-17,2.1352125642109578e-18
10.5909,4.3211752760274353e-17,2.057360026395397e-18
10.5922,4.5109265098511043e-17,1.84375004603705e-18
10.5935,4.423198723933277e-17,1.7313601367270133e-18
10.5948,4.420021364465199e-17,1.825443972310069e-18
10.5961,4.224012434511694e-17,1.7581791483351962e-18
10.5974,4.0250365484696327e-17,1.758419625702919e-18
10.5987,4.2819217894431825e-17,1.8302290730970585e-18
10.6,4.2535046791134713e-17,2.4344256329748514e-18
10.6013,4.346893851828318e-17,1.828969222586044e-18
10.60261,4.206701383646138e-17,1.8737479183175208e-18
10.60391,4.228432028837338e-17,1.9123421416604148e-18
10.60521,4.372364596205889e-17,1.6213416576036032e-18
10.60651,4.4154455064600903e-17,1.639008813544546e-18
10.60781,4.102485847897156e-17,1.7849306209062444e-18
10.60911,4.0798714629265963e-17,2.099619888073726e-18
10.61041,4.1583791897569234e-17,1.7446409923640987e-18
10.61171,4.0932485368822564e-17,1.5605354861820685e-18
10.61301,4.1841324230977715e-17,1.6076014520489064e-18
10.61431,4.2243864931577537e-17,1.6414304995707785e-18
10.61562,4.200818238126989e-17,1.8019030307629542e-18
10.61692,4.2562818665671816e-17,1.679185398996009e-18
10.61822,4.0874285209266843e-17,1.535896905221975e-18
10.61952,4.23305499160581e-17,1.582599806009129e-18
10.62082,4.2080656429433627e-17,1.5180480308685342e-18
10.62212,4.0744578538233e-17,1.6226735143511583e-18
10.62342,4.105681505578029e-17,1.90300484278559e-18
10.62472,4.120196253664441e-17,1.8720779388148752e-18
10.62602,4.2879176007244087e-17,1.8900853985716986e-18
10.62732,4.080217324031908e-17,1.788042776776459e-18
10.62863,4.2463536176423703e-17,1.924361493685181e-18
10.62993,4.1001586539951556e-17,1.757356020232321e-18
10.63123,4.2357339534238505e-17,1.6977235075716473e-18
10.63253,4.189244262477413e-17,1.7947396563438538e-18
10.63383,4.305689611316559e-17,1.8677221107683914e-18
10.63513,4.1308954962634947e-17,1.8784337838745343e-18
10.63643,4.03358750006093e-17,1.8189025438084697e-18
10.63773,3.959730293060321e-17,1.8321799011737787e-18
10.63903,4.0583166786681704e-17,1.575848574112819e-18
10.64033,4.255011314974073e-17,1.5801637685881884e-18
10.64164,4.3000703616960136e-17,1.7995397270971194e-18
10.64294,4.1948624842612096e-17,2.0311403939331132e-18
10.64424,4.2024963991787805e-17,2.023682968646743e-18
10.64554,4.185974517448717e-17,1.727762936370768e-18
10.64684,4.371155419865613e-17,1.5953723371223312e-18
10.64814,4.2933092026467346e-17,1.6599971590821712e-18
10.64944,4.277881843960659e-17,1.6613237262675549e-18
10.65074,4.181243825802034e-17,1.7693861152738897e-18
10.65204,4.1448995975928443e-17,1.8092914503493088e-18
10.65334,4.1083146723554404e-17,1.7069605880258442e-18
10.65465,4.1163842664519985e-17,1.7595398470209073e-18
10.65595,4.3327309379363816e-17,1.799461769076811e-18
10.65725,4.4467190365068475e-17,2.032512377845468e-18
10.65855,4.0970823996966086e-17,1.9263415446000178e-18
10.65985,3.96486656520078e-17,1.8649254981429762e-18
10.66115,4.163532701384982e-17,2.230425755291082e-18
10.66245,4.0331457774949786e-17,2.1939481009723466e-18
10.66375,4.0469459391056234e-17,1.8376998228945856e-18
10.66505,4.1396990180108843e-17,1.860390026629948e-18
10.66635,4.15959873999956e-17,1.848836350430559e-18
10.66766,4.0037910705998315e-17,1.8236207444461457e-18
10.66896,4.190629991713653e-17,1.935803598714366e-18
10.67026,4.1260940455015384e-17,1.91381719532414e-18
10.67156,4.1677963833141567e-17,1.8616146510608976e-18
10.67286,4.1629890311346235e-17,1.5723643796969424e-18
10.67416,4.3661512110485706e-17,1.4376610244390646e-18
10.67546,4.344947121563429e-17,1.77802327868705e-18
10.67676,4.332697636403246e-17,1.7876551778690872e-18
10.67806,4.3069252729146167e-17,2.0350041680949532e-18
10.67936,4.4271867640844267e-17,2.2982285530651067e-18
10.68067,4.4418649033527985e-17,2.0205924744756047e-18
10.68197,4.1970511334383824e-17,1.7951388735729443e-18
10.68327,4.283228160662583e-17,1.8396806279611384e-18
10.68457,4.18096949568013e-17,1.8292613462835893e-18
10.68587,4.2306429887385286e-17,1.7868807714490246e-18
10.68717,4.3434266019662526e-17,1.8169680695433857e-18
10.68847,4.05622209205229e-17,1.5049814645366909e-18
10.68977,4.1362855695061805e-17,1.592696447526802e-18
10.69107,4.2175450117863346e-17,1.5844314766778586e-18
10.69237,4.1826115022322714e-17,1.679515832189237e-18
10.69368,4.3558078396689754e-17,1.6743691697361528e-18
10.69498,4.305635218377171e-17,1.9710709235128233e-18
10.69628,4.3220284478817307e-17,2.1845937769407692e-18
10.69758,4.193403349256333e-17,2.3894399655126713e-18
10.69888,4.29036610418089e-17,2.159652028196065e-18
10.70018,4.0721473687311916e-17,2.023454812604248e-18
10.70148,4.122665707334747e-17,1.862108589037881e-18
10.70278,4.1336050600479435e-17,1.7114538241525793e-18
10.70408,4.2093733411851035e-17,1.9007475118755996e-18
10.70538,4.183537347363492e-17,2.268737974577165e-18
10.70669,4.328375101763797e-17,2.1075887709051082e-18
10.70799,4.1461906937462704e-17,1.9018222390642336e-18
10.70929,4.1163943645289036e-17,1.4722688532560537e-18
10.71059,4.0909524639915357e-17,1.5660808687353653e-18
10.71189,4.1855931039688083e-17,1.4752712880157686e-18
10.71319,4.169943356497629e-17,1.5045229893527029e-18
10.71449,4.1862854930657464e-17,1.7338823389054191e-18
10.71579,4.0407146090462887e-17,2.0863930102033845e-18
10.71709,4.073082696447532e-17,2.272080912769368e-18
10.71839,4.221211137939029e-17,1.7654791700765952e-18
10.7197,4.0790421385959e-17,1.8956716032436773e-18
10.721,4.2480312777376395e-17,2.0352634419410314e-18
10.7223,4.3010520269412664e-17,1.8427527289875218e-18
10.7236,4.091065818579462e-17,1.627745050039926e-18
10.7249,4.272173074692772e-17,1.628069603404488e-18
10.7262,4.2146794948903306e-17,1.5295825059031398e-18
10.7275,3.912401535234429e-17,1.9073084062032365e-18
10.7288,4.001052490639184e-17,2.0439511697936625e-18
10.7301,3.9794803730318506e-17,1.7620219765229983e-18
10.7314,4.111974083778233e-17,1.6949300679382565e-18
10.73271,4.244109803811446e-17,1.7548438983555283e-18
10.73401,4.156704140628119e-17,1.7480114639320588e-18
10.73531,4.126261236654045e-17,1.7201959979425236e-18
10.73661,3.9576911011925337e-17,1.446255029236777e-18
10.73791,4.115446019862099e-17,1.3284425609325293e-18
10.73921,4.2191708856208777e-17,1.4181748203543336e-18
10.74051,4.177031492065259e-17,1.4529533438564728e-18
10.74181,4.0538991083701765e-17,1.488869172473673e-18
10.74311,4.154888164455816e-17,1.6990159481810829e-18
10.74441,4.262195389070039e-17,1.6945780258025097e-18
10.74572,4.189202331399846e-17,1.5765209843971693e-18
10.74702,4.3289788203481576e-17,1.6200342536193569e-18
10.74832,4.294903580146847e-17,1.7645076105611134e-18
10.74962,4.142428840166491e-17,1.5735269989372973e-18
10.75092,4.0030853959005795e-17,1.771632395456339e-18
10.75222,4.044433162169306e-17,1.929326165652499e-18
10.75352,4.2493063956857594e-17,1.8702090399615785e-18
10.75482,4.1088501212921606e-17,2.474689445145879e-18
10.75612,4.265015777260677e-17,2.177833366449449e-18
10.75742,4.217532539754855e-17,2.2695857264051887e-18
10.75873,4.1203951443387026e-17,1.9835807333151852e-18
10.76003,4.1071453053471817e-17,1.6395719187849072e-18
10.76133,3.8282403269332994e-17,1.8077618530289662e-18
10.76263,4.059747102137782e-17,1.9832564716739098e-18
10.76393,3.9938518068632724e-17,1.8800198071852492e-18
10.76523,4.019869405469424e-17,1.9166930567783063e-18
10.76653,4.1365752917194145e-17,1.648193995702255e-18
10.76783,4.2255647909648913e-17,1.764133111610054e-18
10.76913,4.162040988596485e-17,1.6569978762649908e-18
10.77043,4.248492373034782e-17,1.5112202167003271e-18
10.77174,4.224261742386216e-17,1.6201152367895799e-18
10.77304,4.322200711866372e-17,1.5312597372513713e-18
10.77434,4.183056710438868e-17,1.4818330566465837e-18
10.77564,4.3579548664875516e-17,1.5093815669411576e-18
10.77694,4.0367475073454643e-17,1.443165994312303e-18
10.77824,4.2137180397266415e-17,1.4155689806467825e-18
10.77954,4.257361537162037e-17,1.6323921454515794e-18
10.78084,4.1228962857474466e-17,2.1547423370925203e-18
10.78214,4.254985809672578e-17,1.9076815748970548e-18
10.78344,4.0746748240918306e-17,1.7779196121774857e-18
10.78475,4.096219771102382e-17,1.9825169543673882e-18
10.78605,4.23341925243945e-17,2.1000420224380833e-18
10.78735,4.030765451640589e-17,1.9367127782893165e-18
10.78865,3.966003264600282e-17,1.6589071089777093e-18
10.78995,4.0557321612831145e-17,1.9301898878626645e-18
10.79125,4.036700739517657e-17,1.7193234619259306e-18
10.79255,4.1371257648525594e-17,1.7019050065270305e-18
10.79385,4.081934686353462e-17,1.957843024837639e-18
10.79515,4.145846522876505e-17,2.037301241786442e-18
10.79645,4.198562880986391e-17,1.9560072135278112e-18
10.79776,4.073554342719397e-17,1.6370709736074861e-18
10.79906,4.0742256588078776e-17,1.7969426788195856e-18
10.80036,3.9453620670826736e-17,1.6119902085308592e-18
10.80166,4.0524477172702163e-17,1.6641744395565048e-18
10.80296,4.0458999092133835e-17,1.793375563995353e-18
10.80426,4.233992490426161e-17,1.856579181742964e-18
10.80556,4.0174625798351636e-17,1.7798801539590252e-18
10.80686,3.9861654070622716e-17,1.6158649625821297e-18
10.80816,4.0561712938088955e-17,1.7421569839949922e-18
10.80946,4.0121062834710445e-17,1.7686045130498063e-18
10.81077,4.2524112172632903e-17,1.6370940341885173e-18
10.81207,4.1742146987176665e-17,1.5106165559593905e-18
10.81337,4.0775630793311256e-17,1.8234625373037964e-18
10.81467,4.2143824475294975e-17,1.8438531829797965e-18
10.81597,4.084358482658741e-17,1.5089627577082957e-18
10.81727,4.2162236577356545e-17,1.642606953456559e-18
10.81857,4.2003662981617065e-17,2.0720834915764407e-18
10.81987,4.0120667469329306e-17,2.097220455980705e-18
10.82117,4.0708749738130433e-17,1.6813034164156709e-18
10.82247,4.103226368096584e-17,1.6598554733755089e-18
10.82378,3.93870012805088e-17,1.625819737235169e-18
10.82508,4.080738288012813e-17,1.4906887769249393e-18
10.82638,4.0645714341383284e-17,1.6005638493990677e-18
10.82768,4.0161940205743895e-17,1.5759513110822297e-18
10.82898,4.116322646412673e-17,1.614182231574254e-18
10.83028,4.0057505700498466e-17,1.6535971067142049e-18
10.83158,3.956457551034256e-17,1.9488932958397773e-18
10.83288,4.1214590053622895e-17,2.057804146491201e-18
10.83418,4.189023024885368e-17,1.7284930722426905e-18
10.83548,4.1634622415412076e-17,1.706844000022753e-18
10.83679,3.9532648496355417e-17,1.7256800559018305e-18
10.83809,4.072658727833397e-17,2.0390660684213613e-18
10.83939,4.0116682312818806e-17,1.8696728640465767e-18
10.84069,3.9731340958364803e-17,1.7184414308793561e-18
10.84199,4.15243249517896e-17,1.737992565605865e-18
10.84329,4.0999127849222736e-17,1.6916322388317017e-18
10.84459,4.025740369995708e-17,1.8685605762692723e-18
10.84589,4.19861582556281e-17,2.0350364256314765e-18
10.84719,4.067129129424133e-17,2.220742764825661e-18
10.84849,4.216162759824046e-17,1.9595702577610395e-18
10.8498,4.3162820591502703e-17,1.8541849146200217e-18
10.8511,3.9357532396721406e-17,1.746840458925471e-18
10.8524,3.9283549759760746e-17,1.7185729649089549e-18
10.8537,4.083995128518671e-17,1.7962110345861105e-18
10.855,3.988715080224426e-17,1.968042060474861e-18
10.8563,3.9116970196628146e-17,1.6355917630857073e-18
10.8576,4.110537244210472e-17,1.812185736184205e-18
10.8589,4.2951918937740335e-17,1.9718567873456303e-18
10.8602,4.1580638745276065e-17,2.000803047756082e-18
10.8615,4.235749240873036e-17,1.834885321916052e-18
10.86281,4.207600011751623e-17,1.847492852403011e-18
10.86411,4.349473579991661e-17,1.945785814774731e-18
10.86541,4.354865398296823e-17,1.7540586532718852e-18
10.86671,4.3179824777172605e-17,1.805468379565102e-18
10.86801,4.3139603025474936e-17,1.6415347746416131e-18
10.86931,4.1442301734934233e-17,1.635347860825576e-18
10.87061,4.116471530571498e-17,1.7470372577151725e-18
10.87191,4.2661281604373344e-17,1.7040132072910733e-18
10.87321,4.208810067535651e-17,1.6261525159083473e-18
10.87451,4.1306771553403665e-17,1.857104050805884e-18
10.87582,4.2590870964839136e-17,1.9519631927319072e-18
10.87712,4.209222314976755e-17,1.705943580030428e-18
10.87842,4.238202496403352e-17,1.6143035953426802e-18
10.87972,4.304831283517783e-17,1.832831212800193e-18
10.88102,4.07920076410716e-17,1.7660144694603123e-18
10.88232,4.02165483376096e-17,1.84451152620352e-18
10.88362,4.237195158207241e-17,1.7302973244313554e-18
10.88492,4.1916777593670336e-17,1.8824571313604916e-18
10.88622,4.0859375246884665e-17,1.993771040395561e-18
10.88752,3.950171861059804e-17,1.6408986485726568e-18
10.88883,3.938055550044007e-17,1.9114608499633562e-18
10.89013,3.946080109974818e-17,2.0221125715638222e-18
10.89143,4.012596999531046e-17,1.900435900802891e-18
10.89273,4.009038318681744e-17,2.2592357627941273e-18
10.89403,3.9783626821351625e-17,2.1795327945215542e-18
10.89533,4.1859098151860103e-17,2.1030122848837274e-18
10.89663,4.124657065145393e-17,1.986638220452772e-18
10.89793,3.922947707364201e-17,1.758739380781352e-18
10.89923,4.0589805770860827e-17,1.804957231466935e-18
10.90053,4.0651155728211566e-17,1.9742150484557706e-18
10.90184,4.1643295350490686e-17,2.0080138806781233e-18
10.90314,4.188895728618389e-17,1.7349544887439697e-18
10.90444,4.2056334238466703e-17,1.6506364018275877e-18
10.90574,3.9764160319777175e-17,1.660187470571816e-18
10.90704,4.1188547381111186e-17,1.7186896539384893e-18
10.90834,4.0073995641555706e-17,1.6008213524573012e-18
10.90964,3.965458881034461e-17,1.559866521873352e-18
10.91094,3.831746715037833e-17,1.7150936224996865e-18
10.91224,4.002212435713008e-17,1.6788217598997509e-18
10.91354,3.9670423004090904e-17,1.731308600713807e-18
10.91485,4.157683020745447e-17,1.7264556297653369e-18
10.91615,4.0556327151769626e-17,1.7123550435054762e-18
10.91745,4.1572448795091073e-17,1.8062989733758858e-18
10.91875,4.075592091453697e-17,1.9297432705036003e-18
10.92005,3.914679553722186e-17,2.023508802093483e-18
10.92135,3.9464884182257227e-17,2.1069078386195394e-18
10.92265,4.074537096437664e-17,1.901345394167862e-18
10.92395,4.0857019757557505e-17,1.83406241641484e-18
10.92525,4.016151856594263e-17,2.047853061390397e-18
10.92655,4.103196052258149e-17,1.9759474776905733e-18
10.92786,4.0522466312977536e-17,2.0122790654664144e-18
10.92916,4.1819179420417546e-17,1.9934784817916508e-18
10.93046,4.1774797986651224e-17,1.6569043775844838e-18
10.93176,4.150919637036096e-17,1.873088879504857e-18
10.93306,3.815836409028645e-17,1.8815234250912576e-18
10.93436,3.84846692610827e-17,1.746519008007836e-18
10.93566,4.0486453176995335e-17,1.7347548920756278e-18
10.93696,3.7457223802233806e-17,1.8350617627516328e-18
10.93826,3.925834506432593e-17,2.3382414403345992e-18
10.93956,3.9732234709107336e-17,2.2794413293346067e-18
10.94087,4.035223766750819e-17,1.9585037644033002e-18
10.94217,4.0836131342119135e-17,1.831362195102655e-18
10.94347,4.3087705177626603e-17,1.7556906760943737e-18
10.94477,4.137865485569237e-17,1.5996290494649222e-18
10.94607,4.1120403669770256e-17,1.739497630938102e-18
10.94737,4.0860152656120704e-17,1.8626342888837616e-18
10.94867,4.084711045037213e-17,1.9444585406351533e-18
10.94997,4.116585155999358e-17,1.7518392688592043e-18
10.95127,3.9116996372021307e-17,1.7911840396514053e-18
10.95257,4.021300566298817e-17,1.6163593378789937e-18
10.95388,4.1019226257380024e-17,1.6580863738872262e-18
10.95518,4.0586553695025764e-17,1.8178454029078397e-18
10.95648,3.902798672823979e-17,1.9265130080915893e-18
10.95778,4.1167419985834056e-17,1.8392685106700485e-18
10.95908,4.1432775286442484e-17,1.865845530272384e-18
10.96038,4.210771555265631e-17,2.1412784449171652e-18
10.96168,3.910726144086613e-17,2.1423833732512176e-18
10.96298,3.9303687249565635e-17,2.0018893301387045e-18
10.96428,4.0525440044240075e-17,2.001426717286315e-18
10.96558,3.72122913618254e-17,2.1857404979902433e-18
10.96689,3.902783677229129e-17,2.1736713679071873e-18
10.96819,3.9188280558199434e-17,1.927741402083538e-18
10.96949,3.794714644920293e-17,1.9983746927838763e-18
10.97079,3.919794326220913e-17,2.3458337779470122e-18
10.97209,4.0754435398052876e-17,2.3001960247618977e-18
10.97339,4.0120860428784216e-17,2.1858884121273897e-18
10.97469,3.925539177939386e-17,1.8564580372861595e-18
10.97599,3.9559897415202724e-17,1.8142268011885948e-18
10.97729,4.1455774056120355e-17,1.6720525950699e-18
10.97859,4.109791139055651e-17,1.6379210616640466e-18
10.9799,4.027245234587644e-17,1.6357939252738529e-18
10.9812,4.021954984728822e-17,1.6982745179023289e-18
10.9825,4.074206859104332e-17,1.5743824609403738e-18
10.9838,3.993386000445876e-17,1.6802330836763353e-18
10.9851,4.055355460736594e-17,1.6287896962358825e-18
10.9864,3.982431561827984e-17,1.9807708757442872e-18
10.9877,3.9836251384468664e-17,1.9671252691074508e-18
10.989,4.067314076916671e-17,2.063957413288524e-18
10.9903,3.927050717965975e-17,1.59297443255983e-18
10.9916,3.871221368161533e-17,1.6588705659648964e-18
10.99291,3.9600406049076486e-17,1.525327037226827e-18
10.99421,4.0039460284674686e-17,1.6529512069642893e-18
10.99551,3.8009694453612066e-17,1.7413987428196452e-18
10.99681,3.7638754325663735e-17,1.8664408221685837e-18
10.99811,3.863492946191819e-17,2.0288836839472026e-18
10.99941,4.000284666551737e-17,1.8009412268252592e-18
11.00071,3.8420924368377676e-17,2.03857415955379e-18
11.00201,3.87802253133287e-17,2.1706125990520996e-18
11.00331,3.9825583764396507e-17,1.947303151289363e-18
11.00461,3.962233261657036e-17,1.9775527949084267e-18
11.00592,3.9698532125391473e-17,1.9889902435011097e-18
11.00722,4.183749400036987e-17,1.8200683576709737e-18
11.00852,4.154347856516876e-17,1.746129285123557e-18
11.00982,4.1605710824555026e-17,1.618577327716719e-18
11.01112,4.1282850588771976e-17,1.6462643984937664e-18
11.01242,4.1465643305800393e-17,1.6532504511146968e-18
11.01372,4.0212452163909337e-17,1.5373744558053386e-18
11.01502,3.950258553645958e-17,1.5539565929951712e-18
11.01632,4.201560764334052e-17,1.5723568851879241e-18
11.01762,4.1221787732866704e-17,1.726154967610047e-18
11.01893,4.011507487502343e-17,1.4033783453024666e-18
11.02023,3.947654573164299e-17,1.4551210177806637e-18
11.02153,3.925177518042288e-17,1.6552956503952421e-18
11.02283,4.03988770056872e-17,1.7447717841719184e-18
11.02413,4.0594604749112416e-17,1.5848279933237371e-18
11.02543,4.1551744712312355e-17,1.677975187312728e-18
11.02673,4.2017394358157786e-17,1.5080597667700965e-18
11.02803,3.88782118681086e-17,1.5124535153071876e-18
11.02933,3.9927643281659876e-17,1.5700425924806264e-18
11.03063,3.984302749769675e-17,2.0950874316930924e-18
11.03194,4.01417185059077e-17,2.0863345735230543e-18
11.03324,3.8142147560276724e-17,1.9622245171976117e-18
11.03454,3.747467027326406e-17,2.0721385434203452e-18
11.03584,3.938413027685533e-17,2.094875850153328e-18
11.03714,4.124210219302678e-17,1.9471587909205132e-18
11.03844,3.962464446467542e-17,1.7732121755551352e-18
11.03974,3.9210757380701156e-17,1.679750505667527e-18
11.04104,3.6631860559365147e-17,1.6009411235674708e-18
11.04234,3.731941931952178e-17,1.7474976333800844e-18
11.04364,3.8615748369470917e-17,1.9284108605994304e-18
11.04495,3.809269797329208e-17,1.6506572868398097e-18
11.04625,3.925315060115034e-17,1.8827630433450853e-18
11.04755,3.802863100241502e-17,1.9881105209779648e-18
11.04885,3.862835921747387e-17,1.6810688667770884e-18
11.05015,4.0046265350363603e-17,1.6617921397465612e-18
11.05145,4.090033410021239e-17,1.7310682640331024e-18
11.05275,4.1578025024531873e-17,1.923174409846522e-18
11.05405,3.884877490034731e-17,1.9184178351700497e-18
11.05535,3.924525207304705e-17,1.8117950240539013e-18
11.05665,4.13611872498158e-17,2.111122222179297e-18
11.05796,3.99137466900489e-17,2.3015487680331567e-18
11.05926,3.9983111213758577e-17,1.7259007473691736e-18
11.06056,3.957182434691853e-17,1.7959653287241706e-18
11.06186,3.951038554724052e-17,1.9513533882725683e-18
11.06316,3.791986967596936e-17,1.8957367013389383e-18
11.06446,3.9263834868137914e-17,1.9148192063195162e-18
11.06576,4.3363241804629545e-17,2.0357561835254604e-18
11.06706,3.923401295826993e-17,1.772599113167659e-18
11.06836,3.9436127722249604e-17,1.9745991783278428e-18
11.06966,3.7250689584437776e-17,1.938969427793211e-18
11.07097,3.642312372001157e-17,2.2069594704773043e-18
11.07227,3.4050568084392216e-17,2.3896866818567367e-18
11.07357,3.8122171037793656e-17,2.2305653225212194e-18
11.07487,3.9668938297892056e-17,1.7234387059151228e-18
11.07617,4.0245222028805417e-17,1.7284953474056798e-18
11.07747,3.8148843640358466e-17,1.9543134740744866e-18
11.07877,3.7773707834254676e-17,2.0671808340050346e-18
11.08007,3.8255075844470715e-17,2.0030056852578087e-18
11.08137,3.846376154497577e-17,1.84506798361924e-18
11.08267,3.8414326144279193e-17,1.926069651956861e-18
11.08398,3.9553285985241366e-17,1.972246799961037e-18
11.08528,3.8226684328602616e-17,1.6919784294372788e-18
11.08658,3.8458577520789176e-17,1.5209162444177761e-18
11.08788,3.8845858536370346e-17,1.4793551695267861e-18
11.08918,4.0106383867948625e-17,1.7461405590171735e-18
11.09048,3.949713377892563e-17,2.1609863672482516e-18
11.09178,4.178309829629631e-17,2.0183688834994385e-18
11.09308,4.169545570794981e-17,1.825271684804785e-18
11.09438,4.145339965497228e-17,1.7597765753952674e-18
11.09568,4.136686955891705e-17,1.8306061785299698e-18
11.09699,3.937527001117604e-17,1.7705394109877002e-18
11.09829,4.2403523115254705e-17,1.6190579326416533e-18
11.09959,3.8983203635042064e-17,1.5719799225532106e-18
11.10089,3.907756407515106e-17,1.6932738361613978e-18
11.10219,3.8066225783328387e-17,1.5977229182168071e-18
11.10349,3.9896537655863076e-17,1.6899216962191612e-18
11.10479,3.764111247554973e-17,1.8093256328563714e-18
11.10609,3.820282456757073e-17,1.7500452027908208e-18
11.10739,3.925222378955938e-17,1.8595806469955672e-18
11.10869,3.726957972441348e-17,1.9037899434787476e-18
11.11,3.8533261759764776e-17,2.100643788146065e-18
11.1113,3.784585217049732e-17,2.037296942909274e-18
11.1126,4.057322734465457e-17,1.85248358861622e-18
11.1139,3.9214904079845417e-17,1.7509950895374972e-18
11.1152,3.985995369292732e-17,1.848359441094579e-18
11.1165,3.819480407208597e-17,1.9809196938695853e-18
11.1178,3.84967976497385e-17,2.0821347303153434e-18
11.1191,3.8950825416983113e-17,1.812685381737367e-18
11.1204,4.0492485753466697e-17,1.6738443939838399e-18
11.1217,3.9520714597968016e-17,1.881953201985965e-18
11.12301,3.9042277852896875e-17,1.7362031052239056e-18
11.12431,4.0562527622325216e-17,1.958531933645217e-18
11.12561,4.1260809162310497e-17,1.729811481692666e-18
11.12691,4.033004815924707e-17,1.8553250591926073e-18
11.12821,4.1865764219603167e-17,1.8045247948003115e-18
11.12951,4.2238837321471375e-17,1.7663549081665586e-18
11.13081,4.062254770480889e-17,1.9570013578871537e-18
11.13211,3.939250362587668e-17,1.8686623153107283e-18
11.13341,3.9883874579430086e-17,1.919218056725856e-18
11.13471,4.0004683617080917e-17,2.044865521453287e-18
11.13602,3.7004338403839994e-17,2.0454861342679124e-18
11.13732,3.7443693014389257e-17,2.203391574548981e-18
11.13862,3.7385692701114135e-17,2.1616678426172162e-18
11.13992,3.848007501388008e-17,2.0959267653594617e-18
11.14122,4.019139790158561e-17,2.3297046719742547e-18
11.14252,4.140534741063669e-17,2.6649772339697817e-18
11.14382,4.0056407843639e-17,2.952275154669434e-18
11.14512,3.8823871454555344e-17,2.5695807474206266e-18
11.14642,3.8393517300965255e-17,2.0339342525698036e-18
11.14772,3.823006028660336e-17,2.1094410722200157e-18
11.14903,3.9939769029842755e-17,1.940304758885636e-18
11.15033,4.0116603024188e-17,1.9193077693209765e-18
11.15163,3.804501050720136e-17,2.1747040187475772e-18
11.15293,4.1113398241371715e-17,2.0496275971216333e-18
11.15423,3.978587907861499e-17,2.0090014498617075e-18
11.15553,4.016252290965986e-17,2.1480764051954722e-18
11.15683,4.0979739460552637e-17,2.1007435303604404e-18
11.15813,3.934909539138924e-17,1.833258824604077e-18
11.15943,3.8666379628255683e-17,1.7029687123230201e-18
11.16073,3.798314688913403e-17,2.1168364401828986e-18
11.16204,3.8526976314490916e-17,2.007654708404274e-18
11.16334,3.8708759904324305e-17,2.1766488446420915e-18
11.16464,3.76230679194912e-17,2.1145566806453042e-18
11.16594,3.9288813660069626e-17,2.090923254667277e-18
11.16724,3.9364405093204017e-17,2.3874052789587178e-18
11.16854,4.159277002179118e-17,1.8791337828089473e-18
11.16984,3.820252752155966e-17,1.834735090063749e-18
11.17114,3.866145047886441e-17,1.7900474928642663e-18
11.17244,3.707074414069149e-17,1.7612292547810274e-18
11.17374,3.741273645154875e-17,1.8479950148038872e-18
11.17505,3.835378884612109e-17,1.8462544762390568e-18
11.17635,3.974298285270965e-17,1.856353992954127e-18
11.17765,4.08651245449603e-17,1.940101988415433e-18
11.17895,3.912212056677888e-17,2.0136446113167398e-18
11.18025,3.765076827463569e-17,2.0306116851676732e-18
11.18155,3.788492735462828e-17,2.026801341413551e-18
11.18285,3.8785986564730953e-17,2.109105755332006e-18
11.18415,4.0281404978400697e-17,2.000366878069391e-18
11.18545,4.067587135588164e-17,1.841678587634929e-18
11.18675,3.8898210783374516e-17,1.99541537882044e-18
11.18806,3.9080622871905624e-17,2.0729646677503163e-18
11.18936,3.913465339174653e-17,1.995909919238138e-18
11.19066,3.754318775101116e-17,1.919958645030787e-18
11.19196,3.735766699724447e-17,1.9112814840503967e-18
11.19326,3.7445478918843287e-17,1.7830851268925554e-18
11.19456,3.9374267361044544e-17,2.0859900920183753e-18
11.19586,3.868350045055713e-17,1.761786654960144e-18
11.19716,3.8549467273032604e-17,1.7011910860441562e-18
11.19846,3.9305017573804577e-17,1.6967303231582748e-18
11.19976,3.754986076383747e-17,1.7334346548377225e-18
11.20107,3.538431684908893e-17,2.600725204237121e-18
11.20237,3.8417390977886275e-17,2.2645254504832457e-18
11.20367,3.8126632060738754e-17,1.9426046244702404e-18
11.20497,3.964312803393837e-17,2.7317863315236317e-18
11.20627,3.714320131680121e-17,3.0897556150221474e-18
11.20757,3.867038955301559e-17,1.940590478094856e-18
11.20887,3.728475958427548e-17,3.2958014961468265e-18
11.21017,3.856918569906093e-17,2.807342954580486e-18
11.21147,3.6828841073675097e-17,2.5489453676039533e-18
11.21277,3.774656764476801e-17,2.588052122733208e-18
11.21408,3.953618454224856e-17,2.142934529863989e-18
11.21538,3.752765165247066e-17,1.9346321007671556e-18
11.21668,3.5580121650856815e-17,1.900593709478592e-18
11.21798,3.742655977510272e-17,2.0554402858008346e-18
11.21928,3.997451546866987e-17,2.0828623171773465e-18
11.22058,4.0407054652879286e-17,1.9794226807795384e-18
11.22188,3.796425360486007e-17,1.936175809709271e-18
11.22318,3.853957767771147e-17,1.843473972495425e-18
11.22448,3.8044364913492503e-17,1.8930084024198993e-18
11.22578,4.0444818291088105e-17,1.855808812363357e-18
11.22709,4.0435009849759995e-17,1.834885129488227e-18
11.22839,3.9751313769494056e-17,1.8314561702311688e-18
11.22969,3.7904578435005744e-17,1.866272824917867e-18
11.23099,3.723499258116185e-17,1.7985727746260762e-18
11.23229,3.8742058226546306e-17,1.4993274106296e-18
11.23359,3.9780520578996e-17,1.757420771691112e-18
11.23489,3.9114343261002914e-17,1.838083134598837e-18
11.23619,3.85058968392569e-17,1.6315418856072082e-18
11.23749,3.7736148127636775e-17,1.6153163023873454e-18
11.23879,3.9321305798444976e-17,1.8373034413850575e-18
11.2401,3.685106232052868e-17,1.6538846290858237e-18
11.2414,3.654846434948641e-17,1.64819807026467e-18
11.2427,3.5575524465201556e-17,1.870543997147258e-18
11.244,3.6322727165828056e-17,1.800331743928087e-18
11.2453,3.566476405645688e-17,1.9839520902055226e-18
11.2466,3.7520708019687235e-17,1.8949442099328962e-18
11.2479,3.8117884613790164e-17,2.0260647007942273e-18
11.2492,3.8452617347603676e-17,1.933699908177245e-18
11.2505,3.778861669753491e-17,1.916907092519017e-18
11.2518,3.816433345123388e-17,1.964143709794761e-18
11.25311,3.6755420910352366e-17,2.0373702342555554e-18
11.25441,3.887845094863712e-17,1.9851657754830906e-18
11.25571,3.780243069584065e-17,1.874408667017408e-18
11.25701,3.787801969288414e-17,2.170252190687576e-18
11.25831,3.8757424736655626e-17,2.2019289287693234e-18
11.25961,4.0011070935393976e-17,2.3579154824672557e-18
11.26091,3.7297229970053e-17,2.3276833269010746e-18
11.26221,3.940065512365172e-17,2.2683224166443032e-18
11.26351,4.075048881848087e-17,2.3128635814594237e-18
11.26481,3.9043936575032697e-17,2.0482058713407705e-18
11.26612,3.863557806392957e-17,1.797274805023156e-18
11.26742,3.8754212217742056e-17,1.8590449088461713e-18
11.26872,3.9535709860928703e-17,1.9798872872517112e-18
11.27002,3.6794746505310837e-17,2.45279409940608e-18
11.27132,3.973764633945765e-17,2.292981876228561e-18
11.27262,3.773029099688848e-17,2.1117017626126132e-18
11.27392,3.827343642366968e-17,2.4448656251980727e-18
11.27522,3.682957177957299e-17,1.954393537265365e-18
11.27652,3.6471026507483963e-17,1.7967450995880434e-18
11.27782,3.4638962627753345e-17,1.999899759321842e-18
11.27913,3.6193994256978456e-17,1.95342101982576e-18
11.28043,3.710401448687311e-17,2.1669483244217417e-18
11.28173,3.837330865989219e-17,2.3052242074010173e-18
11.28303,3.508067647087567e-17,2.4803755622481866e-18
11.28433,3.7313945666143997e-17,2.0749522758928743e-18
11.28563,3.613867556812432e-17,2.2546997024985154e-18
11.28693,3.7214824632557834e-17,2.2673041822439685e-18
11.28823,3.629119507988763e-17,2.187131681822806e-18
11.28953,3.5989393999318914e-17,2.018379039032787e-18
11.29083,3.9547633977612635e-17,2.4223494465611983e-18
11.29214,3.751105808358211e-17,1.988979524955043e-18
11.29344,3.5905976813534064e-17,1.973292230198082e-18
11.29474,3.6345894230937705e-17,2.1715319302883716e-18
11.29604,3.866649037884611e-17,2.1919835477319372e-18
11.29734,3.7034450541338307e-17,2.1775021666984025e-18
11.29864,3.77433500192212e-17,1.7930566347700646e-18
11.29994,3.7399305628026055e-17,1.731702720359277e-18
11.30124,3.963209471337637e-17,1.9111172752163108e-18
11.30254,3.801987077724729e-17,1.9102679566454588e-18
11.30384,3.859567767391575e-17,1.7614063817258083e-18
11.30515,3.966992568704322e-17,1.6389343972011597e-18
11.30645,4.0293753478564666e-17,1.820409635520001e-18
11.30775,3.917649787754638e-17,2.058243250382039e-18
11.30905,3.8534963059272776e-17,1.9464067854088692e-18
11.31035,3.8532244789498856e-17,1.9043116474325932e-18
11.31165,3.7116428649912615e-17,1.9550836766335337e-18
11.31295,3.647689196162834e-17,1.9175072958801197e-18
11.31425,3.592720890291699e-17,1.7391521315235912e-18
11.31555,3.5223186972631566e-17,1.6674985664433893e-18
11.31686,3.859661113562738e-17,1.892457091681999e-18
11.31816,3.795731249739513e-17,2.309020368530529e-18
11.31946,3.683995835663379e-17,2.0699972484814685e-18
11.32076,3.473517264724776e-17,2.1765412557317584e-18
11.32206,3.619122048273082e-17,1.8208885895354815e-18
11.32336,3.578782937407527e-17,1.88456581131591e-18
11.32466,3.647675443121802e-17,2.2194198850458178e-18
11.32596,3.587337501188562e-17,2.34835930103528e-18
11.32726,3.7073941584696336e-17,2.096823132129028e-18
11.32856,3.6835564621638726e-17,2.090173836695139e-18
11.32987,4.0090065618413e-17,2.4463639941735864e-18
11.33117,3.6874881603527446e-17,2.7352482559608528e-18
11.33247,3.9227274286600705e-17,1.9831473628621147e-18
11.33377,3.806973781953504e-17,1.7531885943495845e-18
11.33507,3.9062554678302864e-17,1.841510629310344e-18
11.33637,3.8075202120150916e-17,1.8752951120939546e-18
11.33767,3.8221329781394326e-17,2.2014460706710667e-18
11.33897,3.7703334797374986e-17,1.9918453067677842e-18
11.34027,3.7929979714234975e-17,1.797622731020288e-18
11.34157,3.629986272419688e-17,1.8266579352025852e-18
11.34288,3.694921476057507e-17,1.8341339847804935e-18
11.34418,3.795586010192058e-17,1.8562197695759687e-18
11.34548,3.6466770779213025e-17,1.9069425172116086e-18
11.34678,3.7851787845621995e-17,2.1367772733527784e-18
11.34808,3.702485983346985e-17,2.1816469588704292e-18
11.34938,3.8285530022905506e-17,2.3116269072272913e-18
11.35068,3.7891600608801536e-17,2.0106937093606576e-18
11.35198,3.689139015258498e-17,1.9977383877532698e-18
11.35328,3.555359992539746e-17,2.362320877250722e-18
11.35458,3.452321446779769e-17,2.0310917356066262e-18
11.35589,3.428363107262054e-17,2.5474773425418922e-18
11.35719,3.414569497431932e-17,2.6276073538111986e-18
11.35849,3.722570547862851e-17,2.1561263645321976e-18
11.35979,3.4616929711939213e-17,2.526484717829652e-18
11.36109,3.923082450650993e-17,2.500549063628723e-18
11.36239,3.729242721590509e-17,2.328048393742154e-18
11.36369,3.6495299366898864e-17,1.9548517318651732e-18
11.36499,3.4186332176733246e-17,2.2881622676927633e-18
11.36629,3.474033073952978e-17,2.6459138927329382e-18
11.36759,3.752471134432382e-17,2.5970985855619683e-18
11.3689,3.797600735018998e-17,2.363795815382357e-18
11.3702,3.68266136157201e-17,2.369920207198331e-18
11.3715,3.844271850001376e-17,2.1657076215135386e-18
11.3728,4.057186392026877e-17,2.284690749960103e-18
11.3741,3.968223972738408e-17,2.1990403095676797e-18
11.3754,3.6802589946978166e-17,2.014279260898471e-18
11.3767,3.825817569844897e-17,1.8865544852090344e-18
11.378,3.7958927722381923e-17,2.0670946532242222e-18
11.3793,3.82401726550575e-17,1.937938888081311e-18
11.3806,3.783896361572802e-17,1.7501267202151102e-18
11.38191,3.829870736879314e-17,1.9644614323952484e-18
11.38321,3.8672742440666185e-17,2.1885245141392393e-18
11.38451,3.8338116674124704e-17,2.321890957036648e-18
11.38581,3.9243386867762963e-17,2.0786583514909594e-18
11.38711,3.7398522201044424e-17,1.8841191762118095e-18
11.38841,3.6273480859385616e-17,2.1495503163940156e-18
11.38971,3.6820553778313086e-17,1.9560510878639277e-18
11.39101,3.8463692493374426e-17,1.8381963633118424e-18
11.39231,4.0384944009011064e-17,2.0423966638330427e-18
11.39361,4.0366886994502557e-17,2.359872437084932e-18
11.39492,3.747177019282758e-17,2.264334971737962e-18
11.39622,3.810181936877914e-17,2.4099152487061853e-18
11.39752,3.86003363575375e-17,2.5818937239707333e-18
11.39882,3.7525883253731103e-17,2.5888743543266317e-18
11.40012,3.6196412128376127e-17,2.6361035860635607e-18
11.40142,3.5696102226575404e-17,2.4747729253401457e-18
11.40272,3.3540772880745264e-17,2.422785269716949e-18
11.40402,3.4476363665801624e-17,2.3839209676362944e-18
11.40532,3.6596514850775785e-17,2.6597032536357252e-18
11.40662,3.4486219819948036e-17,2.3376883186639033e-18
11.40793,3.6742679428889065e-17,2.478164145426726e-18
11.40923,3.7491276350057143e-17,2.5732521423449413e-18
11.41053,3.723378298703338e-17,2.4186399050711963e-18
11.41183,3.8850988513141585e-17,2.4598306145787793e-18
11.41313,3.7120745904520105e-17,2.1139004823158976e-18
11.41443,3.895880005156965e-17,2.0087621548790985e-18
11.41573,3.770207304438104e-17,1.8911993689257507e-18
11.41703,3.763837405588496e-17,1.958809079885033e-18
11.41833,3.571469582662804e-17,1.70078210038018e-18
11.41963,3.6412011077056265e-17,1.8256849492256048e-18
11.42094,3.7740620399006866e-17,1.76232533648628e-18
11.42224,3.6678352761556657e-17,1.7358617743171866e-18
11.42354,3.6733612266422425e-17,1.7048996550776301e-18
11.42484,3.6151534244809675e-17,1.552614369497063e-18
11.42614,3.6631085547962875e-17,1.8132821863902876e-18
11.42744,3.8484667046682205e-17,1.7562722447760465e-18
11.42874,3.788455649314085e-17,1.8175061495174657e-18
11.43004,3.8913035084411786e-17,1.8988060631472593e-18
11.43134,3.8843972039967264e-17,1.959738105129334e-18
11.43264,3.6926106511710036e-17,2.1472041095184585e-18
11.43395,3.8135354277330706e-17,2.343396380465941e-18
11.43525,3.70970317019661e-17,2.2005310522194063e-18
11.43655,3.7006006484028087e-17,2.2960118491405946e-18
11.43785,3.790334075696374e-17,2.305156863563463e-18
11.43915,3.5632478211069473e-17,2.356122720417247e-18
11.44045,3.5420933340128436e-17,2.315914720871344e-18
11.44175,3.7461488473968256e-17,2.4287251572971036e-18
11.44305,3.705781493553672e-17,2.3538566000110228e-18
11.44435,3.695608714267341e-17,2.456852848845859e-18
11.44565,3.75035453164903e-17,2.1917350888151425e-18
11.44696,3.9369513965921276e-17,2.21087525454656e-18
11.44826,3.7243103052110705e-17,2.2227125112445264e-18
11.44956,3.8148021414921264e-17,2.063646229685164e-18
11.45086,3.906851446925441e-17,2.0742194509232604e-18
11.45216,3.7778346321316313e-17,2.365419520540147e-18
11.45346,3.732016174986346e-17,2.2528116175856804e-18
11.45476,3.9600777782010157e-17,2.362149558585337e-18
11.45606,3.8771259742211344e-17,2.215121070744331e-18
11.45736,3.6859241163559874e-17,1.887273911028739e-18
11.45866,3.889430220827997e-17,1.9241161929565098e-18
11.45997,3.7928142373690953e-17,1.7518913764278452e-18
11.46127,3.95431525810349e-17,1.7927368113840688e-18
11.46257,3.88012434387238e-17,1.8175509536434193e-18
11.46387,3.922531185529343e-17,2.0463161772485424e-18
11.46517,3.9202380559834275e-17,2.032309235882209e-18
11.46647,3.906019673801369e-17,1.9647873185330837e-18
11.46777,3.884843115555704e-17,1.982831511146712e-18
11.46907,3.6259762447508785e-17,1.9401008474808153e-18
11.47037,3.776057541640482e-17,1.7980993989208798e-18
11.47167,3.8150681028090317e-17,2.046758815475149e-18
11.47298,3.707149802133641e-17,2.080743187921382e-18
11.47428,3.9348093925816344e-17,2.207032329783935e-18
11.47558,3.411806617627077e-17,2.2229548225094807e-18
11.47688,3.539567378259742e-17,2.327147827656609e-18
11.47818,3.7691667750026257e-17,2.4013622446752553e-18
11.47948,3.4826169542400884e-17,2.065328329297529e-18
11.48078,3.528295788148698e-17,2.230088639003409e-18
11.48208,3.36428162645755e-17,2.2930298835261723e-18
11.48338,3.5485217430321145e-17,2.5107115666747458e-18
11.48468,3.8082988202409496e-17,2.6309044506594957e-18
11.48599,3.980889803787941e-17,2.4209957302041656e-18
11.48729,3.940523809478569e-17,2.1222292545715076e-18
11.48859,3.889557139167772e-17,2.085685950023336e-18
11.48989,3.876454610775859e-17,2.0495167835888885e-18
11.49119,3.654249410231678e-17,2.0719475645259128e-18
11.49249,3.578878552605573e-17,2.1071090918885786e-18
11.49379,3.5115526666006084e-17,1.6163377909325825e-18
11.49509,3.966217637316986e-17,1.901443139860175e-18
11.49639,3.712345821905903e-17,2.04219830267307e-18
11.49769,3.8892368428790175e-17,1.766145793777184e-18
11.499,3.8556666860995636e-17,1.878222331661607e-18
11.5003,3.910997197893097e-17,1.83496424959728e-18
11.5016,3.6799953281848016e-17,1.646438878731767e-18
11.5029,3.832618123140024e-17,1.8239415446145556e-18
11.5042,3.7789190706130817e-17,2.4596990573601008e-18
11.5055,3.775369559878348e-17,2.190453337102837e-18
11.5068,3.6871880021339645e-17,2.1251834213685117e-18
11.5081,3.473670470789619e-17,2.2664226313889325e-18
11.5094,3.6085831614261296e-17,2.020798763879464e-18
11.5107,3.8486900151284307e-17,2.0889693362398332e-18
11.51201,3.6074383806445746e-17,2.0961032105790177e-18
11.51331,3.5962199966638285e-17,2.262654391683285e-18
11.51461,3.582123297595998e-17,2.7631684789330412e-18
11.51591,3.649798679972857e-17,2.9387302116459532e-18
11.51721,3.57114569397628e-17,2.9604886930153613e-18
11.51851,3.60686425200939e-17,2.8648769992653087e-18
11.51981,3.6990735721149246e-17,2.9838631076128898e-18
11.52111,3.6734177731580067e-17,2.7740416744981063e-18
11.52241,3.6900390845628966e-17,2.4908562343556026e-18
11.52371,3.5793555689707005e-17,2.0933196837043073e-18
11.52502,3.8183708996668827e-17,2.1014635973697864e-18
11.52632,3.815195485343947e-17,2.262476567108908e-18
11.52762,3.6597917298127276e-17,2.22429374104694e-18
11.52892,3.7655995828951536e-17,2.0406404310426e-18
11.53022,3.6778571044778515e-17,1.9324898745551803e-18
11.53152,3.6046424602806234e-17,1.8939373811569327e-18
11.53282,3.359701526385109e-17,1.9531848828365404e-18
11.53412,3.5546736860125585e-17,1.8478519770388178e-18
11.53542,3.64273743296034e-17,1.6872581101734181e-18
11.53672,3.6119222105862024e-17,1.6727451292285597e-18
11.53803,3.9692244247491667e-17,2.000519996935737e-18
11.53933,3.8006359118021827e-17,1.9151604185578504e-18
11.54063,3.6958836032174366e-17,1.6548522232491708e-18
11.54193,3.841417155755439e-17,1.8441966004854545e-18
11.54323,3.7888006127942263e-17,1.8161670535024917e-18
11.54453,3.763701138955321e-17,1.95134706739409e-18
11.54583,3.5816651259294446e-17,1.8144521968365243e-18
11.54713,3.716407571094e-17,1.9222227360466985e-18
11.54843,3.749275792789494e-17,1.858019709706634e-18
11.54973,3.764496084262953e-17,2.093802852449498e-18
11.55104,3.743233889222082e-17,2.1885754188540472e-18
11.55125,3.4621361694351645e-17,8.619393135943756e-19
11.55234,3.5253369421409485e-17,1.862352658911843e-18
11.55364,3.716924389918507e-17,1.7857127506075646e-18
11.55375,3.496397324090725e-17,8.632350587013631e-19
11.55494,3.728093759280854e-17,1.8717687508498976e-18
11.55624,3.898076323281472e-17,2.002314113058729e-18
11.55626,3.522553816308844e-17,8.542053826602581e-19
11.55754,3.802540117756296e-17,2.206560297381007e-18
11.55876,3.5752592146527086e-17,9.631663546258077e-19
11.55884,3.948270303965992e-17,1.894478412804985e-18
11.56014,3.9415280397240006e-17,1.907456611087144e-18
11.56126,3.65450882751918e-17,8.56784713417117e-19
11.56144,3.7007833048079065e-17,2.132043943559848e-18
11.56274,3.786801282408139e-17,2.3452309003284545e-18
11.56377,3.5254852696092044e-17,1.055942033667618e-18
11.56405,3.5212266401640533e-17,2.3907303949058753e-18
11.56535,3.7191987654875816e-17,2.6712839332342106e-18
11.56627,3.710557623378508e-17,9.543694232909957e-19
11.56665,3.6683940010651993e-17,2.102920116875989e-18
11.56795,3.777003971617167e-17,1.8982910603809898e-18
11.56877,3.664181063057997e-17,9.587793746089685e-19
11.56925,3.5869849994134135e-17,2.056975414358513e-18
11.57055,3.5676170716670716e-17,2.1943596541576575e-18
11.57128,3.697284293904241e-17,8.1126585653389535e-19
11.57185,3.47324949915524e-17,1.939260456804118e-18
11.57315,3.6006601084318127e-17,1.874072206853883e-18
11.57378,3.5311622504956584e-17,9.132304112362412e-19
11.57445,3.4497603288567104e-17,1.8805878662390022e-18
11.57575,3.7234793442951747e-17,1.985033830671005e-18
11.57628,3.6583236849637386e-17,9.735454570078349e-19
11.57706,3.7878765370319405e-17,1.8702251851459888e-18
11.57836,3.7628692042586747e-17,1.9522675480926656e-18
11.57879,3.6155336010607524e-17,8.842945926492283e-19
11.57966,3.7530746052069435e-17,1.865131186378336e-18
11.58096,3.7834575074113795e-17,1.830939553738657e-18
11.58129,3.5842358754593686e-17,8.041752557022575e-19
11.58226,3.734865664680625e-17,1.870033145004426e-18
11.58356,3.4200146684741305e-17,2.02021394016224e-18
11.58379,3.2868070093145633e-17,7.992991551512901e-19
11.58486,3.318403963299319e-17,1.958824348775888e-18
11.58616,3.2814764320628874e-17,1.9824794054026306e-18
11.5863,3.4615452300467225e-17,9.73240234325997e-19
11.58746,3.597988522904654e-17,1.8968584470630423e-18
11.58876,3.595626291125213e-17,2.0453589455765746e-18
11.5888,3.561170759637949e-17,1.0162117602111882e-18
11.59007,3.406121382067635e-17,2.7585028386526536e-18
11.5913,3.5600052541272437e-17,9.019450593841672e-19
11.59137,3.8751902999856207e-17,2.61563327067713e-18
11.59267,3.836248392562419e-17,3.584635963943142e-18
11.59381,3.5776983534246616e-17,9.708391866152421e-19
11.59397,3.70205963069663e-17,2.632645417620646e-18
11.59527,3.6128335419216036e-17,2.0721617538417397e-18
11.59631,3.6647725798990635e-17,9.32607957754382e-19
11.59657,3.5592165077483836e-17,2.0742399588257508e-18
11.59787,3.425359264686705e-17,2.202710498421475e-18
11.59881,3.521028525801401e-17,9.369914683678466e-19
11.59917,3.696579413930215e-17,2.377562235014396e-18
11.60047,3.81698186118595e-17,2.1893300850734482e-18
11.60132,3.5421345891182367e-17,8.486488301878083e-19
11.60177,3.506550033935963e-17,2.795143511569881e-18
11.60308,3.5297474115662686e-17,2.74201139311451e-18
11.60382,3.487842098892892e-17,7.7393259386623055e-19
11.60438,3.512802083004441e-17,3.1723598555553193e-18
11.60568,3.697834633227593e-17,2.926326169843785e-18
11.60632,3.5843540458050936e-17,8.180290133944307e-19
11.60698,3.512099992952148e-17,2.494897380351545e-18
11.60828,3.6002293293491876e-17,2.920407761263384e-18
11.60883,3.544843833210623e-17,8.51075971621771e-19
11.60958,3.469358761921816e-17,2.696281684951226e-18
11.61088,3.4563880225890824e-17,2.252538040602312e-18
11.61133,3.4892143069653575e-17,8.446028188243584e-19
11.61218,3.675430823326262e-17,2.0881440373785163e-18
11.61348,3.6619501075580754e-17,1.9606026863918017e-18
11.61383,3.592961851114308e-17,8.621471756287373e-19
11.61478,3.8231678297626155e-17,2.025092428575205e-18
11.61609,3.3204752932425676e-17,1.8426584523207362e-18
11.61633,3.4575870581110426e-17,8.91683647405794e-19
11.61739,3.417432941387197e-17,1.7251227653746884e-18
11.61869,3.685638950260789e-17,1.9043155304361693e-18
11.61884,3.534854752023653e-17,8.851822422589496e-19
11.61999,3.61659986781704e-17,1.9238762198831467e-18
11.62129,3.52740626574812e-17,1.8539231173375744e-18
11.62134,3.545570038546729e-17,9.242714127991066e-19
11.62259,3.680299804900789e-17,1.9846200424595578e-18
11.62384,3.5016102097020975e-17,8.126971803229696e-19
11.62389,3.9294961689818076e-17,1.9961662568337912e-18
11.62519,3.5344364301573876e-17,2.1383326467107988e-18
11.62635,3.484552220391852e-17,9.41919415972469e-19
11.62649,3.7296691125086324e-17,2.2229267689081477e-18
11.62779,3.605644240865744e-17,2.138844838235862e-18
11.62885,3.5539461200432257e-17,9.078151808076445e-19
11.6291,3.600795607451119e-17,1.9701626611108857e-18
11.6304,3.5901319789726357e-17,1.6954972861593737e-18
11.63135,3.394301109232026e-17,9.008850006069264e-19
11.6317,3.488727525023938e-17,1.8837829816186717e-18
11.633,3.657092804049213e-17,2.104881324743512e-18
11.63386,3.448932372181413e-17,9.67020969427696e-19
11.6343,3.439720318070063e-17,2.3058633653558586e-18
11.6356,3.530914065782717e-17,2.3476338191373947e-18
11.63636,3.536626435075406e-17,8.912083217853753e-19
11.6369,3.5154810578810005e-17,2.3674353075212392e-18
11.6382,3.4813778855245024e-17,2.414622844865209e-18
11.63886,3.4948371141688914e-17,8.90572124657962e-19
11.6395,3.7710752693404135e-17,2.284609163677834e-18
11.6408,3.690191332291619e-17,2.0715589866532032e-18
11.64137,3.5257511842233944e-17,9.192203544294754e-19
11.64211,3.4863402880202383e-17,2.4249984366346528e-18
11.64341,3.553448281058154e-17,2.6562864158324383e-18
11.64387,3.486111096903282e-17,9.898512502688657e-19
11.64471,3.5771244580237625e-17,2.424962017123335e-18
11.64601,3.7687801410937686e-17,2.5255906145804097e-18
11.64637,3.4686520399821966e-17,8.801045171534246e-19
11.64731,3.798649502019072e-17,2.5023187416268184e-18
11.64861,3.464844859046345e-17,2.468661179238766e-18
11.64888,3.464624649511288e-17,7.795759761627786e-19
11.64991,3.4690700756187106e-17,1.9690291119733025e-18
11.65121,3.554578224330272e-17,1.9041233802280105e-18
11.65138,3.4918561733074693e-17,8.337316601356689e-19
11.65251,3.5882806471944004e-17,1.8083178886145338e-18
11.65381,3.4888763616738947e-17,2.1288059882295424e-18
11.65388,3.499254163643019e-17,7.676791424050044e-19
11.65512,3.1073040734521645e-17,1.93359218452439e-18
11.65639,3.5187742966901346e-17,7.682479505894992e-19
11.65642,3.49465801265572e-17,1.9458946974466092e-18
11.65772,3.5062761737675314e-17,1.6466109781292328e-18
11.65889,3.5859706789673485e-17,8.095837243844402e-19
11.65902,3.6747246887449016e-17,1.898663309645305e-18
11.66032,3.69435328123593e-17,2.029795262481872e-18
11.66139,3.64063443667262e-17,9.316297115164053e-19
11.66162,3.6432192289260186e-17,1.8085312838616627e-18
11.66292,3.5338724078505717e-17,1.706025452982228e-18
11.6639,3.64668508895246e-17,1.0114510518440681e-18
11.66422,3.675206896137503e-17,1.869783869706601e-18
11.66552,3.6389366674913555e-17,1.922348732866404e-18
11.6664,3.6930139058508977e-17,9.113097279391057e-19
11.66682,3.749474065090553e-17,1.8311195362273026e-18
11.66813,3.7411476549192834e-17,2.033096434633129e-18
11.6689,3.565221335803045e-17,1.193316282703665e-18
11.66943,3.4835925661484444e-17,1.931088148853629e-18
11.67073,3.684964928279698e-17,2.0052031610796853e-18
11.67141,3.5690229489909235e-17,1.707811111599119e-18
11.67203,3.6858211812214355e-17,2.130615782548829e-18
11.67333,3.633490841002179e-17,2.0392206465211817e-18
11.67391,3.519590611897547e-17,1.5866312191440973e-18
11.67463,3.6353486506590145e-17,2.053192503938297e-18
11.67593,3.8270117105823007e-17,2.2825565125025834e-18
11.67641,3.5062204169377354e-17,1.196572262648372e-18
11.67723,3.5407461546320697e-17,2.2567708266184226e-18
11.67853,3.5753068723386345e-17,2.037276769662028e-18
11.67892,3.4082935463707976e-17,1.0529362619338389e-18
11.67983,3.6707089808465764e-17,2.1616100116279186e-18
11.68114,3.231985958827133e-17,2.496371668924607e-18
11.68142,3.5069715285262615e-17,1.1600629413634241e-18
11.68244,3.5138964907531436e-17,2.31677452695057e-18
11.68374,3.3076664731109336e-17,2.276669590813126e-18
11.68392,3.4595925550243175e-17,1.0561838638902629e-18
11.68504,3.4519811815010957e-17,2.230117301421585e-18
11.68634,3.553900474940752e-17,1.7934615271674186e-18
11.68643,3.3368571336609703e-17,1.0482197809079685e-18
11.68764,3.6114847139244737e-17,2.0064546648585535e-18
11.68893,3.5275758006509274e-17,1.0289889438853662e-18
11.68894,3.4943601036166204e-17,2.170918295967446e-18
11.69024,3.3550957764530845e-17,2.1839321766142117e-18
11.69143,3.4913774184225954e-17,9.547970859439097e-19
11.69154,3.5109616989646524e-17,2.3120001342798995e-18
11.69284,3.5383874806841626e-17,2.5850004358691793e-18
11.69394,3.6001302325674866e-17,1.738098361153483e-18
11.69415,3.764062197183126e-17,2.122780456692481e-18
11.69545,3.62857741146607e-17,1.989326626884824e-18
11.69644,3.618925355562582e-17,1.7412404960334162e-18
11.69675,3.6125767047849457e-17,1.7235082324169565e-18
11.69805,3.667519668533405e-17,1.811374345438403e-18
11.69894,3.6348824930747655e-17,1.9356398557011303e-18
11.69935,4.0987222999953907e-17,1.726777407526718e-18
11.70065,3.679596311196844e-17,1.9480918275276388e-18
11.70145,3.6213922705521793e-17,1.060961055830696e-18
11.70395,3.5410067725552804e-17,9.95569219796045e-19
11.70645,3.603371176953606e-17,8.969157076443343e-19
11.70896,3.540679807113067e-17,8.570384260398124e-19
11.71146,3.4502405991444797e-17,8.84338253989967e-19
11.71396,3.579972585262407e-17,9.807904922604533e-19
11.71647,3.5086842034366255e-17,1.0008171217112518e-18
11.71897,3.42892543177917e-17,1.1028076188194897e-18
11.72147,3.4211715153011576e-17,1.268671708115544e-18
11.72397,3.51370818063156e-17,1.0980345868470881e-18
11.72648,3.5355972153453935e-17,1.2271545359090316e-18
11.72898,3.4292601658377204e-17,1.0275795471662196e-18
11.73148,3.390152861061321e-17,1.1759545893782485e-18
11.73399,3.356644167179354e-17,1.0738178549751765e-18
11.73649,3.4757110249583036e-17,1.056212302222208e-18
11.73899,3.429085770945577e-17,1.112822133287148e-18
11.7415,3.402196509501502e-17,9.14755662491708e-19
11.744,3.51414541497801e-17,8.872956441733004e-19
11.7465,3.526509318069588e-17,8.256164725797163e-19
11.74901,3.4991138452417657e-17,8.497038188154906e-19
11.75151,3.405986232985549e-17,9.245452421055799e-19
11.75401,3.4639488842286625e-17,9.825137704736206e-19
11.75652,3.400118744042878e-17,9.4176985372141e-19
11.75902,3.485666450928198e-17,8.550712581384868e-19
11.76152,3.515538118153454e-17,9.507887201664951e-19
11.76403,3.5748900142974e-17,9.68577427597084e-19
11.76653,3.569254507987867e-17,1.0203258978650118e-18
11.76903,3.663668339950848e-17,1.0418307900900864e-18
11.77154,3.48275218466292e-17,1.0334322531156022e-18
11.77404,3.4202449560596466e-17,9.360016124366797e-19
11.77654,3.3499220414718865e-17,1.0175937765084873e-18
11.77905,3.350456062445676e-17,1.138730880452224e-18
11.78155,3.430903843793114e-17,1.087162464913721e-18
11.78405,3.44916799966505e-17,1.1210031258679697e-18
11.78656,3.5056560279648904e-17,1.1281815612308485e-18
11.78906,3.408081697359263e-17,9.827260322263429e-19
11.79156,3.511622543500032e-17,1.8194356590548463e-18
11.79407,3.371291865008381e-17,8.2439269368074e-19
11.79657,3.4303943303750584e-17,8.645639803196513e-19
11.79907,3.4837318339539473e-17,8.607053279932611e-19
11.80158,3.5166368485407807e-17,9.042930829908445e-19
11.80408,3.5206798907450424e-17,9.917180947699444e-19
11.80658,3.450921569351543e-17,9.063222429642594e-19
11.80909,3.6333593780342546e-17,8.688455721356033e-19
11.81159,3.4901909578965305e-17,7.722238006669998e-19
11.81409,3.5555333808770175e-17,1.0481038886205805e-18
11.8166,3.6592228486720107e-17,1.7697712173852733e-18
11.8191,3.542256928529722e-17,9.763513696130373e-19
11.8216,3.447144970046682e-17,8.617200097950878e-19
11.82411,3.3854257513511124e-17,9.840496806910704e-19
11.82661,3.480368418034147e-17,9.664772488254754e-19
11.82911,3.6042295247675074e-17,9.822511402743252e-19
11.83161,3.567262101342623e-17,9.864885956014897e-19
11.83412,3.500919031929542e-17,1.0491122141038337e-18
11.83662,3.5358139393212437e-17,8.78656287748887e-19
11.83912,3.539118836545222e-17,8.469890559101691e-19
11.84163,3.5323254514997924e-17,8.494458029462131e-19
11.84413,3.509559494989932e-17,8.513636787409051e-19
11.84663,3.476960473133633e-17,9.27520092310525e-19
11.84914,3.473503165128211e-17,9.186008078572292e-19
11.85164,3.647918498245647e-17,9.398996692689385e-19
11.85414,3.51730525231635e-17,9.63261999959536e-19
11.85665,3.5955605334564556e-17,9.404313392543725e-19
11.85915,3.607529631806798e-17,9.215999145682417e-19
11.86165,3.673633993866151e-17,1.0356327262087057e-18
11.86416,3.529803698847417e-17,9.60443151743649e-19
11.86666,3.3614897726500984e-17,9.423962836721058e-19
11.86916,3.380271083480944e-17,1.1159101470393173e-18
11.87167,3.324744564409463e-17,1.0641066301427948e-18
11.87417,3.3924552906872544e-17,1.200775225416686e-18
11.87667,3.5180938806213836e-17,1.0497420727528512e-18
11.87918,3.449551305701884e-17,9.206773726058196e-19
11.88168,3.4360227465177074e-17,8.18080489742897e-19
11.88418,3.388056720013962e-17,8.581131110030358e-19
11.88669,3.472663070636936e-17,9.346793934468661e-19
11.88919,3.4952432846119285e-17,8.891209254468754e-19
11.89169,3.4835202507467724e-17,9.593580870106244e-19
11.8942,3.5010730562201506e-17,9.917412158000812e-19
11.8967,3.45667436373683e-17,8.747026233764899e-19
11.8992,3.525373749863661e-17,9.156582779566005e-19
11.90171,3.362356772101273e-17,1.002599838397192e-18
11.90421,3.478614891450852e-17,9.916857150402409e-19
11.90671,3.3946035179397177e-17,1.0152926232241626e-18
11.90922,3.2603505167354074e-17,1.1647386412590337e-18
11.91172,3.327379116347042e-17,9.903140701468889e-19
11.91422,3.438574382763964e-17,9.348704495388812e-19
11.91673,3.4922482625911345e-17,1.1098263920819365e-18
11.91923,3.4382473904227264e-17,1.0695342314131126e-18
11.92173,3.595415254360414e-17,1.6295780266193957e-18
11.92424,3.5126923604848215e-17,9.15062766139456e-19
11.92674,3.4371310994904455e-17,1.0639182659716158e-18
11.92924,3.467211768385776e-17,1.846513344120958e-18
11.93174,3.382646853214518e-17,1.7597653322876064e-18
11.93425,3.3804679237371386e-17,1.0294359882575769e-18
11.93675,3.4126643550432513e-17,9.971557703812291e-19
11.93925,3.439872257223805e-17,1.1914445381337213e-18
11.94176,3.555857924918252e-17,9.789447007430216e-19
11.94426,3.5571645563537915e-17,9.442958287927353e-19
11.94676,3.4174232380657047e-17,1.001165293935017e-18
11.94927,3.4059342545041265e-17,8.92292705245781e-19
11.95177,3.441640666068009e-17,9.804982566622211e-19
11.95427,3.5271971726615233e-17,1.0442487654806317e-18
11.95678,3.4071489466132036e-17,1.0063363582838109e-18
11.95928,3.3926614461821615e-17,1.1546171154622057e-18
11.96178,3.711415428225305e-17,1.1582371887353949e-18
11.96429,3.4863449974771435e-17,1.0189680860620169e-18
11.96679,3.433188602043333e-17,9.45090324630725e-19
11.96929,3.374060916436645e-17,1.2294757517639357e-18
11.9718,3.2859464760508236e-17,1.0712322743075853e-18
11.9743,3.359036230699119e-17,1.0051463030168692e-18
11.9768,3.4634802890813765e-17,1.0016528310056968e-18
11.97931,3.430660911478632e-17,1.028837770265483e-18
11.98181,3.5803170766149365e-17,1.1336230054085511e-18
11.98431,3.562175644579669e-17,9.795994036011545e-19
11.98682,3.5252655496821716e-17,1.1929295067881886e-18
11.98932,3.49220993175224e-17,1.1262512228199566e-18
11.99182,3.5042237089053354e-17,1.0977552694688521e-18
11.99433,3.3828453926276825e-17,1.0498938617459464e-18
11.99683,3.2515503010307845e-17,1.059873705618947e-18
11.99933,3.4647660670261685e-17,1.374342208728088e-18
12.00184,3.37313125170979e-17,1.6220217343282865e-18
12.00434,3.4050865702406746e-17,2.165133451638558e-18
12.00684,3.4636873795175355e-17,1.3978550839780878e-18
12.00935,3.41356134670208e-17,1.0131433214905558e-18
12.01185,3.402260032520626e-17,1.1574469715826486e-18
12.01435,3.421407381751685e-17,1.1011843800548314e-18
12.01686,3.472481182795534e-17,1.2672170387789236e-18
12.01936,3.414401953557968e-17,1.2092929976402604e-18
12.02186,3.4307697919758045e-17,1.111790883125291e-18
12.02437,3.3883486408365604e-17,1.1357936995789385e-18
12.02687,3.3805655432027207e-17,1.1097806662826934e-18
12.02937,3.3860466807469216e-17,1.0155598253576682e-18
12.03188,3.2902475501283616e-17,1.0497487110373712e-18
12.03438,3.377605085699124e-17,1.1274600381563985e-18
12.03688,3.3450770475505444e-17,1.0177848297628033e-18
12.03938,3.431046703839541e-17,9.401444634511912e-19
12.04189,3.3857639658564523e-17,8.407080954315455e-19
12.04439,3.3873136538588515e-17,8.307322024843496e-19
12.04689,3.539374226637419e-17,1.039032620447316e-18
12.0494,3.472732691944398e-17,1.1518539048919511e-18
12.0519,3.402682451139977e-17,1.1746410503147581e-18
12.0544,3.372474363745794e-17,8.946950156485915e-19
12.05691,3.382228956188209e-17,9.624184976292178e-19
12.05941,3.4804533739427776e-17,1.102032700451737e-18
12.06191,3.4732309807200665e-17,9.845104102936916e-19
12.06442,3.5498816021759424e-17,1.3667008736365689e-18
12.06692,3.487641075200762e-17,1.4044501574439537e-18
12.06942,3.4208508414454405e-17,1.1497544491125944e-18
12.07193,3.447670149493162e-17,1.12702166005591e-18
12.07443,3.569135068509113e-17,1.1980477236597848e-18
12.07693,3.56673794681488e-17,9.592928406716837e-19
12.07944,3.429018106597164e-17,1.2013345231685478e-18
12.08194,3.327648335830761e-17,1.2342350128915697e-18
12.08444,3.4064677621660836e-17,1.0876267874868622e-18
12.08695,3.4237954291389515e-17,1.1644201730478394e-18
12.08945,3.514038864441444e-17,1.09254794055307e-18
12.09195,3.498020732256701e-17,9.839335893860436e-19
12.09446,3.568309461104599e-17,1.0393604321032993e-18
12.09696,3.4613682271379426e-17,1.0356939919397733e-18
12.09946,3.438590658774786e-17,1.2782768552253742e-18
12.10197,3.434243647686348e-17,1.3676166657722797e-18
12.10447,3.3964553909868216e-17,1.097100837309338e-18
12.10697,3.5000632636225763e-17,9.934170048570045e-19
12.10948,3.3909114231121525e-17,2.7404906009362633e-18
12.11198,3.5036457458257685e-17,1.4363309956424478e-18
12.11448,3.4931223662905346e-17,1.3725034992483764e-18
12.11699,3.339730647837646e-17,1.2877211718429794e-18
12.11949,3.3297968631607006e-17,1.1092505024593288e-18
12.12199,3.255918128361993e-17,1.0819275561045543e-18
12.1245,3.340296838584034e-17,9.914672656468576e-19
12.127,3.546321579062707e-17,1.0792984082675489e-18
12.1295,3.5184465307029924e-17,1.085212152064604e-18
12.13201,3.2987220223648823e-17,1.1519925831199454e-18
12.13451,3.371129341372835e-17,1.0064866413032862e-18
12.13701,3.4875968287228953e-17,1.0703380581830128e-18
12.13952,3.535355032388642e-17,1.1213520232850429e-18
12.14202,3.3607091540659195e-17,1.0168894754390517e-18
12.14452,3.3134579297565466e-17,1.13421202355775e-18
12.14702,3.46012959226464e-17,1.1562553788142124e-18
12.14953,3.4160356692435086e-17,1.2531661666369277e-18
12.15203,3.4479222414419346e-17,1.2254399715669956e-18
12.15453,3.4357135626340765e-17,1.1797215205687691e-18
12.15704,3.3706440564491537e-17,1.172842555470642e-18
12.15954,3.4124992452632213e-17,1.0696247119147266e-18
12.16204,3.423042838447393e-17,1.1595919660155905e-18
12.16455,3.4336144182740304e-17,1.3034737640695557e-18
12.16705,3.4067253933699573e-17,1.218259105578366e-18
12.16955,3.4207340925232994e-17,1.12431906806084e-18
12.17206,3.433668225366863e-17,1.0730242774048113e-18
12.17456,3.3232503478923325e-17,1.219290392853402e-18
12.17706,3.40598740356879e-17,1.4975983404210725e-18
12.17957,3.417276375587086e-17,1.062486940985161e-18
12.18207,3.39104289050246e-17,9.85901606553809e-19
12.18457,3.419350042767407e-17,1.1437096660317418e-18
12.18708,3.4841286145551216e-17,1.1462038644506992e-18
12.18958,3.4451036133526236e-17,1.0547826070314746e-18
12.19208,3.333961344072365e-17,1.0837161605137425e-18
12.19459,3.5399223723284977e-17,1.0986897356600192e-18
12.19709,3.518448178030049e-17,1.0201501283694892e-18
12.19959,3.389863627298992e-17,9.175455665918902e-19
12.2021,3.433579465061279e-17,9.735696998664958e-19
12.2046,3.52496721890663e-17,1.022166336599557e-18
12.2071,3.387097168614344e-17,1.0285117467525996e-18
12.20961,3.3479388345022437e-17,1.0225822916536974e-18
12.21211,3.340003040347539e-17,1.1745602714723598e-18
12.21461,3.3641157657807456e-17,1.2065430787101673e-18
12.21712,3.3109014928643496e-17,9.998940248887468e-19
12.21962,3.343137072741091e-17,1.0637150992307433e-18
12.22212,3.361542357418634e-17,1.0451717820801278e-18
12.22463,3.484313773052836e-17,1.0971742692190788e-18
12.22713,3.6088080935085265e-17,1.1328508431383917e-18
12.22963,3.341877513128247e-17,9.984032490748969e-19
12.23214,3.4425727510536055e-17,9.994138402658708e-19
12.23464,3.454451974279122e-17,1.0160203128134297e-18
12.23714,3.409861371487299e-17,9.304997795385456e-19
12.23965,3.5196918448687623e-17,9.121074266080741e-19
12.24215,3.461840729465247e-17,9.497107508439332e-19
12.24465,3.37848959390165e-17,1.0010463899764318e-18
12.24716,3.4637504035028517e-17,9.47308027786768e-19
12.24966,3.3964776082346896e-17,9.414924578217164e-19
12.25216,3.349121624783485e-17,9.792902902280924e-19
12.25466,3.3386592279093046e-17,1.0661505101868269e-18
12.25717,3.4417828841887976e-17,1.06260562261846e-18
12.25967,3.398229460797124e-17,2.310306250008994e-18
12.26217,3.359559846576274e-17,9.613649446774485e-19
12.26468,3.370976409662814e-17,1.0279466389998085e-18
12.26718,3.375680362898328e-17,9.596126325645845e-19
12.26968,3.36808222790464e-17,8.387202986730256e-19
12.27219,3.3590692628409976e-17,1.1010654738591213e-18
12.27469,3.4260349308711704e-17,1.1214635150835182e-18
12.27719,3.5529786793614425e-17,1.2212336072514958e-18
12.2797,3.931347325522214e-17,9.863271360140957e-19
12.2822,3.4304769236859783e-17,1.0282007713402422e-18
12.2847,3.343689261985541e-17,1.1098412991464097e-18
12.28721,3.3074958856830996e-17,1.0087703345596716e-18
12.28971,3.347958070322266e-17,1.2289922749642156e-18
12.29221,3.2462006222668913e-17,1.02392476001125e-18
12.29472,3.427617181458485e-17,1.1425620917093662e-18
12.29722,3.37616806819381e-17,1.003615278958346e-18
12.29972,3.325767501652514e-17,9.502793813199698e-19
12.30223,3.3254834587543203e-17,1.0597627771921232e-18
12.30473,3.370419126487448e-17,1.0120685516095524e-18
12.30723,3.293049258712051e-17,9.352502208441113e-19
12.30974,3.3316331003634314e-17,8.361249444559694e-19
12.31224,3.218291432078675e-17,1.0789945745255996e-18
12.31474,3.2476540245302505e-17,1.351213792365007e-18
12.31725,3.286940165704711e-17,9.197898062962524e-19
12.31975,3.38579963226524e-17,1.0244781267755461e-18
12.32225,3.236170015558003e-17,1.0256733595982796e-18
12.32476,3.308951661984791e-17,9.197819670794066e-19
12.32726,3.248227485678943e-17,9.497790937945318e-19
12.32976,3.2523129263660967e-17,1.0318538435886874e-18
12.33227,3.284065438532174e-17,9.713579022668445e-19
12.33477,3.251211978094682e-17,9.971967215814567e-19
12.33727,3.3445391551872155e-17,1.0466992379016045e-18
12.33978,3.287927922399794e-17,9.8401944128031e-19
12.34228,3.385241296125561e-17,1.0281585003481389e-18
12.34478,3.3339097901776916e-17,1.0122710859182577e-18
12.34729,3.1231374624418476e-17,9.10469880368188e-19
12.34979,3.315278436527407e-17,9.86505535185141e-19
12.35229,3.294876531356567e-17,1.1192908756876332e-18
12.3548,3.185693454303006e-17,9.526976809751458e-19
12.3573,3.3458550764127344e-17,1.0414788927934288e-18
12.3598,3.164119936540584e-17,8.722228748555856e-19
12.3623,3.2981336894111315e-17,9.559564455042713e-19
12.36481,3.362658451182771e-17,9.957708017125143e-19
12.36731,3.40323152631967e-17,8.81411737314565e-19
12.36981,3.378587647445298e-17,9.247216978615417e-19
12.37232,3.2285049890877765e-17,1.0157848710316717e-18
12.37482,3.297775995081584e-17,1.0105462594057813e-18
12.37732,3.2507119473933084e-17,1.1700877419069038e-18
12.37983,3.278749683737727e-17,1.0155385389367499e-18
12.38233,3.284456928517208e-17,1.144349107966908e-18
12.38483,3.2684808156352746e-17,1.2608969255967393e-18
12.38734,3.169072040587352e-17,1.032307417116732e-18
12.38984,3.2441501415108394e-17,1.0041267635249248e-18
12.39234,3.254524254635711e-17,1.1062204836555406e-18
12.39485,3.248752441264538e-17,1.034911331370071e-18
12.39735,3.313191896215734e-17,1.0015601122625214e-18
12.39985,3.100175169345147e-17,9.269330797239724e-19
12.40236,3.2637049077496264e-17,1.0210853604237752e-18
12.40486,3.3217447925064705e-17,8.819834261728717e-19
12.40736,3.3797962498058927e-17,8.537219141966475e-19
12.40987,3.2871321847722916e-17,8.483416177383624e-19
12.41237,3.2336032474188137e-17,9.401101050020573e-19
12.41487,3.234318506971382e-17,8.735805887011653e-19
12.41738,3.2303279890236855e-17,9.247803714476209e-19
12.41988,3.098451778401244e-17,9.372748777907006e-19
12.42238,3.317805299947486e-17,9.582937465685222e-19
12.42489,3.3349033560949007e-17,9.702325012330741e-19
12.42739,3.1641655184985656e-17,9.164864345022793e-19
12.42989,3.164316210009885e-17,9.99145885209226e-19
12.4324,3.159361424951948e-17,1.292585017473488e-18
12.4349,3.3011732315979324e-17,1.0398122035809973e-18
12.4374,3.291374287302298e-17,8.483122298800457e-19
12.43991,3.257648017176349e-17,9.155411043982224e-19
12.44241,3.1158143685352207e-17,1.0083989309593285e-18
12.44491,3.2017168950985986e-17,9.951317185413893e-19
12.44742,3.1686473682027723e-17,9.203192506960277e-19
12.44992,3.174529394364669e-17,9.65830923778232e-19
12.45242,3.373725323745456e-17,1.0021729577414705e-18
12.45493,3.2955074847987375e-17,8.76374323788428e-19
12.45743,3.201346340772046e-17,9.09817080127843e-19
12.45993,3.230345700669518e-17,1.0302822037551751e-18
12.46244,3.1719023416115636e-17,9.96920920324014e-19
12.46494,3.329402769125901e-17,1.0223665891379166e-18
12.46744,3.299119911966165e-17,1.071554606441767e-18
12.46994,3.2298213903803203e-17,9.992626169788233e-19
12.47245,3.2331833188115395e-17,9.92977281511283e-19
12.47495,3.272556110072784e-17,1.0293541030568149e-18
12.47745,3.290897134428547e-17,9.827687629561272e-19
12.47996,3.3137278322195626e-17,9.018523532521294e-19
12.48246,3.4224253469414505e-17,9.194572182850104e-19
12.48496,3.497294856299501e-17,1.0050705000990665e-18
12.48747,3.1426294804642666e-17,9.748732766887208e-19
12.48997,3.264795395470225e-17,1.0356564043995266e-18
12.49247,3.2270974580019133e-17,1.1001420809292945e-18
12.49498,3.2659067258767986e-17,1.1442198594723456e-18
12.49748,3.207104232520009e-17,1.0686847336218668e-18
12.49998,3.32942569034075e-17,1.0577140802614291e-18
12.50249,3.343588920151256e-17,1.0209695599799162e-18
12.50499,3.264608380202829e-17,1.104654402921411e-18
12.50749,3.2460678990038007e-17,1.1598064646815541e-18
12.51,3.3040168900511995e-17,1.255580479187544e-18
12.5125,3.296347289625555e-17,1.002171233250972e-18
12.515,3.29280435205133e-17,8.702702052785079e-19
12.51751,3.354831682572023e-17,8.08382330809745e-19
12.52001,3.346420448624114e-17,8.899452373625689e-19
12.52251,3.290187724065345e-17,1.0142395940065757e-18
12.52502,3.155738070625958e-17,9.512128113848814e-19
12.52752,3.1581079442916415e-17,8.405669447541566e-19
12.53002,3.188181215670054e-17,9.70203054679662e-19
12.53253,3.2063488891268056e-17,9.532102078245482e-19
12.53503,3.2523604722269477e-17,9.727281039589921e-19
12.53753,3.203301097391607e-17,8.724765917099242e-19
12.54004,3.271840250673394e-17,9.850954565022988e-19
12.54254,3.2183842170244553e-17,9.798168931029365e-19
12.54504,3.2002773424884576e-17,8.871720105479098e-19
12.54755,3.288086685745722e-17,8.809605843122015e-19
12.55005,3.1422283866813206e-17,8.594656731942247e-19
12.55255,3.2767061930981557e-17,1.0663462061430376e-18
12.55506,3.221503331897722e-17,1.0244019457364873e-18
12.55756,3.194618068749595e-17,1.0165440453822277e-18
12.56006,3.2069839010964636e-17,9.078416478454771e-19
12.56257,3.150532444673828e-17,1.019684649172685e-18
12.56507,3.210652638086608e-17,1.0607235918760257e-18
12.56757,3.171637906335134e-17,9.670505235576056e-19
12.57008,3.127683900806574e-17,9.823675840947624e-19
12.57258,3.2680882692990805e-17,9.569652482443775e-19
12.57508,3.1829085452410295e-17,1.0281179534193413e-18
12.57758,3.138831598261557e-17,1.009485333027573e-18
12.58009,3.172261953338919e-17,9.309964681709677e-19
12.58259,3.292174849082781e-17,9.898492760034956e-19
12.58509,3.363474380305602e-17,1.0458632939888524e-18
12.5876,3.278188656277859e-17,1.0076883638109937e-18
12.5901,3.2306947222585195e-17,1.0573084385091518e-18
12.5926,3.3327907194529106e-17,1.0324373317368768e-18
12.59511,3.2312734021715696e-17,8.924473235067511e-19
12.59761,3.1500641758105897e-17,1.0683346073089733e-18
12.60011,3.0923933222844605e-17,9.938532310206469e-19
12.60262,2.975156175721288e-17,9.438468607866056e-19
12.60512,3.103127099285977e-17,8.215746214089646e-19
12.60762,3.222332355353998e-17,8.75349197646226e-19
12.61013,3.223454865356513e-17,8.5118730196514845e-19
12.61263,3.1815894953277166e-17,9.64554633502844e-19
12.61513,3.0665596897702084e-17,8.866967938619582e-19
12.61764,3.144904882629711e-17,1.0556257205700792e-18
12.62014,3.221522836726893e-17,9.228442257560845e-19
12.62264,3.1684008431755185e-17,9.825988299177984e-19
12.62515,3.240327196275273e-17,9.143057943161454e-19
12.62765,3.2825715721570315e-17,8.957538591554018e-19
12.63015,3.081910883723447e-17,9.88111176400747e-19
12.63266,3.257321125173144e-17,9.51416394275593e-19
12.63516,3.2350450038506437e-17,8.828325696544151e-19
12.63766,3.2429390390300275e-17,9.228491391873122e-19
12.64017,3.2150809518395276e-17,9.133890965419012e-19
12.64267,3.182603462227667e-17,8.80583762489293e-19
12.64517,3.0325349820639996e-17,9.067055683102653e-19
12.64768,3.1252673375064786e-17,8.754002627165322e-19
12.65018,3.2934552150808e-17,9.617714179933745e-19
12.65268,3.23374303892806e-17,8.869797255468758e-19
12.65519,3.074043293528813e-17,8.235842138204514e-19
12.65769,3.3001469870495436e-17,8.505252175424929e-19
12.66019,3.3213710310062197e-17,7.936394774649765e-19
12.6627,3.242404620165091e-17,8.654604710968627e-19
12.6652,3.1776097867881433e-17,8.369422918027808e-19
12.6677,3.169267448626507e-17,8.560315767013629e-19
12.67021,3.102479056588476e-17,8.476451902956377e-19
12.67271,3.188308834211685e-17,9.200624729929317e-19
12.67521,3.203120052375572e-17,8.587073027677388e-19
12.67772,3.0790124926780605e-17,9.335413618933036e-19
12.68022,3.250784964078263e-17,8.884685575693595e-19
12.68272,3.270300497114101e-17,9.88214871729046e-19
12.68522,3.2846679849070226e-17,1.0016966004560882e-18
12.68773,3.171633250607518e-17,8.912343054827287e-19
12.69023,3.3685330004699246e-17,8.435249597617125e-19
12.69273,3.1561584279571367e-17,9.954286720333817e-19
12.69524,3.2084402583331825e-17,1.0966561653590246e-18
12.69774,3.1571247736482736e-17,1.0235733385049911e-18
12.70024,3.214209367961463e-17,9.508468406376176e-19
12.70275,3.1605220706781107e-17,8.641608804955377e-19
12.70525,3.0865442833971707e-17,9.753251815557873e-19
12.70775,3.0878278818937104e-17,9.384954858978178e-19
12.71026,3.03640136384217e-17,9.077417372630037e-19
12.71276,3.0863013002667356e-17,8.578746394283329e-19
12.71526,3.0533030018237456e-17,8.969736738778016e-19
12.71777,3.1181600443011635e-17,8.423259944755658e-19
12.72027,3.060171724225091e-17,8.016127738747618e-19
12.72277,3.085757883574097e-17,9.66416522272321e-19
12.72528,3.1183446719313325e-17,9.972030727393629e-19
12.72778,3.1406770142554744e-17,8.891132201456744e-19
12.73028,3.5959617141883795e-17,8.391440373425202e-19
12.73279,3.300586359485149e-17,9.460150193165125e-19
12.73529,3.21081628003419e-17,1.0065056159443353e-18
12.73779,3.165041797831739e-17,9.28669515708047e-19
12.7403,3.0194318152704446e-17,9.350245432171931e-19
12.7428,3.128657052759513e-17,8.881227654904645e-19
12.7453,3.068648277495934e-17,9.303047546460754e-19
12.74781,2.9859100033695037e-17,9.200896636361589e-19
12.75031,2.9913001627226836e-17,8.87802495121989e-19
12.75281,3.095814342242586e-17,1.0243603730936337e-18
12.75532,3.001529040530663e-17,8.978481685497586e-19
12.75782,3.1699647962338426e-17,9.0710951423647e-19
12.76032,3.1241746212730325e-17,9.073562522962137e-19
12.76283,3.117376591114149e-17,9.199597639452617e-19
12.76533,3.145446725085835e-17,1.0442419586717814e-18
12.76783,3.13410965883995e-17,1.0741718422706099e-18
12.77034,3.206487625049571e-17,9.224405224347797e-19
12.77284,3.203564821773225e-17,9.850172578425158e-19
12.77534,3.1554338083398235e-17,1.0034273471284177e-18
12.77785,3.29913557761606e-17,9.34760112579804e-19
12.78035,3.237406235925807e-17,8.806168170218672e-19
12.78285,2.9864008131174907e-17,9.993247442726073e-19
12.78535,2.875777232041402e-17,8.850091787395005e-19
12.78786,2.915557898901526e-17,8.496600330077485e-19
12.79036,3.016613788478754e-17,9.966814289815573e-19
12.79286,3.0457152238278047e-17,1.105922138175904e-18
12.79537,3.0276485189783836e-17,1.054976120346413e-18
12.79787,3.0413061456576276e-17,9.841609020428821e-19
12.80037,3.013209603125508e-17,9.752959978678424e-19
12.80288,2.985770566256406e-17,8.911500397477875e-19
12.80538,3.122419622966843e-17,9.903625033681125e-19
12.80788,3.198842477419434e-17,9.917604146726017e-19
12.81039,3.27380652703711e-17,1.0647206209936e-18
12.81289,3.1600705180688986e-17,9.910923913472126e-19
12.81539,3.1494664112946046e-17,9.832402956506388e-19
12.8179,3.324224160277972e-17,9.344577714434118e-19
12.8204,3.198119603470004e-17,9.78370949017676e-19
12.8229,3.0564940873239867e-17,1.0871467949727022e-18
12.82541,3.158320193696486e-17,8.396326727264108e-19
12.82791,3.3529261406368314e-17,8.790245182328825e-19
12.83041,3.166660603864269e-17,9.226846863584545e-19
12.83292,3.032253464926371e-17,8.958628181770525e-19
12.83542,3.0435624224363997e-17,8.664762781692623e-19
12.83792,3.1239295219564187e-17,8.123547448640486e-19
12.84043,2.95134907835355e-17,9.62670754527665e-19
12.84293,3.178092534746034e-17,1.059009243388744e-18
12.84543,3.1343110224011625e-17,9.97882542406485e-19
12.84794,3.092787775494331e-17,1.0075999319245109e-18
12.85044,3.124915310319865e-17,1.0342967472885377e-18
12.85294,3.063963794395709e-17,9.195373444119233e-19
12.85545,3.108873334239019e-17,9.751294199722644e-19
12.85795,3.0358789367892675e-17,9.021237778676606e-19
12.86045,3.040449775109329e-17,9.64136735359213e-19
12.86296,3.041761530567119e-17,1.0005088395622526e-18
12.86546,3.026081713274955e-17,8.728978567935952e-19
12.86796,3.142330358667425e-17,8.865255672852303e-19
12.87047,3.127853968944008e-17,8.777573793416877e-19
12.87297,3.061724032388051e-17,8.171609294207697e-19
12.87547,3.289810040814167e-17,8.939446006749448e-19
12.87798,3.178840630761108e-17,8.92955639328556e-19
12.88048,3.0193618474793337e-17,9.02114906092505e-19
12.88298,3.047737839447699e-17,8.459427973691858e-19
12.88549,3.130297416443604e-17,9.06586697301349e-19
12.88799,3.245594287058905e-17,1.0711797088856266e-18
12.89049,3.099580340740311e-17,9.916811746403484e-19
12.89299,3.063777533044979e-17,1.0400490817452372e-18
12.8955,3.0289100285449587e-17,1.0407106898979321e-18
12.898,2.93825253560894e-17,9.617534208973528e-19
12.9005,2.984942201485481e-17,9.508895868590357e-19
12.90301,2.9549989030737856e-17,9.074277014659064e-19
12.90551,3.0658072670640626e-17,9.013419400920573e-19
12.90801,3.136097545265938e-17,9.047127758818625e-19
12.91052,3.056525110258517e-17,9.615829061439853e-19
12.91302,3.1866662283602047e-17,9.177185962657705e-19
12.91552,3.143671147304772e-17,9.24999737789583e-19
12.91803,3.095630831494071e-17,1.0017862815740088e-18
12.92053,3.065017931946063e-17,9.414629165158888e-19
12.92303,3.1377351542154e-17,9.024561917322277e-19
12.92554,3.4941600991075675e-17,9.090399454155253e-19
12.92804,3.294474130982682e-17,9.976860618534014e-19
12.93054,3.129186982708635e-17,1.0511979526844858e-18
12.93305,3.068549564778142e-17,1.0105143425575356e-18
12.93555,3.0314819442133827e-17,9.513769075731433e-19
12.93805,2.9309309819002216e-17,1.1024522980694318e-18
12.94056,3.0141074335363227e-17,1.0594344457906417e-18
12.94306,3.153529793037465e-17,1.363081677556233e-18
12.94556,3.0999198293795145e-17,9.823235167416045e-19
12.94807,2.9836437891708465e-17,9.733801156277614e-19
12.95057,2.962800773843994e-17,1.135120412422889e-18
12.95307,3.0429804786619276e-17,1.0891579654284996e-18
12.95558,3.136446300139983e-17,9.52094257860767e-19
12.95808,3.2113553089149687e-17,1.111385943194676e-18
12.96058,3.1707396815507656e-17,1.1001125552590925e-18
12.96309,3.225770668554009e-17,9.905917339004761e-19
12.96559,3.367036848408654e-17,1.1314779256487548e-18
12.96809,3.1762677277237004e-17,1.0273776967873336e-18
12.9706,3.3388342855323057e-17,1.1526534613262856e-18
12.9731,3.5082966634095787e-17,1.0648632653561116e-18
12.9756,3.192925768915798e-17,1.0614572261416488e-18
12.97811,3.241202400956871e-17,1.2082526663150634e-18
12.98061,3.203318472672649e-17,1.0297933551030445e-18
12.98311,3.087863225466659e-17,9.672152646690236e-19
12.98562,3.091026305519134e-17,1.0682519675520489e-18
12.98812,3.2006772880248425e-17,1.3800193833459702e-18
12.99062,3.1901118856156957e-17,1.2480338269076621e-18
12.99313,3.0545018835977964e-17,9.42167160831368e-19
12.99563,3.0720140898774555e-17,9.333547736582029e-19
12.99813,3.0423312939660087e-17,9.213286891834694e-19
13.00063,2.9211471617318805e-17,9.457239882171465e-19
13.00314,2.9716118356094554e-17,9.043585766439924e-19
13.00564,3.1329217732050616e-17,9.080155340963722e-19
13.00814,2.9807362945181706e-17,9.87646486147235e-19
13.01065,2.9572750232503196e-17,9.533188994352084e-19
13.01315,3.1091712150517477e-17,9.009520334331113e-19
13.01565,3.099453301437062e-17,9.532133290489492e-19
13.01816,2.933142173817254e-17,9.350232288313302e-19
13.02066,2.9521150848780795e-17,9.799507246277896e-19
13.02316,3.276160723280166e-17,1.1060699251098877e-18
13.02567,3.0403777018736536e-17,1.237738051949647e-18
13.02817,3.010122246474612e-17,1.1489557460509949e-18
13.03067,3.0457301396385626e-17,1.0947779728477496e-18
13.03318,3.123656475234177e-17,9.578554410754576e-19
13.03568,2.9877233611502036e-17,1.014513275591348e-18
13.03818,2.9381351314636236e-17,1.0220257482561193e-18
13.04069,2.917501538282468e-17,1.1097196498385525e-18
13.04319,3.075010511666167e-17,9.413843891805842e-19
13.04569,3.172415925905747e-17,1.023979266070679e-18
13.0482,2.982984775219977e-17,1.0225631001700706e-18
13.0507,2.894556199025661e-17,1.123943057212868e-18
13.0532,2.9263674432937807e-17,1.0131446671714006e-18
13.05571,3.034646259684472e-17,9.596494730802741e-19
13.05821,2.9200312760953306e-17,1.1869128188252913e-18
13.06071,2.905880370113024e-17,9.840135925894625e-19
13.06322,2.9421179217032634e-17,9.748110046744425e-19
13.06572,2.9420370346601946e-17,1.0424265624735941e-18
13.06822,2.955249915395438e-17,9.781247176225814e-19
13.07073,3.2150503648607545e-17,8.838307652636193e-19
13.07323,3.4947382182082396e-17,1.016252927371969e-18
13.07573,3.3522502287181154e-17,1.0068588422128248e-18
13.07824,3.1478442497371816e-17,1.3050194631468397e-18
13.08074,3.0438423523806586e-17,9.82010200631772e-19
13.08324,3.173783573178039e-17,1.0343576962827205e-18
13.08575,3.1584402295154685e-17,1.120947330683042e-18
13.08825,3.064068658873552e-17,9.599380400007714e-19
13.09075,3.1691376470011336e-17,8.961440645473894e-19
13.09326,3.0887740554297036e-17,9.33377560963308e-19
13.09576,2.9393061080913993e-17,1.0099617744837378e-18
13.09826,2.837612096107985e-17,9.043583067962289e-19
13.10077,2.9331167448716306e-17,8.680066851142751e-19
13.10327,2.924718509870795e-17,9.345780290262604e-19
13.10577,2.90437161113067e-17,8.5643732096204045e-19
13.10827,2.9802530275503316e-17,8.607873192221065e-19
13.11078,3.010010958244328e-17,1.0358575974441873e-18
13.11328,3.0627598122909604e-17,8.924940421718685e-19
13.11578,3.0724424450830347e-17,9.252199180822873e-19
13.11829,3.076212959987967e-17,9.495109817461289e-19
13.12079,3.1383137222876264e-17,8.895754079950564e-19
13.12329,3.48656195908367e-17,1.0747299377002224e-18
13.1258,3.47975456769302e-17,9.906757310075525e-19
13.1283,3.103954072638763e-17,1.1285793013309617e-18
13.1308,3.03313311124672e-17,9.978403230146442e-19
13.13331,2.988511103455436e-17,9.956273719823552e-19
13.13581,2.826568890084992e-17,1.1986538477643773e-18
13.13831,2.7916465686917817e-17,1.090083382749917e-18
13.14082,2.981288073351096e-17,1.0119746947620844e-18
13.14332,2.9901803080716293e-17,1.0067667924412798e-18
13.14582,3.0007087965900893e-17,1.0818397966621817e-18
13.14833,3.0291617728561606e-17,9.223272557721637e-19
13.15083,3.0141412357580636e-17,9.283851544631948e-19
13.15333,2.923025738256642e-17,9.213734702381121e-19
13.15584,3.021228604306246e-17,9.211264828559134e-19
13.15834,2.8950363565537977e-17,1.112069137125076e-18
13.16084,3.0068530514330753e-17,1.0612046833206166e-18
13.16335,3.1265691873487556e-17,9.786786565372e-19
13.16585,3.154068463808472e-17,9.71088624354146e-19
13.16835,3.0538825430572104e-17,9.6901642405804e-19
13.17086,3.151816207627045e-17,9.954047659227657e-19
13.17336,3.4303266655992554e-17,9.249547299723605e-19
13.17586,3.4249209799837635e-17,1.0149016104592885e-18
13.17837,3.1476635290533217e-17,1.0124517668486756e-18
13.18087,3.0981282042598556e-17,1.1167191195665898e-18
13.18337,3.0454175984271625e-17,1.3161625162474185e-18
13.18588,3.079057231328361e-17,1.342535686790984e-18
13.18838,3.021461785891002e-17,1.0058035606953129e-18
13.19088,3.03177106107379e-17,9.94593484251809e-19
13.19339,2.877148959308104e-17,1.0451268337651592e-18
13.19589,3.0751201923114827e-17,1.0758635496004544e-18
13.19839,2.9000714866387236e-17,9.921756283944877e-19
13.2009,2.9962669544498356e-17,1.069826646182931e-18
13.2034,3.178348155877446e-17,1.1533843136277653e-18
13.2059,3.306022683155336e-17,1.1653743806532813e-18
13.20841,3.1257837369306495e-17,1.1400689620339825e-18
13.21091,2.979176630337986e-17,1.0712486693042108e-18
13.21341,2.9292004935295207e-17,1.0632801250717925e-18
13.21591,2.8259247677506136e-17,1.023881922030834e-18
13.21842,2.94914823508241e-17,1.238117149516028e-18
13.22092,2.9486226713534244e-17,1.0607215434847057e-18
13.22342,3.0755200610877505e-17,1.133404138485372e-18
13.22593,3.469973249422467e-17,1.2530873664900313e-18
13.22843,3.156698006740296e-17,1.0031736720131565e-18
13.23093,3.0319858682814146e-17,1.02652481348501e-18
13.23344,3.1649076236021816e-17,1.1729600525136422e-18
13.23594,2.995024649611848e-17,1.0696000501135321e-18
13.23844,2.9796152035537325e-17,1.0300433149378986e-18
13.24095,3.0506404890038616e-17,1.0526008748877033e-18
13.24345,2.963025089019208e-17,1.0850552425485668e-18
13.24595,3.179093925163694e-17,1.1390958345261898e-18
13.24846,3.0890262783846504e-17,1.0280158540544067e-18
13.25096,3.048096895440222e-17,1.0792330634992808e-18
13.25346,2.989942663705888e-17,1.0949911569754734e-18
13.25597,2.8767002138184867e-17,1.040590308167438e-18
13.25847,2.9400321180311145e-17,1.2389101925163793e-18
13.26097,3.066805064508127e-17,1.2153492353713141e-18
13.26348,2.9038057434159436e-17,1.0723809871832865e-18
13.26598,2.8802239626444136e-17,1.0427595914855996e-18
13.26848,2.804725048581354e-17,1.1206072099237517e-18
13.27099,2.886051118961368e-17,1.2003052030013604e-18
13.27349,3.1065503237762836e-17,1.1877500591215389e-18
13.27599,3.1313665343497306e-17,1.0760779188222065e-18
13.2785,3.5719813365119517e-17,1.1240128736769466e-18
13.281,3.641928715011233e-17,1.0697728079050065e-18
13.2835,3.1076417842502724e-17,1.0493490320827456e-18
13.28601,2.9767883327359857e-17,1.1040396048858669e-18
13.28851,3.310132974369954e-17,1.1267794382682446e-18
13.29101,3.098997170264674e-17,1.0834200846602667e-18
13.29352,2.9166629637901737e-17,1.1015585080385473e-18
13.29602,2.9492784494962765e-17,1.1741416404762317e-18
13.29852,2.9203964335066684e-17,1.2096441570622393e-18
13.30103,2.974347629489036e-17,1.1624639236418382e-18
13.30353,2.979510225847946e-17,1.1859599038862644e-18
13.30603,3.054425387044956e-17,1.1612201072301464e-18
13.30854,2.954813634535199e-17,1.206328891001881e-18
13.31104,2.869168078474363e-17,1.1389620704061585e-18
13.31354,3.032047079431424e-17,1.2471114046939853e-18
13.31605,3.0046512408335295e-17,1.2627706879902074e-18
13.31855,2.9639324195740306e-17,1.386938286249668e-18
13.32105,2.9375848255408825e-17,1.2590302412234173e-18
13.32355,2.879052393323247e-17,1.0417677209854573e-18
13.32606,3.1189371750244714e-17,1.1019092177757976e-18
13.32856,3.341513561291914e-17,1.1224164161673217e-18
13.33106,3.5301004696631323e-17,1.1085402742598925e-18
13.33357,3.200675964789095e-17,1.039505948326174e-18
13.33607,2.9716822059788964e-17,1.2460974624183392e-18
13.33857,2.9734055826417853e-17,2.0540115147832466e-18
13.34108,2.955253906078544e-17,1.6582173433499471e-18
13.34125,3.0250535013910336e-17,1.0333529188227984e-18
13.34358,2.878258119912489e-17,1.0616866057081126e-18
13.34375,2.7137414762786308e-17,1.0478989761423511e-18
13.34608,2.8197646121423665e-17,1.1212411400675056e-18
13.34626,2.809903171701824e-17,1.0802175342510441e-18
13.34859,2.7290206377783996e-17,1.1680634686976473e-18
13.34876,2.917959264352945e-17,9.61480783996856e-19
13.35109,2.9129293029476946e-17,1.153236411582423e-18
13.35126,2.8177606466755036e-17,1.027905902508093e-18
13.35359,2.8981797158815016e-17,1.1946358207864736e-18
13.35376,2.820159329063898e-17,1.0160461454370253e-18
13.3561,2.9107260041731864e-17,1.3923792249275117e-18
13.35627,3.005310545921493e-17,1.171899161703735e-18
13.3586,2.89342377822706e-17,1.2663707406545521e-18
13.35877,2.9279352828067705e-17,9.708575036239693e-19
13.3611,2.9267528795511444e-17,1.2476385723213013e-18
13.36127,2.917395894979298e-17,1.0156601092425717e-18
13.36361,2.840015317523362e-17,1.1663415902172131e-18
13.36378,2.9519545897635357e-17,1.0391457950834066e-18
13.36611,2.9239703342792465e-17,1.3394461069683309e-18
13.36628,3.107311824442904e-17,1.0279629714214614e-18
13.36861,2.966139570955825e-17,1.1866202451332001e-18
13.36878,3.131329708671593e-17,1.066721947413909e-18
13.37112,3.1420059829731057e-17,1.2084988792459517e-18
13.37128,3.2383083379406756e-17,9.836676650140517e-19
13.37362,3.054677327976195e-17,1.1634767913831992e-18
13.37379,2.893680433978137e-17,9.501975460119037e-19
13.37612,2.956329652657059e-17,1.184398137537985e-18
13.37629,2.9335024983312025e-17,1.0192423852869371e-18
13.37863,3.0562432873463914e-17,1.3185661545449492e-18
13.37879,3.295123459609119e-17,9.661721417836577e-19
13.38113,3.057512586246859e-17,1.2604927875226769e-18
13.3813,3.367023259069251e-17,1.0431518887999948e-18
13.38363,3.301159663038848e-17,1.0657049869362353e-18
13.3838,3.0063271876871016e-17,1.0308823313881651e-18
13.38614,3.116107725978342e-17,1.1671785571137849e-18
13.3863,3.0834828527179686e-17,1.057438881376372e-18
13.38864,3.0243205932325407e-17,1.0541194304860352e-18
13.3888,2.9138863218647076e-17,1.0341677549003076e-18
13.39114,3.0375133341541796e-17,3.2684531772691404e-18
13.39131,2.899499356564569e-17,1.1008662679722472e-18
13.39365,2.9435267800967604e-17,1.3636977396651545e-18
13.39381,2.8328240315858026e-17,1.0959879471529573e-18
13.39615,3.016453480043867e-17,1.2061448045035669e-18
13.39631,2.873941425464155e-17,1.1295287937207416e-18
13.39865,2.9042793349077803e-17,1.1522541930478137e-18
13.39881,2.9898685410070186e-17,1.0605591658033718e-18
13.40116,2.8539404137632746e-17,1.1611765842590702e-18
13.40132,2.9808431462231295e-17,1.081405509163125e-18
13.40366,2.7540663986153947e-17,1.1067613229383426e-18
13.40382,2.8311137998278114e-17,1.08529749521776e-18
13.40616,2.803534190210268e-17,1.3127546697852077e-18
13.40632,3.055204642131055e-17,1.0658508762197191e-18
13.40867,2.8772672326480266e-17,1.2333186042496146e-18
13.40883,3.069364955687533e-17,1.0397919325521984e-18
13.41117,2.892151190002266e-17,1.1586714322125157e-18
13.41133,3.001237932016468e-17,1.0536638989996853e-18
13.41367,2.9850598042316503e-17,1.1843144164079597e-18
13.41383,3.041697903831004e-17,1.1868671173988108e-18
13.41618,2.9147768902733046e-17,1.2237496198378997e-18
13.41633,2.9537158123934663e-17,1.11231409477315e-18
13.41868,2.9582706948716066e-17,1.2823291137647313e-18
13.41884,2.7728428691501538e-17,1.0697861764024117e-18
13.42118,2.827881692042128e-17,1.1868160553593494e-18
13.42134,2.882629352985755e-17,1.0892439332138373e-18
13.42369,2.837762468998445e-17,1.2337476812571237e-18
13.42384,2.984470732516757e-17,1.008690909900831e-18
13.42619,2.820001223179194e-17,1.2716901449003881e-18
13.42635,2.850502652016428e-17,1.0083008726309856e-18
13.42869,2.7444227990128675e-17,1.119631373946746e-18
13.42885,2.991767771096753e-17,9.728358164094314e-19
13.43119,2.684241396470642e-17,1.085679391122192e-18
13.43135,3.145688860000853e-17,1.028745796828592e-18
13.4337,3.0167982878645936e-17,1.0334047692315104e-18
13.43385,3.2561340419767314e-17,9.662877203572477e-19
13.4362,3.214487431404931e-17,1.185316448816955e-18
13.43636,3.1270599252632036e-17,1.0208165040813331e-18
13.4387,3.149864034539506e-17,1.1087643406378186e-18
13.43886,2.9756567689232056e-17,9.855092718923226e-19
13.44121,2.969247915005184e-17,1.144891802085401e-18
13.44136,3.001854043374642e-17,9.674128679223302e-19
13.44371,2.920681804449718e-17,1.090568052384099e-18
13.44387,2.979312375798969e-17,9.466028580775492e-19
13.44621,2.9622691107548617e-17,1.1560384487633166e-18
13.44637,2.861296654532924e-17,9.089325939012177e-19
13.44872,2.8802847180835204e-17,1.236275006753329e-18
13.44887,2.790010063213003e-17,9.83895983745784e-19
13.45122,2.783163412029581e-17,1.5849171909358108e-18
13.45137,3.0800156004987955e-17,1.0960375680740034e-18
13.45372,2.863884000066106e-17,1.266625458933544e-18
13.45388,3.282424090155881e-17,1.0748989523454811e-18
13.45623,3.2026872525282187e-17,1.4074606711453329e-18
13.45638,3.1888103170252594e-17,9.686373900175237e-19
13.45873,3.1129468135038905e-17,1.327387272022873e-18
13.45888,2.9461909587168735e-17,1.0165761850173585e-18
13.46123,3.016810157226341e-17,1.0785428412187893e-18
13.46138,2.9914210045962077e-17,1.0426698869258256e-18
13.46374,2.909989232108601e-17,1.1362092834209786e-18
13.46389,2.9570975548843044e-17,9.906497104036951e-19
13.46624,2.8816327545085627e-17,1.1297115560864823e-18
13.46639,2.9511177848626256e-17,9.985069330089129e-19
13.46874,2.7528245360108467e-17,1.064883338429583e-18
13.46889,2.7623200219119903e-17,9.778084168270785e-19
13.47125,2.708213093280195e-17,1.2586300094870165e-18
13.4714,2.894123375078715e-17,1.0183935527915638e-18
13.47375,2.7708318690998867e-17,1.1084735271346041e-18
13.4739,2.8173586051751925e-17,9.807025927668932e-19
13.4764,2.99838733984433e-17,1.046981287905306e-18
13.4789,2.9295555985363114e-17,9.937218543348265e-19
13.48141,2.8701822533175836e-17,9.93302823013574e-19
13.48391,3.1310995005293506e-17,1.033777791469481e-18
13.48641,3.2859815669132967e-17,1.0200686784227045e-18
13.48892,3.046633848063752e-17,1.0487219445785356e-18
13.49142,3.0538918364643065e-17,9.750769885720717e-19
13.49392,2.9675417532831104e-17,8.904753799389677e-19
13.49642,3.10996910475008e-17,9.92277773669689e-19
13.49893,2.9227707970689885e-17,9.75278147333787e-19
13.50143,2.934146609727268e-17,8.955782402664626e-19
13.50393,2.8875829886247385e-17,8.451599498114958e-19
13.50644,2.924620425892649e-17,8.976053436295521e-19
13.50894,2.8507506347500927e-17,9.816343335815968e-19
13.51144,2.9266365548149356e-17,9.960838902068557e-19
13.51394,2.949566896267402e-17,2.487731250866602e-18
13.51645,2.9643415295417927e-17,1.2173104129173594e-18
13.51895,2.9442648455862415e-17,1.2643790665641816e-18
13.52145,2.8981792914051533e-17,9.53899854056887e-19
13.52395,2.944369904859551e-17,9.38021712564756e-19
13.52646,2.911725550531716e-17,9.667631743056177e-19
13.52896,2.911430809566866e-17,9.486093877716237e-19
13.53146,2.793638188532202e-17,1.0004601215517014e-18
13.53397,2.7533013812835508e-17,9.602158880238405e-19
13.53647,3.011866257885268e-17,1.0604455281181172e-18
13.53897,3.360490357013348e-17,9.862374196096326e-19
13.54147,3.2842228856737663e-17,1.0499477588308625e-18
13.54398,3.022839965522075e-17,1.1998253078200889e-18
13.54648,3.016522476409767e-17,1.1775123285667901e-18
13.54898,2.8601943370854726e-17,1.1541871721733517e-18
13.55149,2.9105864235265517e-17,1.2845432001798309e-18
13.55399,2.899627210989059e-17,1.0143650148594529e-18
13.55649,2.980500953184101e-17,1.0799902786382125e-18
13.55899,2.8667037164113586e-17,9.886502455950473e-19
13.5615,2.848497448214487e-17,9.153669740518733e-19
13.564,2.833466433722065e-17,9.77632813722851e-19
13.5665,2.9334270489943866e-17,1.01020154349068e-18
13.56901,2.77388946005999e-17,9.003208979224245e-19
13.57151,2.889396673954859e-17,9.547835111506285e-19
13.57401,2.9756218326541153e-17,8.986955753297961e-19
13.57651,2.879606394655187e-17,9.607577406471025e-19
13.57902,2.904476307285384e-17,9.327396547076964e-19
13.58152,2.9488150316552206e-17,1.2718721332658116e-18
13.58402,3.018801001289376e-17,1.011320283875731e-18
13.58653,3.0524684109063065e-17,1.0188794983162804e-18
13.58903,2.9143846023205104e-17,8.882366511747587e-19
13.59153,3.130503238288635e-17,9.288759104950173e-19
13.59403,3.4356091479080215e-17,9.31861395536587e-19
13.59654,3.243592586711477e-17,9.978695097148249e-19
13.59904,3.089525317477129e-17,9.803760212402405e-19
13.60154,3.03555954381118e-17,9.794489642674006e-19
13.60404,2.9983225000517235e-17,1.009878247711452e-18
13.60655,2.881001466966524e-17,1.0245457278275753e-18
13.60905,2.8146722666563546e-17,1.0869727248778504e-18
13.61155,2.863279064956596e-17,1.0051779767707012e-18
13.61406,3.019952808526904e-17,1.009418188581526e-18
13.61656,2.9934656295159655e-17,9.976760721068124e-19
13.61906,2.9926130715713304e-17,9.747986118228354e-19
13.62156,3.239237102858962e-17,9.564863463754277e-19
13.62407,3.2333941382459895e-17,1.203526205226368e-18
13.62657,3.2538053247877985e-17,1.5629941346630764e-18
13.62907,3.1054137339972276e-17,8.951490529755696e-19
13.63158,3.233720755393432e-17,9.250094563603606e-19
13.63408,3.1293475518854176e-17,8.870329715249346e-19
13.63658,3.134490036395092e-17,9.018872074108485e-19
13.63908,3.129532512077274e-17,9.403646778758521e-19
13.64159,3.091731922087826e-17,9.277652024703576e-19
13.64409,3.141288259069833e-17,8.960519632519805e-19
13.64659,3.3690300021335286e-17,8.887384666374998e-19
13.6491,3.638502621118062e-17,8.688965481789202e-19
13.6516,3.501555512234076e-17,9.9566383283099e-19
13.6541,3.419472930457313e-17,1.45600561672489e-18
13.6566,3.4677298532694696e-17,9.092072198609421e-19
13.65911,3.5545820460748307e-17,8.762350090791387e-19
13.66161,3.623134609966e-17,9.759882725229713e-19
13.66411,3.4602041341007776e-17,9.18055303254188e-19
13.66661,3.476529335250595e-17,9.0542612101184e-19
13.66912,3.7671871944492994e-17,1.0403001121121316e-18
13.67162,3.692378642830578e-17,9.770700662307425e-19
13.67412,3.73949975101402e-17,9.575990909353472e-19
13.67663,4.01294456715185e-17,9.289868865210817e-19
13.67913,3.8341107190672825e-17,8.88310560183717e-19
13.68163,3.5632863424892845e-17,8.584932952658325e-19
13.68413,3.3452491484246066e-17,8.639730330478477e-19
13.68664,3.3949489457570226e-17,8.917621351240022e-19
13.68914,3.408574377792809e-17,9.239627473536164e-19
13.69164,3.4541415155267394e-17,1.0192600049988181e-18
13.69415,3.578033153271811e-17,9.47328954976176e-19
13.69665,3.6227639947780026e-17,9.292209248147905e-19
13.69915,3.75529249592199e-17,1.0313921106307314e-18
13.70165,4.1513802022995176e-17,1.0541791034839457e-18
13.70416,4.4654842085702516e-17,9.912087575130713e-19
13.70666,4.367944588907149e-17,9.158818232979306e-19
13.70916,4.522317493774934e-17,9.963721069020202e-19
13.71167,4.681401736102216e-17,1.0596673353628096e-18
13.71417,4.5210464049759035e-17,1.0705687852731141e-18
13.71667,3.704681954852497e-17,1.0562104369503525e-18
13.71917,3.021704835228291e-17,8.903170212215006e-19
13.72168,2.9118680917957946e-17,9.000827528969134e-19
13.72418,2.9851694225858386e-17,9.404893709038196e-19
13.72668,2.975906793256393e-17,9.505645432699331e-19
13.72919,3.034888346227536e-17,8.824882226344288e-19
13.73169,3.06006698584722e-17,9.423980218285429e-19
13.73419,2.8757886854071005e-17,8.539957525598565e-19
13.73669,2.7881097109573906e-17,1.0535215052335142e-18
13.7392,2.867015232686819e-17,1.135041809866038e-18
13.7417,2.8025609616716175e-17,9.79718292911089e-19
13.7442,2.754864700404134e-17,9.190226601858237e-19
13.7467,2.7518201046795913e-17,8.85851382995634e-19
13.74921,2.7740759990187902e-17,8.793909814641685e-19
13.75171,2.6416441751099617e-17,8.716244256736532e-19
13.75421,2.7411062503721218e-17,9.128615825067178e-19
13.75672,2.7947481181667236e-17,8.647542056656808e-19
13.75922,3.1677361736552253e-17,9.021540116434585e-19
13.76172,2.946979716023888e-17,9.313125362696692e-19
13.76422,2.8800667624571106e-17,9.10691296946972e-19
13.76673,2.8252520996479406e-17,8.917670710877824e-19
13.76923,2.8858460577936684e-17,9.775233374015988e-19
13.77173,2.814651360934528e-17,1.0491129332236126e-18
13.77424,2.983739088554925e-17,1.2124364101315354e-18
13.77674,2.7552435827389677e-17,1.27636633515933e-18
13.77924,2.859645377004198e-17,9.122104433161914e-19
13.78174,2.8132280038559493e-17,9.260388733087625e-19
13.78425,2.9409427703704314e-17,1.5698269786590577e-18
13.78675,2.8208639959461244e-17,1.9995528036984306e-18
13.78925,2.7750926720131786e-17,9.19868043709436e-19
13.79176,2.8262584895455363e-17,8.880803415893998e-19
13.79426,2.8401222695336787e-17,9.954529225308896e-19
13.79676,2.733234995004977e-17,9.002326877592016e-19
13.79926,2.838944803335607e-17,8.400908127248947e-19
13.80177,2.869140472730784e-17,8.750823988185682e-19
13.80427,2.8177701802602503e-17,8.4324712592864045e-19
13.80677,2.6890064937953907e-17,8.694096129025697e-19
13.80927,2.887221707463124e-17,9.259236985339688e-19
13.81178,2.814415655386808e-17,8.518600495658414e-19
13.81428,2.9654709098177407e-17,9.099223015792446e-19
13.81678,3.092489826325723e-17,9.133160257255305e-19
13.81929,3.014943511263205e-17,9.344312653921305e-19
13.82179,2.9692773847248746e-17,1.0030179000351109e-18
13.82429,2.873773257840911e-17,8.86972056309277e-19
13.82679,2.8148581404989704e-17,8.611586857288486e-19
13.8293,2.841805132465428e-17,8.4255784439629815e-19
13.8318,2.772920917953725e-17,8.237097493935182e-19
13.8343,2.7977551157824165e-17,8.508919798638414e-19
13.83681,2.819416139628003e-17,7.992453481534033e-19
13.83931,2.807550379136887e-17,8.598321076614223e-19
13.84181,2.6610060348777267e-17,8.537464619908281e-19
13.84431,2.846461968019185e-17,9.612931940939096e-19
13.84682,2.843715475536078e-17,8.710710209440061e-19
13.84932,2.9364923683276165e-17,8.533354003329134e-19
13.85182,2.870186050374677e-17,9.278431989561148e-19
13.85433,2.8187075544600866e-17,8.979217118406762e-19
13.85683,2.816085685694159e-17,9.601268725596761e-19
13.85933,2.776071966240466e-17,8.730601603745071e-19
13.86183,2.814038739755237e-17,9.440641859502357e-19
13.86434,2.9479630299460726e-17,1.0537529561378125e-18
13.86684,2.921162086441209e-17,1.0006169969526298e-18
13.86934,2.8092315260779795e-17,1.6479576959161133e-18
13.87184,3.017201608360266e-17,1.7107857866939964e-18
13.87435,3.0211286727628967e-17,1.1766283180055653e-18
13.87685,3.1159615941879995e-17,1.1150372497227069e-18
13.87935,3.133870180506457e-17,1.0600037810138252e-18
13.88186,2.9976355159297936e-17,1.054467360221551e-18
13.88436,3.0100730103845843e-17,1.1301571739460856e-18
13.88686,2.956435740496664e-17,9.72143159633636e-19
13.88936,3.3083530442795655e-17,9.639170113154425e-19
13.89187,3.3843417593611664e-17,9.278162992014197e-19
13.89437,2.973558943880991e-17,8.902261977339452e-19
13.89687,2.877280299961665e-17,8.89005587619682e-19
13.89938,2.8431051534266966e-17,8.818495186526509e-19
13.90188,2.773815241984041e-17,9.232992672180854e-19
13.90438,2.852037990922143e-17,9.030605253380217e-19
13.90688,2.9270125966504716e-17,8.241238872738423e-19
13.90939,2.910185557870136e-17,8.315297717990367e-19
13.91189,2.796421753660658e-17,8.986218778052291e-19
13.91439,2.9354260859160635e-17,8.915559788357562e-19
13.9169,2.879537793287182e-17,8.520375979833279e-19
13.9194,2.9147789850262244e-17,8.516844883370818e-19
13.9219,3.044997650237474e-17,9.054688194790397e-19
13.9244,3.07206332378558e-17,9.558407816700348e-19
13.92691,3.059964550595661e-17,9.105361972153662e-19
13.92941,3.294751341102627e-17,8.443435607079896e-19
13.93191,3.236672177547484e-17,9.179797639953434e-19
13.93442,3.1694218910067515e-17,8.243680411307132e-19
13.93692,3.3249800869244676e-17,8.480096492341869e-19
13.93942,3.418183046712516e-17,9.398555845762256e-19
13.94192,3.058505685717542e-17,1.1455013405613274e-18
13.94443,2.964246837557245e-17,9.155729332000405e-19
13.94693,2.967215522067549e-17,9.34253931753445e-19
13.94943,2.9283483067681736e-17,8.560810551380866e-19
13.95193,2.987756029758744e-17,9.125496463153017e-19
13.95444,2.917546855914927e-17,8.601598397240008e-19
13.95694,2.839639392309773e-17,9.056696984179905e-19
13.95944,3.3403184685026007e-17,1.0079517236323516e-18
13.96195,3.2665007584383386e-17,1.1183281052451162e-18
13.96445,3.1066778375847377e-17,9.878427561347838e-19
13.96695,3.0879247542325545e-17,9.701048612365002e-19
13.96945,2.973001966231325e-17,9.209269307139241e-19
13.97196,3.0454928054964745e-17,9.755147034473272e-19
13.97446,3.135937376432394e-17,9.523029433581536e-19
13.97696,3.1975138921564185e-17,9.153289835795877e-19
13.97947,3.322122187766684e-17,9.518892383889897e-19
13.98197,3.2795341387428005e-17,1.0884554301842036e-18
13.98447,3.6203108048358665e-17,9.795548350467925e-19
13.98697,3.6497281961703435e-17,8.98152959865109e-19
13.98948,3.626014647196461e-17,9.015539277980812e-19
13.99198,3.974962579941569e-17,1.3661861224862916e-18
13.99448,4.312767885660604e-17,1.3064213247320844e-18
13.99699,3.6982136728502665e-17,9.089627545366012e-19
13.99949,3.141974878493339e-17,1.05921723656374e-18
14.00199,3.0864706823177595e-17,9.058963794792184e-19
14.00449,3.0604438753304966e-17,8.849010495053123e-19
14.007,3.160613049020576e-17,9.018924741674568e-19
14.0095,3.2313051227553457e-17,8.169208691485559e-19
14.012,3.1897747971291984e-17,8.505200467049344e-19
14.0145,3.262439889783584e-17,8.989926541740122e-19
14.01701,3.2690843288759355e-17,8.211579746822512e-19
14.01951,3.2399212914781776e-17,8.401983820638669e-19
14.02201,3.1803833368188715e-17,8.499045813139628e-19
14.02452,3.32181450038628e-17,8.424922733305685e-19
14.02702,3.3427418157353557e-17,8.965724678788657e-19
14.02952,3.569341138266811e-17,8.907592457084576e-19
14.03202,3.795983436592838e-17,8.974310208713175e-19
14.03453,3.753622809948752e-17,9.208857492653909e-19
14.03703,3.78103660084656e-17,8.737505866354366e-19
14.03953,4.02960026079439e-17,9.19095199520849e-19
14.04204,4.25801748613179e-17,1.0655097479535506e-18
14.04454,4.053518194195202e-17,9.101116846501245e-19
14.04704,3.108162818267983e-17,9.115882702615341e-19
14.04954,2.695596363439829e-17,8.527902503533409e-19
14.05205,2.6964287327938266e-17,8.104960830539685e-19
14.05455,2.5934571747027474e-17,8.453967750239582e-19
14.05705,2.6466540335188625e-17,9.700342500398156e-19
14.05956,2.6630759945415737e-17,8.32928180098226e-19
14.06206,2.712911131188623e-17,8.242439935212926e-19
14.06456,2.775154325109196e-17,8.838199511738729e-19
14.06706,2.651439436928958e-17,8.715917360249897e-19
14.06957,2.7074763163956833e-17,8.826760013827981e-19
14.07207,2.7250168483783806e-17,8.691858385569131e-19
14.07457,2.8378365917626224e-17,8.021228208399535e-19
14.07708,2.7630114135555385e-17,8.563483082322206e-19
14.07958,2.8486708672773645e-17,8.701635070416919e-19
14.08208,2.6153271356485748e-17,8.474051851084586e-19
14.08458,2.6540466922598608e-17,8.348833934212723e-19
14.08709,2.6492689544910778e-17,8.826502276659243e-19
14.08959,2.6754990753657502e-17,8.391544524536646e-19
14.09209,2.5799112403614507e-17,9.005600505589144e-19
14.09459,2.7125221064348202e-17,9.574444965940409e-19
14.0971,2.5500519102344628e-17,8.336773999221363e-19
14.0996,2.603084457304772e-17,8.704697168515338e-19
14.1021,2.61711876667365e-17,8.106670682276402e-19
14.10461,2.6753570819512507e-17,8.287551380084328e-19
14.10711,2.5716336698104008e-17,8.090339024465619e-19
14.10961,2.570552053064252e-17,7.974726479092262e-19
14.11211,2.6040428681199197e-17,7.938703663858622e-19
14.11462,2.5634928102044706e-17,8.049586685914565e-19
14.11712,2.5899292603016545e-17,8.00740004089076e-19
14.11962,2.553656698780759e-17,7.836599684732577e-19
14.12213,2.5851069683226493e-17,7.649513300484471e-19
14.12463,2.7900439215460335e-17,7.424889564205859e-19
14.12713,2.765169455825279e-17,7.825262981255541e-19
14.12963,2.6229499122891457e-17,8.640325981825536e-19
14.13214,2.6551335237404258e-17,7.772457444564485e-19
14.13464,2.6178712326179065e-17,7.70137173377018e-19
14.13714,2.6653343709208173e-17,8.330171566665222e-19
14.13965,2.5136680516329908e-17,7.227819465083146e-19
14.14215,2.5955907478237097e-17,7.662472897239481e-19
14.14465,2.5859553213962072e-17,7.653888074279642e-19
14.14715,2.5818474114674968e-17,8.172670639209982e-19
14.14966,2.613151780141313e-17,7.071732365899821e-19
14.15216,2.644394487464965e-17,8.198492251924462e-19
14.15466,2.6364176442766706e-17,7.661668843997751e-19
14.15716,2.581497269995727e-17,8.032535342607693e-19
14.15967,2.644586896808374e-17,8.140158579537373e-19
14.16217,2.666640674990716e-17,8.38818818367226e-19
14.16467,2.793227452440806e-17,8.631791310967591e-19
14.16718,2.6301346286780758e-17,8.878654337826345e-19
14.16968,2.7028722671181625e-17,7.890784569442227e-19
14.17218,2.813520496258821e-17,8.300902847357853e-19
14.17468,2.6763149492205914e-17,9.625957888586377e-19
14.17719,2.691128907331572e-17,8.069036389907246e-19
14.17969,2.6148918847338038e-17,9.268162015080909e-19
14.18219,2.720725327230283e-17,9.865894650546392e-19
14.1847,2.5725955361146213e-17,9.021608265080612e-19
14.1872,2.5725974173204455e-17,8.332044968955989e-19
14.1897,2.5974453549313048e-17,8.454604428243082e-19
14.1922,2.629627763055442e-17,8.2015774733004595e-19
14.19471,2.6030935375814024e-17,8.040857406846246e-19
14.19721,2.626178162960989e-17,8.201370658205368e-19
14.19971,2.4944877274440682e-17,7.8785573238033475e-19
14.20222,2.5819684158247386e-17,8.74979319667821e-19
14.20472,2.515580796223891e-17,8.320859289191447e-19
14.20722,2.5466364162999473e-17,7.994313869932507e-19
14.20972,2.587741993071675e-17,7.647009667344731e-19
14.21223,2.4533928184835777e-17,8.112608204914196e-19
14.21473,2.525597578836099e-17,8.814892590140075e-19
14.21723,2.5936044945508098e-17,8.283347639672861e-19
14.21973,2.7654339108263314e-17,8.360824819420003e-19
14.22224,2.7943283271780795e-17,8.681961755830571e-19
14.22474,2.726481188446608e-17,8.758720679968634e-19
14.22724,2.495542763259612e-17,8.679675858495447e-19
14.22975,2.533278743972701e-17,8.71141584725848e-19
14.23225,2.5582290142345946e-17,8.355801071286774e-19
14.23475,2.619495728994885e-17,7.971294112902543e-19
14.23725,2.5582326639170385e-17,7.879401947843595e-19
14.23976,2.6194721515991008e-17,8.519062692137642e-19
14.24226,2.5044028775919052e-17,7.953392484850105e-19
14.24476,2.529774956629845e-17,9.327400780664677e-19
14.24727,2.5026540506547633e-17,1.0908257581937366e-18
14.24977,2.440331782263747e-17,8.778329758138549e-19
14.25227,2.3930443146909282e-17,8.235774601911489e-19
14.25477,2.540639643113258e-17,9.304034599424264e-19
14.25728,2.4816997614251868e-17,7.831057812643463e-19
14.25978,2.5448463646204208e-17,8.237751851140305e-19
14.26228,2.5001674949301438e-17,8.788852684933653e-19
14.26479,2.5505235566866897e-17,8.791695813190361e-19
14.26729,2.5601222876796057e-17,8.664818705584514e-19
14.26979,2.5631661463434906e-17,8.490453495768563e-19
14.27229,2.5570767631657313e-17,8.210409859652364e-19
14.2748,2.5995800147137185e-17,8.39274860482833e-19
14.2773,2.4878106981745193e-17,7.866827040411799e-19
14.2798,2.6772468667740288e-17,7.782536541436229e-19
14.28231,2.717298911874639e-17,7.460032475618158e-19
14.28481,2.7150477355813133e-17,7.624686733117751e-19
14.28731,2.5200185774817088e-17,7.860542688402943e-19
14.28981,2.5509775123368408e-17,8.105555388469504e-19
14.29232,2.488322450126132e-17,8.0543434940747e-19
14.29482,2.607813674767537e-17,8.026743916753508e-19
14.29732,3.2072402173925135e-17,8.5672169661613925e-19
14.29982,3.254785728664196e-17,9.025811560549874e-19
14.30233,2.794343645339944e-17,8.409713933149034e-19
14.30483,2.6984912847442258e-17,8.927162546321177e-19
14.30733,2.5527683934308953e-17,9.54363884961459e-19
14.30984,2.439507094972237e-17,1.1328806205091968e-18
14.31234,2.551251959390271e-17,1.0879421893189978e-18
14.31484,2.582085866295348e-17,1.0242280995261834e-18
14.31734,2.6925472639421282e-17,9.515029567575468e-19
14.31985,2.545492830433949e-17,8.654102663493445e-19
14.32235,2.4556153450505248e-17,8.608946538474379e-19
14.32485,2.458103507161874e-17,7.932169524687663e-19
14.32736,2.5733409768801777e-17,7.440143607245912e-19
14.32986,2.4868616755571485e-17,9.574497713192313e-19
14.33236,2.4309877059722598e-17,8.20818229572186e-19
14.33486,2.403132912086311e-17,7.340727398328272e-19
14.33737,2.496656091349732e-17,7.967292176053157e-19
14.33987,2.371634014911924e-17,7.6838076554325185e-19
14.34237,2.5964571904615358e-17,7.49610669974807e-19
14.34488,2.6926012654876985e-17,7.934757886821454e-19
14.34738,2.5765239490947027e-17,8.405752727615526e-19
14.34988,2.5004180225424318e-17,7.861485678972914e-19
14.35238,2.4282821976032893e-17,8.442101954250004e-19
14.35489,2.526871474264871e-17,7.920912599260445e-19
14.35739,2.4823043989057474e-17,8.068613922995636e-19
14.35989,2.523290581445226e-17,7.885973586253525e-19
14.36239,2.4279522100368242e-17,8.854816864322217e-19
14.3649,2.5134794986295977e-17,8.93954052967911e-19
14.3674,2.4265479633771067e-17,1.026906307555375e-18
14.3699,2.5089027794969333e-17,8.114212716394185e-19
14.37241,2.3653409132059276e-17,8.14919442488105e-19
14.37491,2.4526720641263958e-17,7.880450592537677e-19
14.37741,2.4046365124691464e-17,8.4027113902275525e-19
14.37991,2.4319659882626738e-17,8.376417461544879e-19
14.38242,2.3713833172088634e-17,8.539339414527077e-19
14.38492,2.458492415944869e-17,8.108901648161814e-19
14.38742,2.490022784136313e-17,7.979767722197811e-19
14.38993,2.405479283744411e-17,7.402188362251414e-19
14.39243,2.434496868202154e-17,7.272094590133988e-19
14.39493,2.4694047523762908e-17,7.159744968596148e-19
14.39743,2.5220707380075034e-17,7.331399747169539e-19
14.39994,2.3572881171236518e-17,7.723407281036759e-19
14.40244,2.4971406213664088e-17,7.163072730128995e-19
14.40494,2.7673804958461966e-17,7.477279770712601e-19
14.40745,2.6508150865327798e-17,8.269870401401815e-19
14.40995,2.5369464918385268e-17,7.526518157305263e-19
14.41245,2.5403197524054786e-17,7.681612214068509e-19
14.41495,2.5822428258448986e-17,8.320970139898156e-19
14.41746,2.5681007090393468e-17,8.256261641495728e-19
14.41996,2.4734507725671937e-17,9.29233557637527e-19
14.42246,2.4558458068660616e-17,8.013015754749897e-19
14.42497,2.490661140488387e-17,8.66354296928359e-19
14.42747,2.601752124752883e-17,8.155860515367634e-19
14.42997,2.4525052532340346e-17,8.287820308965104e-19
14.43247,2.4631722654189036e-17,8.585508228373961e-19
14.43498,2.5456614450007497e-17,8.87491299066566e-19
14.43748,2.422868698481049e-17,8.996644175821025e-19
14.43998,2.3860456622456586e-17,9.808695343161608e-19
14.44248,2.474769560535682e-17,8.239507960120365e-19
14.44499,2.4763880881149852e-17,8.284947111070049e-19
14.44749,2.4848423766944516e-17,8.663700682827362e-19
14.44999,2.3992473776268185e-17,7.819610574921043e-19
14.4525,2.4578804383755228e-17,7.523322764135242e-19
14.455,2.442435673826867e-17,7.666290175848416e-19
14.4575,2.401073508790354e-17,7.324114278693168e-19
14.46,2.4187628058001797e-17,7.557211017519938e-19
14.46251,2.530075469198008e-17,7.977718602542125e-19
14.46501,2.6137201337347834e-17,7.994262236663554e-19
14.46751,2.675099106752649e-17,8.52003043319843e-19
14.47002,2.4497886135512514e-17,7.835922074142563e-19
14.47252,2.4075528286340626e-17,8.110156497957047e-19
14.47502,2.3296211529705187e-17,8.010611826108864e-19
14.47752,2.3634273280464272e-17,7.412010182031499e-19
14.48003,2.4395888266653118e-17,7.200160327641209e-19
14.48253,2.4551494417162808e-17,7.679207343984038e-19
14.48503,2.4117638520399058e-17,8.227326975756754e-19
14.48754,2.3803772492521098e-17,7.425761837779884e-19
14.49004,2.4870833565848497e-17,7.762616382835473e-19
14.49254,2.4172511468361226e-17,7.868513416918803e-19
14.49504,2.446140456361827e-17,8.331821324797745e-19
14.49755,2.3457368548100896e-17,8.546643074323229e-19
14.50005,2.3358643974681153e-17,8.620198056133583e-19
14.50255,2.4827918589861236e-17,8.644610976217144e-19
14.50505,2.3919965482581147e-17,8.733584055576352e-19
14.50756,2.3861551875853272e-17,7.558293798507113e-19
14.51006,2.4537679569823852e-17,8.777308514601507e-19
14.51256,2.5353373366923593e-17,8.725317559912174e-19
14.51507,2.432301823103773e-17,8.39734713940712e-19
14.51757,2.4225818979599177e-17,8.540579021463653e-19
14.52007,2.437438961715646e-17,8.286596398039277e-19
14.52257,2.3693972871522088e-17,8.350353688748062e-19
14.52508,2.4299622772466337e-17,9.017169042846384e-19
14.52758,2.6564813441614507e-17,9.414592091913693e-19
14.53008,2.6050007201599364e-17,9.38735922399045e-19
14.53259,2.4446292145865478e-17,9.84316506930126e-19
14.53509,2.377764690060848e-17,7.71372291417368e-19
14.53759,2.309064576369952e-17,7.751109603311849e-19
14.54009,2.3956461448642838e-17,7.701848811299489e-19
14.5426,2.462883223294673e-17,8.175700538904309e-19
14.5451,2.2520951506956724e-17,7.821122290259315e-19
14.5476,2.258311230365483e-17,9.12654414994681e-19
14.55011,2.3710748068723666e-17,8.651818531696951e-19
14.55261,2.365837866045042e-17,1.1783329342105873e-18
14.55511,2.395950785590755e-17,9.556574365969425e-19
14.55761,2.4540518348438226e-17,8.473907388178906e-19
14.56012,2.5127364218813165e-17,8.72751785198094e-19
14.56262,2.4889424228729828e-17,8.799686625685593e-19
14.56512,2.3960637792681778e-17,9.905845120595884e-19
14.56762,2.414902945909064e-17,8.149796193552401e-19
14.57013,2.3763028160725578e-17,8.279271566210773e-19
14.57263,2.4161064561643125e-17,8.0858526052201025e-19
14.57513,2.4288743204305368e-17,8.875882940461428e-19
14.57764,2.3327579165264478e-17,8.930306909107932e-19
14.58014,2.3238318261666655e-17,9.777867424356898e-19
14.58264,2.3336854089392385e-17,8.991054913052253e-19
14.58514,2.31257706484386e-17,9.462487516021437e-19
14.58765,2.3632844210046767e-17,8.689021278320255e-19
14.59015,2.5011913344617057e-17,8.545321558396483e-19
14.59265,2.6456299970730832e-17,9.238761003520873e-19
14.59516,2.5180563189534465e-17,9.205537423514685e-19
14.59766,2.4713945085735745e-17,8.162593266038689e-19
14.60016,2.3590394673334648e-17,8.251110328879163e-19
14.60266,2.389923864284172e-17,8.171980266355431e-19
14.60517,2.4537654474147546e-17,8.459936898325285e-19
14.60767,2.400470214166872e-17,8.537295455347799e-19
14.61017,2.423296175650372e-17,8.518309638542894e-19
14.61268,2.51428241203558e-17,9.140616095635186e-19
14.61518,2.4790533153469646e-17,8.505670487078791e-19
14.61768,2.4660130069492724e-17,8.598676533168718e-19
14.62018,2.4483813554647194e-17,8.784601532558392e-19
14.62269,2.4380658671381768e-17,8.2259274236997895e-19
14.62519,2.409812153374919e-17,8.577035116364992e-19
14.62769,2.2868825348463218e-17,8.460458725869202e-19
14.6302,2.3178255791464018e-17,8.009835030744615e-19
14.6327,2.3917449738344285e-17,8.092304712746596e-19
14.6352,2.321998516743957e-17,8.267923903101866e-19
14.6377,2.3502812859425266e-17,8.311873762032739e-19
14.64021,2.2339769996892385e-17,8.579442879739222e-19
14.64271,2.2385109252398268e-17,8.22680715204058e-19
14.64521,2.3842004317461545e-17,8.33355226029009e-19
14.64771,2.445046527621273e-17,7.7863534317904745e-19
14.65022,2.2720338525579818e-17,7.713550402893369e-19
14.65272,2.5048306305103193e-17,8.315405132641192e-19
14.65522,2.679418749262158e-17,8.3759011266107075e-19
14.65773,2.5168701242236602e-17,8.483873406716132e-19
14.66023,2.3308908041886228e-17,8.419867131134543e-19
14.66273,2.5739269405275106e-17,8.627166547123905e-19
14.66523,2.4615276776867506e-17,8.701371119404159e-19
14.66774,2.3308634638245117e-17,9.343064887564466e-19
14.67024,2.526093043021154e-17,9.000594047990126e-19
14.67274,2.3498817223889448e-17,8.351541614819867e-19
14.67525,2.389593324369134e-17,7.918497854652397e-19
14.67775,2.2581272159875367e-17,8.477765661516482e-19
14.68025,2.374594038700991e-17,7.756645680811572e-19
14.68275,2.2897580751650578e-17,8.173588005297588e-19
14.68526,2.3770860336086437e-17,8.439817254769257e-19
14.68776,2.2869642973651318e-17,8.12654150193068e-19
14.69026,2.2835171480475838e-17,7.948747430575199e-19
14.69277,2.3413443115972393e-17,9.024274652972713e-19
14.69527,2.251959239573369e-17,8.428733009653614e-19
14.69777,2.267911786725348e-17,7.791766718638768e-19
14.70027,2.3806046368931368e-17,8.006567487413099e-19
14.70278,2.4444434261331666e-17,8.02590537206888e-19
14.70528,2.337746966953858e-17,8.256581579468423e-19
14.70778,2.3156858704093677e-17,8.40746399125425e-19
14.71028,2.4379353343495702e-17,8.525948933467663e-19
14.71279,2.3980927629619914e-17,8.640955831047405e-19
14.71529,2.270998825093137e-17,7.9658764503421925e-19
14.71779,2.446173100356713e-17,8.048967763837667e-19
14.7203,2.51963291622647e-17,8.317880673280719e-19
14.7228,2.4079404995213057e-17,8.767988660755967e-19
14.7253,2.3784398937788078e-17,8.024841046899378e-19
14.7278,2.4056310677448057e-17,8.408190538254378e-19
14.73031,2.4398668372704804e-17,8.931451915454995e-19
14.73281,2.3569799541284258e-17,8.168300907729876e-19
14.73531,2.356199056540143e-17,7.822194304987554e-19
14.73782,2.33026204931509e-17,8.055147449408278e-19
14.74032,2.3697600213648114e-17,7.89691747480268e-19
14.74282,2.3742551881801545e-17,8.373046138272753e-19
14.74532,2.3328483783913697e-17,8.679159941452977e-19
14.74783,2.3513370549573356e-17,8.320012129268497e-19
14.75033,2.3776738105091024e-17,8.682383990459209e-19
14.75283,2.3875847970568017e-17,8.823990655183898e-19
14.75534,2.3874216853896565e-17,9.052372727033401e-19
14.75784,2.2945490326452722e-17,7.8107188737144065e-19
14.76034,2.330618496661332e-17,8.484951732558776e-19
14.76284,2.2170980667924224e-17,8.268449767018243e-19
14.76535,2.3632265730811e-17,8.042708844808322e-19
14.76785,2.2497175723665905e-17,8.3863326399776645e-19
14.77035,2.211085717347348e-17,8.311776303800217e-19
14.77286,2.3995423831680738e-17,8.086548831199869e-19
14.77536,2.2492808353931246e-17,7.772310455021673e-19
14.77786,2.3008959536803768e-17,8.607376684695489e-19
14.78036,2.4023574830835106e-17,8.249464907976402e-19
14.78287,2.5693406941794758e-17,7.916891285917767e-19
14.78537,2.339940992972415e-17,8.1095231055628085e-19
14.78787,2.3392190685474764e-17,7.626141588361056e-19
14.79037,2.425361098493213e-17,8.331576287822772e-19
14.79288,2.2062001313565498e-17,7.941149467184707e-19
14.79538,2.3050772170849762e-17,9.183436089998617e-19
14.79788,2.4964120296334758e-17,8.68343318539527e-19
14.80039,2.3344844411824345e-17,7.632645894402277e-19
14.80289,2.2184486436027906e-17,8.13006299984549e-19
14.80539,2.3333331122963137e-17,8.487890479152141e-19
14.80789,2.2110182896567506e-17,8.869737455360589e-19
14.8104,2.219488175792458e-17,8.882813691772961e-19
14.8129,2.3756407751076658e-17,7.683229309115523e-19
14.8154,2.5039046574703908e-17,9.201428270034462e-19
14.81791,2.373652108373403e-17,9.98246019174173e-19
14.82041,2.2855758215848207e-17,7.92115666047699e-19
14.82291,2.3197231083327985e-17,7.74353122465221e-19
14.82541,2.335748268394835e-17,7.75236729198819e-19
14.82792,2.3331928354328758e-17,8.115652794373908e-19
14.83042,2.3201952948699066e-17,8.077947718888602e-19
14.83292,2.294685410466551e-17,8.701963686481573e-19
14.83543,2.2637626582342676e-17,8.613105849266658e-19
14.83793,2.158365084818985e-17,8.852390210344945e-19
14.84043,2.4715176928118137e-17,8.314044843464416e-19
14.84293,2.375909121886237e-17,8.520484793697542e-19
14.84544,2.3221878461215577e-17,8.360133090565717e-19
14.84794,2.452193687010432e-17,8.647617303027945e-19
14.85044,2.4076980140212097e-17,7.957940161768855e-19
14.85294,2.4167940146541034e-17,7.974965417133855e-19
14.85545,2.2113084774113525e-17,8.440036328060952e-19
14.85795,2.1390615654239818e-17,9.526534521747157e-19
14.86045,2.316133636308205e-17,9.64578392340812e-19
14.86296,2.3170146340022447e-17,9.232026082131242e-19
14.86546,2.2901662845316887e-17,8.70021014940024e-19
14.86796,2.2460202376996968e-17,8.767458054221079e-19
14.87046,2.2672011613086345e-17,8.166178692072408e-19
14.87297,2.1288932449720485e-17,7.745991177830615e-19
14.87547,2.2020179770004417e-17,8.013307157374429e-19
14.87797,2.176628087149225e-17,8.545329511880205e-19
14.88048,2.279743281190251e-17,8.16432508088621e-19
14.88298,2.312272505088615e-17,8.323593496531184e-19
14.88548,2.3995309993913693e-17,8.290945019626596e-19
14.88798,2.3444428523427456e-17,8.124984696685327e-19
14.89049,2.251639272266233e-17,9.101904132342088e-19
14.89299,2.3007795424196162e-17,9.371659332642477e-19
14.89549,2.3686148172089914e-17,8.4318007393376e-19
14.898,2.3096076986839198e-17,9.24407563651836e-19
14.9005,2.2386004821230687e-17,9.908918392631261e-19
14.903,2.34593543581268e-17,8.583513519301867e-19
14.9055,2.31726032929261e-17,8.400939268510318e-19
14.90801,2.2116209051890404e-17,8.412513816422175e-19
14.91051,2.276360849458901e-17,8.339294588038286e-19
14.91301,2.5279401638565257e-17,8.544244134482213e-19
14.91551,2.5801376389182048e-17,8.535337270988321e-19
14.91802,2.4435009115713378e-17,8.33454345833713e-19
14.92052,2.432681829668822e-17,8.297200895901968e-19
14.92302,2.3506825553221645e-17,7.956200019371548e-19
14.92553,2.262458581926741e-17,8.292730427509989e-19
14.92803,2.3508874179371772e-17,8.100502148923275e-19
14.93053,2.3467097460548177e-17,8.689940595236229e-19
14.93303,2.1775567529996198e-17,8.523797088023912e-19
14.93554,2.1952647870447114e-17,7.440552416644596e-19
14.93804,2.181531217393089e-17,7.842589354833542e-19
14.94054,2.1714570853843032e-17,8.62311305689921e-19
14.94305,2.3183161291423058e-17,9.196626888079118e-19
14.94555,2.3199675255039193e-17,8.167362553551934e-19
14.94805,2.2827961155971274e-17,8.035213436189705e-19
14.95055,2.2434281077825106e-17,8.47234373769756e-19
14.95306,2.2020255137105244e-17,8.908837737248887e-19
14.95556,2.2665070710631218e-17,1.0977605361124409e-18
14.95806,2.21264634019485e-17,8.372939618242103e-19
14.96057,2.317829843887774e-17,7.744391570601955e-19
14.96307,2.1530133222342357e-17,8.778393615576652e-19
14.96557,2.2293266709605362e-17,8.975628165263816e-19
14.96807,2.2904778222874816e-17,8.792660907532597e-19
14.97058,2.3870455686248012e-17,8.282532328541394e-19
14.97308,2.3378925719441688e-17,8.23320033834744e-19
14.97558,2.4492971477032378e-17,8.147643609363299e-19
14.97809,2.4217060620596225e-17,8.1132741876901825e-19
14.98059,2.3834578894678756e-17,7.944134739839892e-19
14.98309,2.3689716914951366e-17,8.846545381625507e-19
14.98559,2.3474533174369257e-17,8.028289660979231e-19
14.9881,2.261170246798837e-17,8.764858971551807e-19
14.9906,2.1969157321096596e-17,8.324595582051119e-19
14.9931,2.2605965214241764e-17,8.556448071363202e-19
14.9956,2.3265363516007906e-17,9.428172626172878e-19
14.99811,2.2152878307619444e-17,9.527841701510156e-19
15.00061,2.2493299689578784e-17,8.744699954786153e-19
15.00311,2.2411770305356398e-17,8.625221129764863e-19
15.00562,2.188127795138966e-17,8.248530558301613e-19
15.00812,2.2885985807294088e-17,1.0883155381008652e-18
15.01062,2.2772093314752242e-17,9.534829236210371e-19
15.01312,2.0708531137046764e-17,9.639608329183769e-19
15.01563,2.2611863216800436e-17,8.98365066012807e-19
15.01813,2.259719333602135e-17,7.935031018319424e-19
15.02063,2.2102015721920097e-17,8.049835297668249e-19
15.02314,2.1415654365244004e-17,8.527262649718756e-19
15.02564,2.3457499893625518e-17,8.896349313354675e-19
15.02814,2.250894150610237e-17,9.158854924653613e-19
15.03064,2.202416752007094e-17,9.221639991498385e-19
15.03315,2.1387846157623926e-17,1.0370183190541684e-18
15.03565,2.1653999794018217e-17,9.235292736572594e-19
15.03815,2.0854675432708247e-17,8.578766568962217e-19
15.04066,2.2044668187662772e-17,9.673779557926837e-19
15.04316,2.1518092318310808e-17,8.568617150828466e-19
15.04566,2.31073940842847e-17,8.529289340819429e-19
15.04816,2.2593029434672148e-17,9.97637622826918e-19
15.05067,2.1440974379054286e-17,1.1264255189846043e-18
15.05317,2.2020405662607633e-17,9.964920215413237e-19
15.05567,2.2091272644573417e-17,1.000151371377228e-18
15.05817,2.2321193113901038e-17,1.0651345020548177e-18
15.06068,2.2364094648961008e-17,9.513877912420924e-19
15.06318,2.1863954105183026e-17,9.285611235010602e-19
15.06568,2.223235158420364e-17,9.016526190869238e-19
15.06819,2.2730403493798297e-17,9.061930168264491e-19
15.07069,2.1647852511216585e-17,8.948850964925794e-19
15.07319,2.158685209683645e-17,8.55723153642679e-19
15.07569,2.1460871690475658e-17,9.13068665815698e-19
15.0782,2.222176049054575e-17,9.024850958285354e-19
15.0807,2.196945800421624e-17,9.369044048123472e-19
15.0832,2.1327416662932874e-17,9.232484540792799e-19
15.08571,2.2364593820728837e-17,7.923893608770433e-19
15.08821,2.1301792465184018e-17,7.600172958269855e-19
15.09071,2.1351863312074785e-17,8.096936709406396e-19
15.09321,2.212805807942663e-17,8.699859054646235e-19
15.09572,2.170086733603725e-17,8.986663472216257e-19
15.09822,2.1362371375376208e-17,8.759608915912355e-19
15.10072,2.2192825461130056e-17,8.8795203761256e-19
15.10323,2.1833593683899137e-17,8.308016701099543e-19
15.10573,2.2216943883673493e-17,8.311278014258079e-19
15.10823,2.2418761310165516e-17,8.650341176710998e-19
15.11073,2.187490657904911e-17,8.656144272051566e-19
15.11324,2.282386008305228e-17,8.921795673169309e-19
15.11574,2.3553073607835148e-17,9.656751516389705e-19
15.11824,2.1907415029237837e-17,9.297792645705771e-19
15.12075,2.1852140120538378e-17,9.933870419950186e-19
15.12325,2.161164298363032e-17,8.143392948967303e-19
15.12575,2.2438913185272704e-17,8.550191992358885e-19
15.12825,2.2654752951185528e-17,8.154524622194888e-19
15.13076,2.2273561051137696e-17,9.171466938125681e-19
15.13326,2.209664226636736e-17,8.827015725815218e-19
15.13576,2.2110113051638335e-17,8.310582923154988e-19
15.13826,2.245123401591213e-17,8.133243568698745e-19
15.14077,2.1301442516897568e-17,8.60695639671384e-19
15.14327,2.1300889722618626e-17,7.96154905132891e-19
15.14577,2.254526653179097e-17,8.406240431912703e-19
15.14828,2.1147730858211178e-17,8.724454990254005e-19
15.15078,2.2513839489238868e-17,8.312653181600012e-19
15.15328,2.1967965819055138e-17,7.81330458435102e-19
15.15578,2.0628017608513356e-17,7.75191820098988e-19
15.15829,2.2903694875999238e-17,8.153739166717923e-19
15.16079,2.253724977613396e-17,8.431746289288626e-19
15.16329,2.123510583506305e-17,8.257714274429987e-19
15.1658,2.1510543602649998e-17,8.490449628450568e-19
15.1683,2.2235520998135178e-17,8.728776708713595e-19
15.1708,2.2754743418929628e-17,9.418910775414562e-19
15.1733,2.20250652635358e-17,9.849994596423745e-19
15.17581,2.12880909779516e-17,8.269626497165606e-19
15.17831,2.2266970078959858e-17,8.4519123462992115e-19
15.18081,2.1316044203487277e-17,9.634045629097657e-19
15.18332,2.123506729694926e-17,8.70376448915001e-19
15.18582,2.305212639299195e-17,8.292821422134709e-19
15.18832,2.083054419544196e-17,8.544774502559307e-19
15.19082,2.1530087184153493e-17,8.964124355215641e-19
15.19333,2.084930750643669e-17,8.615501234458167e-19
15.19583,2.187397823638059e-17,8.281396033533697e-19
15.19833,2.1760526248001787e-17,7.9657519241963815e-19
15.20083,2.165789433193252e-17,8.795160200826375e-19
15.20334,2.2102319614194557e-17,8.547605469048895e-19
15.20584,2.1052012846168096e-17,8.40018151006958e-19
15.20834,2.1068073531351005e-17,8.279661590695618e-19
15.21085,2.127337747284658e-17,8.546234005175422e-19
15.21335,2.1646384706682184e-17,8.685632118743164e-19
15.21585,2.1772110418054457e-17,9.01383737764154e-19
15.21835,2.1647602064416765e-17,9.879188391239677e-19
15.22086,2.3404935824902537e-17,9.580515816362452e-19
15.22336,2.1316367404101928e-17,8.3591440093730305e-19
15.22586,2.1554065419969466e-17,8.807309711953478e-19
15.22837,2.1945873211467825e-17,8.392341187901533e-19
15.23087,2.2762750129772488e-17,9.155737861473098e-19
15.23337,2.2358899795750158e-17,9.52454911108149e-19
15.23587,2.1869553135213147e-17,9.916630746662065e-19
15.23838,2.3169813356518518e-17,9.684694861795658e-19
15.24088,2.1762950379491745e-17,7.828678026087228e-19
15.24338,2.3123743522426255e-17,8.706071698902034e-19
15.24589,2.118111280375388e-17,8.505787862906211e-19
15.24839,2.244603987816037e-17,8.300965557694337e-19
15.25089,2.2597256125869258e-17,8.0759231284513015e-19
15.25339,2.1572531569735912e-17,8.595872940739782e-19
15.2559,2.147009634607393e-17,8.571901657460826e-19
15.2584,2.0806964412968354e-17,8.858925556225233e-19
15.2609,2.116922396243549e-17,8.697264679172493e-19
15.2634,2.1443712590194057e-17,8.488135915200875e-19
15.26591,2.0754818382846533e-17,8.825695440611372e-19
15.26841,2.1558655850398433e-17,9.091311599548838e-19
15.27091,2.245081110665577e-17,9.142451472551376e-19
15.27342,2.1642464820752778e-17,8.82913770432832e-19
15.27592,2.0729317662241993e-17,9.969693223436496e-19
15.27842,2.1537063956104557e-17,9.092234687306924e-19
15.28092,2.137504955373532e-17,9.051086225776933e-19
15.28343,2.1583366225981625e-17,9.474287425655864e-19
15.28593,2.154352491457705e-17,9.303001036993813e-19
15.28843,2.133144663977158e-17,8.932088900795324e-19
15.29094,2.186794463583662e-17,9.067401101614705e-19
15.29344,2.1647616863211317e-17,9.83570227477716e-19
15.29594,2.1769765604208473e-17,9.388536899232176e-19
15.29844,2.2223041127509717e-17,8.86161673090038e-19
15.30095,2.134066992080488e-17,8.372382580403636e-19
15.30345,2.1788303142217354e-17,9.40998572690247e-19
15.30595,2.2338244612152045e-17,8.608599811875936e-19
15.30846,2.197408040722922e-17,9.312630086470712e-19
15.31096,2.1552827720185752e-17,7.783061648222442e-19
15.31346,2.209789394891105e-17,7.872061142526787e-19
15.31596,2.2714300721700507e-17,8.1720210898562615e-19
15.31847,2.1358167557268406e-17,8.227453092571704e-19
15.32097,2.2808280879644176e-17,9.594388916163993e-19
15.32347,2.1844294380558337e-17,8.22413431194972e-19
15.32598,2.18501008217125e-17,8.173727224780037e-19
15.32848,2.1975647144183986e-17,8.937795480904187e-19
15.33098,2.1930548288359297e-17,8.927410030582106e-19
15.33348,2.062676500772105e-17,8.5069118034032885e-19
15.33599,2.0418593887244373e-17,9.11155204428433e-19
15.33849,2.1468203705804432e-17,9.454307412191877e-19
15.34099,2.138557439340529e-17,8.541451821477277e-19
15.34349,2.1611479251219617e-17,9.00120616349193e-19
15.346,2.1820276266790457e-17,8.717834915675813e-19
15.3485,2.1216760695696528e-17,8.522662687121628e-19
15.351,2.2113466885761577e-17,8.116290855743774e-19
15.35351,2.0711056971483965e-17,9.781000277284389e-19
15.35601,2.0695587694798713e-17,9.21110777683429e-19
15.35851,2.130507324065782e-17,8.824486458264151e-19
15.36101,2.1163340497439738e-17,8.5838233576873975e-19
15.36352,2.1217137732777058e-17,8.797919924390698e-19
15.36602,2.121694639126332e-17,8.39260544107943e-19
15.36852,2.2164928882181918e-17,9.189399088312291e-19
15.37103,2.1127054616851637e-17,8.313329563748858e-19
15.37353,1.988151018106883e-17,8.57609531580299e-19
15.37603,2.206180866448569e-17,8.743237022271608e-19
15.37853,2.074572440946453e-17,8.942589166404315e-19
15.38104,2.1193171279197956e-17,9.478983920719505e-19
15.38354,2.1731562322149404e-17,9.541089842381094e-19
15.38604,2.1273929481057853e-17,9.102544478246416e-19
15.38855,2.2495956524737197e-17,1.1349568463675884e-18
15.39105,2.1324343273568585e-17,1.2555731682256817e-18
15.39355,2.1020775220966953e-17,8.839006004173218e-19
15.39605,2.014154820113881e-17,9.361508499629261e-19
15.39856,2.091728160760401e-17,1.1957096945169026e-18
15.40106,2.1483512773307072e-17,8.717952906590436e-19
15.40356,2.1052337268258812e-17,8.917785582606385e-19
15.40606,1.985127825128009e-17,8.965367337431793e-19
15.40857,2.0845214671776453e-17,9.539447594539274e-19
15.41107,2.170252969622195e-17,9.880280036170282e-19
15.41125,2.136326916786911e-17,6.799851367306725e-19
15.41357,2.0772623413648546e-17,1.401129446593975e-18
15.41375,2.157516611633682e-17,6.525266030509848e-19
15.41608,1.945676720756773e-17,1.837098773792492e-18
15.41625,2.2429460582484372e-17,6.804631508728774e-19
15.41858,2.0959811443877192e-17,8.071811740197165e-19
15.41876,2.1872176182164518e-17,7.328424088084064e-19
15.42108,2.0714199956772882e-17,8.399585206659556e-19
15.42126,2.2794261307181122e-17,8.1292607401716065e-19
15.42358,2.0097190517550772e-17,8.988990549631552e-19
15.42376,2.12997360826317e-17,7.925395685640899e-19
15.42609,2.0161204178094857e-17,8.71810405972201e-19
15.42626,2.1831456401673527e-17,7.890602852351698e-19
15.42859,2.038272240830752e-17,8.459222358404847e-19
15.42877,2.1964219430594727e-17,7.839512612961928e-19
15.43109,1.990565031762896e-17,8.815000159608552e-19
15.43127,2.1828247397214906e-17,7.423090276814289e-19
15.4336,2.0373345156768393e-17,8.364953126272155e-19
15.43377,2.1615882117732725e-17,7.206436513878337e-19
15.4361,2.2049273182104828e-17,8.470771763759968e-19
15.43627,2.2364719676061688e-17,7.1475493961342605e-19
15.4386,2.0974382520523497e-17,9.122243636795524e-19
15.43878,2.1278233396874164e-17,7.515359784134011e-19
15.4411,1.9857603401788905e-17,9.20356435505814e-19
15.44128,2.1758870827828885e-17,7.471009097138549e-19
15.44361,2.0826569218358585e-17,8.875835382592044e-19
15.44378,2.179935665678653e-17,7.2357764330930165e-19
15.44611,2.1178710343512585e-17,9.35370776792362e-19
15.44628,2.1495902580192856e-17,7.158452135350373e-19
15.44861,2.0334771221319217e-17,9.580045049792037e-19
15.44879,2.1864179543699792e-17,6.565825973780853e-19
15.45112,2.072207312613288e-17,9.331458601219928e-19
15.45129,2.1763321761268698e-17,6.473801455392584e-19
15.45362,2.0591499132073625e-17,8.936837127607428e-19
15.45379,2.129392431082263e-17,6.879468932975518e-19
15.45612,2.0841230261397002e-17,1.0509054033219808e-18
15.45629,2.2659105651339457e-17,7.516129315544766e-19
15.45862,2.0280218463555858e-17,9.575233500146272e-19
15.4588,2.3428403418227093e-17,7.856443880571754e-19
15.46113,2.0463415583598902e-17,1.1044166126535513e-18
15.4613,2.292841861260928e-17,7.803421414934836e-19
15.46363,2.0701738878501017e-17,9.040159282501444e-19
15.4638,2.1020495709956992e-17,6.731627906418718e-19
15.46613,2.0853793230776905e-17,9.038564767370166e-19
15.4663,2.0736208375024106e-17,7.19103819797155e-19
15.46864,2.022230014781489e-17,9.00415913124664e-19
15.46881,2.045773557552338e-17,7.385216080110469e-19
15.47114,2.1251545362246532e-17,9.987140681695873e-19
15.47131,2.1401902863364897e-17,7.862971255126324e-19
15.47364,2.051563313868933e-17,2.6848489868161357e-18
15.47381,2.148751964157073e-17,7.839681838013799e-19
15.47614,2.1326107268604017e-17,1.1123692324616306e-18
15.47631,2.219470889713254e-17,7.9845424868577605e-19
15.47865,2.1984952195331658e-17,1.0137926945258633e-18
15.47882,2.3024851230483998e-17,6.828434894107806e-19
15.48115,2.299405325197192e-17,8.590018493531413e-19
15.48132,2.158107929327068e-17,6.959048400886028e-19
15.48365,2.067875094956545e-17,1.082275709938133e-18
15.48382,2.0815517633536684e-17,7.094796005105267e-19
15.48615,1.9791369794028162e-17,8.439302969565088e-19
15.48632,2.2336764306398585e-17,8.406778728288063e-19
15.48866,2.01133002183891e-17,8.0841543744125995e-19
15.48883,2.1658279800566492e-17,7.466342748094427e-19
15.49116,2.070563575594516e-17,9.318329966625914e-19
15.49133,2.1763270715464628e-17,7.611203015187024e-19
15.49366,2.1424466349466426e-17,9.873034031258545e-19
15.49383,2.1442341607540978e-17,7.446449728669667e-19
15.49617,2.0641412016030253e-17,8.145028584140288e-19
15.49633,2.2376021910163426e-17,7.685382249330539e-19
15.49867,2.168078400517969e-17,9.585703640521457e-19
15.49884,2.1649078321963078e-17,7.062395950394763e-19
15.50117,1.9588745294915e-17,1.0889758791071692e-18
15.50134,2.1511002555768372e-17,7.111915231509197e-19
15.50367,1.92264618610422e-17,8.688879141484606e-19
15.50384,2.1006180553675217e-17,7.56496230486258e-19
15.50618,2.0603030667989377e-17,9.248979990878453e-19
15.50634,2.039828231969908e-17,8.0792697134792285e-19
15.50868,2.1222297650686305e-17,9.158652855812434e-19
15.50884,2.0784991260984907e-17,7.4789737485416205e-19
15.51118,1.935564710962948e-17,8.447610852820333e-19
15.51135,2.077916713078275e-17,7.334398080570438e-19
15.51369,2.035926535827579e-17,8.552554728411365e-19
15.51385,2.0660577582476058e-17,6.673079285400365e-19
15.51619,2.0023296693448976e-17,9.097228269073981e-19
15.51635,2.1366560749582026e-17,6.474329783883635e-19
15.51869,2.0552975270222657e-17,1.053962802768854e-18
15.51885,2.1040512705794538e-17,6.628196132334997e-19
15.52119,1.9080524989093472e-17,9.27530776695001e-19
15.52136,2.1282443524602232e-17,6.80501401061736e-19
15.5237,1.985582168686701e-17,8.577631805652578e-19
15.52386,2.146148973164962e-17,6.900964104980779e-19
15.5262,2.0990911802861868e-17,8.2231718548855485e-19
15.52636,2.169091723903472e-17,7.252975332686012e-19
15.5287,1.981264043887357e-17,9.312648393677068e-19
15.52886,2.123567555624769e-17,7.415155178785677e-19
15.53121,2.063258773840025e-17,8.987474288005638e-19
15.53137,2.2002578110864532e-17,6.74172551303692e-19
15.53371,2.110235740966279e-17,8.675496989187723e-19
15.53387,2.0474797326893634e-17,6.883515599011571e-19
15.53621,2.0271355523473897e-17,8.563778502386899e-19
15.53637,2.06053624967181e-17,6.941071727233834e-19
15.53871,1.942974660042187e-17,8.500426294354499e-19
15.53887,2.0874707083840048e-17,7.732163431342637e-19
15.54122,2.0046082948304346e-17,9.88265717540412e-19
15.54138,2.0444941127126446e-17,7.205695203625787e-19
15.54372,2.083586691006984e-17,8.693936264731746e-19
15.54388,2.1923766877263033e-17,7.677097406457721e-19
15.54622,1.9865654941568764e-17,8.822694504376647e-19
15.54638,2.168808366385611e-17,7.8726719345608e-19
15.54872,2.1354012520997388e-17,1.1504980520120452e-18
15.54888,2.2441922922385464e-17,7.343846683897348e-19
15.55123,2.1201937855388072e-17,9.709793281976969e-19
15.55139,2.1132673472186978e-17,6.933731239217884e-19
15.55373,2.1071609162548597e-17,9.434796247624001e-19
15.55389,2.1676566431306818e-17,7.442795693895172e-19
15.55623,1.9570827239478925e-17,8.210591680169634e-19
15.55639,2.0976122364269233e-17,6.752978463620862e-19
15.55874,2.0322731722936473e-17,1.0291795919632957e-18
15.55889,2.0947225814292845e-17,7.050191914534831e-19
15.56124,2.1465014748770945e-17,8.550808455356972e-19
15.5614,2.1620230133458818e-17,7.229483309948672e-19
15.56374,1.973424143964405e-17,8.760143512162411e-19
15.5639,2.0349464232936977e-17,7.072294437722923e-19
15.56624,1.9737864979127718e-17,9.669140837540521e-19
15.5664,2.089424089014941e-17,6.708734844741604e-19
15.56875,2.0999626403663105e-17,8.804577241474867e-19
15.5689,2.1633365768563087e-17,6.534569332490496e-19
15.57125,2.141600346006904e-17,9.374204879054228e-19
15.57141,2.1324993804694338e-17,7.064570965348408e-19
15.57391,2.2283443647332666e-17,6.864363029179114e-19
15.57641,2.162965926799153e-17,6.765898657026847e-19
15.57891,2.0427740103535177e-17,6.879958645427643e-19
15.58142,2.0543988708796877e-17,6.702344889339837e-19
15.58392,2.0491289388810952e-17,7.209989814119709e-19
15.58642,2.138280644037497e-17,6.6300278870312085e-19
15.58892,2.0256287854344666e-17,6.789614890497041e-19
15.59143,2.1268133275139128e-17,7.107288144564477e-19
15.59393,2.1105075562329788e-17,7.140021532353339e-19
15.59643,2.0844567996277906e-17,6.872770636583289e-19
15.59893,2.0858505323225904e-17,6.549446725578268e-19
15.60143,2.1073857661768102e-17,6.2816321349474525e-19
15.60394,2.1311296796099706e-17,6.664496318961572e-19
15.60644,2.0355556624694938e-17,6.841980929459009e-19
15.60894,2.045250453128881e-17,6.624082505412044e-19
15.61144,2.1420402317516486e-17,1.0614477003413905e-18
15.61395,2.1478886008594077e-17,1.0652716477611664e-18
15.61645,2.1117271505695778e-17,1.035140462743964e-18
15.61895,2.1678853236603978e-17,9.050338737584553e-19
15.62145,2.1085769265504808e-17,7.089927524043635e-19
15.62396,2.0740299455192137e-17,7.262526892148376e-19
15.62646,2.1211937495121052e-17,7.3710137474630015e-19
15.62896,2.0441732844068172e-17,7.455676946524099e-19
15.63146,2.112975012721447e-17,7.493214340945014e-19
15.63397,2.0191834077398277e-17,7.254420283374273e-19
15.63647,2.079269565575079e-17,7.188420064911032e-19
15.63897,2.1483104788819685e-17,7.082025576436515e-19
15.64147,2.0991245681378524e-17,6.893338058597297e-19
15.64398,2.1167540129889165e-17,7.082473248543957e-19
15.64648,2.0150782320201093e-17,8.333189785681563e-19
15.64898,2.0817027534483046e-17,7.785068537439063e-19
15.65148,2.0500325914749193e-17,7.071817552068323e-19
15.65399,2.075530862070863e-17,7.301945867684268e-19
15.65649,2.0334345231365578e-17,6.705081957210477e-19
15.65899,2.1077057897999064e-17,6.565028661020844e-19
15.66149,2.0064582978040612e-17,7.36361516831182e-19
15.664,2.003007761495319e-17,7.1406692091386655e-19
15.6665,2.158468286956221e-17,7.03607911812688e-19
15.669,2.1500436517885318e-17,7.139916841618474e-19
15.6715,2.0720671168135898e-17,7.057059795671179e-19
15.67401,2.0735945642883858e-17,6.606876070927658e-19
15.67651,2.1928768216793592e-17,6.691973341445033e-19
15.67901,2.079620431537025e-17,6.673551809747932e-19
15.68151,2.0339813454267668e-17,7.021155000582862e-19
15.68402,2.0657985572371744e-17,7.34435800978101e-19
15.68652,2.053422265296529e-17,7.642272984794299e-19
15.68902,2.093678285948944e-17,8.185212607123574e-19
15.69152,2.0955710188332216e-17,7.360507982119082e-19
15.69402,2.155855971392787e-17,6.640756043674395e-19
15.69653,2.0978353118396493e-17,6.638663873233212e-19
15.69903,2.1078239883259098e-17,6.806768645201586e-19
15.70153,2.0920624195385242e-17,6.826916346924708e-19
15.70403,2.115137376436481e-17,7.03472366014788e-19
15.70654,2.0648467831829402e-17,7.320761828435775e-19
15.70904,2.1748560960158938e-17,7.097452607536906e-19
15.71154,2.0167203312403594e-17,7.148873677039911e-19
15.71404,2.0078871145697385e-17,6.920081103809266e-19
15.71655,2.0241825172724138e-17,7.066029907520504e-19
15.71905,2.0589644739227857e-17,7.284935207772608e-19
15.72155,2.1013110638464856e-17,7.663134194068151e-19
15.72405,2.024371720624684e-17,7.681137416901291e-19
15.72656,1.959920790325105e-17,7.172909914910228e-19
15.72906,2.1315060529468617e-17,7.427276601631557e-19
15.73156,2.0470062457741314e-17,6.606156479348495e-19
15.73406,2.09362489905509e-17,7.3537858053271195e-19
15.73657,2.0296170739700133e-17,6.851657882800826e-19
15.73907,2.0387335453223426e-17,7.28172626169966e-19
15.74157,2.0892538924642888e-17,1.017048894763957e-18
15.74407,2.159313337564956e-17,8.68313581670621e-19
15.74658,2.0737860415580364e-17,6.727058511435444e-19
15.74908,2.075387358011783e-17,6.552803432620425e-19
15.75158,2.002397807895506e-17,6.562022203411784e-19
15.75408,2.046308564308537e-17,6.727746239617902e-19
15.75659,2.0752296673180597e-17,6.771745577675048e-19
15.75909,1.9701201904848266e-17,6.781914375125382e-19
15.76159,2.004604840808367e-17,6.635420893193137e-19
15.76409,2.0389766247560558e-17,6.96836806499312e-19
15.7666,2.048254764027723e-17,6.921509082902336e-19
15.7691,2.1083702409878257e-17,7.165571416714259e-19
15.7716,2.1301411221572973e-17,6.806043079965842e-19
15.7741,2.062825184216874e-17,9.401957266041712e-19
15.77661,1.9860641091503505e-17,7.0846299379938475e-19
15.77911,2.0143801189189624e-17,6.352166937897868e-19
15.78161,2.0983705060536492e-17,6.625612238999197e-19
15.78411,2.0629051505871044e-17,6.68965054199532e-19
15.78661,1.9939023855352744e-17,7.27468652361583e-19
15.78912,1.9435042206993517e-17,7.181875272409125e-19
15.79162,2.196556661784183e-17,7.360014891164018e-19
15.79412,2.1994133961667037e-17,7.168369895782251e-19
15.79662,2.0087879062308898e-17,7.32864035163681e-19
15.79913,2.0580692115413686e-17,7.270939237059029e-19
15.80163,2.0969909708356206e-17,6.854449440595511e-19
15.80413,2.1080490928282058e-17,7.146454078715682e-19
15.80663,1.9464807324093506e-17,6.990559886697866e-19
15.80914,2.0620675768037838e-17,6.845282919028021e-19
15.81164,2.0484061357208072e-17,6.675276694351007e-19
15.81414,2.1263164297311104e-17,6.917712231209726e-19
15.81664,2.0913194823020564e-17,7.255500826151215e-19
15.81915,2.1563766164317558e-17,7.4496652164036435e-19
15.82165,2.1564466214183018e-17,7.039039222587864e-19
15.82415,2.0112221050800997e-17,7.644138697785199e-19
15.82665,2.120782039863313e-17,8.220677994134428e-19
15.82916,2.1019116472171746e-17,7.297978914324345e-19
15.83166,2.0932410207286866e-17,7.443810241614019e-19
15.83416,2.0429297610908805e-17,7.497760247056135e-19
15.83666,1.969485962632996e-17,7.016540442610169e-19
15.83917,2.0184680872411873e-17,6.818003786881888e-19
15.84167,1.9579153935597946e-17,6.910925800040648e-19
15.84417,2.0070336713362745e-17,7.289009712864124e-19
15.84667,2.108915465459928e-17,7.699362678477607e-19
15.84918,2.016324237564654e-17,7.592120653698108e-19
15.85168,1.943913815094195e-17,7.492078044396504e-19
15.85418,2.03183588723379e-17,7.758307462246915e-19
15.85668,2.029328695431976e-17,7.352877519633695e-19
15.85919,1.965696068794806e-17,6.784886432876174e-19
15.86169,2.0173888902710805e-17,7.007469420673938e-19
15.86419,2.0563295052274586e-17,7.622547809862147e-19
15.86669,2.081359250300618e-17,7.117232201006667e-19
15.8692,2.0526049116137266e-17,7.211400727182045e-19
15.8717,1.9711186555278126e-17,7.72846646580208e-19
15.8742,2.0199223089638436e-17,7.463090766768951e-19
15.8767,1.945198488818199e-17,7.1148102030822335e-19
15.87921,1.9927021523783848e-17,7.1058283450191845e-19
15.88171,1.9740265284726293e-17,6.998378904865271e-19
15.88421,2.1202296473019958e-17,7.1248326954794035e-19
15.88671,1.9913076714366538e-17,7.292535355938865e-19
15.88921,2.0317238151421162e-17,7.431712833280976e-19
15.89172,2.1623389573547788e-17,7.439784886322774e-19
15.89422,1.982454967478446e-17,7.137282112474434e-19
15.89672,2.0301647284228908e-17,7.449607076873682e-19
15.89922,1.943066604839952e-17,7.627171146421519e-19
15.90173,1.980525957403543e-17,7.13124440764239e-19
15.90423,1.9278762738337057e-17,7.045454497288834e-19
15.90673,1.9688852270658832e-17,7.29266169262262e-19
15.90923,1.9647474502832646e-17,7.690468505696118e-19
15.91174,2.0431477958994378e-17,7.240124507466437e-19
15.91424,1.9544350325665958e-17,8.394726822699772e-19
15.91674,1.8843367463392012e-17,7.076675321800029e-19
15.91924,2.0483896855273698e-17,6.98163391223177e-19
15.92175,2.025668506646606e-17,7.399644651065062e-19
15.92425,2.0493740630438237e-17,9.126746802205132e-19
15.92675,1.985729834247899e-17,1.9123581933160953e-18
15.92925,1.8968758935155036e-17,7.327660757424132e-19
15.93176,2.0243782996191497e-17,7.435319079426733e-19
15.93426,2.013997475532688e-17,7.11810974363364e-19
15.93676,1.9628179560237482e-17,7.959676511068722e-19
15.93926,1.9748555213768507e-17,7.512050895804653e-19
15.94177,1.953576215516036e-17,7.546149610595267e-19
15.94427,1.9615118410047625e-17,7.33765085924344e-19
15.94677,1.9365085906787948e-17,7.593471875921685e-19
15.94927,1.8974345702002504e-17,7.471357676604273e-19
15.95178,1.9300055598892368e-17,7.207053907807566e-19
15.95428,1.9155496519594065e-17,7.148698940609306e-19
15.95678,2.0264687395901824e-17,7.699021447219317e-19
15.95928,2.0356187306679557e-17,7.7860902756583e-19
15.96179,2.0354720001824045e-17,7.391509489824523e-19
15.96429,1.9670814676595522e-17,7.911776814312093e-19
15.96679,2.178370853315663e-17,9.209508855232456e-19
15.96929,2.1356160152819433e-17,8.459398231569317e-19
15.9718,1.9225630978630746e-17,7.758343622088478e-19
15.9743,1.986398100926161e-17,7.776134632373405e-19
15.9768,1.996988070176286e-17,7.854532544366878e-19
15.9793,1.9658788734386536e-17,7.993215753195432e-19
15.9818,1.92529044634868e-17,7.4648562179217255e-19
15.98431,1.96131058710471e-17,7.684420663156915e-19
15.98681,1.9121189002422426e-17,8.531669574639134e-19
15.98931,1.960897626347011e-17,8.029650362540032e-19
15.99181,1.9829397638390338e-17,8.019131566625171e-19
15.99432,1.9909101422398206e-17,8.0933434692389455e-19
15.99682,2.055715096774715e-17,7.890857634578618e-19
15.99932,2.0031366489499098e-17,7.696613810425771e-19
16.00182,1.9643669969674482e-17,7.498962206449566e-19
16.00433,1.9301978857550065e-17,7.344338357242928e-19
16.00683,1.989884560473804e-17,7.374519134767036e-19
16.00933,1.9470456024254297e-17,7.229673134583439e-19
16.01183,1.997389617747468e-17,7.385159462933412e-19
16.01434,1.996752980103928e-17,7.748758520206248e-19
16.01684,1.9414513219065597e-17,8.205437313168247e-19
16.01934,1.9910580126607994e-17,8.064087454252476e-19
16.02184,1.8282720417023964e-17,9.423305644410414e-19
16.02435,1.9216320574359842e-17,1.2693752808264265e-18
16.02685,1.9093157841006728e-17,9.16019125604232e-19
16.02935,2.0182901745800728e-17,7.567455150092029e-19
16.03185,2.084543070937773e-17,7.46017718598847e-19
16.03436,2.041873971193383e-17,7.740743740123485e-19
16.03686,2.0020856408445366e-17,7.507224641184645e-19
16.03936,2.11490143544757e-17,8.078294766354317e-19
16.04186,2.0684645811183188e-17,8.687756808981486e-19
16.04437,1.955118706214597e-17,8.023301876257107e-19
16.04687,1.8780970865470338e-17,7.244781828099874e-19
16.04937,1.9388182943362576e-17,6.964484950581301e-19
16.05187,1.9450566088859436e-17,7.001506667509602e-19
16.05438,1.9489908807741618e-17,7.130587522562677e-19
16.05688,1.8940357285235956e-17,7.829285728384114e-19
16.05938,1.8940201942736324e-17,8.203665494457982e-19
16.06188,1.843878364441786e-17,8.007699765842933e-19
16.06439,1.805180859863868e-17,8.160147832389353e-19
16.06689,1.9434836561843884e-17,8.110559277916811e-19
16.06939,1.9846148553953266e-17,7.035461229447151e-19
16.07189,1.9729633283017496e-17,7.127631894107698e-19
16.07439,1.9302292999194624e-17,6.935749146296358e-19
16.0769,1.9938290368234533e-17,7.318110056149204e-19
16.0794,1.893754157138089e-17,7.509057446455708e-19
16.0819,1.9005161217937148e-17,8.121537809986249e-19
16.0844,1.8660813037603708e-17,8.738398951096575e-19
16.08691,1.934942276958967e-17,8.403715486121446e-19
16.08941,1.9420529196763325e-17,7.481676456997909e-19
16.09191,1.9231875794381288e-17,7.231256198337407e-19
16.09441,1.9262313748955336e-17,7.116302349400723e-19
16.09692,1.8556539758816092e-17,7.043738149102491e-19
16.09942,1.8746255113416312e-17,7.535203226794772e-19
16.10192,1.8603951928782346e-17,7.889675335817171e-19
16.10442,1.951497598217128e-17,8.652118924998825e-19
16.10693,1.9981385485119018e-17,9.674028509751834e-19
16.10943,1.9364870775091064e-17,8.735807461913018e-19
16.11193,1.972311753477861e-17,7.5105310080672145e-19
16.11443,1.92246904299891e-17,7.73323025294723e-19
16.11694,2.0034661593739432e-17,8.1030538562950175e-19
16.11944,1.9620474406735316e-17,7.753249837104208e-19
16.12194,1.938714651076525e-17,7.614974987718179e-19
16.12444,1.8644073730227518e-17,7.746780322342356e-19
16.12695,1.8593817307966065e-17,7.46278547082567e-19
16.12945,1.8741647209460066e-17,8.037838350444864e-19
16.13195,1.91917070201274e-17,7.985883521957355e-19
16.13445,1.9948331981868846e-17,8.256236787797512e-19
16.13696,1.8725128896760518e-17,7.71274434068911e-19
16.13946,1.87365746245733e-17,7.935063817949453e-19
16.14196,1.9479930802507005e-17,7.456419608033122e-19
16.14446,2.0534398256942472e-17,7.475300463437948e-19
16.14697,1.9592952471781228e-17,7.4984214324391e-19
16.14947,1.9478966146480513e-17,7.365160667138595e-19
16.15197,1.9892976015019082e-17,7.732402868806837e-19
16.15447,2.0320546821600172e-17,8.279947539629841e-19
16.15698,1.9286790179633686e-17,7.865812625145972e-19
16.15948,1.8926401466867617e-17,7.793260716745865e-19
16.16198,1.978239013776368e-17,7.504993260570291e-19
16.16448,1.905247088611921e-17,1.194278768076914e-18
16.16698,1.919053629354763e-17,1.0776592340938237e-18
16.16949,2.0521020401324348e-17,7.541043242907148e-19
16.17199,2.0292396485095768e-17,6.979814904785911e-19
16.17449,1.9704089343554632e-17,7.867110768451331e-19
16.17699,1.948698894585566e-17,7.785569914896435e-19
16.1795,1.989496547468421e-17,8.661276761401423e-19
16.182,1.887146148349761e-17,8.39624753296199e-19
16.1845,1.905238028258108e-17,8.136128307461833e-19
16.187,1.8827897564398298e-17,7.91731309794183e-19
16.18951,1.9298185707508457e-17,7.977469982645845e-19
16.19201,1.9867992325218318e-17,8.3809791964759155e-19
16.19451,1.938478420648581e-17,7.876522462360645e-19
16.19701,1.8788774574441612e-17,7.489941347024489e-19
16.19952,1.856830426520711e-17,7.802382960850026e-19
16.20202,1.933595325478379e-17,8.067159783537009e-19
16.20452,1.9479909183350485e-17,8.508665923898004e-19
16.20702,1.9112166807776884e-17,7.595084531009093e-19
16.20953,1.873222360963658e-17,7.393527527334115e-19
16.21203,1.9788238866014716e-17,7.573690907822758e-19
16.21453,1.934918346123663e-17,7.383678918628672e-19
16.21703,1.8794947731406753e-17,7.430267906855718e-19
16.21954,1.893413443412004e-17,7.388097915000973e-19
16.22204,1.9648504093789937e-17,8.038331927522508e-19
16.22454,1.9295726376528328e-17,8.003750750839761e-19
16.22704,1.9726232896551357e-17,8.087306011771278e-19
16.22955,1.9919647313524065e-17,8.726865280700842e-19
16.23205,1.9471267425820428e-17,8.106581402674898e-19
16.23455,1.8805218927898148e-17,7.633470457213131e-19
16.23705,1.9165132820614756e-17,7.699575329696819e-19
16.23956,1.9849804235666348e-17,7.474513006659947e-19
16.24206,1.9031651864250753e-17,7.5874081062599425e-19
16.24456,1.9292150527511385e-17,7.630352663136751e-19
16.24706,1.9535107060423326e-17,7.447188444044766e-19
16.24957,1.8563749488468698e-17,7.911374513974833e-19
16.25207,1.8579741345698416e-17,8.464527075476e-19
16.25457,1.8732455780879297e-17,8.043954649083668e-19
16.25707,1.886325595487591e-17,7.608785913478223e-19
16.25958,1.9766928531435338e-17,7.48846687855599e-19
16.26208,1.7684983928951578e-17,7.116124959564981e-19
16.26458,1.7966592518204022e-17,7.594471867563264e-19
16.26708,1.8105894662283836e-17,7.59432693735679e-19
16.26958,1.955222552807927e-17,7.489682811423646e-19
16.27209,1.936277683601384e-17,7.789432959511155e-19
16.27459,1.858978492642489e-17,7.489373098632568e-19
16.27709,1.9125771970339818e-17,7.716004841899195e-19
16.27959,1.904998771378139e-17,8.169510166140448e-19
16.2821,1.9295226596374168e-17,8.444075372189644e-19
16.2846,1.8423184774093686e-17,8.088483288631946e-19
16.2871,1.8237675021392698e-17,8.102307662085566e-19
16.2896,1.85575772470278e-17,8.030275484548073e-19
16.29211,1.9023986226602308e-17,7.425879386198291e-19
16.29461,1.9104574228812458e-17,7.560920156460324e-19
16.29711,1.9512851716989866e-17,7.388945114386646e-19
16.29961,1.901927948333731e-17,7.270424995057206e-19
16.30212,1.8980425542913553e-17,7.73247054685141e-19
16.30462,1.8839520948821502e-17,8.178644364279726e-19
16.30712,1.86587154774435e-17,7.680560706219631e-19
16.30962,1.9511169140919964e-17,7.980625797874988e-19
16.31213,1.897996905552408e-17,8.193047202942553e-19
16.31463,1.9547305099804632e-17,7.878115840674645e-19
16.31713,1.896629455797261e-17,7.280294503840646e-19
16.31963,1.9004663905092078e-17,7.063710727990409e-19
16.32214,1.836800987679017e-17,7.344542499255078e-19
16.32464,1.8415648278963906e-17,7.246232610376426e-19
16.32714,1.9123296777774716e-17,7.668316304751961e-19
16.32964,1.833078093958234e-17,8.009040707459013e-19
16.33215,1.9163083717235318e-17,7.688908644215238e-19
16.33465,1.9034859802202932e-17,7.7743992256546595e-19
16.33715,1.962487733382224e-17,7.695569106281346e-19
16.33965,1.8131837679293512e-17,7.917478974388947e-19
16.34216,1.8902947811928617e-17,9.713738586396609e-19
16.34466,1.893510520671169e-17,8.34325960048642e-19
16.34716,1.9197576862145257e-17,8.464365856872236e-19
16.34966,2.023194729920256e-17,7.936335702507881e-19
16.35217,1.885756556911765e-17,7.991653188950865e-19
16.35467,1.8761382282459288e-17,7.376044800499845e-19
16.35717,1.888878985940916e-17,7.182521679461716e-19
16.35967,1.877701470650128e-17,7.627476551678416e-19
16.36217,1.9824888394080768e-17,7.727177284659067e-19
16.36468,1.8857846744668188e-17,7.713523670940053e-19
16.36718,1.9359923659991418e-17,7.977640280335446e-19
16.36968,1.9023839832005578e-17,8.977466219183815e-19
16.37218,1.871576608735056e-17,8.714359639473657e-19
16.37469,1.889635181901265e-17,8.229671874385369e-19
16.37719,1.8520386782936002e-17,8.065182400943488e-19
16.37969,1.849008796300228e-17,8.91291205267654e-19
16.38219,1.9211955464811308e-17,1.0161133254872904e-18
16.3847,1.921248839702347e-17,8.245682008898192e-19
16.3872,1.938550904798988e-17,8.2015513198087e-19
16.3897,1.93829194382984e-17,8.0299674308609e-19
16.3922,1.800472884295201e-17,7.637994466956494e-19
16.39471,1.7857325522246087e-17,7.829646768287733e-19
16.39721,1.756400828140198e-17,8.544665148604341e-19
16.39971,1.9060297992205908e-17,8.028196052775088e-19
16.40221,1.900062485953734e-17,7.821078147000595e-19
16.40472,1.8270624269590588e-17,8.215565010246171e-19
16.40722,1.8592561450931632e-17,7.830156423953029e-19
16.40972,1.8150075927133978e-17,8.086147294679342e-19
16.41222,1.8507812490474477e-17,7.847145157088855e-19
16.41473,1.773154503881672e-17,7.5619282260203355e-19
16.41723,1.8165535437864072e-17,7.656804303500362e-19
16.41973,1.7488143742600346e-17,7.528798796498083e-19
16.42223,1.8132118603440964e-17,7.603702069572304e-19
16.42474,1.894523468518891e-17,7.436609346964068e-19
16.42724,1.9415938300468258e-17,7.89854752005037e-19
16.42974,1.8885027125153256e-17,8.318946918439318e-19
16.43224,1.825857911408591e-17,8.3147238697432515e-19
16.43475,1.8406436165775506e-17,8.280050139151172e-19
16.43725,1.79942797345867e-17,7.611112319111506e-19
16.43975,1.802697274222575e-17,8.465593191338398e-19
16.44225,1.865107356785429e-17,7.453670325402833e-19
16.44476,1.7827683388630556e-17,7.428295951848725e-19
16.44726,1.837131939209464e-17,7.073485500308682e-19
16.44976,1.8502219658133765e-17,7.431549512156626e-19
16.45226,1.930394191629077e-17,7.860146590103314e-19
16.45476,1.8096263008828194e-17,8.420781564458852e-19
16.45727,1.8938457566576652e-17,8.293329870520802e-19
16.45977,1.8759864886133205e-17,8.220985365098622e-19
16.46227,1.9224805879491146e-17,8.105625285428062e-19
16.46477,1.7492444589254812e-17,8.0402727528356e-19
16.46728,1.837810710241449e-17,8.468844033658042e-19
16.46978,1.7374990411438097e-17,7.577122783048705e-19
16.47228,1.7745787638774813e-17,7.68733826140843e-19
16.47478,1.7955293065609192e-17,7.521928471579592e-19
16.47729,1.918631365686926e-17,7.35923315861845e-19
16.47979,1.9119100014205418e-17,7.521329406318534e-19
16.48229,1.8183949938493684e-17,7.53539659907273e-19
16.48479,1.8675659836207613e-17,8.10757719919431e-19
16.4873,1.992854261071966e-17,8.580340059389554e-19
16.4898,1.9215954303334072e-17,8.795615585687748e-19
16.4923,1.826737952571027e-17,7.978735695326078e-19
16.4948,1.9165990924355747e-17,7.796393493512025e-19
16.49731,1.8680716342584034e-17,7.425826980526444e-19
16.49981,1.907377972930177e-17,9.275087147651073e-19
16.50231,1.9402388309422198e-17,7.738152532719177e-19
16.50481,1.810059958125631e-17,7.256461685135796e-19
16.50732,1.8932457397641506e-17,7.253282267792356e-19
16.50982,1.7978922629035736e-17,7.863644056480159e-19
16.51232,1.9399764697423285e-17,7.756754898341825e-19
16.51482,1.816649605522281e-17,7.81340884129967e-19
16.51733,1.8203327363488672e-17,8.127649154126828e-19
16.51983,1.8776603542426218e-17,8.74876360135833e-19
16.52233,1.8402696153987208e-17,8.149278703621279e-19
16.52483,1.9006715884805324e-17,7.563115649817172e-19
16.52734,1.823184498299922e-17,8.309208261333281e-19
16.52984,1.8551922836972865e-17,7.722352502729081e-19
16.53234,1.9136414644392868e-17,8.1433658910738955e-19
16.53484,1.9115670170283937e-17,7.4549944783516975e-19
16.53735,1.7658292260291058e-17,7.910365677117329e-19
16.53985,1.828903552751719e-17,8.006619490009406e-19
16.54235,1.8094048399618298e-17,7.623207892540231e-19
16.54485,1.84593843971195e-17,8.094042039967213e-19
16.54735,1.8109169917805154e-17,8.326827226222953e-19
16.54986,1.7467484838298728e-17,8.905374615974022e-19
16.55236,1.9085025414467888e-17,8.263072055703451e-19
16.55486,1.810309685482252e-17,7.950933077019107e-19
16.55736,1.825363847051644e-17,7.601908048756052e-19
16.55987,1.8527936451063426e-17,7.549901471865171e-19
16.56237,1.8615647411674876e-17,7.016393793442431e-19
16.56487,1.7657775701732352e-17,7.227046116727677e-19
16.56737,1.7933369810609978e-17,7.458943905610311e-19
16.56988,1.777073200114738e-17,8.519845082054187e-19
16.57238,1.8702888699824146e-17,7.648309518588914e-19
16.57488,1.839191409618435e-17,8.102086641026278e-19
16.57738,1.8131275195114486e-17,8.435501448081891e-19
16.57989,1.8134360978880098e-17,8.166123329533019e-19
16.58239,2.0535497655767008e-17,7.809597374049121e-19
16.58489,1.8936322947493045e-17,7.685035289240185e-19
16.58739,1.7142930021400125e-17,7.811967215078132e-19
16.5899,1.816182872982768e-17,7.630749096593607e-19
16.5924,1.8079686924644678e-17,7.460414018675553e-19
16.5949,1.754349918857019e-17,9.367520123654592e-19
16.5974,1.79787362135682e-17,8.337649413400594e-19
16.59991,1.802719025424369e-17,7.53073437321552e-19
16.60241,1.8342896979244938e-17,7.673261486417651e-19
16.60491,1.9408221058784468e-17,7.707385441543687e-19
16.60741,1.755303866915296e-17,7.283018034019647e-19
16.60992,1.7467723151002668e-17,7.505285839515651e-19
16.61242,1.8490701960533688e-17,7.712239178233282e-19
16.61492,1.815854654772583e-17,7.723408374852271e-19
16.61742,1.6999187732299165e-17,7.916020123058594e-19
16.61993,1.8005887629963648e-17,8.516109658412812e-19
16.62243,1.7798789661492328e-17,7.646753704019019e-19
16.62493,1.9044824077704657e-17,7.800733216211069e-19
16.62743,1.828801823655152e-17,7.582834987068002e-19
16.62994,1.9109626742213377e-17,8.332328401267874e-19
16.63244,1.8011845683339493e-17,7.8179039882433e-19
16.63494,1.8166271953435306e-17,7.263116456881412e-19
16.63744,1.8227501426181938e-17,7.151831559653669e-19
16.63995,1.7733140488467426e-17,7.248423495429956e-19
16.64245,1.8449601634924756e-17,7.349400051386915e-19
16.64495,1.79361398723257e-17,7.236920722897485e-19
16.64745,1.7626280336285266e-17,7.161672711384836e-19
16.64995,1.768824332420501e-17,8.545552279644499e-19
16.65246,1.8410326037186984e-17,8.081079473891001e-19
16.65496,1.791739339653793e-17,7.671835686934063e-19
16.65746,1.7947296247180458e-17,8.05099513320678e-19
16.65996,1.7388431344930486e-17,8.300279378116347e-19
16.66247,1.829869350149846e-17,8.046422043856435e-19
16.66497,1.829290654839789e-17,7.615655636112665e-19
16.66747,1.8155297092839232e-17,7.7516149099513615e-19
16.66997,1.8487321465747293e-17,9.54390927781681e-19
16.67248,1.7172060341357486e-17,8.335470329745568e-19
16.67498,1.8640789401993482e-17,7.907566533639725e-19
16.67748,1.733218066559894e-17,7.9487749978105105e-19
16.67998,1.7418370229568984e-17,9.042752495558334e-19
16.68249,1.8189243085502884e-17,8.282897623467893e-19
16.68499,1.7971503610277446e-17,7.930369629418899e-19
16.68749,1.813075531616719e-17,7.38093928214545e-19
16.68999,1.721725901145538e-17,7.887954408820563e-19
16.6925,1.7753906987954738e-17,7.740794844703437e-19
16.695,1.8747203199697178e-17,7.354671246500616e-19
16.6975,1.7653677824084417e-17,8.6479725352243295e-19
16.7,1.704725571736225e-17,9.170626544906698e-19
16.70251,1.7837976980230173e-17,7.568237317326415e-19
16.70501,1.834965849311768e-17,7.676953562501333e-19
16.70751,1.796354847696183e-17,8.803217382109847e-19
16.71001,1.8411154111274418e-17,8.390272497849347e-19
16.71252,1.7076997411609118e-17,7.695276163647437e-19
16.71502,1.8136099486009308e-17,7.8964615094940435e-19
16.71752,1.7214557601156638e-17,7.538413168854641e-19
16.72002,1.6678856465006446e-17,7.191168207233165e-19
16.72253,1.7068634145183998e-17,7.2964626041025475e-19
16.72503,1.674227663983151e-17,7.1674936839899585e-19
16.72753,1.8097746077247788e-17,7.433070988764842e-19
16.73003,1.7617742955550104e-17,7.251709121897003e-19
16.73254,1.8568730938356918e-17,7.705690016857987e-19
16.73504,1.8573382319464868e-17,7.076045067281454e-19
16.73754,1.774059165638166e-17,7.566553016247294e-19
16.74004,1.7997289278993808e-17,7.609885877832348e-19
16.74254,1.7689032158515012e-17,7.878453361258669e-19
16.74505,1.7567601150010406e-17,7.980122227362151e-19
16.74755,1.8369629335904718e-17,8.140543036788956e-19
16.75005,1.7757214884999352e-17,8.110715376482964e-19
16.75255,1.7391567806063532e-17,7.5972534972832805e-19
16.75506,1.7966487457719505e-17,8.197787276418915e-19
16.75756,1.6584327031135914e-17,7.906338843498625e-19
16.76006,1.6397541450159678e-17,7.332387736184695e-19
16.76256,1.706416287455196e-17,7.768024587860735e-19
16.76507,1.7222942829724266e-17,7.555203665670735e-19
16.76757,1.820193455870366e-17,7.510251563292207e-19
16.77007,1.7723190169611748e-17,8.583430384636899e-19
16.77257,1.6871326960934574e-17,9.050844923439645e-19
16.77508,1.7249514587531313e-17,7.912265646245891e-19
16.77758,1.6981589663657056e-17,7.757083027531087e-19
16.78008,1.802257915690054e-17,8.090192085885387e-19
16.78258,1.6270263236904818e-17,7.5482846491873e-19
16.78509,1.7125564473771666e-17,7.810034865702733e-19
16.78759,1.776842259831736e-17,1.0257049329497125e-18
16.79009,1.8338444790545405e-17,8.505830092831529e-19
16.79259,1.6765426864433485e-17,8.072394118888989e-19
16.7951,1.8159439790691848e-17,7.8278892621416415e-19
16.7976,1.795081787591254e-17,7.690273493922418e-19
16.8001,1.7312174196959734e-17,7.730339674516239e-19
16.8026,1.6646455038425538e-17,7.92594289201056e-19
16.80511,1.749270054580923e-17,7.785321107752955e-19
16.80761,1.7474438350989617e-17,7.879105502669323e-19
16.81011,1.6784908360670213e-17,8.150611015011312e-19
16.81261,1.7677795002030686e-17,8.059519907041591e-19
16.81512,1.7478914915848458e-17,8.361320230852892e-19
16.81762,1.8067961975486686e-17,7.536580835113085e-19
16.82012,1.7865126876817388e-17,7.285643256903329e-19
16.82262,1.644497533427111e-17,7.4859800086798535e-19
16.82513,1.71504911456929e-17,8.567773056039114e-19
16.82763,1.745989765605185e-17,9.117590314260836e-19
16.83013,1.7422140226562138e-17,8.243217210131481e-19
16.83263,1.797169887048341e-17,7.902729385978744e-19
16.83513,1.6327677840674997e-17,8.2210026258772425e-19
16.83764,1.8036855199923557e-17,7.894849456341742e-19
16.84014,1.7165001791452176e-17,7.988600106686265e-19
16.84264,1.6618046237249678e-17,8.420001334275222e-19
16.84514,1.6639146664840408e-17,8.354399199800978e-19
16.84765,1.6914214566822308e-17,7.89350720346271e-19
16.85015,1.6991437854691344e-17,8.20555405560435e-19
16.85265,1.6842184253247526e-17,7.791607809577457e-19
16.85515,1.7889934988130286e-17,8.241696462868702e-19
16.85766,1.7946009507424106e-17,7.789031531690856e-19
16.86016,1.7876421505059578e-17,8.864582916961e-19
16.86266,1.890677713858968e-17,7.944244595147712e-19
16.86516,1.709131743944827e-17,8.053560199576339e-19
16.86767,1.8410543960278138e-17,8.469667855259171e-19
16.87017,1.6987719374609154e-17,8.133884346222882e-19
16.87267,1.6886750277631268e-17,8.154411382454854e-19
16.87517,1.669081583125877e-17,8.288404485169458e-19
16.87768,1.6750924305569706e-17,8.645394836914239e-19
16.88018,1.7785779818195184e-17,8.496832184863456e-19
16.88268,1.7876571545687456e-17,8.2654579631449685e-19
16.88518,1.6865107170981102e-17,8.166506111755091e-19
16.88769,1.8141680148487137e-17,8.883477429715844e-19
16.89019,1.7583667897566522e-17,8.350801936711531e-19
16.89269,1.8940785891990565e-17,7.815721789777474e-19
16.89519,1.7409050419365678e-17,8.268304608318722e-19
16.8977,1.6315902695896868e-17,7.981112890686287e-19
16.9002,1.7660991960340625e-17,7.562983659083288e-19
16.9027,1.869026574105269e-17,7.525920335944274e-19
16.9052,1.6498183360214808e-17,7.700567527878719e-19
16.90771,1.6316746216604174e-17,7.9593428510411025e-19
16.91021,1.722746325312288e-17,7.579477370730181e-19
16.91271,1.686783633870015e-17,7.709198419545397e-19
16.91521,1.7286886639263022e-17,7.849639943823304e-19
16.91772,1.7744021836115166e-17,8.745388485639009e-19
16.92022,1.7710082216289666e-17,8.384568394437775e-19
16.92272,1.734204107357239e-17,7.833084490323962e-19
16.92522,1.7335147400160605e-17,7.759640935531742e-19
16.92772,1.75306347120738e-17,8.633867512122215e-19
16.93023,1.8033347252439524e-17,8.456488879948058e-19
16.93273,1.818203314058233e-17,8.705379919851746e-19
16.93523,1.744413748149379e-17,8.286552039681933e-19
16.93773,1.7510207413703886e-17,8.210990920234893e-19
16.94024,1.8004893203967473e-17,8.626406430922117e-19
16.94274,1.7576199245100426e-17,8.551655599084654e-19
16.94524,1.745230808073951e-17,8.312204688526765e-19
16.94774,1.7818797982361092e-17,8.597892348092046e-19
16.95025,1.824327109466517e-17,8.296011462902592e-19
16.95275,1.74653115019571e-17,7.842064557073283e-19
16.95525,1.7622584494121205e-17,8.147411738558937e-19
16.95775,1.6330916109947838e-17,7.484263853342222e-19
16.96026,1.7008553117561806e-17,8.255399472432373e-19
16.96276,1.7600994543930466e-17,8.107993123184165e-19
16.96526,1.7201010227688178e-17,8.14172524273663e-19
16.96776,1.7000354465383356e-17,8.1716776084688215e-19
16.97027,1.7378096761424326e-17,8.612742823895484e-19
16.97277,1.7136021644222296e-17,8.097477879870906e-19
16.97527,1.642661124104841e-17,8.401352474269127e-19
16.97777,1.700059562041449e-17,8.000616098816061e-19
16.98028,1.5659662244725665e-17,9.113084676613725e-19
16.98278,1.7223838142423612e-17,8.612988901885519e-19
16.98528,1.715931288907506e-17,8.697759125938192e-19
16.98778,1.6992569367192178e-17,8.796773998581826e-19
16.99029,1.7812896180610786e-17,8.420248798407482e-19
16.99279,1.9676386458339546e-17,8.713653837827143e-19
16.99529,1.790830111892908e-17,8.762808898178423e-19
16.99779,1.7577639936105752e-17,8.025317576444754e-19
17.0003,1.6935051411967782e-17,7.888355374631376e-19
17.0028,1.716318361297799e-17,7.705640048488454e-19
17.0053,1.6654319311944005e-17,7.579447305919861e-19
17.0078,1.6662716681456554e-17,7.740503629814658e-19
17.01031,1.6002411622208914e-17,8.24076420028225e-19
17.01281,1.6193672623902185e-17,8.42219388883096e-19
17.01531,1.639228860244083e-17,7.775968644901258e-19
17.01781,1.7812277909332254e-17,8.056336797560278e-19
17.02032,1.7873490230519573e-17,8.310222036877703e-19
17.02282,1.7697383804084657e-17,7.83168822837472e-19
17.02532,1.746944028311255e-17,7.594460292272205e-19
17.02782,1.5860791289443886e-17,7.603005780696461e-19
17.03032,1.7224654061705518e-17,7.905899839406163e-19
17.03283,2.0262433523056102e-17,9.288111912370225e-19
17.03533,2.6654745368073878e-17,9.140926642004965e-19
17.03783,2.7341606531142327e-17,7.8790325798115135e-19
17.04033,2.0607157109310656e-17,7.507339736669065e-19
17.04284,1.696649345392106e-17,7.632752252467904e-19
17.04534,1.6852648135292854e-17,8.80737442758071e-19
17.04784,1.7213571717712446e-17,7.841273542338907e-19
17.05034,1.7381912943707126e-17,8.184910107418018e-19
17.05285,1.607303103940681e-17,8.1715335602334725e-19
17.05535,1.7083209073118394e-17,8.806957387186735e-19
17.05785,1.67028994104826e-17,7.90166502279734e-19
17.06035,1.7081425696375266e-17,8.86326642325376e-19
17.06286,1.6320780600150688e-17,8.328528465765297e-19
17.06536,1.6770024244752074e-17,8.046760658225024e-19
17.06786,1.7322033828893376e-17,7.67516299980889e-19
17.07036,1.7331368684830114e-17,8.792490933587972e-19
17.07287,1.6176663215236516e-17,8.695365074715135e-19
17.07537,1.5657788372267334e-17,9.106674585681177e-19
17.07787,1.492381958201911e-17,7.9149167503973795e-19
17.08037,1.683230170444543e-17,7.543193021993768e-19
17.08288,1.5981513133052216e-17,9.006207830821236e-19
17.08538,1.6471398503238242e-17,8.447334402316484e-19
17.08788,1.6643760436214697e-17,7.924469457788884e-19
17.09038,1.6770244209052612e-17,7.6326119292562e-19
17.09289,1.684964382117098e-17,8.3090324076831895e-19
17.09539,1.6840552903258837e-17,8.009348902407722e-19
17.09789,1.6408698681957328e-17,8.037325948080611e-19
17.10039,1.7108911545964466e-17,7.550324366364591e-19
17.1029,1.7479374230795944e-17,8.805293743728363e-19
17.1054,1.645529238880023e-17,7.683154148446114e-19
17.1079,1.735355618423114e-17,7.895272029185909e-19
17.1104,1.7914466900798193e-17,7.274805210231823e-19
17.11291,1.6902805226084726e-17,7.943582108192132e-19
17.11541,1.749496414488462e-17,8.753563554502731e-19
17.11791,1.671934801483972e-17,7.804875738249092e-19
17.12041,1.58864778702818e-17,7.512503463690711e-19
17.12291,1.763166366712435e-17,7.747683314954653e-19
17.12542,1.7574266608642653e-17,8.339202118245225e-19
17.12792,1.6407646377112787e-17,7.518370299940837e-19
17.13042,1.5577041849764766e-17,8.131814906740722e-19
17.13292,1.726977516379447e-17,8.6369325781261715e-19
17.13543,1.742848540694871e-17,9.190986175398322e-19
17.13793,1.7141438185275053e-17,8.379852636253139e-19
17.14043,1.7099397084364816e-17,8.82683303447035e-19
17.14293,1.847094523646983e-17,8.553284850584978e-19
17.14544,1.7365823286916008e-17,9.358030192009537e-19
17.14794,1.6542938305626382e-17,9.050544744656674e-19
17.15044,1.5152883853446106e-17,9.216505574174305e-19
17.15294,1.6946141173682192e-17,8.740443564860767e-19
17.15545,1.7036298252053974e-17,8.618714712716511e-19
17.15795,1.6967068091027258e-17,9.057899948871081e-19
17.16045,1.6516073020357373e-17,9.355492550176476e-19
17.16295,1.7702933594787733e-17,1.0182985906643337e-18
17.16546,1.7736240184053518e-17,8.527052719191354e-19
17.16796,1.7631365366062728e-17,8.717215272068162e-19
17.17046,1.6242484472284514e-17,9.23723864629798e-19
17.17296,1.643770760989329e-17,9.705448919610901e-19
17.17547,1.8203924064049123e-17,8.620092149852106e-19
17.17797,1.557517382620041e-17,8.68645263512535e-19
17.18047,1.5085240653139524e-17,7.831464996341841e-19
17.18297,1.6440599521166246e-17,8.375773431213642e-19
17.18548,1.6800314632039533e-17,8.485363751148506e-19
17.18798,1.738498973567645e-17,8.268239241644714e-19
17.19048,1.6860993080173156e-17,8.012775354752695e-19
17.19298,1.7388592784891386e-17,9.23252767519345e-19
17.19549,1.7626324136603953e-17,8.889170198903498e-19
17.19799,1.6690528231331458e-17,8.026423148532257e-19
17.20049,1.664050973606191e-17,8.395465574774961e-19
17.20299,1.593665315930755e-17,1.0060603788022613e-18
17.2055,1.728767061762556e-17,9.348916563626844e-19
17.208,1.788434886815697e-17,8.559511034352977e-19
17.2105,1.6837581492980466e-17,8.447955614637832e-19
17.213,1.6883833075015705e-17,8.137382896940674e-19
17.2155,1.7247633423968053e-17,8.691067581221106e-19
17.21801,1.626979675479748e-17,7.983623490663036e-19
17.22051,1.6666869866993134e-17,7.947587667110331e-19
17.22301,1.5884224476955017e-17,7.753028671012047e-19
17.22551,1.526435715349806e-17,8.320808298034976e-19
17.22802,1.666644197839703e-17,8.546957889074245e-19
17.23052,1.8142570200244908e-17,7.964623429430199e-19
17.23302,1.7932869422548034e-17,8.694172775062592e-19
17.23552,1.6905842844976818e-17,8.813197978464235e-19
17.23803,1.8794151460599466e-17,8.207025213945575e-19
17.24053,1.752075660829746e-17,7.860998247402817e-19
17.24303,1.694487212750415e-17,8.427114373638374e-19
17.24553,1.660808185544181e-17,8.504747334136816e-19
17.24804,1.6419622560735018e-17,8.224924977297759e-19
17.25054,1.6861614854456778e-17,8.92197452974983e-19
17.25304,1.6348705442523723e-17,8.967151385380402e-19
17.25554,1.6388553541919088e-17,8.085921424266897e-19
17.25805,1.5222496987948538e-17,8.970557800931612e-19
17.26055,1.6448436852225606e-17,8.5211507389594e-19
17.26305,1.6471685227512546e-17,8.136364397470653e-19
17.26555,1.7182225536135592e-17,8.1738845580242045e-19
17.26806,1.6169768734773722e-17,7.712183786555288e-19
17.27056,1.6903831130061405e-17,8.49633540613328e-19
17.27306,1.733061769074966e-17,8.120989044209289e-19
17.27556,1.8104972029222106e-17,9.63943889172712e-19
17.27807,1.7894281470085853e-17,8.455742877011e-19
17.28057,1.711735435222345e-17,8.636708631432283e-19
17.28307,1.6465918021496874e-17,8.626733333318303e-19
17.28557,1.6440742684915946e-17,8.351696019066387e-19
17.28808,1.6713260925848632e-17,7.941777193542568e-19
17.29058,1.6898811672865895e-17,8.497602237199353e-19
17.29308,1.6983369853319725e-17,8.315463421279842e-19
17.29558,1.6978355193295538e-17,8.148465536655975e-19
17.29809,1.6855209645156758e-17,7.871976573836649e-19
17.30059,1.6881015020679066e-17,8.1261771442403055e-19
17.30309,1.6473740567681478e-17,8.499841337335663e-19
17.30559,1.7166894363621546e-17,7.739467828376769e-19
17.30809,1.7510245083787698e-17,7.995687356224467e-19
17.3106,1.6412367342289825e-17,7.5177616560621905e-19
17.3131,1.6858293734449392e-17,8.804364114267642e-19
17.3156,1.7227222074557462e-17,7.9943747623390445e-19
17.3181,1.7690635007572258e-17,8.752513101243892e-19
17.32061,1.7111445432241016e-17,8.822813444051414e-19
17.32311,1.6608641789628214e-17,9.468320121792133e-19
17.32561,1.6989732492130914e-17,8.901429939506205e-19
17.32811,1.7150859265354156e-17,8.251223656875411e-19
17.33062,1.5968462884409426e-17,8.895953594436088e-19
17.33312,1.677408827371494e-17,8.377641739443262e-19
17.33562,1.6480260465422342e-17,1.0070188753687809e-18
17.33812,1.5864102609369098e-17,9.752270462762198e-19
17.34063,1.5735831755852793e-17,8.4791361426284265e-19
17.34313,1.579800490709013e-17,8.965372979473138e-19
17.34563,1.5332021384655808e-17,9.350862350419224e-19
17.34813,1.569520836407529e-17,9.39711216240915e-19
17.35064,1.6704539621006145e-17,9.301258866144502e-19
17.35314,1.6046973144013766e-17,9.210889777744114e-19
17.35564,1.5826462080576168e-17,8.929411757178933e-19
17.35814,1.6530613728844705e-17,1.0029811517049066e-18
17.36065,1.7391235756994626e-17,1.0065936907701137e-18
17.36315,1.7562132302205112e-17,9.321842042126161e-19
17.36565,1.5708264404478298e-17,8.622165473791156e-19
17.36815,1.612178577443311e-17,9.045733580639351e-19
17.37066,1.654670988579277e-17,9.411068541271968e-19
17.37316,1.6271878179108988e-17,8.939545731357982e-19
17.37566,1.6429376533854918e-17,9.618464637017316e-19
17.37816,1.6790181582608378e-17,8.488150438990897e-19
17.38067,1.5936375541904066e-17,9.545207331252022e-19
17.38317,1.7137671539605084e-17,8.981829954378916e-19
17.38567,1.6670109707248498e-17,1.0307960354184577e-18
17.38817,1.6784283436126113e-17,1.0025862987718837e-18
17.39068,1.6960706750720013e-17,9.955269029897348e-19
17.39318,1.5687537233074536e-17,8.836318685225049e-19
17.39568,1.6747539174738418e-17,9.506053745099437e-19
17.39818,1.7274216830123737e-17,8.672890251772966e-19
17.40069,1.5227926179332324e-17,8.378042339447916e-19
17.40319,1.64024462813564e-17,8.007125989972928e-19
17.40569,1.6474519057966453e-17,8.857153320411388e-19
17.40819,1.619865288918482e-17,9.397774827923974e-19
17.41069,1.5298208102559073e-17,1.1160922236869892e-18
17.4132,1.5864720118981824e-17,8.367380136207422e-19
17.4157,1.6181574237385306e-17,7.9927230142599805e-19
17.4182,1.6590083931396373e-17,9.459073768432474e-19
17.4207,1.5201971077934906e-17,9.724668182397465e-19
17.42321,1.6066506202340588e-17,8.775180136762706e-19
17.42571,1.5549034708204168e-17,8.771114528243584e-19
17.42821,1.6238404290983504e-17,9.160096690241557e-19
17.43071,1.5712286425117585e-17,8.727823232601419e-19
17.43322,1.5426537402202322e-17,8.606603101631753e-19
17.43572,1.594275343164596e-17,9.35327037825844e-19
17.43822,1.6632193853511793e-17,9.177498709218056e-19
17.44072,1.6875916218949336e-17,9.770712298613594e-19
17.44323,1.5613776860918026e-17,9.44341957328817e-19
17.44573,1.6331195206161586e-17,9.266919644056822e-19
17.44823,1.7145252435229824e-17,8.861556930907305e-19
17.45073,1.5866457578806868e-17,9.066130765684546e-19
17.45324,1.7236275495747852e-17,8.943433698272371e-19
17.45574,1.625618848105473e-17,9.330774782508245e-19
17.45824,1.7153430927499364e-17,9.63022519642847e-19
17.46074,1.6492618282195953e-17,1.0041115713416144e-18
17.46325,1.6481353323267688e-17,9.50450097167839e-19
17.46575,1.6140582768240468e-17,9.06177464367603e-19
17.46825,1.6018288514528504e-17,8.99624549158338e-19
17.47075,1.603341009168401e-17,8.767711907812156e-19
17.47326,1.5548846314058833e-17,9.334918319828034e-19
17.47576,1.5649710619518858e-17,8.712170865120811e-19
17.47826,1.4622227979646927e-17,9.22525757962392e-19
17.48076,1.6057591084796923e-17,8.780612934709136e-19
17.48327,1.6383328202840686e-17,8.774957298405198e-19
17.48577,1.6387517013888922e-17,8.416545187621593e-19
17.48827,1.6348672182758818e-17,8.944690342068068e-19
17.49077,1.63527384440442e-17,8.189883693065333e-19
17.49328,1.6729831766651454e-17,8.6193606542239255e-19
17.49578,1.5961197632955306e-17,9.784993856810289e-19
17.49828,1.636856988507303e-17,8.062829945011944e-19
17.50078,1.663842100988887e-17,8.838109898131738e-19
17.50328,1.6860730362155437e-17,8.717410919653234e-19
17.50579,1.591827263093682e-17,9.444620017366088e-19
17.50829,1.5740551713872825e-17,9.236914618286442e-19
17.51079,1.6570871670547262e-17,8.402266278977632e-19
17.51329,1.6447807055650425e-17,8.476139646886104e-19
17.5158,1.644682393830894e-17,9.603857063780904e-19
17.5183,1.7483937280509276e-17,9.793977163057253e-19
17.5208,1.692020298401853e-17,9.117724179916914e-19
17.5233,1.5701226999445186e-17,9.890521893715557e-19
17.52581,1.6163265885616838e-17,9.708784378638968e-19
17.52831,1.853381459339295e-17,9.306836742530817e-19
17.53081,1.5782500083053233e-17,1.0392691095329117e-18
17.53331,1.6170063844010748e-17,8.924006706184815e-19
17.53582,1.5660147322235566e-17,8.931559638768823e-19
17.53832,1.4822696914213278e-17,8.761094654968473e-19
17.54082,1.7023550470314825e-17,9.890979247302412e-19
17.54332,1.4992174113594377e-17,9.5082700911872e-19
17.54583,1.6638290135763418e-17,1.0557614137520505e-18
17.54833,1.6797513457830885e-17,9.256177123033176e-19
17.55083,1.7494201659416638e-17,1.0861430365836692e-18
17.55333,1.652677935114901e-17,1.073559323927021e-18
17.55584,1.5184441784741406e-17,9.772664723291734e-19
17.55834,1.5719386118878458e-17,9.909832096098864e-19
17.56084,1.691491935416802e-17,9.441299722019417e-19
17.56334,1.7028864700098926e-17,9.296646344107074e-19
17.56585,1.598826798648727e-17,9.165690427582853e-19
17.56835,1.5614937845364113e-17,9.843247232635962e-19
17.57085,1.659818641295184e-17,9.395018339320965e-19
17.57335,1.625628432727304e-17,9.785657010911692e-19
17.57586,1.7166132332458258e-17,9.956344461846997e-19
17.57836,1.6568193864514025e-17,9.733720754268597e-19
17.58086,1.697700727828425e-17,9.306146919114973e-19
17.58336,1.750881262604477e-17,9.688613804690474e-19
17.58587,1.6316256531064286e-17,9.232679766943974e-19
17.58837,1.6525121968746884e-17,9.246874987873e-19
17.59087,1.6932107882720618e-17,1.0417713286724842e-18
17.59337,1.7334394294106068e-17,9.728459349338173e-19
17.59587,1.7261162188279366e-17,1.0158562206070784e-18
17.59838,1.5470061946684166e-17,1.028546491205564e-18
17.60088,1.5803826125532433e-17,1.058165830937373e-18
17.60338,1.6485472869641438e-17,9.955263806810766e-19
17.60588,1.6863754750555748e-17,9.617995614866158e-19
17.60839,1.6269440448591704e-17,9.515436818739521e-19
17.61089,1.6409423623718536e-17,9.777819005389505e-19
17.61339,1.6009392098359758e-17,9.580543454674026e-19
17.61589,1.6692648075948365e-17,8.983469597904077e-19
17.6184,1.5880962603088646e-17,9.067899901844872e-19
17.6209,1.6872152243847208e-17,9.263126579985353e-19
17.6234,1.5072238711199597e-17,8.963651972996275e-19
17.6259,1.6159153588277144e-17,8.895861496046176e-19
17.62841,1.562421582099069e-17,9.503386273971161e-19
17.63091,1.5577390807275828e-17,9.352180706229142e-19
17.63341,1.6786502067301586e-17,8.950839061538117e-19
17.63591,1.4979359694762238e-17,9.536152675285896e-19
17.63842,1.676849991836948e-17,9.342474098878017e-19
17.64092,1.7197853640618657e-17,9.313582705774112e-19
17.64342,1.666048935570461e-17,9.074406539895571e-19
17.64592,1.6449406352010266e-17,8.747914122562353e-19
17.64843,1.6036791996528632e-17,9.016769130389602e-19
17.65093,1.6664567323977722e-17,9.733615253478304e-19
17.65343,1.6864223703642378e-17,9.769063449928397e-19
17.65593,1.712577023516593e-17,9.94019714932012e-19
17.65844,1.565189983139951e-17,9.52399077411373e-19
17.66094,1.6527869802129e-17,8.548029065504226e-19
17.66344,1.7126586404996268e-17,9.425019062027289e-19
17.66594,1.6923672128417098e-17,8.680801364833522e-19
17.66845,1.6027450585759456e-17,9.27133803574411e-19
17.67095,1.6949267424216357e-17,8.591060393943525e-19
17.67345,1.664786060876357e-17,8.677157827684421e-19
17.67595,1.7561709401437098e-17,8.315917751657549e-19
17.67846,1.6579167107368198e-17,8.956940257203934e-19
17.68096,1.67566412874592e-17,8.999693033352537e-19
17.68346,1.7229759308412398e-17,8.391858684412629e-19
17.68596,1.6446885698742805e-17,8.655815082819847e-19
17.68846,1.5186651727001237e-17,8.3130415854841905e-19
17.69097,1.6455428390712217e-17,9.920759922342544e-19
17.69347,1.7303125777193344e-17,9.993162601450845e-19
17.69597,1.56904649303461e-17,9.324791395745286e-19
17.69847,1.81900266458388e-17,9.712968759078456e-19
17.70098,1.7505755015526924e-17,8.779221175103482e-19
17.703,1.5962215540437217e-17,7.980509954815324e-19
17.70348,1.5917630462984182e-17,9.001950077192235e-19
17.70598,1.7018759363461084e-17,9.467019503522365e-19
17.70848,1.4945617542791444e-17,9.128372820705602e-19
17.70901,1.6890394151972846e-17,7.978772631713718e-19
17.71099,1.6237411797472637e-17,8.975375431361966e-19
17.71349,1.56281255559836e-17,9.497616562806277e-19
17.71502,1.68229511155371e-17,8.156967845693424e-19
17.71599,1.6610506007238218e-17,9.34951793853956e-19
17.71849,1.7233711881593868e-17,9.520662643936037e-19
17.721,1.6860576367752758e-17,9.25615406538592e-19
17.72103,1.6762784827040624e-17,7.381874757612209e-19
17.7235,1.6724702913838586e-17,9.435896891864246e-19
17.726,1.8149828403414506e-17,9.437297126784557e-19
17.72705,1.6079133724929402e-17,6.885770469552561e-19
17.7285,1.574885490939701e-17,9.119450420476037e-19
17.73101,1.6538617945708635e-17,9.353566982597154e-19
17.73306,1.609950822155551e-17,7.810039844895562e-19
17.73351,1.6527349928858758e-17,9.724904981246186e-19
17.73601,1.5923007838128848e-17,9.884233606585465e-19
17.73851,1.567030768436045e-17,9.035143942668824e-19
17.73907,1.5108476989267125e-17,7.612940124535309e-19
17.74102,1.6863333168538206e-17,8.815427571226324e-19
17.74352,1.5523084163048618e-17,8.4747539170288465e-19
17.74508,1.5372684959205976e-17,8.168130890165819e-19
17.74602,1.6567503552085458e-17,9.366220894679985e-19
17.74852,1.682729503059973e-17,9.195753271276876e-19
17.75103,1.7021996594539824e-17,8.473836163540605e-19
17.75109,1.4778895657008646e-17,9.422991782382209e-19
17.75353,1.7885746603430108e-17,9.512600573814685e-19
17.75603,1.788985125216858e-17,1.2394065159281837e-18
17.7571,1.6702755679064476e-17,8.24782660542392e-19
17.75853,1.7383519998521748e-17,1.1533074986960736e-18
17.76104,1.6357925932427818e-17,8.779963840228973e-19
17.76311,1.5749616799611458e-17,7.567502887043513e-19
17.76354,1.802177775961032e-17,8.741467785759518e-19
17.76604,1.5912016597267408e-17,9.113431790778141e-19
17.76854,1.5490176502144146e-17,9.16929129061449e-19
17.76912,1.579135696161247e-17,7.280163195450846e-19
17.77105,1.552991846839903e-17,9.504773803998734e-19
17.77355,1.7745397835668637e-17,1.0852369287769594e-18
17.77513,1.5886389828212294e-17,7.369006629921577e-19
17.77605,1.6876209173222653e-17,1.1083230659224138e-18
17.77855,1.626014007774049e-17,1.2298470319765378e-18
17.78106,1.7048629833506966e-17,9.640646957139606e-19
17.78114,1.6571144449027152e-17,7.849076785440433e-19
17.78356,1.5769929656475332e-17,9.717509281322414e-19
17.78606,1.6359148550656758e-17,1.0499034834291671e-18
17.78716,1.6951449445128e-17,8.27033263055024e-19
17.78856,1.7151710312994288e-17,8.934886689635114e-19
17.79106,1.7015089423187196e-17,9.210127028167685e-19
17.79317,1.6572419016566995e-17,8.4029182556708475e-19
17.79357,1.537658022869062e-17,9.4575136272211e-19
17.79607,1.7241616228665062e-17,1.0271837062113916e-18
17.79857,1.6872670005868466e-17,1.0383999642407788e-18
17.79918,1.589900633860472e-17,7.864697674225545e-19
17.80107,1.62355045625853e-17,1.060758782932858e-18
17.80358,1.6465984301997608e-17,1.3777994101627617e-18
17.80519,1.6365689581221196e-17,8.545574857117416e-19
17.80608,1.5955221744108296e-17,1.4360203098604788e-18
17.80858,1.6509378746759384e-17,1.0429654473182562e-18
17.81108,1.669779332931404e-17,9.522402304520137e-19
17.8112,1.6238304151354193e-17,7.477497923918391e-19
17.81359,1.6275409840519442e-17,9.396428209493668e-19
17.81609,1.553029536021695e-17,9.90951008746326e-19
17.81721,1.583342782000369e-17,7.92689661735987e-19
17.81859,1.480695417919232e-17,9.611765620872238e-19
17.82109,1.614855958774679e-17,9.598530746593965e-19
17.82322,1.6715451802521154e-17,8.617019446180396e-19
17.8236,1.6309568087079007e-17,9.544034917156514e-19
17.8261,1.5455035582825033e-17,9.882249880665284e-19
17.8286,1.5751219216427294e-17,9.560850769698294e-19
17.82923,1.681400722726774e-17,9.077141268663972e-19
17.8311,1.5457781004565005e-17,9.43407107938591e-19
17.83361,1.6442988537158826e-17,9.603180693923252e-19
17.83524,1.5658801871060116e-17,7.637126605199796e-19
17.83611,1.5355416822532246e-17,9.804754045013348e-19
17.83861,1.6623330471003154e-17,9.515940428785638e-19
17.84111,1.7230503574358668e-17,1.1021700420862505e-18
17.84126,1.6155165636373388e-17,7.7959710569492605e-19
17.84362,1.613980428764849e-17,1.021489777854371e-18
17.84612,1.5735814855661885e-17,9.691098720923593e-19
17.84727,1.6521730378286348e-17,7.158947370279969e-19
17.84862,1.6246974493544968e-17,9.44343689142664e-19
17.85112,1.6272375757915514e-17,9.851679855841141e-19
17.85328,1.6137721878474158e-17,8.617717175888124e-19
17.85363,1.639820163192504e-17,1.0611596747817793e-18
17.85613,1.7872165147174485e-17,1.0074758752805224e-18
17.85863,1.7116020569022328e-17,1.0401430208865122e-18
17.85929,1.6792718335797046e-17,9.184247265376542e-19
17.86113,1.643757293227511e-17,9.751330925108421e-19
17.86364,1.673944826472526e-17,9.126403206080136e-19
17.8653,1.624809499927071e-17,8.653071832438487e-19
17.86614,1.5729802529844396e-17,9.675986898143497e-19
17.86864,1.7063621194989708e-17,9.444906780081557e-19
17.87114,1.6693078013367486e-17,9.061612680411725e-19
17.87131,1.451633291592166e-17,8.002216207608913e-19
17.87365,1.644375929540382e-17,7.421471398372158e-18
17.87615,1.656761337049323e-17,1.0205020212027277e-18
17.87732,1.54082615084643e-17,7.760037830796177e-19
17.87865,1.6276206210425725e-17,9.502359158065356e-19
17.88115,1.7399799057311957e-17,9.539985747563677e-19
17.88333,1.7922068046730833e-17,8.151650949473447e-19
17.88365,1.6092312205402024e-17,9.765748311808725e-19
17.88616,1.6679581030946798e-17,9.183614880791877e-19
17.88866,1.7423387140451018e-17,9.718194106771894e-19
17.88934,1.6201285154423066e-17,8.07609602561969e-19
17.89116,1.6035100522039217e-17,9.180558790104729e-19
17.89366,1.6232977927536946e-17,9.575693089983729e-19
17.89536,1.7145454722688365e-17,1.2870513448303776e-18
17.89617,1.6490712015033278e-17,9.263005900049733e-19
17.89867,1.675229689554515e-17,1.0462780283580921e-18
17.90117,1.6486801822794693e-17,9.447000886528116e-19
17.90137,1.8351061731461478e-17,1.0185265909480913e-18
17.90367,1.6251398973460576e-17,9.892739924345471e-19
17.90618,1.6960747651363112e-17,1.1009011817403936e-18
17.90738,1.7918621813280178e-17,7.609833051930673e-19
17.90868,1.596094403493509e-17,1.012274858956397e-18
17.91118,1.5633255430590083e-17,9.872059139169777e-19
17.91339,1.6489172835730353e-17,7.555102533196425e-19
17.91368,1.5841559458839378e-17,1.0820633697318565e-18
17.91619,1.6034020748620737e-17,9.547643767486656e-19
17.91869,1.6014688752586977e-17,9.778401499213253e-19
17.9194,1.5707556667051393e-17,8.087517814030621e-19
17.92119,1.5414732164038826e-17,9.979979948964436e-19
17.92369,1.493374294448903e-17,9.300616735326629e-19
17.92541,1.643003528595907e-17,7.659844920173577e-19
17.9262,1.7121609908925486e-17,9.447997177165104e-19
17.9287,1.6522637340538493e-17,9.752838652877557e-19
17.9312,1.5279876178415285e-17,9.725922219613382e-19
17.93142,1.7508845227153125e-17,8.377517460957326e-19
17.9337,1.5868493438483802e-17,9.564855664669836e-19
17.93621,1.7026998343803225e-17,9.780747922131885e-19
17.93743,1.5791469715943302e-17,8.431283818425801e-19
17.93871,1.673223261535441e-17,1.009887849656394e-18
17.94121,1.632590253282246e-17,1.0206522624992677e-18
17.94344,1.6075232908570226e-17,7.8377364870637125e-19
17.94371,1.5355832340378424e-17,9.17545710849222e-19
17.94622,1.625916512741684e-17,9.747395219551614e-19
17.94872,1.562513931128723e-17,9.57973023850162e-19
17.94946,1.6520937633967584e-17,7.611620698305992e-19
17.95122,1.517270671993961e-17,9.538540635018533e-19
17.95372,1.6541253647605598e-17,9.076826402278737e-19
17.95547,1.5273878714539196e-17,7.710111892868943e-19
17.95623,1.547866013681675e-17,9.457050124670928e-19
17.95873,1.6104467789396808e-17,9.544518458118205e-19
17.96123,1.7599562917904892e-17,9.481062348067481e-19
17.96148,1.465395862986767e-17,8.028776092340989e-19
17.96373,1.7887938520615357e-17,9.277433597522949e-19
17.96624,1.562212721250307e-17,1.0416290334967077e-18
17.96749,1.4764775238651605e-17,8.0006629123771325e-19
17.96874,1.6594371406990414e-17,9.455236341195322e-19
17.97124,1.6058032337494905e-17,1.0107900941421273e-18
17.9735,1.627413293953456e-17,8.656027698150311e-19
17.97374,1.740787370927093e-17,9.447221558084533e-19
17.97624,1.5509956849749866e-17,1.0142613083685706e-18
17.97875,1.4048912738045413e-17,9.71468294244473e-19
17.97951,1.549585418345095e-17,7.268317153798324e-19
17.98125,1.5962004624448826e-17,1.00958226666488e-18
17.98552,1.6807298386444166e-17,7.478204278684692e-19
17.99153,1.560893860310071e-17,7.875424054678533e-19
17.99754,1.6527450402621726e-17,7.185905650109719e-19
18.00356,1.6288941823000728e-17,9.081654068369933e-19
18.00957,1.7317278258617864e-17,9.462640333386966e-19
18.01558,1.532824209399191e-17,8.30859932402286e-19
18.02159,1.530317595843188e-17,8.462365704839086e-19
18.0276,1.535509647214375e-17,7.736021985306826e-19
18.03361,1.4833154485746094e-17,8.24509739759011e-19
18.03962,1.443456424492748e-17,7.817130368552777e-19
18.04563,1.6369483607143748e-17,7.503259601817457e-19
18.05164,1.680271701958154e-17,9.196986672966233e-19
18.05766,1.6165377080321598e-17,8.197109975232292e-19
18.06367,1.609493071579263e-17,8.605904397890032e-19
18.06968,1.6308442630779198e-17,8.398318294486786e-19
18.07569,1.6047645798126732e-17,8.266094763984531e-19
18.0817,1.5607580602348306e-17,7.455442389531562e-19
18.08771,1.5439486945251328e-17,8.389005284502006e-19
18.09372,1.7381927443274722e-17,7.774174719774848e-19
18.09973,1.5944925872082946e-17,8.280476872293073e-19
18.10574,1.6104404396063204e-17,7.94525890861677e-19
18.11175,1.5513492776441326e-17,8.419919267448146e-19
18.11777,1.606449786574221e-17,8.941343765821425e-19
18.12378,1.8230508883548176e-17,1.0493627928270038e-18
18.12979,1.7660315485936696e-17,1.2568867770619084e-18
18.1358,1.6127948110786938e-17,9.620355078174989e-19
18.14181,1.3975999790053326e-17,9.77710035866263e-19
18.14782,1.5400783274839956e-17,1.1095464507566528e-18
18.15383,1.5140343784478362e-17,7.470401921993582e-19
18.15984,1.653473055071365e-17,8.591022111780761e-19
18.16585,1.526858599106869e-17,7.896514862284829e-19
18.17187,1.6588639644870706e-17,8.011312286906196e-19
18.17788,1.7498942320939468e-17,8.573748399612136e-19
18.18389,1.6193694553409893e-17,9.075981800903382e-19
18.1899,1.6107982031572506e-17,9.060839706893373e-19
18.19591,1.6598425820025047e-17,8.450159148184281e-19
18.20192,1.7553376470928162e-17,1.0453419966146098e-18
18.20793,1.7204886079370292e-17,8.459273762199813e-19
18.21394,1.7192643236795146e-17,7.405013954060479e-19
18.21995,1.6737800529107233e-17,9.079174630562536e-19
18.22597,1.5098160016358177e-17,8.606701250207069e-19
18.23198,1.681818480246007e-17,8.792356540873186e-19
18.23799,1.6414689017890438e-17,8.633939056926549e-19
18.244,1.516338741100308e-17,1.0728345365026877e-18
18.25001,1.5566906219061444e-17,8.4411207145346225e-19
18.25602,1.5667173879701208e-17,8.207565172363756e-19
18.26203,1.6480218889296247e-17,9.047959634519549e-19
18.26804,1.7197615817223446e-17,8.471613873144552e-19
18.27405,1.6684539046321686e-17,7.699001958109677e-19
18.28007,1.770597222525241e-17,8.613148666801424e-19
18.28608,1.6379918822560865e-17,7.60912171440372e-19
18.29209,1.574046620288287e-17,9.030968967885817e-19
18.2981,1.5005562141141868e-17,8.216004743949309e-19
18.30411,1.621459675378557e-17,8.815672548458115e-19
18.31012,1.602892338758227e-17,8.286083255921349e-19
18.31613,1.614478180988953e-17,8.098716920526468e-19
18.32214,1.6906889072955898e-17,8.69312375218793e-19
18.32815,1.64432176993602e-17,8.244620679109835e-19
18.33417,1.6525479470066223e-17,8.005753308508197e-19
18.34018,1.602097651646681e-17,8.442647203983887e-19
18.34619,1.6488396088801965e-17,7.362390506404875e-19
18.3522,1.6083766662595544e-17,7.646172675837781e-19
18.35821,1.5021365910637073e-17,8.636930392992299e-19
18.36422,1.62170550461757e-17,8.049800426417258e-19
18.37023,1.4646200672854572e-17,8.207848562483844e-19
18.37624,1.5534204674148277e-17,8.565957654474449e-19
18.38225,1.4919952794816034e-17,8.26824561868192e-19
18.38827,1.5168683582410822e-17,9.22228805852806e-19
18.39428,1.6484938019327318e-17,7.961937028660467e-19
18.40029,1.4752439556218807e-17,9.326182588047018e-19
18.4063,1.5609807323401533e-17,7.79534580789671e-19
18.41231,1.619362293444592e-17,7.448379025646485e-19
18.41832,1.6414704028289628e-17,7.403747670745088e-19
18.42433,1.4069765034756998e-17,7.930489181300096e-19
18.43034,1.5217056886366938e-17,9.640765957125653e-19
18.43635,1.6385194285816226e-17,8.210285664646555e-19
18.44236,1.658310251744201e-17,1.084068804447216e-18
18.44838,1.5984469699589234e-17,8.374533337735316e-19
18.45439,1.5784416488320516e-17,7.767942131428485e-19
18.4604,1.6280286186968634e-17,7.854339213343933e-19
18.46641,1.5806480206144426e-17,8.969840194923828e-19
18.47242,1.7422295902682438e-17,8.707625124125384e-19
18.47843,1.5530673486674925e-17,9.982748123923798e-19
18.48444,1.5848292323357163e-17,8.196240096097432e-19
18.49045,1.5072319551438946e-17,8.711859024926971e-19
18.49646,1.4936128828187825e-17,8.007369076793396e-19
18.50248,1.4370347900027678e-17,8.551467329809333e-19
18.50849,1.480764253443243e-17,9.12193261404373e-19
18.5145,1.2921132072448638e-17,8.967349709729916e-19
18.52051,1.2961849242755843e-17,1.0267101212401537e-18
18.52652,1.619312476126129e-17,8.605445324800003e-19
18.53253,1.5428299723498194e-17,7.876424206037674e-19
18.53854,1.5276670057933197e-17,8.640348281273964e-19
18.54455,1.4533830583114108e-17,7.817911689861994e-19
18.55056,1.3995010661284188e-17,8.089720488732607e-19
18.55658,1.5179249907671467e-17,8.759502317094607e-19
18.56259,1.585699805626403e-17,8.69877818494031e-19
18.5686,1.538836947216649e-17,9.00363124109274e-19
18.57461,1.4400234874429085e-17,7.826318557428889e-19
18.58062,1.5086201702872004e-17,9.64971212489391e-19
18.58663,1.5838258424353218e-17,8.002709966278869e-19
18.59264,1.4637059856226832e-17,9.679305467968985e-19
18.59865,1.4669623994092882e-17,1.1346964080638257e-18
18.60466,1.6335620054968925e-17,1.1293723705715534e-18
18.61068,1.6332549405394954e-17,1.0667251837780718e-18
18.61669,1.6161966368503163e-17,1.022753829952742e-18
18.6227,1.6080981061106054e-17,9.65836786952038e-19
18.62871,1.5882402183714285e-17,8.633146936072022e-19
18.63472,1.5270693453252376e-17,9.194331523801829e-19
18.64073,1.7200352619332896e-17,8.882202282521067e-19
18.64674,1.578643867904557e-17,7.906633691571852e-19
18.65275,1.5805822033843166e-17,9.316148174863024e-19
18.65876,1.4169590580467678e-17,7.890407131141876e-19
18.66478,1.5664617045853968e-17,8.69593805381416e-19
18.67079,1.3188068644145565e-17,9.711367247088765e-19
18.6768,1.532921299184649e-17,1.1338030183854825e-18
18.68281,1.5433483740840416e-17,8.228060769049028e-19
18.68882,1.5369388011797138e-17,9.91584221261523e-19
18.69483,1.3433394502632672e-17,8.706560532772886e-19
18.70084,1.4465601223501904e-17,8.247151561009659e-19
18.70685,1.5162862013101782e-17,9.618763244108118e-19
18.71286,1.670584131723698e-17,1.0029578186438969e-18
18.71888,1.5607340746406856e-17,1.0251302856314842e-18
18.72489,1.437802970894457e-17,9.594489632219677e-19
18.7309,1.543574351330653e-17,9.610804085956053e-19
18.73691,1.6288545002091328e-17,1.1843852093309849e-18
18.74292,1.4965222018291062e-17,1.0090565266061846e-18
18.74893,1.5821148131980486e-17,8.584655090892289e-19
18.75494,1.6240861190008655e-17,9.112690244429601e-19
18.76095,1.4660533788202056e-17,9.127135488373501e-19
18.76696,1.3875861161463641e-17,9.447596991547848e-19
18.77297,1.5898749744311824e-17,9.877512996915712e-19
18.77899,1.6777354568829716e-17,9.57806887593878e-19
18.785,1.5923823184332368e-17,8.812108971470991e-19
18.79101,1.521944496893421e-17,9.401736111219491e-19
18.79702,1.4912885822966437e-17,9.759600352691737e-19
18.80303,1.5334892302659697e-17,8.585560252223238e-19
18.80904,1.396080966498533e-17,7.8932954986553655e-19
18.81505,1.4821160961044192e-17,1.035431717601021e-18
18.82106,1.4774448305761376e-17,9.180285358070378e-19
18.82707,1.4017282834486962e-17,1.2526418186950016e-18
18.83309,1.5344120431971873e-17,1.023662902039339e-18
18.8391,1.496994799991991e-17,1.347140000781699e-18
18.84511,1.344893043081688e-17,9.091963170806486e-19
18.85112,1.4205596995710308e-17,9.11661480042817e-19
18.85713,1.593463418646231e-17,1.3680257249106266e-18
18.86314,1.5136280176540648e-17,8.55119515691394e-19
18.86915,1.6475243409740596e-17,9.038484870528689e-19
18.87516,1.4218211099217473e-17,8.858486844806348e-19
18.88117,1.5972232105576594e-17,9.102634023657405e-19
18.88719,1.6112655209608466e-17,1.0226770689913941e-18
18.8932,1.3839445684332524e-17,1.0615379711110609e-18
18.89921,1.524722532700651e-17,9.721316947155443e-19
18.90522,1.4660722025505466e-17,1.0018701273256058e-18
18.91123,1.3388196510669732e-17,1.039296675826391e-18
18.91724,1.5307876514140074e-17,9.5046708898187e-19
18.92325,1.4684173867735286e-17,1.1986889351868957e-18
18.92926,1.3746186769320385e-17,1.0243862830185849e-18
18.93527,1.5457144728563318e-17,9.698174477378596e-19
18.94129,1.5831486799457928e-17,1.1725701392406409e-18
18.9473,1.6560003218204946e-17,1.9400764117797033e-18
18.95331,1.4175501122895372e-17,3.12896091520939e-18
18.95932,1.526742762735666e-17,1.522327829993279e-18
18.96533,1.46946094609022e-17,9.9806784209609e-19
18.97134,1.5013810826875173e-17,1.1369308170938278e-18
18.97735,1.567922179176383e-17,1.0049334991657678e-18
18.98336,1.4647555203634913e-17,1.0411369022797533e-18
18.98937,1.5287387159950546e-17,1.0171249210014645e-18
18.99539,1.5480844408021597e-17,9.625821181128828e-19
19.0014,1.6344791255288488e-17,1.0207501620716769e-18
19.00741,1.6349284453758976e-17,9.719468529273212e-19
19.01342,1.6078803746412153e-17,9.909261762904748e-19
19.01943,1.5489964890353832e-17,1.111103713352337e-18
19.02544,1.483879244316268e-17,9.675116780756377e-19
19.03145,1.4327645686529642e-17,9.467894844996969e-19
19.03746,1.550297475135527e-17,1.0280832206333813e-18
19.04347,1.4601073871334277e-17,1.0534028971106642e-18
19.04949,1.618856903055089e-17,9.70799585753992e-19
19.0555,1.285477543374752e-17,1.027285584246277e-18
19.06151,1.475872617087491e-17,1.0684119495634846e-18
19.06752,1.5543889770771893e-17,1.1568679316330996e-18
19.07353,1.6211468933835985e-17,1.0577226039021005e-18
19.07954,1.6051053712608318e-17,9.83473522709486e-19
19.08555,1.6729465941995238e-17,1.0343276850422482e-18
19.09156,1.5383605776096453e-17,1.0802187248172637e-18
19.09757,1.5173411703006938e-17,9.905832991611801e-19
19.10358,1.4636366067811508e-17,1.020050934389824e-18
19.1096,1.5883133737345696e-17,1.07665937209489e-18
19.11561,1.5845978656953352e-17,1.0007694638403128e-18
19.12162,1.6249718996616334e-17,1.2009254289146366e-18
19.12763,1.5453558702497274e-17,1.1133317372496412e-18
19.13364,1.6662093574169993e-17,1.0963629204874822e-18
19.13965,1.564631712712443e-17,1.1089476295054671e-18
19.14566,1.534579363527496e-17,1.1673016225799484e-18
19.15167,1.5595097355593448e-17,1.058667274048473e-18
19.15768,1.7921640073357486e-17,1.1682231326497877e-18
19.1637,1.8642387654237198e-17,1.1118849026318197e-18
19.16971,1.5164678235365192e-17,1.1052364953313293e-18
19.17572,1.652350440463401e-17,1.1366296518040082e-18
19.18173,1.606505158202949e-17,1.1329637945955702e-18
19.18774,1.6726649494632108e-17,1.2053385441043888e-18
19.19375,1.6677490395191194e-17,1.1533083043738045e-18
19.19976,1.5973448347160006e-17,1.1095211991775044e-18
19.20577,1.4369852256162162e-17,1.125536553921671e-18
19.21178,1.431369661201571e-17,1.6715614979793218e-18
19.2178,1.4794488725427998e-17,1.4272335453232285e-18
19.22381,1.5402336363771368e-17,1.4364889094922117e-18
19.22982,1.4307194164429952e-17,1.219498473021251e-18
19.23583,1.640983979987695e-17,1.1418824819951034e-18
19.24184,1.631614386312117e-17,1.1707129990532221e-18
19.24785,1.575474119298687e-17,1.1424001179894668e-18
19.25386,1.721985803669222e-17,1.1264962877463844e-18
19.25987,1.5023181837224738e-17,1.1792738319941484e-18
19.26588,1.2734569793696796e-17,1.2528926451480224e-18
19.2719,1.5883634663342128e-17,1.2556304725244128e-18
19.27791,1.5894978809540338e-17,1.2324288591609738e-18
19.28392,1.6470732371025516e-17,1.1170127751230149e-18
19.28993,1.5331296402499652e-17,1.1919370394890897e-18
19.29594,1.5746345264281424e-17,1.2138966490728442e-18
19.30195,1.583554185613814e-17,1.249471155562772e-18
19.30796,1.3518081293280295e-17,1.118259681385303e-18
19.31397,1.7354555702081818e-17,1.1988119927700598e-18
19.31998,1.491923738029731e-17,1.0787313743936666e-18
19.326,1.3864854135862557e-17,1.2308123780961525e-18
19.33201,1.3448535946125536e-17,1.128619985664053e-18
19.33802,1.8586604247303577e-17,1.1739391788118477e-18
19.34403,1.7948780606847126e-17,1.1579873802308934e-18
19.35004,1.756216113557949e-17,1.1370229154812906e-18
19.35605,1.6877573813887446e-17,1.196013237408912e-18
19.36206,1.4278552646448218e-17,1.2548204231033844e-18
19.36807,1.6299683137763486e-17,1.2682771380752524e-18
19.37408,1.4605516093568366e-17,1.2336635640338717e-18
19.3801,1.7177401061759575e-17,1.2871381322636798e-18
19.38611,1.7339864067863513e-17,1.2308265107100477e-18
19.39212,1.944923663556174e-17,1.2287535298057786e-18
19.39813,1.9155229720639324e-17,1.248585393570222e-18
19.40414,2.0095022727203378e-17,1.309125886213451e-18
19.41015,1.616883398319591e-17,1.317644019882042e-18
19.41616,1.7970545860421118e-17,1.2295175238646561e-18
19.42217,1.7684808405298422e-17,1.1480025771112817e-18
19.42818,1.5606667300128588e-17,1.137242353565975e-18
19.43419,1.4562061142139013e-17,1.146451054283208e-18
19.44021,1.4566525472844886e-17,1.115247921096348e-18
19.44622,1.596654692273405e-17,1.1638451852190672e-18
19.45223,1.6164459578548918e-17,1.1263907487245584e-18
19.45824,1.451145892956704e-17,1.2368366306147657e-18
19.46425,1.6962260706892617e-17,1.2624617315489949e-18
19.47026,1.4934139869769e-17,1.1696874925319818e-18
19.47627,1.8277247686849613e-17,1.440560086463513e-18
19.48228,1.5720380695356552e-17,1.2484819491434936e-18
19.48829,1.5539591906517737e-17,1.1815772454646034e-18
19.49431,1.3831058354523775e-17,1.1785753521272522e-18
19.50032,1.700290613297511e-17,1.2122363148306091e-18
19.50633,1.609669395202824e-17,1.1855240087166249e-18
19.51234,1.4496259700438024e-17,1.4289066336891742e-18
19.51835,1.5018043139229738e-17,1.2723364474320217e-18
19.52436,1.5751185323227272e-17,1.3001583649840289e-18
19.53037,1.4752090294566593e-17,1.1791200307224341e-18
19.53638,1.594637647141859e-17,1.237000935628118e-18
19.54239,1.6451645008510528e-17,1.3268496351433536e-18
19.54841,1.616830638868531e-17,1.400699267502435e-18
19.55442,1.8104222738896666e-17,1.3635159117807842e-18
19.56043,1.7186071358300754e-17,1.3674074665420437e-18
19.56644,1.6343199828010543e-17,1.940801368013163e-18
19.57245,1.3388802235880226e-17,1.3885285864816421e-18
19.57846,1.4678379937151893e-17,1.2725959323563184e-18
19.58447,1.6086310922917134e-17,1.1812616413527906e-18
19.59048,1.5762955475681958e-17,1.1982498572315396e-18
19.59649,1.5892459388513537e-17,1.2141501056665206e-18
19.60251,1.7203338750306174e-17,1.3176914645326315e-18
19.60852,1.6080248151118093e-17,1.3236967389156765e-18
19.61453,1.6172082668374805e-17,1.396047656887726e-18
19.62054,1.8331880385812244e-17,1.2082751486686022e-18
19.62655,1.575620465203582e-17,1.2657961627007913e-18
19.63256,1.6966567584761832e-17,1.621310929749008e-18
19.63857,1.4850637364973273e-17,1.381301106517164e-18
19.64458,1.982968888766842e-17,1.2827488944132033e-18
19.65059,1.9109991150908922e-17,1.4088656776611141e-18
19.65661,1.4673789940114446e-17,1.4339284203743e-18
19.66262,1.4791449380018838e-17,1.4374429147878158e-18
19.66863,1.3423984633229328e-17,1.4986984561589798e-18
19.67464,1.8184293916871692e-17,1.4094756655523729e-18
19.68065,1.6940031423222174e-17,1.3287746085684425e-18
19.68666,1.651681831218937e-17,1.2172303935741562e-18
19.69267,1.6918044605396728e-17,1.2606136000191684e-18
19.69868,1.727577704388175e-17,1.267405239308218e-18
19.70469,1.6143596021332413e-17,1.4655379130191292e-18
19.71071,1.8000317048078102e-17,1.3321293120988724e-18
19.71672,1.6290550670568616e-17,1.3034753936896642e-18
19.72273,1.5465675756048893e-17,1.3394175746406277e-18
19.72874,1.553512606500215e-17,1.3229076584529893e-18
19.73475,1.6577135254873786e-17,1.3107037229061677e-18
19.74076,1.6912420704877626e-17,1.4454150328874765e-18
19.74677,1.6041302080153778e-17,1.3496491212436393e-18
19.75278,1.609801889050052e-17,1.2989904009350368e-18
19.75879,1.6673145865410272e-17,1.5417392053243053e-18
19.7648,1.4774761338954785e-17,1.2338169276049926e-18
19.77082,1.5056779106111438e-17,1.3971779897630001e-18
19.77683,1.283251834949695e-17,1.553394030571515e-18
19.78284,1.4897920471694933e-17,1.535153415931505e-18
19.78885,1.6150755103698836e-17,1.3145977032496526e-18
19.79486,1.6314867351987436e-17,1.3203746795467094e-18
19.80087,1.6780986705066412e-17,1.352950588613733e-18
19.80688,1.55077826356491e-17,1.474716270832494e-18
19.81289,1.6755293064427846e-17,1.3256370288811472e-18
19.8189,1.540795932106551e-17,1.430674576037126e-18
19.82492,1.4641527895196053e-17,1.4379429642975597e-18
19.83093,1.6868718398289564e-17,1.4176107581669753e-18
19.83694,1.5152477687944408e-17,1.3478583372935396e-18
19.84295,1.4973064008444798e-17,1.3452874734792211e-18
19.84896,1.2796683924826669e-17,1.3070153059713561e-18
19.85497,1.6872324077051684e-17,1.3651662178917817e-18
19.86098,1.3893409720078077e-17,1.3909201404351865e-18
19.86699,1.6113473862639102e-17,1.3876938347832352e-18
19.873,1.6571574437370672e-17,1.4371815292098277e-18
19.87902,1.494764087509469e-17,1.349382202680702e-18
19.88503,1.4552037961088602e-17,1.2229273221012158e-18
19.89104,1.620342867361895e-17,1.4100883021506444e-18
19.89705,1.6303044388661214e-17,1.3177459270000833e-18
19.90306,1.518124683361515e-17,1.5046908866213798e-18
19.90907,1.8026651900265476e-17,2.152082181486434e-18
19.91508,1.7408461421099674e-17,2.0456443232924008e-18
19.92109,1.4576738816612764e-17,1.4289944279869204e-18
19.9271,1.733111845310319e-17,1.4330627561803993e-18
19.93312,1.5866299780235493e-17,1.4489131479116601e-18
19.93913,1.5915334018025046e-17,1.3619362811961989e-18
19.94514,1.804702164710616e-17,1.3630210759887898e-18
19.95115,1.525562603266834e-17,1.298997494520942e-18
19.95716,1.682854289072907e-17,1.2356953791219342e-18
19.96317,1.7117982990393053e-17,1.464253226817357e-18
19.96918,1.3878161302826956e-17,1.3520194251231769e-18
19.97519,1.4636961432637577e-17,1.3393025738323388e-18
19.9812,1.5578567248844897e-17,1.3876242222141117e-18
19.98722,1.8388325848200876e-17,1.386386372529026e-18
19.99323,1.3389874611922458e-17,1.2882130521630433e-18
19.99924,1.4748512435055903e-17,1.2563979143643398e-18
20.00525,1.8066293714904428e-17,1.568421891937301e-18
20.01126,1.5179512346712104e-17,1.2159505199250357e-18
20.01727,1.535390905011237e-17,1.4161114245891313e-18
20.02328,1.4942633077946148e-17,1.36818557521247e-18
20.02929,1.6052252859282818e-17,1.4304347298154177e-18
20.0353,1.538487451483529e-17,1.4614704498764824e-18
20.04132,1.5809872717518373e-17,1.3759461087430329e-18
20.04733,1.7735643447309918e-17,1.332566916699091e-18
20.05334,1.454722549224107e-17,1.2567653992949629e-18
20.05935,1.3312049512090997e-17,1.3318058800121577e-18
20.06536,1.5064417353814883e-17,1.4567140971094057e-18
20.07137,1.4966141792606798e-17,1.3343157740784581e-18
20.07738,1.6741161503469966e-17,1.63818873366782e-18
20.08339,1.6478776384967254e-17,1.9511725244612043e-18
20.0894,1.4845435244693913e-17,2.0715453608534553e-18
20.09541,1.2779846739963554e-17,1.4629995022958696e-18
20.10143,1.5300297322359342e-17,1.4275650199609138e-18
20.10744,1.7246662491813097e-17,1.5203663124774845e-18
20.11345,1.441205377911957e-17,1.403788760939011e-18
20.11946,1.6303355573505105e-17,1.2939438346576264e-18
20.12547,1.1650191646076964e-17,1.446407064123344e-18
20.13148,1.7336746139516646e-17,1.2894949619301589e-18
20.13749,1.4669289652631902e-17,1.6657560776511432e-18
20.1435,1.6538088187766114e-17,1.2775100306390878e-18
20.14951,1.687966080118034e-17,1.3501223536622763e-18
20.15553,1.459541728057297e-17,1.3600497937830464e-18
20.16154,1.7150922392395856e-17,1.2793463609134401e-18
20.16755,1.8377838818264578e-17,1.6100107302047769e-18
20.17356,1.5813516857294618e-17,1.4269586692211896e-18
20.17957,1.432761456263087e-17,1.4031497446758518e-18
20.18558,1.368762919722307e-17,1.3594361671689598e-18
20.19159,1.7876658258229672e-17,1.3516457948919781e-18
20.1976,1.9645206652668588e-17,1.7209401495546797e-18
20.20361,1.4238242816300825e-17,1.3319317910288676e-18
20.20963,1.4662224854567157e-17,1.3647824803103537e-18
20.21564,1.5032911674951318e-17,1.5156632329782949e-18
20.22165,1.6976309182892956e-17,1.5124427256556512e-18
20.22766,1.4540073762343023e-17,1.3915803244863556e-18
20.23367,1.4142591885803686e-17,1.494920689593836e-18
20.23968,1.7751239799456964e-17,1.619902363459206e-18
20.24569,1.3730136050475373e-17,1.4318328159011677e-18
20.2517,1.6803853548940635e-17,1.4840239821657472e-18
20.25771,1.2634598321579025e-17,1.6622764140871332e-18
20.26373,1.4351070000471144e-17,1.493310276164717e-18
20.26974,1.5603159456010676e-17,1.3587818281188153e-18
20.27575,1.486972401378097e-17,1.389535590244778e-18
20.28176,1.6911645125741528e-17,1.4192296778858105e-18
20.28777,1.403501282381825e-17,1.4672110248299305e-18
20.29378,1.5234538597415078e-17,1.4829277521781757e-18
20.29979,1.403663067866613e-17,1.4829075254751444e-18
20.3058,1.7062195371685728e-17,1.5209782251354017e-18
20.31181,1.6978657600611938e-17,1.4442520264720745e-18
20.31783,1.475090019123458e-17,1.4488068715499866e-18
20.32384,1.7582694988478485e-17,1.3913006495041534e-18
20.32985,1.2603932774997009e-17,1.8088727939056386e-18
20.33586,1.5218143540486628e-17,1.5772041466484274e-18
20.34187,1.7707414847145506e-17,1.4241173081273414e-18
20.34788,1.7243852963536298e-17,1.5757112318601197e-18
20.35389,1.3821909453828881e-17,1.5431187388437164e-18
20.3599,1.7913137781946992e-17,1.604564274293605e-18
20.36591,1.575899318584873e-17,1.4758096530738569e-18
20.37193,1.6724615465869513e-17,1.7456303771593062e-18
20.37794,1.3046915041363709e-17,1.629068752859783e-18
20.38395,1.6862457519039416e-17,1.8097472243370275e-18
20.38996,1.530415445753857e-17,1.9896234635359684e-18
20.39597,1.5774124445436486e-17,1.670746089560692e-18
20.40198,1.6187401767835336e-17,1.4389857574923109e-18
20.40799,1.3260364841807397e-17,1.7424692906412962e-18
20.414,1.6130838533234745e-17,1.9270345785692657e-18
20.42001,1.6127169666766444e-17,1.6021763428489671e-18
20.42602,1.7386083035124504e-17,1.5672122262762954e-18
20.43204,1.419965160919365e-17,1.4802199563260661e-18
20.43805,1.4967829408423225e-17,1.6433503906784745e-18
20.44406,1.3794570168801952e-17,1.5453988634721181e-18
20.45007,1.2882887491860553e-17,1.7469608505899785e-18
20.45608,1.4948856812327522e-17,1.5317732635855953e-18
20.46209,1.6720342787204824e-17,1.6295024167572757e-18
20.4681,1.403198618570951e-17,1.7649133765167002e-18
20.47411,1.469306107694024e-17,1.5846157265072653e-18
20.48012,1.6703204539569806e-17,1.763420841998813e-18
20.48614,1.616056451887364e-17,1.6286826804149472e-18
20.49215,1.570594086109948e-17,1.624472590773965e-18
20.49816,1.4914203120030438e-17,1.850184994621525e-18
20.50417,1.881759631803671e-17,1.6242584235328597e-18
20.51018,1.5266241190485555e-17,1.7241678264971693e-18
20.51619,1.257251497451631e-17,1.6142471419849683e-18
20.5222,1.828356598486867e-17,1.545334757494826e-18
20.52821,1.221181440864117e-17,1.7005457835079229e-18
20.53422,1.7584894951611128e-17,1.458495410281291e-18
20.54024,1.3783638383577464e-17,1.536600848479989e-18
20.54625,1.436102188829665e-17,1.5291000588116253e-18
20.55226,1.3217877131754565e-17,1.4885618409761446e-18
20.55827,1.476052496482803e-17,1.7211070420860828e-18
20.56428,1.1138315306466424e-17,1.5644068788556138e-18
20.57029,1.3989519273257688e-17,1.4705802527999284e-18
20.5763,1.7128755609019354e-17,1.4568161309531277e-18
20.58231,1.5696773179293142e-17,1.419844184164343e-18
20.58832,1.4001298206574168e-17,1.6995975982413445e-18
20.59434,1.3323811923683205e-17,1.7416087537548662e-18
20.60035,1.6957680810183992e-17,1.6295735070001433e-18
20.60636,1.1872984592429973e-17,1.6032715386171333e-18
20.61237,1.2195870369550646e-17,1.513114406069731e-18
20.61838,1.3626303065871009e-17,1.803925466300181e-18
20.62439,1.3745394304898659e-17,1.7498889132955e-18
20.6304,1.6229656213514848e-17,1.4882233353247809e-18
20.63641,1.367160442972405e-17,1.7436714676599853e-18
20.64242,1.422263032390851e-17,1.48700676096923e-18
20.64844,1.677274477731029e-17,1.609741092346175e-18
20.65445,1.3705329023934621e-17,1.6745957702565133e-18
20.66046,1.7278774182356847e-17,1.6550315049285513e-18
20.66647,1.1886555429805958e-17,2.0889168210313856e-18
20.67248,1.397169878826991e-17,1.6438906215213598e-18
20.67849,1.5284336151417798e-17,1.5793053351216349e-18
20.6845,1.2725643947215122e-17,1.7165388445364588e-18
20.69051,1.3530694232522725e-17,1.6945311377896964e-18
20.693,1.7441259360069425e-17,1.6908511565900391e-18
20.69652,1.458812953677868e-17,2.0722450351729712e-18
20.69901,2.0179683430528726e-17,1.6149532675870874e-18
20.70253,1.3992679396180624e-17,1.5491019963265372e-18
20.70502,1.5641927142282574e-17,1.5225684683424998e-18
20.70855,1.544417990357474e-17,1.5896168526513626e-18
20.71103,1.0646005585525584e-17,1.4901376894212745e-18
20.71456,1.3646708003612817e-17,1.6758213105562273e-18
20.71704,1.515723271202583e-17,1.5447493208562884e-18
20.72057,1.3905963078394338e-17,1.4117269650991152e-18
20.72305,1.3656201147562796e-17,1.549730807743777e-18
20.72658,1.3394409968008097e-17,1.7265989629131677e-18
20.72906,1.523844951918027e-17,1.5204071806486817e-18
20.73259,1.6906540699953428e-17,1.5423240537828865e-18
20.73507,1.4829284488973494e-17,1.6493336236322904e-18
20.7386,1.5945378508205158e-17,1.5272117350223796e-18
20.74108,1.2107692629843097e-17,1.5805721043717837e-18
20.74461,1.2739776407271489e-17,1.668419435049215e-18
20.74709,1.335130038929472e-17,1.7640718607264646e-18
20.75062,1.7194486358111028e-17,1.4925029228097351e-18
20.7531,1.5406974299728328e-17,1.5752409406083892e-18
20.75663,1.519393339163984e-17,1.649398398035842e-18
20.75911,1.5786710101052765e-17,1.6815101892621152e-18
20.76265,1.5204553692124094e-17,1.6759822235845342e-18
20.76511,1.563655740040369e-17,1.7042594044313864e-18
20.76866,1.6799043830252613e-17,1.5197062762644909e-18
20.77112,1.566587374974659e-17,1.610174386750162e-18
20.77467,1.2888261180726645e-17,1.6539660401588669e-18
20.77713,1.694983845225441e-17,1.684352955829996e-18
20.78068,1.5677106225998386e-17,1.6029076031027172e-18
20.78314,1.926398667767872e-17,1.802790221863052e-18
20.78669,1.9633374627942697e-17,1.923621703241586e-18
20.78915,1.5007456991527262e-17,1.6798092945980289e-18
20.7927,1.547727713967808e-17,2.001222752467105e-18
20.79516,1.4225570610492547e-17,1.7105395160066885e-18
20.79871,1.3328003602457916e-17,1.7531128845761844e-18
20.80117,1.279032562179754e-17,1.894265060906581e-18
20.80472,1.3765849359316733e-17,2.1817979488348372e-18
20.80718,1.600326690148642e-17,1.8285701126218258e-18
20.81073,1.0479837885982752e-17,1.8316682382262777e-18
20.81319,1.814083451673346e-17,1.8874176495476012e-18
20.81675,1.6334382115553394e-17,1.7136835310909707e-18
20.8192,1.829142250971217e-17,1.7132718957006957e-18
20.82276,1.7298466245998812e-17,2.1322075001817653e-18
20.82521,1.3799032878867909e-17,1.7253509935285504e-18
20.82877,1.5425999967386078e-17,1.8508283920788263e-18
20.83122,1.399276250568055e-17,1.8071515865796053e-18
20.83478,1.4966890948919044e-17,1.5280487440051646e-18
20.83723,1.6082220126589793e-17,2.013717469207141e-18
20.84079,1.374790726674813e-17,2.02113447516048e-18
20.84324,1.5919069942681332e-17,1.5997282065602546e-18
20.8468,1.4821365876726406e-17,1.7793044496420356e-18
20.84925,1.4083999290374768e-17,1.8668211576973333e-18
20.85281,1.7602827095572986e-17,1.7439174549380884e-18
20.85526,1.547017143571163e-17,1.6848494106883376e-18
20.85882,1.637921888727693e-17,1.7196246473614932e-18
20.86127,1.47395207308102e-17,1.6948485630908912e-18
20.86483,1.4792670912734238e-17,1.5157379174959348e-18
20.86728,1.4239771213122946e-17,1.5969267773975597e-18
20.87085,1.6269545786147026e-17,1.7552471288733706e-18
20.87329,1.2226599143582348e-17,1.769756989665418e-18
20.87686,1.5895372332912106e-17,1.8207377958385274e-18
20.8793,1.655875852886743e-17,1.773981718512585e-18
20.88287,2.010711190496197e-17,1.5589077281514756e-18
20.8853,1.5247809318006878e-17,1.6891565594255525e-18
20.88888,1.5695399502392772e-17,1.9363388401604426e-18
20.89131,1.4190857901077258e-17,1.7122775575550797e-18
20.89489,1.4959151530597842e-17,1.6425344740045357e-18
20.89732,1.987817867164314e-17,1.886785716702849e-18
20.9009,1.5932245607879466e-17,1.6515495367540549e-18
20.90333,1.7230650912308702e-17,1.7169177123242785e-18
20.90691,1.614894991364127e-17,1.5219537274860693e-18
20.90934,1.1617776602953733e-17,1.9501146828795864e-18
20.91292,1.2794313814261009e-17,1.719462653906984e-18
20.91535,1.9721188904930838e-17,2.226122851286976e-18
20.91893,1.3715359769367186e-17,1.6693263767695792e-18
20.92136,1.603111670546331e-17,1.962873141718404e-18
20.92495,1.4325932275156543e-17,1.6377744382400164e-18
20.92737,1.3191987600176236e-17,1.8769330258352298e-18
20.93096,1.6387102863183124e-17,1.617787046688913e-18
20.93338,1.291482250851124e-17,2.1057459991992644e-18
20.93697,1.5375017836359998e-17,1.9493709219454083e-18
20.93939,1.6038801049543046e-17,2.122436676231062e-18
20.94298,1.9713759624065108e-17,1.761109381961929e-18
20.9454,1.7085124439696024e-17,1.837078008503691e-18
20.94899,1.5025351338569373e-17,1.9998901831250993e-18
20.95141,1.4208788200123092e-17,1.8523474392874533e-18
20.955,1.3770450759756305e-17,1.8471860739444855e-18
20.95742,1.509841745637972e-17,1.955452720595997e-18
20.96343,1.4575750392525278e-17,1.943351226228232e-18
20.96944,1.4638080701529578e-17,1.8825623764904768e-18
20.97545,1.3400469588028368e-17,1.7888255431590392e-18
20.98146,1.3948075447185398e-17,1.841815249909237e-18
20.98747,1.915966503421627e-17,1.781372976865817e-18
20.99348,1.591007862313461e-17,1.983988005244875e-18
20.99949,1.7310698772793188e-17,1.9545966855926256e-18
21.00549,1.6254817258632303e-17,1.8858972769432757e-18
21.0115,1.9809632785875618e-17,1.819935721226412e-18
21.01751,1.4141481783527302e-17,1.7894826616403598e-18
21.02352,1.6481447034615937e-17,1.6783859361290465e-18
21.02953,1.465228366945075e-17,1.7314920371334936e-18
21.03554,1.7005747868774948e-17,1.8062470630549404e-18
21.04155,1.537298875830567e-17,1.7117500509176794e-18
21.04756,1.3569804713293968e-17,1.833978123460034e-18
21.05357,1.394570946680738e-17,1.812844255657034e-18
21.05958,1.4280158444713042e-17,1.7694967602208256e-18
21.06559,1.972744835565777e-17,1.910312938226515e-18
21.0716,1.618232005487179e-17,1.7099105367313944e-18
21.07761,1.8241294630432544e-17,1.773670024191568e-18
21.08362,1.5849570057579997e-17,1.7865738360689394e-18
21.08963,1.8024604722281985e-17,2.0633466946674737e-18
21.09564,1.8079610743771408e-17,2.0721016352033185e-18
21.10165,1.5712229654019066e-17,1.9515959380020018e-18
21.10766,1.7349263056118932e-17,2.081107630309682e-18
21.11367,1.175417042420801e-17,1.915212573681516e-18
21.11968,1.7729554612198506e-17,1.9413267798712007e-18
21.12569,1.587440225754585e-17,2.018436070961373e-18
21.13169,1.8656204428635504e-17,2.2715513555664674e-18
21.1377,1.3308388038261685e-17,1.899333844719151e-18
21.14371,1.5257148260824844e-17,2.0468994899581648e-18
21.14972,2.2193641164627048e-17,2.5707095839457405e-18
21.15573,1.9270394057787693e-17,2.599747487467466e-18
21.16174,1.6055626976283104e-17,1.970571700620854e-18
21.16775,1.820633332143306e-17,1.8422374967564962e-18
21.17376,1.6847365436602302e-17,1.8424287861994092e-18
21.17977,1.7970378298403764e-17,1.953316577416196e-18
21.18578,1.5964669584830408e-17,1.9218010383720325e-18
21.19179,1.8746353481456312e-17,1.883503158202828e-18
21.1978,1.416062680195547e-17,2.1366015868826236e-18
21.20381,1.8042058606342853e-17,1.8038363047608097e-18
21.20982,1.8454285530317467e-17,1.790186671241178e-18
21.21583,1.3851505279420607e-17,1.759956258315984e-18
21.22184,1.8543340780186302e-17,1.7935323221109026e-18
21.22785,2.0957006470464164e-17,1.8980753314026062e-18
21.23386,2.1480897911277408e-17,1.9858537874685378e-18
21.23987,1.9962022421004305e-17,2.1402438544738796e-18
21.24588,1.588269179017492e-17,2.0833492965654386e-18
21.25188,1.801935863201542e-17,2.1102889458697308e-18
21.25789,1.863394510619596e-17,2.1293002828740578e-18
21.2639,1.5390831204120016e-17,2.0767537505805745e-18
21.26991,1.5596641838478215e-17,2.3913180489020512e-18
21.27592,1.6682663799112525e-17,2.0941835456838825e-18
21.28193,1.8780862623840496e-17,2.3010540034643148e-18
21.28794,1.9867943714280708e-17,2.3634336397159213e-18
21.29395,1.2694080292561433e-17,2.015974526844915e-18
21.29996,1.5961776398970865e-17,2.1122042615830385e-18
21.30597,1.5901929293718926e-17,2.0867292655738933e-18
21.31198,2.2739309997930906e-17,2.180369905940742e-18
21.31799,1.817019147647687e-17,3.0973287424126333e-18
21.324,1.5730212202711886e-17,2.0152561231902e-18
21.33001,2.0552467515175193e-17,1.967155836692397e-18
21.33602,1.8931368044343296e-17,1.9228999763194164e-18
21.34203,2.0176960118687316e-17,1.8727109253950007e-18
21.34804,1.9056850387281384e-17,1.9677256878287863e-18
21.35405,1.7092545059015786e-17,2.2760670359761107e-18
21.36006,1.3889915718637265e-17,2.3763496209778132e-18
21.36607,1.877611898396291e-17,2.0391034099238093e-18
21.37208,1.8196013752060186e-17,1.9437234010586833e-18
21.37808,2.015533822659861e-17,1.9786558827992624e-18
21.38409,1.6930695445132586e-17,1.9180060476768367e-18
21.3901,1.7725024474478564e-17,1.9962218026537884e-18
21.39611,2.2717622485469702e-17,2.0227270826502913e-18
21.40212,1.390831121432126e-17,1.9642097076214733e-18
21.40813,1.4517003124937686e-17,2.135235230794979e-18
21.41414,1.3947472408961078e-17,2.5323383122062162e-18
21.42015,1.4060165850902808e-17,2.129914811128095e-18
21.42616,1.4747460383922317e-17,2.091866770055299e-18
21.43217,1.7863694727655386e-17,2.2754672409076194e-18
21.43818,1.6658925803144146e-17,2.120771080008376e-18
21.44419,1.9770842818769147e-17,2.4417748239988357e-18
21.4502,2.2902546132598852e-17,2.165124170424369e-18
21.45621,1.5332422599765882e-17,2.2139060334188227e-18
21.46222,1.8258872262235218e-17,2.477181565874152e-18
21.46823,1.7111728314796528e-17,2.1801964695116287e-18
21.47424,1.8749680193083708e-17,2.016490510420234e-18
21.48025,1.3773918545036514e-17,2.2852611311875002e-18
21.48626,1.684846486374692e-17,1.955609172652807e-18
21.49227,2.1846948760480718e-17,2.1678944704922833e-18
21.49827,1.700850527653587e-17,1.9418687376905292e-18
21.50428,1.905699372362423e-17,2.026650321542646e-18
21.51029,1.8649250112235858e-17,2.112166790677016e-18
21.5163,1.5387925235663598e-17,2.1148560967515418e-18
21.52231,1.9216860264394657e-17,1.9676904876122575e-18
21.52832,1.3162857861807408e-17,2.225220802010222e-18
21.53433,1.6374945973873296e-17,2.1301241683660805e-18
21.54034,1.7076839996882518e-17,2.033822798155256e-18
21.54635,2.137595315596108e-17,2.113738915454978e-18
21.55236,1.577130388509845e-17,2.0242116889620893e-18
21.55837,1.1993756954349305e-17,2.128809136027613e-18
21.56438,1.622231153734931e-17,2.129273667953302e-18
21.57039,1.8376322671357246e-17,2.056851351007183e-18
21.5764,1.657829445154108e-17,2.0503893928258666e-18
21.58241,1.998523291698933e-17,2.260668057743525e-18
21.58842,1.920611757722488e-17,1.994728090181716e-18
21.59443,1.827808831619823e-17,2.2434591582417536e-18
21.60044,1.597979113230017e-17,2.1804931733763085e-18
21.60645,1.2718644434751467e-17,2.0030458015824464e-18
21.61246,1.6023928673811473e-17,2.3633937694547625e-18
21.61846,1.3368853904587998e-17,2.420098844382829e-18
21.62447,1.640511492957868e-17,2.1435738438369137e-18
21.63048,1.2277275954787572e-17,2.165282929154666e-18
21.63649,1.9280039667772393e-17,2.1645133461288924e-18
21.6425,1.7248300072650106e-17,2.2870478116348077e-18
21.64851,1.8860192789175604e-17,2.0749282186400343e-18
21.65452,1.7500991833173958e-17,2.124681604306973e-18
21.66053,1.0603389145163986e-17,2.050060350513701e-18
21.66654,1.5474333846098463e-17,2.3177445326734356e-18
21.67255,1.523515115156917e-17,2.071500102783622e-18
21.67856,1.7764274446616172e-17,1.9649794136966136e-18
21.68457,1.6630680651963592e-17,2.069147911940078e-18
21.69058,1.8705705492904202e-17,1.875429274761597e-18
21.69659,2.2041253596286766e-17,2.034563527283111e-18
21.7026,1.955612036881476e-17,2.0210078839837306e-18
21.70861,1.7867012592606465e-17,2.228251645101389e-18
21.71462,1.7738693456125746e-17,1.918339330722389e-18
21.72063,1.7905133375618252e-17,2.0362451019651592e-18
21.72664,1.5525462026273385e-17,2.1991730831091556e-18
21.73265,1.6361320431001636e-17,2.0138368349928232e-18
21.73866,1.8743926575254564e-17,2.1733148827744458e-18
21.74466,1.6022321663188385e-17,2.1148520633550522e-18
21.75067,1.649160983127615e-17,2.4997976523546985e-18
21.75668,1.4173964950238067e-17,2.08993893166662e-18
21.76269,1.6330928872348762e-17,2.26416859526902e-18
21.7687,1.4182497750083116e-17,2.3919922397856637e-18
21.77471,1.5176988866190026e-17,2.307982842103109e-18
21.78072,1.8104042560316878e-17,2.3446323268274007e-18
21.78673,1.6354247098770478e-17,2.2688140972203372e-18
21.79274,1.4614980474552314e-17,2.231470627443734e-18
21.79875,1.948579431570397e-17,2.4124262441493425e-18
21.80476,1.1864572309906326e-17,2.3396529469710953e-18
21.81077,6.0662169360341376e-18,2.289386380187553e-18
21.81678,1.8654751178771102e-17,2.8277520409867983e-18
21.82279,1.3135674229276515e-17,2.2835282558329553e-18
21.8288,1.5331814653947488e-17,2.1958490108388628e-18
21.83481,1.9039632441609128e-17,2.846653942368254e-18
21.84082,1.2888717346425839e-17,2.166801575066092e-18
21.84683,1.736153650763345e-17,2.2377898100302728e-18
21.85284,1.1627276265450743e-17,2.6604435386427382e-18
21.85885,1.4377219901309412e-17,2.0785966990521937e-18
21.86485,1.805228902613126e-17,2.2183589598947658e-18
21.87086,1.7649370517943012e-17,2.0050971617156653e-18
21.87687,1.7679379061313093e-17,1.970093687615847e-18
21.88288,1.8802184837594737e-17,2.1185615632515587e-18
21.88889,1.2240497957144409e-17,2.1479695673077863e-18
21.8949,1.6397491890715398e-17,2.1339188441388135e-18
21.90091,1.3915939026803974e-17,2.142006189389597e-18
21.90692,1.1222595548089807e-17,2.3108303736190632e-18
21.91293,1.6739453681795947e-17,2.421615026551353e-18
21.91894,1.7642725754869065e-17,2.2041686427903745e-18
21.92495,1.7320570544225018e-17,2.2608558006904962e-18
21.93096,1.8669893891292726e-17,2.171919037473332e-18
21.93697,1.7019255342775812e-17,2.359862190853513e-18
21.94298,1.1475839061311944e-17,2.4600249273108696e-18
21.94899,1.0941764718754832e-17,2.4326859572182378e-18
21.955,1.8624898542361848e-17,2.7785771022546897e-18
21.96101,1.6945546999925406e-17,2.49759124594484e-18
21.96702,1.2412768000224695e-17,2.6762136410029673e-18
21.97303,1.1662970206038597e-17,2.5637512104712244e-18
21.97904,1.1199155273876823e-17,2.776467518425271e-18
21.98504,1.3438497209329533e-17,2.535084067979652e-18
21.99105,1.4818428233560846e-17,2.526741133697826e-18
21.99706,1.2920898096093838e-17,2.3804198523603586e-18
22.00307,1.293420329781292e-17,2.2384957839842197e-18
22.00908,1.926254366653662e-17,2.795484459369002e-18
22.01509,1.466601943048645e-17,2.1943775217515124e-18
22.0211,1.9594545432075754e-17,2.182399024283295e-18
22.02711,1.5716859420940296e-17,2.5627364139885666e-18
22.03312,1.9443210636421602e-17,2.4528601481072207e-18
22.03913,1.6825484372617893e-17,2.1262834309498028e-18
22.04514,1.8547417997126945e-17,2.522196657843656e-18
22.05115,1.4125573696731157e-17,2.1601683001966245e-18
22.05716,1.9260056336892505e-17,2.280621379609113e-18
22.06317,2.1138447151879413e-17,2.2758297768174898e-18
22.06918,1.6893943540832148e-17,2.285267404680675e-18
22.07519,2.1972743689121818e-17,2.2816682194241924e-18
22.0812,1.4563352343542434e-17,2.947287919144845e-18
22.08721,1.208039337557818e-17,2.891654237917626e-18
22.09322,7.443323326478058e-18,2.2683062112150424e-18
22.09923,1.989058479547912e-17,2.7023830049785064e-18
22.10524,1.1502377499913201e-17,2.7284823500308083e-18
22.11124,1.6527382936780876e-17,2.9671925844248413e-18
22.11725,1.7729732315503608e-17,2.774095289926099e-18
22.12326,1.3320923222143783e-17,2.4131417393594404e-18
22.12927,2.2889172902282252e-17,2.7394629295072977e-18
22.13528,1.4702374408145638e-17,2.9638771503587337e-18
22.14129,1.488453762598538e-17,2.4664531242287015e-18
22.1473,2.4401670455182693e-17,2.5722600013366313e-18
22.15331,1.6756991644262828e-17,2.3496954119682924e-18
22.15932,1.5013638169265636e-17,2.2697810020052063e-18
22.16533,2.220793845997449e-17,2.4284000588526833e-18
22.17134,1.3770371123339782e-17,2.351276922811648e-18
22.17735,1.2162569444539256e-17,2.118182478234409e-18
22.18336,1.4380138894232538e-17,2.1917592298513716e-18
22.18937,1.1137475200549117e-17,2.7995339957088127e-18
22.19538,1.2822992171739057e-17,3.128638463888515e-18
22.20139,1.2071340426364602e-17,2.1062880566744077e-18
22.2074,1.1873336509939736e-17,2.6094745497589473e-18
22.21341,2.0826409657939274e-17,2.299733097459576e-18
22.21942,1.2216053946707517e-17,2.3734091957301905e-18
22.22543,1.259272658491704e-17,2.35512775943538e-18
22.23143,1.3991122447349086e-17,2.4092826129134932e-18
22.23744,1.9246555509015472e-17,2.2404257871242058e-18
22.24345,2.1083571403846778e-17,2.4996506083221873e-18
22.24946,1.0897215908163879e-17,2.5053830052066514e-18
22.25547,2.3313026729107874e-17,2.689474086117983e-18
22.26148,1.658534604266055e-17,2.8707366805493906e-18
22.26749,1.447074601943594e-17,2.4766355572409082e-18
22.2735,1.3499709679276823e-17,3.169843022399131e-18
22.27951,1.283517939488709e-17,3.73536226882757e-18
22.28552,1.3406093199430665e-17,2.4587523766216037e-18
22.29153,2.26494485442058e-17,2.8298793611335306e-18
22.29754,1.276930236115142e-17,2.9704615696367423e-18
22.30355,1.8065932524945658e-17,2.551563635470403e-18
22.30956,1.3316240785998923e-17,2.705581315897649e-18
22.31557,1.807630154636729e-17,2.8594894131044593e-18
22.32158,2.651562237202929e-17,2.4115046140446427e-18
22.32759,1.2365697739682255e-17,2.6031447811533853e-18
22.3336,1.4193269210151338e-17,2.486838327394955e-18
22.33961,1.9688277842351136e-17,2.537114669441814e-18
22.34562,1.9197574425966776e-17,2.2830268705577554e-18
22.35162,1.5479674610041302e-17,2.494739393547552e-18
22.35763,1.136530919202312e-17,2.3018392489271392e-18
22.36364,2.04984700223033e-17,2.1856514928577312e-18
22.36965,1.4972203039291246e-17,2.401602934004439e-18
22.37566,1.27859189194818e-17,2.3605948836042804e-18
22.38167,2.2373257087300332e-17,2.402106426311044e-18
22.38768,1.2743940246690224e-17,2.6897400953533856e-18
22.39369,1.725334773480069e-17,2.4481700520665706e-18
22.3997,1.844448557698395e-17,2.7756313649487322e-18
22.40571,9.137553661463856e-18,3.1711716933070104e-18
22.41172,1.5933311019323386e-17,2.3383383714799644e-18
22.41773,2.1525453187008104e-17,2.6143270566562883e-18
22.42374,1.2126278941957355e-17,3.2325072063965657e-18
22.42975,1.8480033573450338e-17,2.575383909825567e-18
22.43576,1.8319500627241202e-17,2.3872777126632404e-18
22.44177,1.1175111612840554e-17,2.4957147918741946e-18
22.44778,1.42110038557715e-17,5.6724764830388784e-18
22.45379,2.0279233601341297e-17,2.6450854409951472e-18
22.4598,2.462755437791481e-17,2.983926177201868e-18
22.46581,1.4484912927229662e-17,2.862140588972217e-18
22.47182,2.1544026106412518e-17,2.7190233487999794e-18
22.47782,1.4536812823208114e-17,2.793024328092911e-18
22.48383,1.0488694394611906e-17,2.6307004908077682e-18
22.48984,1.5156062884171332e-17,2.7408949078530886e-18
22.49585,1.1369389139479897e-17,3.0446958424788813e-18
22.50186,1.8313468415812898e-17,2.6382712330193613e-18
22.50787,1.6715389870401402e-17,2.546346268338799e-18
22.51388,1.3346762364932365e-17,3.0034297651773247e-18
22.51989,1.799479815000375e-17,2.433490378971728e-18
22.5259,1.8159739688480258e-17,2.4390432769887978e-18
22.53191,1.4375336041228902e-17,2.8487154849684972e-18
22.53792,1.990481182267053e-17,2.3346653726754743e-18
22.54393,1.4334017115714756e-17,2.447618465838139e-18
22.54994,1.7101865198273058e-17,2.7666881371854677e-18
22.55595,1.8390779598302302e-17,2.455092055282152e-18
22.56196,2.0693040912926993e-17,2.3417270729004265e-18
22.56797,1.4181312161251468e-17,2.7966272005989617e-18
22.57398,1.4347747398675008e-17,2.4566242873098546e-18
22.57999,2.569762974900061e-17,2.62088199957001e-18
22.586,2.0884150573448308e-17,3.2307696239667187e-18
22.59201,1.80409454878409e-17,2.812734198306578e-18
22.59801,1.519046794336661e-17,2.7099409341941964e-18
22.60402,1.7365937407551594e-17,3.244988556179183e-18
22.61003,1.0465916016741533e-17,2.749295314068388e-18
22.61604,2.440420924672275e-17,2.8640230455245283e-18
22.62205,2.455575628729302e-17,3.400013587125773e-18
22.62806,1.2891957406334621e-17,3.2730487412055305e-18
22.63407,3.100144718047786e-17,2.861316424378859e-18
22.64008,1.7035284386579773e-17,3.1917890458850546e-18
22.64609,1.7357508261001908e-17,2.9184834907037733e-18
22.6521,2.172559796825747e-17,2.992995821586321e-18
22.65811,2.639422529745501e-17,2.7501919744463184e-18
22.66412,1.7027239712095365e-17,2.718960603869274e-18
22.67013,2.7382100175145306e-17,2.974667408679763e-18
22.67614,2.1853016044939625e-17,2.5393347349461843e-18
22.68215,1.7914731728885198e-17,2.851218100641773e-18
22.68816,1.6988822837656718e-17,2.8958771596179012e-18
22.69417,1.5046573880013078e-17,2.4556539800117885e-18
22.70018,1.472061174119671e-17,2.5542014951881325e-18
22.70619,2.0766788836850977e-17,2.6497738613027044e-18
22.7122,1.6681778656553458e-17,2.8766983883077843e-18
22.7182,1.6154522946778868e-17,2.9502632235264546e-18
22.72421,1.449316717414385e-17,2.4785027741264697e-18
22.73022,1.5917952661981013e-17,2.462592799198968e-18
22.73623,1.0994350417746956e-17,2.8766170588152642e-18
22.74224,1.1197975164327493e-17,3.047781220891122e-18
22.74825,2.737551148400283e-17,2.6043310463541578e-18
22.75426,1.3590477643580194e-17,2.8116701033298284e-18
22.76027,7.180832516195758e-18,2.4808862212382233e-18
22.76628,1.3639089030878537e-17,2.447503466899121e-18
22.77229,1.580228956475993e-17,3.0361921899226823e-18
22.7783,1.6536525260254254e-17,2.793363955765779e-18
22.78431,1.6963804715737068e-17,2.9327325877370407e-18
22.79032,1.0505405299398384e-17,3.518605179901114e-18
22.79633,1.6938582762175774e-17,2.9872504982344104e-18
22.80234,2.7615104514195215e-17,3.293706791294334e-18
22.80835,2.521056135438111e-17,3.3741139875140472e-18
22.81436,1.4063206147769022e-17,3.1649975350096063e-18
22.82037,2.4065385741983426e-17,2.7613206216555512e-18
22.82638,1.2794340386356432e-17,3.408990387211333e-18
22.83239,8.3034519748401e-18,2.9788484993042186e-18
22.8384,1.934056758437077e-17,3.2721539033619687e-18
22.8444,1.3632529201407583e-17,3.2710341596968997e-18
22.85041,1.5082358128357186e-17,3.1913225049233224e-18
22.85642,1.9097304708955892e-17,2.9019849362602542e-18
22.86243,1.9982828419196996e-17,3.0465356958634353e-18
22.86844,1.873100878469326e-17,3.0082513681366987e-18
22.87445,1.5600362741253118e-17,2.6480049502138677e-18
22.88046,2.0418544614445857e-17,2.743168523572484e-18
22.88647,1.54826130651639e-17,2.84166497599217e-18
22.89248,1.6919273089165618e-17,2.7075416860636653e-18
22.89849,1.635380879958075e-17,2.6508409898124586e-18
22.9045,1.598000473922762e-17,3.1163890116199618e-18
22.91051,1.5988428615428953e-17,2.692513321505866e-18
22.91652,1.76447166878463e-17,3.0416222313387307e-18
22.92253,1.6136646506148845e-17,3.027460699604776e-18
22.92854,7.935684277825479e-18,3.017963959692717e-18
22.93455,1.1503328457541696e-17,2.840812686825356e-18
22.94056,9.697473441939508e-18,3.452451623226474e-18
22.94657,1.3396682326951809e-17,3.3367616110036842e-18
22.95258,1.999790168088587e-17,2.865290674852558e-18
22.95859,2.9863024203117264e-17,4.0412309717551766e-18
22.96459,1.2428674931982965e-17,4.5052442671719035e-18
22.9706,1.952289796315999e-17,3.693329591660902e-18
22.97661,1.0712508594575679e-17,3.1344100891542856e-18
22.98262,1.157497805552944e-17,3.9330531120267636e-18
22.98863,2.026116603896225e-17,3.3198504177357585e-18
22.99464,1.4946573522367116e-17,3.580125072688997e-18
23.00065,3.1664488609710103e-17,3.4414858000138832e-18
23.00666,1.7125638059837726e-17,3.005839600392765e-18
23.01267,2.1680697698953148e-17,3.0388729821007204e-18
23.01868,2.7192186121221257e-17,4.057002773026999e-18
23.02469,1.2496289194969135e-17,3.6472847508318546e-18
23.0307,1.7245564664859557e-17,3.1630354105176826e-18
23.03671,2.5138300970406674e-17,4.168538285224632e-18
23.04272,1.162555045510987e-17,3.4677011219515357e-18
23.04873,1.7837350067584324e-17,3.091952460767784e-18
23.05474,1.6106704356951642e-17,3.542448844352859e-18
23.06075,1.8233139849801248e-17,3.1816218703519976e-18
23.06676,1.887970805279339e-17,2.9280272989569176e-18
23.07277,7.821738461534108e-18,3.3539566461392526e-18
23.07878,1.002382051621757e-17,3.463967861404438e-18
23.08479,1.8779167393949212e-17,3.1413783495998884e-18
23.09079,1.8477622826040597e-17,2.9827533855755917e-18
23.0968,1.1542855947676801e-17,3.1003299368883022e-18
23.10281,1.6200825516992372e-17,3.137670066938075e-18
23.10882,9.657354276136014e-18,3.1842980750861736e-18
23.11483,1.2262390764141589e-17,4.217175138335898e-18
23.12084,2.235883552663161e-17,2.9021240749503837e-18
23.12685,2.171762697071089e-17,2.8061059138755593e-18
23.13286,1.9103845598099858e-17,3.30820426284552e-18
23.13887,2.0615809029005948e-17,2.8617357395727882e-18
23.14488,1.8377243734217697e-17,3.094104148610893e-18
23.15089,2.0211212364246033e-17,3.052989301422343e-18
23.1569,1.7098542502500424e-17,3.155522381469406e-18
23.16291,1.6501888952948734e-17,3.3029375345025648e-18
23.16892,1.4989704969847618e-17,3.3447185851226725e-18
23.17493,1.2769991345775777e-17,3.399764283803579e-18
23.18094,2.7483858860049468e-17,3.315614634564649e-18
23.18695,2.6637097181158007e-17,3.5727521721822534e-18
23.19296,1.653663287553437e-17,3.8724484181506765e-18
23.19897,1.987988226216929e-17,3.642371726596203e-18
23.20498,1.572943718643728e-17,3.77836382058544e-18
23.21098,1.550674628519237e-17,4.406867111747136e-18
23.21699,1.093872546256694e-17,3.647742366893616e-18
23.223,2.142132568689013e-17,4.034993278911273e-18
23.22901,2.2305099744153997e-17,3.691002951642154e-18
23.23502,1.244556401528239e-17,3.286291938465296e-18
23.24103,1.6831582739296308e-17,3.0655935613307512e-18
23.24704,1.7464703074501684e-17,3.024736990413138e-18
23.25305,1.5730052231645678e-17,3.5056740932744644e-18
23.25906,2.592790405832843e-17,3.2088966150334576e-18
23.26507,1.945961214433687e-17,3.293483551680875e-18
23.27108,1.9608697397870206e-17,2.9262636461297536e-18
23.27709,1.8313172426955456e-17,3.290074305272277e-18
23.2831,1.5325546739877364e-17,2.8538405157636565e-18
23.28911,1.3712194482030325e-17,3.627848370392363e-18
23.29512,9.387980708816177e-18,3.0472545028878497e-18
23.30113,1.5848348672509404e-17,3.1239672350580884e-18
23.30714,1.9840994258995812e-17,3.491758503334715e-18
23.31315,1.1443803385027536e-17,3.2815274291371687e-18
23.31916,2.6447098622234986e-17,2.9297395303136954e-18
23.32517,1.1567543122207905e-17,3.248102269638266e-18
23.33117,1.6299394954028825e-17,3.769937074204513e-18
23.33718,1.7529607483744268e-17,3.208227081655533e-18
23.34319,1.520646962040622e-17,3.2485471031571218e-18
23.3492,1.449001847958905e-17,4.6339010502269425e-18
23.35521,1.3079525325773909e-17,3.022826768624639e-18
23.36122,1.7165545026172813e-17,3.2286360185527317e-18
23.36723,1.3421809828183565e-17,4.1068123327985095e-18
23.37324,1.315555208042659e-17,3.387966639615091e-18
23.37925,1.7798954525951324e-17,3.862086904220442e-18
23.38526,9.811105271767573e-18,4.313684437958246e-18
23.39127,1.3142251063405309e-17,3.546031274692072e-18
23.39728,1.8686058989818565e-17,4.064211031848428e-18
23.40329,1.932392367299648e-17,3.708507059406516e-18
23.4093,2.5998155698207065e-17,4.887410156539073e-18
23.41531,2.4481162008551787e-17,4.1264705731545555e-18
23.42132,1.015796182705258e-17,3.4642418654241298e-18
23.42733,1.9001888941466168e-17,3.869090443495259e-18
23.43334,1.956752540712971e-17,3.2420548207716727e-18
23.43935,2.3855386491147722e-17,3.1736807264505407e-18
23.44536,1.5868962057770978e-17,3.523579092995879e-18
23.45137,1.0046412832497801e-17,3.444774981999985e-18
23.45737,1.857210945320769e-17,3.5145060202483356e-18
23.46338,2.2636956586267808e-17,3.5605241816095125e-18
23.46939,1.4379733451881252e-17,4.2292287713083325e-18
23.4754,1.4639319168192066e-17,3.2819786239983063e-18
23.48141,1.7547331794472428e-17,3.219910509883161e-18
23.48742,1.3049816122814233e-17,3.5424683360015665e-18
23.49343,1.3086181294170249e-17,3.5907743824318295e-18
23.49944,1.2593882501749039e-17,3.31225776144179e-18
23.50545,3.1077941242399306e-17,3.490108527564844e-18
23.51146,1.2019111733385387e-17,2.9924193944145498e-18
23.51747,1.3009928395392679e-17,3.3190497549453465e-18
23.52348,1.1943575458612102e-17,3.868702697953883e-18
23.52949,1.0339184068107101e-17,3.479511687267774e-18
23.5355,9.866161497039202e-18,3.1972409320138474e-18
23.54151,2.510856205796945e-17,3.1581290754925013e-18
23.54752,6.4936830620263636e-18,4.1916821132120194e-18
23.55353,9.400159543939273e-18,3.573850606264953e-18
23.55954,2.153558001090749e-17,3.993031199881162e-18
23.56555,1.16965698056696e-17,3.8469068382380305e-18
23.57156,1.2781738238323237e-17,3.5500487544875855e-18
23.57756,3.2691917963195335e-17,3.558632524156672e-18
23.58357,8.229649934017868e-18,3.7719980587013146e-18
23.58958,1.5527050905127614e-17,3.5417670190433386e-18
23.59559,6.967192631954325e-18,3.3837409959698533e-18
23.6016,2.2856437003916448e-17,3.3614841976349626e-18
23.60761,1.8541661938910128e-17,4.043205811255194e-18
23.61362,1.948707501389523e-17,4.440261318590965e-18
23.61963,3.752446005929154e-17,3.5070412836668996e-18
23.62564,1.8208810171394588e-17,3.9130541678056094e-18
23.63165,1.5509799645875952e-17,3.533307806349272e-18
23.63766,1.9678909575181346e-17,3.3431072946562066e-18
23.64367,1.515128755195638e-17,4.1890424301119496e-18
23.64968,1.872829971033656e-17,3.578810041886045e-18
23.65569,1.511539355548225e-17,3.4366547821242693e-18
23.6617,1.6900286691649832e-17,3.9391057171347096e-18
23.66771,1.608518835253065e-17,3.9163577484253015e-18
23.67372,1.6967389258546492e-17,3.354172036519051e-18
23.67973,1.474304043615733e-17,3.2528263502737313e-18
23.68574,3.024716357561742e-17,4.3709350157863534e-18
23.69175,1.1647155485898575e-17,3.177558845173519e-18
23.69775,3.1086927654023725e-17,3.42485879159915e-18
23.70376,1.8752443022590386e-17,3.60463402253402e-18
23.70977,1.2752715418607157e-17,3.4020368668970877e-18
23.71578,2.0213268360234152e-17,3.535018645219127e-18
23.72179,2.2882324840762866e-17,3.2872372824404114e-18
23.7278,1.5196443646014816e-17,3.2811700832941928e-18
23.73381,1.2441729037041175e-17,3.693934281639164e-18
23.73982,2.580376312170886e-17,4.0442403046554085e-18
23.74583,2.073844295325169e-17,4.635387447506914e-18
23.75184,2.441146207663336e-17,3.744463102395333e-18
23.75785,2.331960902145017e-17,4.641227121974634e-18
23.76386,2.6173187854271557e-17,5.495598201527936e-18
23.76987,1.6486586255757257e-17,4.391735454162177e-18
23.77588,2.4184821737080508e-17,4.4336425535860865e-18
23.78189,8.852528904553692e-18,5.0295411815497415e-18
23.7879,2.0961455878802668e-17,4.986660783987256e-18
23.79391,1.3006998110059765e-17,3.913737225515528e-18
23.79992,1.9777434855901793e-17,4.1555954471489374e-18
23.80593,1.4385838958609646e-17,4.5176760356285496e-18
23.81194,2.1366681815827758e-17,4.580817582335291e-18
23.81795,2.0297470838705545e-17,4.4209030278376705e-18
23.82395,2.0603217386692085e-17,4.537772341748632e-18
23.82996,1.4212356613833572e-17,4.317241782245024e-18
23.83597,1.287825271785216e-17,3.6946072055972525e-18
23.84198,1.3261478107826756e-17,3.6108137376670964e-18
23.84799,2.0578004215610702e-17,3.9758240442126785e-18
23.854,1.2704272129518805e-17,4.0449844650272464e-18
23.86001,1.9459948850830906e-17,3.7140135693108044e-18
23.86602,1.8241917254263657e-17,3.5924826170232605e-18
23.87203,1.5923720676432326e-17,3.623677738164006e-18
23.87804,1.973390799738784e-17,3.363583544463129e-18
23.88405,2.1667660623098868e-17,3.386130770090891e-18
23.89006,1.2939615150466724e-17,3.9458072629332984e-18
23.89607,2.053443775615004e-17,3.846205546775853e-18
23.90208,1.6545249457979238e-17,3.3884011959048932e-18
23.90809,1.2069760941846418e-17,5.1013998383331076e-18
23.9141,1.6786374229487118e-17,3.889314863137638e-18
23.92011,1.6975243834886848e-17,3.7816546492427145e-18
23.92612,2.1133035149008978e-17,3.764712231802989e-18
23.93213,1.0809957907689145e-17,4.527092872756414e-18
23.93814,1.916611240571735e-17,3.685592580520607e-18
23.94414,1.6116272672907756e-17,3.880521992458349e-18
23.95015,2.0468740424799004e-17,3.724204837771726e-18
23.95616,1.1054576219154413e-17,3.545225184316765e-18
23.96217,1.9201330089374407e-17,4.06165845547205e-18
23.96818,7.182866422562072e-18,4.610874995810856e-18
23.97419,8.733907740215188e-18,4.4871195257786666e-18
23.9802,2.5368118720123347e-17,4.375033940496072e-18
23.98621,2.1859234125563425e-17,4.068201436883322e-18
23.99222,1.587386264649563e-17,4.635726664913123e-18
23.99823,1.1590560573851325e-17,4.151958589164485e-18
24.00424,2.91633429595801e-17,3.913144120873804e-18
24.01025,6.932838899308249e-18,4.1210779787388485e-18
24.01626,1.8193030653676372e-17,4.4668467128904984e-18
24.02227,1.931684696946988e-17,4.306427547420473e-18
24.02828,1.2210644836664629e-17,3.6563576096391866e-18
24.03429,1.1407905800530384e-17,3.8682686682123465e-18
24.0403,1.7521658256593206e-17,4.1171960291216134e-18
24.04631,1.8651118240570838e-17,3.839178309466784e-18
24.05232,1.9702045627329706e-17,4.5837726508689815e-18
24.05833,1.1023059792520557e-17,3.85382724789667e-18
24.06433,2.827196830170865e-17,3.648534296774472e-18
24.07034,1.3159137858830932e-17,3.739164980270488e-18
24.07635,8.132951475651509e-18,4.1058240239549585e-18
24.08236,9.292676641524208e-18,3.813963003598678e-18
24.08837,2.161243954513937e-17,3.7982976309963095e-18
24.09438,1.2567960167756666e-17,4.158523246590165e-18
24.10039,1.5760673561700518e-17,3.648074385341319e-18
24.1064,2.7330338721435078e-17,3.5559964649328405e-18
24.11241,2.046792851926491e-17,3.934223775277049e-18
24.11842,2.0451616113343866e-17,4.5386645336353465e-18
24.12443,2.3383835979314762e-17,3.838321520199383e-18
24.13044,2.0722826732594913e-17,3.962791706290876e-18
24.13645,1.4312905237247713e-17,4.5565355399135176e-18
24.14246,-1.4756635883686145e-18,4.114214290769824e-18
24.14847,1.3499038377387125e-17,3.8885467649901695e-18
24.15448,1.9714213228324758e-17,4.376118834221034e-18
24.16049,1.5899641502147404e-17,4.516543787996133e-18
24.1665,2.588894959784545e-17,4.6116199109378484e-18
24.17251,1.3614327865348453e-17,4.881003050331181e-18
24.17852,2.8130514034692395e-17,5.223852533997183e-18
24.18453,4.666475150232292e-18,4.658606006110258e-18
24.19053,2.2274052780110906e-17,4.497996496977757e-18
24.19654,2.921570052673467e-17,5.0565040414483824e-18
24.20255,4.0906398124298466e-17,4.910040438271853e-18
24.20856,1.644547746791249e-17,4.616859025560928e-18
24.21457,1.8737693531976724e-17,4.465044873017449e-18
24.22058,1.7090333775054058e-17,4.349623281857901e-18
24.22659,2.275653003862136e-17,4.2117858348613234e-18
24.2326,2.1873797216663148e-17,4.4259500829470655e-18
24.23861,1.6867475090680974e-17,4.2790320829025765e-18
24.24462,1.7441438408060336e-17,4.576200702965974e-18
24.25063,2.365154133732556e-17,4.41175990863803e-18
24.25664,2.6007427230027057e-17,4.170048685378847e-18
24.26265,8.123830758560128e-18,4.283629493710199e-18
24.26866,1.7057844117648455e-17,4.7934838781802195e-18
24.27467,2.5641414986274594e-17,4.98825615684033e-18
24.28068,1.5722548897817792e-17,3.9900143071617055e-18
24.28669,1.3137423609114116e-17,4.7643767981901415e-18
24.2927,2.6303342650373118e-17,4.250548780754547e-18
24.29871,2.9409938866991245e-17,4.259390965312939e-18
24.30472,1.0648210287471805e-17,5.781888045285736e-18
24.31072,1.63712978137208e-17,5.36708338911222e-18
24.31673,2.515631743719381e-17,5.2566826918139835e-18
24.32274,2.8075862970557105e-17,6.37377209599233e-18
24.32875,4.056976953974068e-17,7.883495802454386e-18
24.33476,1.2228070747622024e-17,5.815256966200915e-18
24.34077,1.4436874094387116e-17,4.837715111529767e-18
24.34678,4.4557934548592736e-17,5.121044115889411e-18
24.35279,1.2055956723446793e-17,4.826592196600824e-18
24.3588,2.0392998065269578e-17,4.546173726251459e-18
24.36481,2.769837403123179e-17,4.1042293572290055e-18
24.37082,2.310560780305843e-17,4.1131210430903035e-18
24.37683,9.014346219726821e-18,4.228887164096844e-18
24.38284,1.0056539367074334e-17,4.6312469218233726e-18
24.38885,9.472408552351375e-18,5.1208409508106235e-18
24.39486,1.1141900043846053e-17,4.441796333280416e-18
24.40087,1.4310863500921992e-17,4.7316957777032644e-18
24.40688,9.08935650492281e-18,5.329590066918585e-18
24.41289,8.841455939904031e-18,4.5012151670488894e-18
24.4189,9.133855030870546e-20,5.611719916144682e-18
24.42491,2.5784729679631604e-17,4.803658865269777e-18
24.43091,2.792718668995266e-17,4.710859758561666e-18
24.43692,1.44850357175289e-17,5.512085566075001e-18
24.44293,1.3444292135057744e-17,5.0595938298911055e-18
24.44894,1.9488204341406682e-17,4.822208977456761e-18
24.45495,2.2920483626463708e-17,5.085993216539508e-18
24.46096,2.172436308595198e-17,4.630617728163281e-18
24.46697,2.43619451898025e-17,5.086852546481452e-18
24.47298,2.4067463186289938e-17,4.470741461667977e-18
24.47899,8.994642000879898e-18,5.814183433388524e-18
24.485,1.8639744191532113e-17,5.1967918914525076e-18
