wavelength,flux,error
4751.18,1.071576044325558e-18,5.004012549998461e-17
4752.43,1.5775013128048169e-18,5.524209529238529e-17
4753.68,-9.504676183265314e-18,5.472936400129804e-17
4754.93,-3.1302518991790725e-18,5.971670309658651e-17
4756.18,-5.678542055269949e-18,4.554391429795643e-17
4757.43,1.0114759699071606e-18,5.263802239139504e-17
4758.68,-6.222219324179408e-20,4.162801216939875e-17
4759.93,-1.5863282091791125e-18,3.487296519178239e-17
4761.18,9.21024735044742e-19,2.787023941570107e-17
4762.43,-1.5713408393810504e-18,2.9452271004560234e-17
4763.68,3.630515607809518e-18,2.927612970316531e-17
4764.93,-2.7695252276859104e-18,2.5415163836598994e-17
4766.18,-1.9013936877587657e-18,2.6494577737749135e-17
4767.43,1.925242612301481e-18,2.6617003864507714e-17
4768.68,2.131812409073299e-18,2.464559533015762e-17
4769.93,1.656927407881707e-18,2.5598522330191444e-17
4771.18,-2.437113856070293e-18,2.606062041549927e-17
4772.43,7.698304220808366e-20,2.4299069291101056e-17
4773.68,-9.866444692509889e-19,2.7060412118815187e-17
4774.93,2.2039301016224187e-18,3.678584395285529e-17
4776.18,8.922732756174502e-19,3.252061418047927e-17
4777.43,-5.299788995595949e-19,4.0162726552777386e-17
4778.68,-4.553273731469962e-19,3.517556687730109e-17
4779.93,-2.069881621644455e-19,2.960007468294055e-17
4781.18,-9.284124797954739e-19,2.7342631143886966e-17
4782.43,1.135425337576104e-18,2.6957779765446114e-17
4783.68,-1.6245672492700077e-18,3.21618616052309e-17
4784.93,2.926766992667654e-18,2.957959629602416e-17
4786.18,2.1513766030759028e-19,3.7082521992007417e-17
4787.43,-3.102470263861964e-18,4.0515532093612974e-17
4788.68,-1.3112534321106988e-18,3.720858427062119e-17
4789.93,1.9536950967578934e-18,3.629502390903734e-17
4791.18,3.991712005839529e-18,3.938218931558376e-17
4792.43,3.2222527620535317e-18,3.7250002518957086e-17
4793.68,-1.9854833172160533e-18,3.6445751685119633e-17
4794.93,-1.8298420073351156e-19,3.6142235069140384e-17
4796.18,1.2836392345323239e-18,4.216633172405382e-17
4797.43,-3.194153502831288e-18,4.0419378252451443e-17
4798.68,4.831010786549376e-20,4.501477626411609e-17
4799.93,6.446170416801125e-19,4.122883752469292e-17
4801.18,3.0261986687485728e-18,4.136486916006193e-17
4802.43,-2.318888325913187e-18,4.155636854167686e-17
4803.68,5.3813007957547615e-18,3.468880186352709e-17
4804.93,2.6102608060564e-18,3.3041416956808266e-17
4806.18,7.295194407556285e-19,2.6486950800735768e-17
4807.43,4.066471892620486e-18,2.947692384995105e-17
4808.68,-2.2209155029512677e-18,2.5617112025219568e-17
4809.93,1.4012694806522796e-18,2.980892278534866e-17
4811.18,2.645998847454074e-18,2.6820349997166525e-17
4812.43,1.997450979465733e-18,3.104221149112329e-17
4813.68,2.1634733349830694e-18,3.187594860298037e-17
4814.93,1.550618516227709e-19,3.0297327368200683e-17
4816.18,-1.7960486001209744e-19,2.819429357512012e-17
4817.43,-3.67164800834826e-18,3.1067375776082964e-17
4818.68,-2.053650657881193e-18,3.112596699367277e-17
4819.93,1.6582594245009221e-18,3.272237129109551e-17
4821.18,3.725761782519889e-19,2.837791381360106e-17
4822.43,-7.37245784606688e-19,3.236369679301592e-17
4823.68,1.021986518659536e-18,3.7772577430112865e-17
4824.93,3.3763405954437125e-18,3.659095919343033e-17
4826.18,-4.642963066890311e-19,3.3006467260389435e-17
4827.43,-1.209939240671987e-18,3.601004522263334e-17
4828.68,-9.427346336206591e-19,4.2225765024881674e-17
4829.93,2.280884631484071e-18,3.8613701080316185e-17
4831.18,7.357632506911966e-19,4.341212207666015e-17
4832.43,-6.46508061566176e-19,3.4911708123260504e-17
4833.68,-1.7255238249433488e-19,4.219203464480223e-17
4834.93,1.8635069160650516e-18,4.3063672209517344e-17
4836.18,1.692944314183105e-18,4.0902375616251225e-17
4837.43,2.69665862952874e-18,4.0260958161497463e-17
4838.68,-5.765342535067273e-19,4.08350268773599e-17
4839.93,-4.820966343956988e-19,4.622933852835451e-17
4841.18,-5.408708708883009e-19,3.964608849220901e-17
4842.43,1.2316670267788962e-18,3.46484969235571e-17
4843.68,1.123842397882066e-18,2.980777061329319e-17
4844.93,-7.545881564356389e-20,3.779280126398074e-17
4846.18,1.0608943141137884e-18,3.8753931606200936e-17
4847.43,6.489324028338402e-19,3.749424148235322e-17
4848.68,1.1238310435679163e-18,3.473486261988542e-17
4849.93,2.0917825333440704e-18,3.4528719861017154e-17
4851.18,8.600261291470528e-19,3.179776841503758e-17
4852.43,1.3123825789450464e-18,2.99343565157785e-17
4853.68,-2.6909821883016085e-18,3.707672959272405e-17
4854.93,-6.821603991836242e-19,3.3506885373767444e-17
4856.18,1.3237396549968776e-18,5.313031006182332e-17
4857.43,1.1691420978037644e-18,1.0695126633963951e-16
4858.68,5.350464921741045e-18,2.6574581628501284e-16
4859.93,2.6577895239403463e-17,5.170979045983837e-16
4861.18,5.394724554274856e-17,6.204375703349163e-16
4862.43,3.628576071918297e-17,4.3083210631084455e-16
4863.68,1.0101621202433436e-17,2.473311030231935e-16
4864.93,3.1393658028901143e-19,1.1845673110299686e-16
4866.18,2.1479922729657435e-18,5.8723536212076e-17
4867.43,-1.1116024437713485e-18,4.011523878255508e-17
4868.68,6.985280362050399e-19,3.24484989403309e-17
4869.93,2.6009133341790686e-18,3.58933677177605e-17
4871.18,4.324658558306179e-19,4.0388007329017156e-17
4872.43,1.2347559400597502e-18,4.4404156015867065e-17
4873.68,-3.838297194175127e-19,4.6407178273731214e-17
4874.93,1.702840815636857e-18,3.9344517267372976e-17
4876.18,1.8748323790359526e-18,4.005231611076492e-17
4877.43,5.441303614126759e-19,4.3825459492364075e-17
4878.68,-1.1105237356520998e-18,4.4992794455554027e-17
4879.93,-1.393588260487726e-19,5.083171649945372e-17
4881.18,-2.561489312938275e-19,4.06464536694184e-17
4882.43,2.8382726735524014e-18,4.490636109530532e-17
4883.68,-2.0999568663139354e-18,4.4122826106247565e-17
4884.93,1.4691727882098427e-18,4.6470888019651743e-17
4886.18,7.848563796498201e-19,4.8667701565310574e-17
4887.43,8.029494481578196e-19,4.9839412507660235e-17
4888.68,1.801139144182543e-19,5.4749038463967913e-17
4889.93,-2.752193748583249e-19,5.3537856719268326e-17
4891.18,-4.070289552979167e-19,4.6662048823100465e-17
4892.43,1.7994799865092703e-18,5.1529567748168375e-17
4893.68,8.003341353036415e-19,5.701753636452026e-17
4894.93,1.7607300968451413e-18,4.9834666469229584e-17
4896.18,2.3903299624648594e-18,5.259335527402182e-17
4897.43,8.210384995730623e-19,4.9031117549413576e-17
4898.68,2.813377734879616e-18,4.7668353939903515e-17
4899.93,1.9798982579657424e-18,4.800832368853565e-17
4901.18,1.123647005804134e-18,5.315584570602008e-17
4902.43,-5.203787366933404e-19,5.295776852140876e-17
4903.68,-3.828315347923602e-20,5.604179953885343e-17
4904.93,2.309289366613084e-18,5.586679550703917e-17
4906.18,2.6351181154013652e-18,5.775364075728532e-17
4907.43,1.307717177497315e-18,6.432886316482038e-17
4908.68,7.566374333633472e-19,6.0506292175735e-17
4909.93,2.119548249452321e-18,6.428836614126986e-17
4911.18,3.044949974734668e-18,5.947506433231392e-17
4912.43,-5.001611296492635e-19,6.65345342523916e-17
4913.68,1.0259849956992784e-18,6.76141783756545e-17
4914.93,1.920368455649926e-18,6.064395267856945e-17
4916.18,9.786135965459484e-19,7.195855683545273e-17
4917.43,-1.0465012496152302e-18,6.517493740688761e-17
4918.68,2.8438373831121154e-18,6.527536447601204e-17
4919.93,1.3171558429129101e-18,5.813834989019124e-17
4921.18,-3.293452670690792e-19,6.525134871952406e-17
4922.43,1.7865215955418e-18,7.330920223562657e-17
4923.68,-1.3057369314060041e-18,8.100207598640994e-17
4924.93,3.790070020357033e-19,7.732924831556517e-17
4926.18,3.008042689736821e-18,7.269907663940882e-17
4927.43,1.0333359681473746e-18,7.91539275104796e-17
4928.68,6.417297097578558e-19,7.816775337263602e-17
4929.93,2.922786583502867e-19,7.763842547244061e-17
4931.18,-1.6286762740491915e-19,7.288171579571119e-17
4932.43,-1.8630777605096917e-18,7.44476259925222e-17
4933.68,5.31132223698608e-19,7.042546150160734e-17
4934.93,-1.0167359835536496e-19,7.677492919341636e-17
4936.18,-9.594787716495262e-19,7.814578672123622e-17
4937.43,-3.2748922701988044e-18,7.702827890486122e-17
4938.68,9.673722546634189e-19,8.130638093072497e-17
4939.93,5.875208229770882e-19,8.476371356853234e-17
4941.18,5.720108281063426e-19,8.350969581557707e-17
4942.43,1.298731837280013e-18,8.537847863890669e-17
4943.68,7.420368532844891e-19,8.437340009761823e-17
4944.93,3.0551033377741775e-18,8.617033160944202e-17
4946.18,-6.070513241509593e-20,8.378661565767541e-17
4947.43,1.7268280039159814e-18,1.0108457086043406e-16
4948.68,2.25667686173173e-18,9.319795637848584e-17
4949.93,2.0245847120436183e-18,9.57839180508331e-17
4951.18,-9.79728430279774e-19,9.249955257450217e-17
4952.43,-5.074047038739701e-19,9.360923918578029e-17
4953.68,-9.92237198200375e-19,7.699046706140228e-17
4954.93,4.2391126967431756e-18,4.9815954844219276e-17
4956.18,4.564113960023023e-18,3.7315096028449324e-17
4957.43,2.253707098212658e-18,3.666623046726811e-17
4958.68,-6.010451066964333e-19,3.308028256846902e-17
4959.93,1.878181333880188e-18,3.192125210071785e-17
4961.18,1.1151566650671367e-18,3.671983312703262e-17
4962.43,3.3947472743664113e-18,3.3909517910159975e-17
4963.68,1.4871581220548849e-19,3.7270944224106294e-17
4964.93,-1.002665763649064e-18,4.1462860607001093e-17
4966.18,-2.0113879626964626e-18,4.442140923838363e-17
4967.43,2.1874299907213106e-18,4.4099325473645655e-17
4968.68,3.844545203178604e-19,4.863088254707036e-17
4969.93,-1.4431746393803248e-18,5.792193418728213e-17
4971.18,-1.6009600972588972e-18,5.545759487983612e-17
4972.43,7.875368705712591e-19,5.502692927358536e-17
4973.68,-3.752736719000061e-20,5.1637579148812283e-17
4974.93,1.4743086256160818e-18,5.408414614830132e-17
4976.18,1.3570982167335218e-18,5.20213124272212e-17
4977.43,6.27795253776506e-19,4.836574326659506e-17
4978.68,1.557583738382211e-18,5.419452695315553e-17
4979.93,-3.6589462045079024e-19,4.876132049026633e-17
4981.18,1.0695155438909369e-18,5.416357210408489e-17
4982.43,-1.8900570814901164e-18,4.3136708388768103e-17
4983.68,5.034839579159253e-18,5.358081291425507e-17
4984.93,5.244563523063842e-18,5.591411216056657e-17
4986.18,1.5586684808506685e-18,6.176198723318057e-17
4987.43,2.893825755501288e-18,6.191012652824026e-17
4988.68,-8.702405942656931e-19,5.780784593217565e-17
4989.93,1.821660495772433e-18,6.001795876392262e-17
4991.18,-2.2401288006153926e-18,6.487049457489354e-17
4992.43,6.916620462328581e-19,6.712734964320303e-17
4993.68,-7.26906980203672e-19,6.938033629492271e-17
4994.93,1.830371438529837e-18,6.939417109135045e-17
4996.18,-2.1124159797863375e-18,6.45166798631251e-17
4997.43,1.627234909143228e-19,6.30448585189687e-17
4998.68,3.861744126433755e-19,6.22682751176065e-17
4999.93,-7.02647502289018e-19,4.970113116379222e-17
5001.18,4.402621512468631e-19,3.896751806054843e-17
5002.43,-1.4285723158070602e-19,4.8409149001877025e-17
5003.68,2.188378077497249e-18,4.535881271476914e-17
5004.93,-1.243980948153481e-19,4.7533051760762487e-17
5006.18,1.6010889225482093e-18,4.377741501900837e-17
5007.43,1.2220806705997245e-18,3.789139673697634e-17
5008.68,1.03099960522601e-18,4.4487012247509597e-17
5009.93,3.166057118508816e-18,4.845989147891946e-17
5011.18,3.3390433838675942e-18,4.888565821562032e-17
5012.43,-4.78144561241539e-19,5.297535149986962e-17
5013.68,1.2515905258624053e-18,5.631278589404812e-17
5014.93,2.525010921978718e-18,4.8185934134646314e-17
5016.18,2.4632941007212255e-19,4.83354906418314e-17
5017.43,-1.6650480552678543e-18,5.428048952474882e-17
5018.68,2.3286228736946123e-18,6.700030739623447e-17
5019.93,1.964750120229617e-18,6.046780392966493e-17
5021.18,6.129300835683582e-19,5.3147587475739675e-17
5022.43,7.081894403757805e-19,5.1739721901453185e-17
5023.68,3.665193759414871e-18,5.4898754987372233e-17
5024.93,2.533683847065995e-18,5.281199992184984e-17
5026.18,-1.240134231072352e-19,5.863977427707889e-17
5027.43,3.166596526626137e-18,5.665790768024313e-17
5028.68,-1.4815631552500098e-18,5.1441194274953805e-17
5029.93,3.543234402611981e-18,5.575564046177196e-17
5031.18,1.0462421364957839e-19,6.139717604037265e-17
5032.43,6.843047812629244e-19,5.970724887563217e-17
5033.68,2.7282659540454873e-18,6.765268486046428e-17
5034.93,-1.3028498252369246e-18,6.377810739630578e-17
5036.18,-2.2048961088999593e-18,6.103668317206071e-17
5037.43,2.470815558239783e-18,6.16422380494925e-17
5038.68,6.332674667984017e-19,6.636788953685162e-17
5039.93,2.137454939469902e-18,6.96445075261175e-17
5041.18,2.095108587311175e-18,6.31206456118002e-17
5042.43,1.624768974382674e-18,5.982843945638666e-17
5043.68,1.431392202231779e-18,6.31072269547727e-17
5044.93,8.119800799580197e-19,7.646976047731122e-17
5046.18,-2.920489941118509e-19,7.858108672921343e-17
5047.43,6.337502404300935e-19,7.577580151515113e-17
5048.68,1.2921366376233842e-18,7.175891220662193e-17
5049.93,6.298123250800693e-19,6.246478775498142e-17
5051.18,3.582556079021341e-18,6.078637391448631e-17
5052.43,2.1999839366111197e-18,6.57104715271662e-17
5053.68,5.199871166810073e-19,6.830388623155143e-17
5054.93,-1.1629942837395205e-18,6.3819475449557e-17
5056.18,4.618425372505102e-19,6.539529944904715e-17
5057.43,6.24360736015619e-19,6.812153101688572e-17
5058.68,7.118627003434242e-18,6.928563212335035e-17
5059.93,1.9653501978354895e-18,7.064363894467462e-17
5061.18,5.618708531898317e-19,7.604777010969929e-17
5062.43,1.4202893032268545e-18,7.151306247664172e-17
5063.68,1.2970824316008473e-18,7.512549852764787e-17
5064.93,2.4096819825547697e-18,6.94630176289745e-17
5066.18,4.554717079136349e-18,6.805051537117446e-17
5067.43,2.4020620124889544e-18,7.584717712069671e-17
5068.68,1.817177945240305e-18,6.92260613179879e-17
5069.93,2.882364766137661e-18,7.26356012022205e-17
5071.18,2.318032205106234e-18,7.071017745818842e-17
5072.43,2.3849895332860415e-18,7.418716548431248e-17
5073.68,1.906461651156189e-18,7.418453476238052e-17
5074.93,4.416234476822294e-19,8.041869557070822e-17
5076.18,1.7820393629154576e-18,7.516450555419838e-17
5077.43,7.272112265123243e-19,7.084165608874235e-17
5078.68,-4.2152145563773748e-19,7.840841595489853e-17
5079.93,-1.3030305881878962e-18,7.126350789817471e-17
5081.18,1.881004148193721e-18,7.301271124177587e-17
5082.43,1.049740799631752e-18,7.083367732261248e-17
5083.68,5.00972653365493e-18,7.289151171471414e-17
5084.93,2.065298722196923e-20,7.535179582775385e-17
5086.18,2.8424037598196204e-19,8.554089046311986e-17
5087.43,1.2168416243498198e-18,7.953943343742746e-17
5088.68,1.1049663481223385e-18,7.971843328969397e-17
5089.93,1.655626922329201e-19,7.448223181152504e-17
5091.18,-1.9671747515198887e-18,7.199744299664532e-17
5092.43,7.751696355882193e-19,7.692722530857712e-17
5093.68,-1.1938034323949703e-18,8.682085762203221e-17
5094.93,8.91098041210775e-19,8.493985343632237e-17
5096.18,-1.395714445000172e-18,7.874124409575572e-17
5097.43,-6.567279037078486e-19,8.302786541330723e-17
5098.68,2.431738374694154e-18,8.654156280650887e-17
5099.93,1.6926366900286887e-18,8.161328262065018e-17
5101.18,1.5606407826559312e-19,7.053767697146517e-17
5102.43,-1.425775554731094e-18,7.334471107744092e-17
5103.68,8.76527683823785e-19,7.194098825802921e-17
5104.93,2.3519100608437484e-18,7.258128613072794e-17
5106.18,2.6137350087268254e-18,7.542975611687021e-17
5107.43,1.1071250056438657e-18,7.061808143267359e-17
5108.68,1.3892439351463375e-18,8.011142650225309e-17
5109.93,3.489587574321224e-18,8.140855564753816e-17
5111.18,2.747737301337277e-18,7.625711983215047e-17
5112.43,2.7152209503925387e-18,7.105957117940715e-17
5113.68,1.936484866904071e-18,8.54160385758221e-17
5114.93,1.0403392800869643e-18,9.058550827515374e-17
5116.18,5.367794946168397e-19,9.422016646203557e-17
5117.43,2.3523605852799206e-18,8.47562613259239e-17
5118.68,9.728757273319137e-19,8.104970923470615e-17
5119.93,-1.6393945899153348e-18,7.8526304311772e-17
5121.18,6.772648287949411e-18,7.918598314862992e-17
5122.43,2.7686850028346643e-18,9.081812862242519e-17
5123.68,2.1599792122064947e-18,7.837206553308124e-17
5124.93,7.677416169961679e-19,6.990458653460674e-17
5126.18,2.525004386526773e-18,7.547561941063322e-17
5127.43,7.6083791157772125e-19,7.89953614085493e-17
5128.68,6.240552101726863e-19,7.858261045685538e-17
5129.93,2.747920861704103e-18,7.660119779778057e-17
5131.18,2.661671095896305e-18,8.164427127075621e-17
5132.43,2.4924445327340927e-18,9.634952243554283e-17
5133.68,1.9447040662954365e-18,8.842127506486297e-17
5134.93,2.8978910777181176e-18,8.653348608415226e-17
5136.18,2.722797994843655e-18,9.24834661698223e-17
5137.43,1.14737162006174e-18,8.589876277725834e-17
5138.68,-1.8787635910030814e-19,8.778062441565499e-17
5139.93,9.995018248322727e-19,8.92295818809461e-17
5141.18,1.7110768207056978e-18,8.479943564923723e-17
5142.43,5.45891336898813e-18,8.461934617391697e-17
5143.68,3.2131162595183468e-18,8.052366876781388e-17
5144.93,1.6460128682195198e-18,7.627352768228179e-17
5146.18,1.7245751183234251e-18,7.755069803290348e-17
5147.43,2.0527555654720787e-18,8.226702837783989e-17
5148.68,1.7287329053543754e-18,7.525391422432254e-17
5149.93,-1.161526696211953e-18,7.455607301434519e-17
5151.18,4.634328177770358e-19,6.868069168810516e-17
5152.43,6.167990675520505e-19,7.741987969097297e-17
5153.68,4.395103944320535e-18,7.281474588800129e-17
5154.93,1.842915503997213e-18,7.724777436579503e-17
5156.18,3.072135585710835e-18,8.539017593027645e-17
5157.43,-1.4552498878192997e-18,8.884504068858455e-17
5158.68,-1.2453547970933987e-18,9.356118061030914e-17
5159.93,4.513929562424515e-19,1.0282531271245849e-16
5161.18,1.1677077250910463e-18,1.1009953895659798e-16
5162.43,2.260053932265761e-19,1.1414879472922193e-16
5163.68,-1.066983559773127e-18,1.0834499099144044e-16
5164.93,3.251849867035468e-18,1.097366635581441e-16
5166.18,3.0845498365584862e-18,9.17424693402511e-17
5167.43,-7.588377934800066e-19,7.677095705916456e-17
5168.68,1.3422222362869934e-18,6.916634044407893e-17
5169.93,3.606771089289743e-19,5.890727819879539e-17
5171.18,1.4372051287235825e-18,5.042187834676277e-17
5172.43,2.025556689192303e-18,5.54467575775498e-17
5173.68,2.906561002138373e-18,5.095058075071417e-17
5174.93,1.2557733793064882e-18,3.950138871781038e-17
5176.18,2.5933485203071534e-18,4.7481650455446386e-17
5177.43,2.137326878762765e-18,4.0166495391303264e-17
5178.68,3.43005792954047e-18,3.6559276789370946e-17
5179.93,4.912161111707114e-19,4.5539028085705346e-17
5181.18,1.7261943279658589e-18,4.6579254489887615e-17
5182.43,3.540754893380899e-18,5.586735612961574e-17
5183.68,1.748202667137399e-18,6.180878471685721e-17
5184.93,1.2044601851528937e-18,5.643740988868298e-17
5186.18,2.5840961006998433e-18,6.15170637485663e-17
5187.43,1.4587692512635888e-19,6.448360750384626e-17
5188.68,7.767197870282683e-19,7.259703285233628e-17
5189.93,1.0899700731800587e-18,6.826919934875536e-17
5191.18,3.5841183522007675e-18,7.380553005609414e-17
5192.43,3.1781326257802575e-18,6.605152879883425e-17
5193.68,5.749712712309294e-19,7.212326224529173e-17
5194.93,9.184005455139437e-19,6.926510028287783e-17
5196.18,-3.0562754124287028e-18,7.149635465247633e-17
5197.43,3.8047424087829126e-19,7.932183944591452e-17
5198.68,1.9390994276594746e-18,7.134264247273004e-17
5199.93,3.6938369278792006e-18,7.040288881932229e-17
5201.18,4.857045715905136e-18,6.74958421203357e-17
5202.43,3.2790291809627945e-20,6.514214631653547e-17
5203.68,2.3974557183563634e-18,6.578624726565312e-17
5204.93,1.491267363729312e-18,5.612585565819901e-17
5206.18,1.6439617716906642e-18,5.758360969748726e-17
5207.43,1.2512398718680625e-18,6.507012315628368e-17
5208.68,1.144374923337639e-18,5.952110640139968e-17
5209.93,1.5397587099329777e-18,5.2330481532059963e-17
5211.18,2.6626271891090167e-18,6.365769434733298e-17
5212.43,3.665620381770045e-18,8.978656728132444e-17
5213.68,3.1545179659297378e-18,1.0109954213278338e-16
5214.93,6.679849440450065e-19,9.90473569525014e-17
5216.18,9.9767311125599e-19,1.0488353189273005e-16
5217.43,2.954109140167362e-19,1.0895202852203795e-16
5218.68,7.696418558292952e-19,1.0417871201113812e-16
5219.93,5.570798214947541e-19,1.069073882923744e-16
5221.18,-8.944158350670818e-20,1.133311204697381e-16
5222.43,2.1776911536876934e-19,1.1027017229102961e-16
5223.68,-3.3455405546038644e-18,1.0872935780305961e-16
5224.93,1.3762183038768344e-18,1.0045601690755469e-16
5226.18,2.709097067368344e-18,1.0662960632973869e-16
5227.43,-4.135680699732564e-20,1.0973247613880162e-16
5228.68,2.060402894389938e-18,1.1189687534440915e-16
5229.93,3.0194438239476515e-18,1.1698235245688357e-16
5231.18,1.2644199484302444e-18,1.1880819865778537e-16
5232.43,-1.2203669307129712e-18,1.1544014881993706e-16
5233.68,1.7989433002517048e-18,1.0671589015238666e-16
5234.93,2.135365092400857e-18,1.1510487748129692e-16
5236.18,1.958687138482181e-18,1.1941770788269333e-16
5237.43,-6.422964617536172e-19,1.1557698780773158e-16
5238.68,7.019553540958544e-19,1.1445727169623913e-16
5239.93,2.0704987493357257e-18,1.0865127254090133e-16
5241.18,-7.440821519687277e-19,8.923228243758638e-17
5242.43,7.72671922385118e-19,8.751532793845824e-17
5243.68,9.475448274642566e-19,9.648426853607113e-17
5244.93,7.801704997724278e-19,1.0365174506241119e-16
5246.18,-1.5306811285660194e-18,9.862826278273834e-17
5247.43,9.413052120647598e-19,9.880958850539869e-17
5248.68,1.0397536155542174e-18,1.0367332707463627e-16
5249.93,3.572729416165087e-18,9.363251771060114e-17
5251.18,8.802175656062183e-19,9.679812307262693e-17
5252.43,1.5399309579691461e-18,1.0680756451817473e-16
5253.68,5.546638811333555e-18,9.967882899385474e-17
5254.93,6.124071648180271e-18,1.150437347644324e-16
5256.18,-1.4184360274430201e-18,1.1534252141348758e-16
5257.43,3.6175044794208195e-18,1.1681299938963743e-16
5258.68,7.680655857932934e-19,1.19399866087052e-16
5259.93,-1.0436354004989535e-18,1.1771918505817333e-16
5261.18,1.5133146741191483e-18,1.0250933099442287e-16
5262.43,3.0210586564632096e-18,1.0400879341350266e-16
5263.68,4.5158246060063536e-20,9.154221061118639e-17
5264.93,1.8565516909317277e-18,8.948846284576278e-17
5266.18,3.631502139946373e-18,8.992986022224734e-17
5267.43,2.2638864239156164e-18,1.0085391604673422e-16
5268.68,7.903175950838623e-19,1.090420496372218e-16
5269.93,-1.9127653609511762e-18,9.871077686324536e-17
5271.18,-5.798685445452982e-19,9.816989986504267e-17
5272.43,1.4015977666056902e-18,1.115716196256972e-16
5273.68,4.507186152864804e-18,1.171868742492782e-16
5274.93,-1.8375353569798665e-18,1.170695140108397e-16
5276.18,1.7247293303695852e-18,1.154941628172888e-16
5277.43,4.223066430487818e-19,1.1519747863174567e-16
5278.68,-6.79458191737197e-19,1.276014153621256e-16
5279.93,1.9076225656013316e-18,1.2001610041187137e-16
5281.18,6.264874540404184e-19,1.151396296525952e-16
5282.43,3.647734162725503e-18,1.1698787967861194e-16
5283.68,-4.817556987794169e-19,1.1986631887790754e-16
5284.93,3.443195087279035e-18,1.1943187403898968e-16
5286.18,7.33791735808042e-18,1.2772431439371254e-16
5287.43,7.552003759815133e-19,1.3873956862545515e-16
5288.68,3.3715579236461814e-18,1.2979120704428942e-16
5289.93,9.779592516490438e-19,1.209804763622743e-16
5291.18,-1.4774565874912789e-18,1.2890008862001598e-16
5292.43,-1.4155794715153524e-18,1.283065807022495e-16
5293.68,-2.7179130778113432e-18,1.3082664283588402e-16
5294.93,2.406946784688255e-18,1.311217764477302e-16
5296.18,2.5427303734659663e-18,1.2824260065906384e-16
5297.43,2.9638308676180855e-18,1.1713738848885772e-16
5298.68,-3.5607136183496995e-18,1.224727327357833e-16
5299.93,-1.22668752403727e-18,1.1783034470914215e-16
5301.18,2.502029610794616e-18,1.2376987012841663e-16
5302.43,4.330993666239403e-18,1.2039525581181783e-16
5303.68,3.2254007421435863e-19,1.3006285217925494e-16
5304.93,7.100091930424302e-19,1.364554915633373e-16
5306.18,2.6708454025635154e-18,1.352361038413523e-16
5307.43,-3.5239174095807133e-19,1.2526142368035897e-16
5308.68,-7.7645182337621115e-19,1.2210084888270938e-16
5309.93,-3.7088483561534736e-20,1.2180019806047336e-16
5311.18,2.080737478549555e-18,1.2212592548164807e-16
5312.43,-4.355054924684376e-19,1.1945267647282814e-16
5313.68,1.8389913692812474e-18,1.1930172421576039e-16
5314.93,2.4557613486093967e-18,1.2833965584609017e-16
5316.18,2.9166443949372496e-18,1.4059737235910203e-16
5317.43,1.990063731296659e-18,1.4092433001691795e-16
5318.68,4.282002407925091e-18,1.304020418844242e-16
5319.93,9.482885091810485e-19,1.3129738048692034e-16
5321.18,4.832265930761514e-18,1.3014215685279829e-16
5322.43,2.4676821488533835e-18,1.2816785503310098e-16
5323.68,1.7729656426480458e-18,1.344139257990806e-16
5324.93,3.3697669547462303e-18,1.3180808459725356e-16
5326.18,-2.203319273513008e-19,1.363901346519541e-16
5327.43,3.1035545222042656e-18,1.265854891770004e-16
5328.68,3.4307716382868544e-18,1.204109503040057e-16
5329.93,1.3653266124093854e-18,1.2278479397564634e-16
5331.18,2.360806736901787e-18,1.3496080122359345e-16
5332.43,4.743472220038834e-19,1.317372554110221e-16
5333.68,3.2421710872037042e-18,1.2818446713001379e-16
5334.93,9.210023436038336e-19,1.3112987360556846e-16
5336.18,3.012796936821728e-18,1.2715832030716763e-16
5337.43,3.2964572992644774e-18,1.2951946557083992e-16
5338.68,-6.12410207691346e-20,1.3330591667667717e-16
5339.93,1.9624050020141086e-18,1.3046801026168428e-16
5341.18,7.456291168425073e-19,1.2602880934999635e-16
5342.43,1.4783561958726758e-18,1.3790817299815594e-16
5343.68,1.7182944320203265e-18,1.3325939188629344e-16
5344.93,2.367372297987762e-18,1.378186563254471e-16
5346.18,5.368366298036472e-19,1.23333687993468e-16
5347.43,1.057043253827784e-18,1.34133742154545e-16
5348.68,3.744231028374321e-18,1.3168891937035028e-16
5349.93,3.3156648410219e-18,1.4944785991471638e-16
5351.18,6.532429142664425e-19,1.5724447114246514e-16
5352.43,8.6907174793107e-19,1.5907845995525196e-16
5353.68,4.394622329546662e-18,1.6135386567309393e-16
5354.93,3.867060851174694e-18,1.6532921315673877e-16
5356.18,1.963154544086118e-18,1.631997042731212e-16
5357.43,3.960798605377112e-18,1.6041627667963764e-16
5358.68,2.3123090288365857e-18,1.4410496711495653e-16
5359.93,2.2343989469858258e-18,1.4213983343488015e-16
5361.18,1.0345054595690432e-18,1.3789451536039387e-16
5362.43,7.326287135940502e-19,1.4576881025418313e-16
5363.68,3.774913181317205e-18,1.40410815667565e-16
5364.93,2.276580375797749e-18,1.3254740844675746e-16
5366.18,-2.303951305021369e-19,1.4301767638598814e-16
5367.43,-2.477978641467717e-19,1.5029304668335597e-16
5368.68,2.1339728618610724e-18,1.4402126060307977e-16
5369.93,4.150872571447218e-18,1.3755730066833566e-16
5371.18,4.515988612410365e-18,1.4036590001337252e-16
5372.43,1.1676198040789935e-18,1.3419977981847145e-16
5373.68,1.0470538130447176e-18,1.433502979609234e-16
5374.93,2.1117625050243006e-18,1.5315264644245418e-16
5376.18,3.5976542059585475e-18,1.6494813887199984e-16
5377.43,3.0200956918853586e-18,1.6673680493698792e-16
5378.68,-9.95651748932561e-19,1.5603528582802726e-16
5379.93,-3.1114323904658217e-19,1.6356315160370348e-16
5381.18,-8.268501180708552e-19,1.7604816390550727e-16
5382.43,1.6523039439005418e-18,1.7364450436728432e-16
5383.68,3.902676455881194e-18,1.6546617994925546e-16
5384.93,-1.6390487914084144e-18,1.645068368453377e-16
5386.18,2.8746669056826686e-18,1.7268578263915188e-16
5387.43,-4.518518641405265e-19,1.6694422980272362e-16
5388.68,-1.631221576795447e-19,1.6758749555679561e-16
5389.93,4.7519174613470745e-18,1.7211861453028836e-16
5391.18,-6.361301072449599e-19,1.6993755298821177e-16
5392.43,1.1823135955564128e-18,1.6417423387318047e-16
5393.68,3.809585852370772e-18,1.5470156221496535e-16
5394.93,9.50362899570267e-19,1.5388915522537187e-16
5396.18,6.29885790641366e-18,1.5664020361590364e-16
5397.43,3.785814087948853e-18,1.4910384617729717e-16
5398.68,3.247937733910848e-18,1.5860505196956052e-16
5399.93,-1.9425652657752078e-19,1.788565632495369e-16
5401.18,2.519477021606477e-18,1.8890641971650107e-16
5402.43,3.4621168781028314e-18,1.840825254969835e-16
5403.68,4.723644525273578e-18,1.8174447726779428e-16
5404.93,3.158238139672293e-18,1.677867409506937e-16
5406.18,1.0177170023109482e-18,1.5200557844748164e-16
5407.43,-3.425523037732643e-19,1.5979067787531678e-16
5408.68,9.458894834943711e-19,1.5491599127371172e-16
5409.93,-4.686325358855213e-19,1.5861966644345148e-16
5411.18,-5.576577987103877e-19,1.605768312918252e-16
5412.43,-8.185340350271485e-19,1.546662473279229e-16
5413.68,3.6562578074176e-18,1.6209019725169486e-16
5414.93,3.733936346212542e-18,1.7513245212978127e-16
5416.18,-1.6176663605036442e-18,1.7648246826316508e-16
5417.43,6.946821026137388e-20,1.8414670479708495e-16
5418.68,2.463805208387989e-18,1.8316556648167155e-16
5419.93,-3.258133480774136e-19,1.932689291019596e-16
5421.18,8.4419856950403755e-19,1.922797251673136e-16
5422.43,-3.815698484866134e-19,1.8088536501571013e-16
5423.68,3.600890389439919e-18,1.8358989829078805e-16
5424.93,-1.2298124185223978e-18,1.8547417310054674e-16
5426.18,4.0826188333430627e-19,1.8775282408255691e-16
5427.43,2.606703780030714e-18,2.0399285782389634e-16
5428.68,-2.4040164543699288e-18,1.8774495920589986e-16
5429.93,3.9555308956362e-19,1.8191181923708673e-16
5431.18,1.857527228479585e-18,1.718329623306971e-16
5432.43,6.826179706869569e-19,1.7174216947223264e-16
5433.68,-1.9376939595968397e-18,1.7448038640723924e-16
5434.93,2.705821341975418e-18,1.8333820735074647e-16
5436.18,2.0908330396628526e-18,1.8502187735005155e-16
5437.43,2.3368119588613865e-18,1.923995914651881e-16
5438.68,4.325248291545404e-18,1.8974697563217644e-16
5439.93,4.5009714094488794e-18,1.9933892070025353e-16
5441.18,3.0283645434431894e-18,2.123094367113851e-16
5442.43,2.2094451485826036e-18,2.2032819031561758e-16
5443.68,1.4166900930606863e-18,2.077117615940673e-16
5444.93,1.2844084509085166e-18,1.924454023261445e-16
5446.18,8.711462504989022e-19,1.7563180057138815e-16
5447.43,-3.1984211401402087e-19,1.4897247401483624e-16
5448.68,-1.0401838776257508e-19,1.1497907218767413e-16
5449.93,3.542803946634903e-18,9.448908140365349e-17
5451.18,6.0513331486455214e-18,9.00047684276633e-17
5452.43,2.0301748784021244e-18,9.074254939410256e-17
5453.68,-3.331644263039425e-18,9.301770435366752e-17
5454.93,-1.8865067496235445e-19,1.0400451415567577e-16
5456.18,2.768954216546404e-18,9.484450594161856e-17
5457.43,3.742203975856862e-18,9.499995272500821e-17
5458.68,1.6844733568355606e-18,9.598270650649041e-17
5459.93,-1.2902126602696986e-18,9.207416567656699e-17
5461.18,1.2186629344821437e-18,1.0420995150265358e-16
5462.43,2.0996877716279975e-18,1.0976808610377606e-16
5463.68,3.2871165350612123e-18,1.1680076181190131e-16
5464.93,4.397305369876026e-18,1.143510589761764e-16
5466.18,5.152081105285722e-18,1.174351028271938e-16
5467.43,3.2989811101932176e-18,1.3150281234751423e-16
5468.68,1.300929783141376e-18,1.2291431008252407e-16
5469.93,2.4745196479533656e-18,1.1357587047277163e-16
5471.18,3.2247817223007186e-18,1.0909777338179702e-16
5472.43,3.091490577191934e-18,1.1465176806670762e-16
5473.68,-1.766260254197641e-19,1.2251546260449724e-16
5474.93,4.498940424320812e-19,1.3420020476847887e-16
5476.18,4.22624292169545e-18,1.3671717788148433e-16
5477.43,4.9504550008275856e-18,1.252404776738862e-16
5478.68,3.642381108678803e-18,1.3106006979696975e-16
5479.93,4.349734036934894e-18,1.2705173316937254e-16
5481.18,-2.239523153542868e-19,1.3096484843919004e-16
5482.43,4.855102707712642e-18,1.3188382537794248e-16
5483.68,-1.9311223720033463e-19,1.3915707099808973e-16
5484.93,9.107116803327302e-19,1.3488632443273972e-16
5486.18,3.2990707331146677e-18,1.3276430002037593e-16
5487.43,4.27102769374996e-18,1.3329121341119077e-16
5488.68,-5.299468810152668e-20,1.3629642529767454e-16
5489.93,-1.1826302836835936e-19,1.4194800097680794e-16
5491.18,-2.0242235364976556e-18,1.3930330260230548e-16
5492.43,-3.125709631584565e-18,1.3862079799196958e-16
5493.68,-1.4888327832935846e-18,1.3767114424364728e-16
5494.93,-2.5145804664891958e-19,1.3960930886300718e-16
5496.18,1.055274465039222e-18,1.3739755664842778e-16
5497.43,5.70098834642724e-18,1.2116099131895076e-16
5498.68,5.325516209820042e-18,1.080397730377373e-16
5499.93,3.4890194882567494e-18,1.0182821619166411e-16
5501.18,2.024748434344875e-18,9.706947807793268e-17
5502.43,1.6101259842184773e-18,9.117853459702096e-17
5503.68,2.7129315902706683e-19,9.52305500774444e-17
5504.93,1.5241277058120569e-18,9.719680465589894e-17
5506.18,-4.422179319777237e-19,9.14924048304212e-17
5507.43,8.533925581183689e-19,9.963340819374559e-17
5508.68,3.26176584833079e-18,1.0514790214049676e-16
5509.93,3.183199609164351e-18,1.0688513609019667e-16
5511.18,1.3527618775973226e-18,1.0539104320334329e-16
5512.43,2.154583076805234e-18,9.580150346213903e-17
5513.68,7.135818510829844e-18,9.141745279288165e-17
5514.93,3.2171564250484385e-18,9.589151502661818e-17
5516.18,1.3861372233299e-18,1.0001086500954045e-16
5517.43,4.366589782369113e-19,1.076353101034717e-16
5518.68,3.258139386343965e-19,9.890227558588556e-17
5519.93,5.396710920956411e-19,9.792326083581737e-17
5521.18,4.0339297335821974e-19,1.1941208271255778e-16
5522.43,6.038412151383094e-19,1.1229810810028126e-16
5523.68,-1.5756047132950862e-18,1.071702221526452e-16
5524.93,-7.976398461902286e-20,9.028098460291351e-17
5526.18,1.884146577336965e-18,1.0057290146626551e-16
5527.43,-2.337318244930231e-18,8.879525668711258e-17
5528.68,-2.770703277341334e-18,9.622636645101777e-17
5529.93,1.9113121585254395e-18,1.0858798545482318e-16
5531.18,7.648364953771516e-19,1.1015532165444317e-16
5532.43,1.379596508845035e-18,1.073842741912701e-16
5533.68,3.643781724546346e-18,1.0101087556741115e-16
5534.93,-2.534209957837546e-19,9.339232156282069e-17
5536.18,5.944432369833539e-19,8.014179144090975e-17
5537.43,1.2470996930933352e-18,8.256287933367156e-17
5538.68,5.133841178097199e-19,8.985846143319807e-17
5539.93,3.05662859333456e-18,8.983457834694601e-17
5541.18,-1.4022118915534456e-18,9.955105883085858e-17
5542.43,-1.3710303039154743e-18,8.943068208397945e-17
5543.68,-4.278409980509863e-19,8.784506161557713e-17
5544.93,-2.555688633525407e-18,9.355877013133374e-17
5546.18,2.642202832138466e-18,8.443977101216016e-17
5547.43,2.4712067248453105e-18,8.635452626966898e-17
5548.68,2.1522776943129626e-18,9.57319041399957e-17
5549.93,6.515882399398262e-18,9.11700229015618e-17
5551.18,5.167099247976275e-18,9.976654538224429e-17
5552.43,5.763251768497908e-19,1.0860384903509924e-16
5553.68,4.498094136637195e-18,9.446765412689287e-17
5554.93,2.5782128284545545e-18,1.0164243625284536e-16
5556.18,3.06230225865779e-18,1.0272836629439378e-16
5557.43,3.14375669367082e-18,1.148276881784491e-16
5558.68,3.1355265956178185e-18,1.2212496091184858e-16
5559.93,1.8493515665623935e-18,1.1493781111622137e-16
5561.18,-1.2704572897858752e-18,1.1370268296728495e-16
5562.43,2.654864550304233e-18,1.2048802838097708e-16
5563.68,3.913812515573603e-18,1.1542616034205414e-16
5564.93,-1.278078720088431e-18,1.2546829257526084e-16
5566.18,-4.966664696393501e-19,1.2387022100429304e-16
5567.43,-2.432075863093489e-19,1.2493133608487802e-16
5568.68,2.8118732868452077e-18,1.1935205981878724e-16
5569.93,2.864965172263424e-18,1.3451944266364142e-16
5571.18,-7.352735949915559e-19,1.3264198084583563e-16
5572.43,1.4442184630470271e-18,1.4004672660952343e-16
5573.68,-1.5747356509148911e-18,1.3629703570345306e-16
5574.93,4.143121661780837e-18,1.2578886871030134e-16
5576.18,5.706258879600618e-18,1.3223891307892897e-16
5577.43,2.4314202641667726e-18,1.3737098771377578e-16
5578.68,1.8894037602761385e-20,1.479029066128352e-16
5579.93,-5.068072118880351e-19,1.310688648680016e-16
5581.18,1.448395161949523e-18,1.3783949171368155e-16
5582.43,4.600348468288553e-18,1.4104232425618576e-16
5583.68,3.533314741847106e-18,1.3846237776318407e-16
5584.93,3.6374090759654815e-18,1.4881506331163078e-16
5586.18,1.2432959041318302e-18,1.4995017358452764e-16
5587.43,-1.9374680477756864e-18,1.479199665409047e-16
5588.68,-2.3274721956978273e-18,1.3512927193583254e-16
5589.93,-3.798643943679301e-20,1.3452789787372606e-16
5591.18,2.005134382316464e-18,1.3765180380567896e-16
5592.43,3.1373781450889092e-18,1.5290811569631258e-16
5593.68,1.0018680752792182e-18,1.507332835918806e-16
5594.93,8.781733445109795e-19,1.3697211337706433e-16
5596.18,9.48699498305099e-19,1.3465127503638164e-16
5597.43,7.523679746880778e-19,1.1874622321517138e-16
5598.68,1.4010252383317071e-18,9.676504825139632e-17
5599.93,6.020863762063862e-18,1.0207716561535823e-16
5601.18,4.222055058298516e-18,1.1153875203600758e-16
5602.43,2.1974859312684063e-18,1.2296274168710426e-16
5603.68,4.0149416262703716e-19,1.202081018246488e-16
5604.93,4.1156097650887776e-19,1.0912227661014934e-16
5606.18,3.438516466825565e-18,1.1892446115157849e-16
5607.43,1.953049115110434e-18,1.0830958183573331e-16
5608.68,6.521889941680447e-19,1.2135577104339367e-16
5609.93,3.3693962883279856e-18,1.2369091451931757e-16
5611.18,3.055177959401798e-18,1.2493352438760454e-16
5612.43,7.810384253779488e-19,1.294517883374242e-16
5613.68,3.607457167308529e-18,1.4121705662914952e-16
5614.93,2.9902463576405253e-18,1.219477259063501e-16
5616.18,6.813408422198681e-18,1.1939599659904424e-16
5617.43,5.527349178981137e-18,1.2149956495847045e-16
5618.68,9.427331021431694e-18,1.199790016786778e-16
5619.93,4.730654576252157e-18,1.240286697783051e-16
5621.18,6.953392559948002e-18,1.1526953094076678e-16
5622.43,2.448049776631259e-18,1.1500284146495617e-16
5623.68,3.592189804740752e-18,1.0947472730523147e-16
5624.93,5.815667646288513e-18,1.208700677642119e-16
5626.18,6.230131758458137e-18,1.158231327299324e-16
5627.43,5.0318546113098446e-18,1.1639488137466355e-16
5628.68,3.6360697801049474e-19,1.0867676770318451e-16
5629.93,-1.0298508268623903e-18,1.0485548370924413e-16
5631.18,1.5821070578223404e-18,1.0249597589009041e-16
5632.43,2.3542968902570368e-18,1.1003715491338271e-16
5633.68,2.7286201571884033e-18,1.1710679492780101e-16
5634.93,3.755919106308359e-18,1.2063839009701973e-16
5636.18,3.500742535622207e-18,1.1592232394758722e-16
5637.43,2.976561132160727e-18,1.0919875394119171e-16
5638.68,-8.29206711194668e-19,1.0396838400217789e-16
5639.93,6.790524750093538e-19,1.0691703616925973e-16
5641.18,1.0612603298578763e-19,1.1115891888401814e-16
5642.43,4.84986018386668e-18,1.2362810112128077e-16
5643.68,5.730913804873918e-18,1.2209977434288238e-16
5644.93,4.66993262423719e-18,1.281688622218811e-16
5646.18,2.024718071227658e-18,1.2468845029048382e-16
5647.43,2.428405403949882e-18,1.2553180119109525e-16
5648.68,6.775026196964409e-18,1.356726826909755e-16
5649.93,5.0358835092006294e-18,1.3405434337523946e-16
5651.18,3.561200778697263e-18,1.3152680661541122e-16
5652.43,2.14387072390722e-18,1.3336286822198945e-16
5653.68,4.017190850389077e-18,1.5040440717638668e-16
5654.93,1.6587238992972336e-18,1.4393225955340463e-16
5656.18,-1.0441945931819316e-18,1.4474714904662164e-16
5657.43,4.917130871582433e-19,1.3617206117828283e-16
5658.68,1.680588168697787e-18,1.398720184762483e-16
5659.93,4.2610783852359525e-18,1.524201100062922e-16
5661.18,5.511889373631504e-19,1.3596270701735251e-16
5662.43,2.0606010009323307e-18,1.2908287055760172e-16
5663.68,-2.5356620455382306e-18,1.2387274037699298e-16
5664.93,4.326343835858577e-18,1.2278559266893e-16
5666.18,2.104824034564952e-18,1.2500640396945932e-16
5667.43,3.322936625149787e-18,2.223653736467673e-16
5668.68,-1.211253851612392e-19,1.2114054940899298e-16
5669.93,-7.733054058811901e-19,1.140179967006586e-16
5671.18,2.5028387124541146e-18,1.2758491719002531e-16
5672.43,2.6846994030979514e-18,1.1706820393366496e-16
5673.68,2.036445850480051e-18,1.198298221675092e-16
5674.93,3.640008647779293e-18,1.2671564598852768e-16
5676.18,7.257583197126279e-18,1.3681129857064154e-16
5677.43,4.3683573609313294e-18,1.3427643534808225e-16
5678.68,5.042906855169513e-18,1.4146315474153326e-16
5679.93,2.081467597443394e-18,1.3750098557355548e-16
5681.18,4.9920998948660225e-18,1.3205373958066885e-16
5682.43,4.074650864931596e-18,1.3550115277031238e-16
5683.68,6.348585669316736e-18,1.3429761647073104e-16
5684.93,4.17199168296895e-18,1.5806146003492887e-16
5686.18,9.396584979806924e-19,1.5561922938041022e-16
5687.43,1.8622149258626823e-18,1.448003626285567e-16
5688.68,3.0145228988294494e-18,1.4086094921220944e-16
5689.93,6.244870519507502e-18,1.4835410745341876e-16
5691.18,2.991221774325618e-18,1.475678838733597e-16
5692.43,1.7828162693659825e-18,1.5080404054559343e-16
5693.68,5.526600378467064e-18,1.5013981797146856e-16
5694.93,-1.835829151933553e-18,1.4958183485023032e-16
5696.18,1.7492571746331675e-18,1.5298370318926522e-16
5697.43,-1.7868014006384007e-18,1.639930819300807e-16
5698.68,-3.602062996673889e-18,1.4854793751707735e-16
5699.93,2.3506885603173887e-18,1.6058192884308927e-16
5701.18,-1.42858590117099e-18,1.611474202538389e-16
5702.43,5.5153902173216586e-18,1.6333010381491471e-16
5703.68,2.965577997661896e-18,1.6267002432978344e-16
5704.93,3.0466171923029694e-19,1.630106014481065e-16
5706.18,4.260297671273127e-21,1.6893108990226515e-16
5707.43,3.1945475992657105e-18,1.6840529313639144e-16
5708.68,-3.647889308282924e-19,1.8294268038288898e-16
5709.93,-2.1790493969498556e-18,1.7904359847249906e-16
5711.18,2.4050756804639553e-18,1.728278049978313e-16
5712.43,1.6965406246166739e-19,1.6978173684592091e-16
5713.68,5.376086774659535e-20,1.5876202661777918e-16
5714.93,2.558357916731702e-18,1.707057016310086e-16
5716.18,7.42712732018179e-19,1.6308097278138987e-16
5717.43,5.795827729029198e-18,1.6205958002167873e-16
5718.68,3.735908939256657e-18,1.5265038287966503e-16
5719.93,4.751387263498886e-18,1.5252632312750496e-16
5721.18,9.68755221614149e-19,1.6067276928137104e-16
5722.43,2.4060938570504323e-18,1.591488024213338e-16
5723.68,6.628350771107193e-18,1.593324223800351e-16
5724.93,5.416314349673298e-18,1.5283704614051683e-16
5726.18,2.5197182399891283e-18,1.583572150103298e-16
5727.43,5.741563353619075e-18,1.6519629174153396e-16
5728.68,6.482106600183316e-18,1.5208470371780497e-16
5729.93,3.65626486988173e-18,1.72657376713848e-16
5731.18,4.574904496701547e-19,1.7199125975901318e-16
5732.43,3.928762688930635e-18,1.741232898836501e-16
5733.68,6.171537209644443e-18,1.7750722365998533e-16
5734.93,4.254799280088238e-18,1.7683137423234038e-16
5736.18,5.398609939892525e-18,1.6577482035546297e-16
5737.43,2.94676212905335e-18,1.5922955560449172e-16
5738.68,9.947608231395452e-19,1.689713083252806e-16
5739.93,3.327071454116454e-18,1.6580415073082366e-16
5741.18,7.927292053647432e-18,1.7326056619275456e-16
5742.43,-2.0045503548274666e-19,1.7472994171854166e-16
5743.68,2.220010722043385e-18,1.7935690540963487e-16
5744.93,5.735906203886644e-19,1.843527018699268e-16
5746.18,1.5038514251338324e-19,1.828615352362858e-16
5747.43,9.445741198569265e-19,1.7388638981506003e-16
5748.68,1.588389707580916e-18,1.8573233092541967e-16
5749.93,2.9781058264760456e-18,1.8650234211290933e-16
5751.18,5.2508256458657475e-18,1.8484395014719562e-16
5752.43,3.869818446369441e-18,1.931012449860491e-16
5753.68,3.1111918784570735e-18,1.9600211030036667e-16
5754.93,2.7345606657962066e-18,2.096975429292493e-16
5756.18,1.6773790400540946e-18,2.1730443452248126e-16
5757.43,1.070763193976743e-18,2.1915661406881053e-16
5758.68,3.772796022613873e-18,1.9907762515021288e-16
5759.93,1.6431457651495504e-18,1.7844803024103145e-16
5761.18,-1.4830277370604754e-18,1.698629474367695e-16
5762.43,-1.0574196307281895e-18,1.5624751414945604e-16
5763.68,3.070354570544752e-18,1.3570285285574224e-16
5764.93,6.836803054445101e-18,1.4850295257732674e-16
5766.18,2.1461747316283068e-18,1.6104978686203876e-16
5767.43,3.501590905201347e-18,1.588941737875135e-16
5768.68,4.3059739779457144e-18,1.6537351750277474e-16
5769.93,2.0202764664559925e-18,1.644689429689396e-16
5771.18,5.7491484423513885e-18,1.5526333790801264e-16
5772.43,3.3655142717982374e-18,1.6763363004138577e-16
5773.68,9.411944419587235e-18,1.663716444449201e-16
5774.93,6.228359601430955e-18,1.7331564078898034e-16
5776.18,1.8910455374254976e-18,1.7090194235616297e-16
5777.43,-3.3957889182930827e-18,1.719774090343718e-16
5778.68,4.299414143421671e-18,1.7569191454432305e-16
5779.93,3.792633566513965e-18,1.7849197803337933e-16
5781.18,0.0,0.0
5782.43,0.0,0.0
5783.68,0.0,0.0
5784.93,0.0,0.0
5786.18,0.0,0.0
5787.43,0.0,0.0
5788.68,0.0,0.0
5789.93,0.0,0.0
5791.18,0.0,0.0
5792.43,0.0,0.0
5793.68,0.0,0.0
5794.93,0.0,0.0
5796.18,0.0,0.0
5797.43,0.0,0.0
5798.68,0.0,0.0
5799.93,0.0,0.0
5801.18,0.0,0.0
5802.43,0.0,0.0
5803.68,0.0,0.0
5804.93,0.0,0.0
5806.18,0.0,0.0
5807.43,0.0,0.0
5808.68,0.0,0.0
5809.93,0.0,0.0
5811.18,0.0,0.0
5812.43,0.0,0.0
5813.68,0.0,0.0
5814.93,0.0,0.0
5816.18,0.0,0.0
5817.43,0.0,0.0
5818.68,0.0,0.0
5819.93,0.0,0.0
5821.18,0.0,0.0
5822.43,0.0,0.0
5823.68,0.0,0.0
5824.93,0.0,0.0
5826.18,0.0,0.0
5827.43,0.0,0.0
5828.68,0.0,0.0
5829.93,0.0,0.0
5831.18,0.0,0.0
5832.43,0.0,0.0
5833.68,0.0,0.0
5834.93,0.0,0.0
5836.18,0.0,0.0
5837.43,0.0,0.0
5838.68,0.0,0.0
5839.93,0.0,0.0
5841.18,0.0,0.0
5842.43,0.0,0.0
5843.68,0.0,0.0
5844.93,0.0,0.0
5846.18,0.0,0.0
5847.43,0.0,0.0
5848.68,0.0,0.0
5849.93,0.0,0.0
5851.18,0.0,0.0
5852.43,0.0,0.0
5853.68,0.0,0.0
5854.93,0.0,0.0
5856.18,0.0,0.0
5857.43,0.0,0.0
5858.68,0.0,0.0
5859.93,0.0,0.0
5861.18,0.0,0.0
5862.43,0.0,0.0
5863.68,0.0,0.0
5864.93,0.0,0.0
5866.18,0.0,0.0
5867.43,0.0,0.0
5868.68,0.0,0.0
5869.93,0.0,0.0
5871.18,0.0,0.0
5872.43,0.0,0.0
5873.68,0.0,0.0
5874.93,0.0,0.0
5876.18,0.0,0.0
5877.43,0.0,0.0
5878.68,0.0,0.0
5879.93,0.0,0.0
5881.18,0.0,0.0
5882.43,0.0,0.0
5883.68,0.0,0.0
5884.93,0.0,0.0
5886.18,0.0,0.0
5887.43,0.0,0.0
5888.68,0.0,0.0
5889.93,0.0,0.0
5891.18,0.0,0.0
5892.43,0.0,0.0
5893.68,0.0,0.0
5894.93,0.0,0.0
5896.18,0.0,0.0
5897.43,0.0,0.0
5898.68,0.0,0.0
5899.93,0.0,0.0
5901.18,0.0,0.0
5902.43,0.0,0.0
5903.68,0.0,0.0
5904.93,0.0,0.0
5906.18,0.0,0.0
5907.43,0.0,0.0
5908.68,0.0,0.0
5909.93,0.0,0.0
5911.18,0.0,0.0
5912.43,0.0,0.0
5913.68,0.0,0.0
5914.93,0.0,0.0
5916.18,0.0,0.0
5917.43,0.0,0.0
5918.68,0.0,0.0
5919.93,0.0,0.0
5921.18,0.0,0.0
5922.43,0.0,0.0
5923.68,0.0,0.0
5924.93,0.0,0.0
5926.18,0.0,0.0
5927.43,0.0,0.0
5928.68,0.0,0.0
5929.93,0.0,0.0
5931.18,0.0,0.0
5932.43,0.0,0.0
5933.68,0.0,0.0
5934.93,0.0,0.0
5936.18,0.0,0.0
5937.43,0.0,0.0
5938.68,0.0,0.0
5939.93,0.0,0.0
5941.18,0.0,0.0
5942.43,0.0,0.0
5943.68,0.0,0.0
5944.93,0.0,0.0
5946.18,0.0,0.0
5947.43,0.0,0.0
5948.68,0.0,0.0
5949.93,0.0,0.0
5951.18,0.0,0.0
5952.43,0.0,0.0
5953.68,0.0,0.0
5954.93,0.0,0.0
5956.18,0.0,0.0
5957.43,0.0,0.0
5958.68,0.0,0.0
5959.93,0.0,0.0
5961.18,0.0,0.0
5962.43,0.0,0.0
5963.68,0.0,0.0
5964.93,0.0,0.0
5966.18,0.0,0.0
5967.43,0.0,0.0
5968.68,0.0,0.0
5969.93,0.0,0.0
5971.18,0.0,0.0
5972.43,0.0,0.0
5973.68,0.0,0.0
5974.93,0.0,0.0
5976.18,0.0,0.0
5977.43,0.0,0.0
5978.68,0.0,0.0
5979.93,0.0,0.0
5981.18,0.0,0.0
5982.43,0.0,0.0
5983.68,0.0,0.0
5984.93,0.0,0.0
5986.18,0.0,0.0
5987.43,0.0,0.0
5988.68,0.0,0.0
5989.93,0.0,0.0
5991.18,0.0,0.0
5992.43,0.0,0.0
5993.68,0.0,0.0
5994.93,0.0,0.0
5996.18,0.0,0.0
5997.43,0.0,0.0
5998.68,0.0,0.0
5999.93,0.0,0.0
6001.18,0.0,0.0
6002.43,0.0,0.0
6003.68,0.0,0.0
6004.93,0.0,0.0
6006.18,0.0,0.0
6007.43,0.0,0.0
6008.68,0.0,0.0
6009.93,0.0,0.0
6011.18,0.0,0.0
6012.43,0.0,0.0
6013.68,0.0,0.0
6014.93,0.0,0.0
6016.18,0.0,0.0
6017.43,0.0,0.0
6018.68,0.0,0.0
6019.93,0.0,0.0
6021.18,0.0,0.0
6022.43,0.0,0.0
6023.68,0.0,0.0
6024.93,0.0,0.0
6026.18,0.0,0.0
6027.43,0.0,0.0
6028.68,0.0,0.0
6029.93,0.0,0.0
6031.18,0.0,0.0
6032.43,0.0,0.0
6033.68,0.0,0.0
6034.93,0.0,0.0
6036.18,0.0,0.0
6037.43,0.0,0.0
6038.68,0.0,0.0
6039.93,0.0,0.0
6041.18,0.0,0.0
6042.43,0.0,0.0
6043.68,0.0,0.0
6044.93,0.0,0.0
6046.18,0.0,0.0
6047.43,0.0,0.0
6048.68,0.0,0.0
6049.93,4.205214019251841e-18,1.664002244351362e-16
6051.18,6.840965645526589e-18,1.8023595685398256e-16
6052.43,0.0,0.0
6053.68,2.209558724285179e-18,1.77030541150927e-16
6054.93,1.0492390089630601e-18,1.8010586480840776e-16
6056.18,2.915024142019729e-18,1.8080670536815128e-16
6057.43,3.2647865009180617e-18,1.8302581987882959e-16
6058.68,5.567833853130772e-18,1.820621210016675e-16
6059.93,4.333029774848758e-18,1.8143136345120675e-16
6061.18,5.827099685987703e-18,1.9383052413049734e-16
6062.43,7.072819438543884e-18,1.8906012533586043e-16
6063.68,4.409451641784316e-18,1.8426019791411862e-16
6064.93,2.8086991533342715e-18,1.7157982691084868e-16
6066.18,8.349042403219188e-19,1.7245855949598578e-16
6067.43,8.042628252096943e-19,1.8449374846335524e-16
6068.68,2.001204985578806e-18,1.915182877846436e-16
6069.93,8.973139562932148e-19,1.9369790024031004e-16
6071.18,4.282512237720068e-18,2.0465410475786712e-16
6072.43,9.721083424216073e-19,1.7945219544590243e-16
6073.68,3.0030956499584476e-18,1.8075542959425276e-16
6074.93,5.9296638867233e-18,1.8794673130981451e-16
6076.18,1.4644108004392147e-18,1.9842332508795246e-16
6077.43,4.052535081613789e-18,2.0569622987543576e-16
6078.68,5.613262229533628e-18,1.979491765635083e-16
6079.93,2.848694336421177e-18,1.6728693737268553e-16
6081.18,4.478994163767613e-19,1.766253684869382e-16
6082.43,4.2832017615889175e-18,1.8750750637990833e-16
6083.68,2.7856655585689845e-18,1.8828845400898472e-16
6084.93,4.042948951561934e-18,1.8722989539457637e-16
6086.18,4.848849998012908e-18,1.9521444913077153e-16
6087.43,5.62330307202886e-18,1.9043724110889379e-16
6088.68,7.229260196789451e-18,1.9165565106651787e-16
6089.93,4.287129053364193e-18,1.9106084659334566e-16
6091.18,9.682453524339362e-19,1.9509404519514793e-16
6092.43,1.045610261191506e-18,2.0855032779405073e-16
6093.68,4.525775103372647e-18,2.0671759455802835e-16
6094.93,1.169493035406954e-18,2.1270942600853437e-16
6096.18,1.6005851390908295e-18,2.145033643979836e-16
6097.43,4.6840367759897105e-18,2.0873010404681725e-16
6098.68,3.950867369565208e-18,2.1159590402622795e-16
6099.93,6.187085169538523e-18,2.1296928492285595e-16
6101.18,5.982395713449815e-18,1.9838290515871154e-16
6102.43,4.519000993208959e-18,1.8363042885406131e-16
6103.68,3.893197000539358e-18,1.823728944605623e-16
6104.93,6.262750412250414e-18,1.9031381080014587e-16
6106.18,1.0243925840006495e-19,2.0449282678834018e-16
6107.43,-6.488254549124653e-19,2.0434224185774337e-16
6108.68,5.822343291827309e-18,2.0352693167679015e-16
6109.93,3.267471604245081e-18,1.9162764479978207e-16
6111.18,4.540764979833844e-18,1.952744892413208e-16
6112.43,3.1217811643955977e-18,1.989746741938394e-16
6113.68,5.8982011423713346e-18,2.1285565788730996e-16
6114.93,2.3270154471306798e-18,2.006832545892462e-16
6116.18,3.098846809284298e-18,1.9190869651021337e-16
6117.43,2.578141128646653e-18,1.9538930643039433e-16
6118.68,3.5350842788477344e-18,1.9565611840102329e-16
6119.93,2.930461818634792e-18,1.8902148731942914e-16
6121.18,5.2841152238762465e-18,1.8742899550483314e-16
6122.43,7.027748918557765e-18,1.783431915176343e-16
6123.68,3.6055230251597534e-18,1.714136981244897e-16
6124.93,4.506406163153371e-18,2.05611927643834e-16
6126.18,3.1747502926050654e-18,2.1064575128276734e-16
6127.43,5.1879917944733865e-18,2.0627760336246556e-16
6128.68,5.793396080542225e-18,2.1146460883319938e-16
6129.93,3.991506863074171e-18,2.0652847503619274e-16
6131.18,3.321861948103128e-18,2.1077149145671873e-16
6132.43,4.900702014221735e-18,1.8677576164229422e-16
6133.68,3.179393144695205e-18,1.8244600237638785e-16
6134.93,3.492221328990839e-18,1.9873525760695025e-16
6136.18,7.242882655369379e-18,1.99272481665967e-16
6137.43,6.536996544184277e-18,1.9267703514279457e-16
6138.68,7.150326110728554e-18,1.9046056604152244e-16
6139.93,6.176808044187072e-18,1.9902189635014676e-16
6141.18,4.663537920752543e-18,2.0321967310044403e-16
6142.43,1.833615106086958e-18,1.9859511885277754e-16
6143.68,-8.377131952569726e-19,2.1842297787958368e-16
6144.93,6.423355837340882e-18,2.2276650165655806e-16
6146.18,6.25185433121369e-18,2.1493022395257954e-16
6147.43,7.042539558097331e-19,1.9075621947456853e-16
6148.68,3.4165948066348823e-18,1.7024525456157351e-16
6149.93,1.4183765991802014e-18,1.4867387983628553e-16
6151.18,2.843196517113827e-18,1.572487883313646e-16
6152.43,3.922083000546808e-18,1.5770323410108488e-16
6153.68,5.456015100604028e-18,1.665053575452027e-16
6154.93,5.4199704770598e-18,1.5560697509187297e-16
6156.18,4.326348201755932e-18,1.5229568510740915e-16
6157.43,2.552431371377919e-18,1.4382531924523846e-16
6158.68,6.704617049975618e-18,1.2175248939769149e-16
6159.93,4.670930988832044e-18,1.0630678663634398e-16
6161.18,4.432679918721449e-18,9.035220169782316e-17
6162.43,6.135611404308627e-18,9.731230098133072e-17
6163.68,5.026722135273359e-18,1.01218729536645e-16
6164.93,7.250205777718828e-18,9.316441913317809e-17
6166.18,3.854399865896291e-18,9.765345129838295e-17
6167.43,2.988536852398674e-18,9.928735100543189e-17
6168.68,1.722743773754389e-19,9.823853823472027e-17
6169.93,2.5609677232017276e-18,1.0647249379538832e-16
6171.18,5.596124374416761e-18,1.0145445857821212e-16
6172.43,5.863396276713641e-18,1.0703060019845343e-16
6173.68,3.4082147433264114e-18,1.002697551656036e-16
6174.93,4.677822325031962e-18,8.737230508256341e-17
6176.18,2.9601634627822577e-18,9.281067896006398e-17
6177.43,3.969809924238405e-18,1.0535097273162348e-16
6178.68,4.582561637773754e-18,1.0631392517307683e-16
6179.93,4.841866065283661e-18,1.1449762465946477e-16
6181.18,3.1799342542310668e-18,1.1102621362373166e-16
6182.43,2.2541590250748848e-18,1.0477391176428237e-16
6183.68,2.2898524070407304e-18,1.0174728342329366e-16
6184.93,3.0044730547187298e-18,9.122412875613882e-17
6186.18,1.3501078750286452e-18,9.028906598708244e-17
6187.43,2.050089724632422e-18,9.254229135491434e-17
6188.68,2.2044468364604497e-18,1.0183582968995192e-16
6189.93,2.953908873082971e-18,8.974986143772334e-17
6191.18,2.6688335181899313e-18,9.075083374993496e-17
6192.43,6.402481159405165e-18,9.208427033357264e-17
6193.68,4.254287795910304e-18,9.070688541193722e-17
6194.93,2.644291812471054e-18,9.705163636855711e-17
6196.18,1.5127150451727006e-18,9.82762750377984e-17
6197.43,3.7162416528747084e-18,9.537641638798136e-17
6198.68,5.724407416935996e-18,1.0118786449484226e-16
6199.93,2.67823277170451e-18,9.488845824019543e-17
6201.18,3.570146582068614e-18,9.898132980242703e-17
6202.43,3.893280311529274e-18,9.036448930720375e-17
6203.68,2.4209433854001135e-18,1.0208254496330828e-16
6204.93,3.1443642517453537e-18,9.749397776527856e-17
6206.18,5.0258507449703324e-18,9.995048307441043e-17
6207.43,2.960808720463363e-18,1.0069482831688697e-16
6208.68,2.3606966125036656e-18,1.0523155955919053e-16
6209.93,3.7740165408201296e-18,1.0187965435423054e-16
6211.18,1.7035408680381052e-18,9.808415071902182e-17
6212.43,3.3338060161645693e-18,9.618855872910402e-17
6213.68,4.279681670250115e-18,9.641836038435677e-17
6214.93,6.657147692929437e-18,9.531441619655322e-17
6216.18,3.4640152910363502e-18,7.99660372005355e-17
6217.43,4.792469806145037e-18,8.688335829585628e-17
6218.68,5.447070265101743e-18,9.808601029239366e-17
6219.93,1.2099747319865855e-18,9.974349271270014e-17
6221.18,6.420977181423853e-19,9.525300615778615e-17
6222.43,4.740561398347751e-18,8.506520462195422e-17
6223.68,1.1277890027239208e-18,8.086827522997648e-17
6224.93,3.42119800694636e-18,7.324527719538975e-17
6226.18,3.8828650840101994e-18,8.194085353974542e-17
6227.43,4.473320687726228e-18,8.59749362380505e-17
6228.68,2.5671711343792643e-18,8.110761306322184e-17
6229.93,4.764742930472799e-18,8.68377348999598e-17
6231.18,2.144467984221385e-18,8.96095042197336e-17
6232.43,3.3191606104060923e-18,8.760027991228124e-17
6233.68,4.961421709072922e-18,9.018880463656822e-17
6234.93,9.555280025984957e-19,9.009015105736964e-17
6236.18,1.734790024165335e-18,9.04928312180868e-17
6237.43,5.237065837715986e-19,8.973190180726314e-17
6238.68,3.221398948939839e-18,8.017527506498042e-17
6239.93,2.1529824383492107e-18,8.431378637576247e-17
6241.18,4.269051325162634e-18,9.596414072303896e-17
6242.43,4.365556586098188e-18,9.318666742397754e-17
6243.68,5.531437602406372e-18,9.374687911166084e-17
6244.93,3.568475322401422e-18,9.994157411949496e-17
6246.18,4.609930232705175e-18,9.988813581540231e-17
6247.43,1.5610482929434816e-18,9.854307976657482e-17
6248.68,4.306751836659781e-18,8.83127859258562e-17
6249.93,6.573221849882518e-19,9.585122816709276e-17
6251.18,2.027160949733148e-18,1.0484976098922622e-16
6252.43,4.2404258910098054e-18,1.065983417164156e-16
6253.68,5.528659329208435e-18,1.0237640167065377e-16
6254.93,1.9360965220989474e-18,1.0593532491282474e-16
6256.18,1.7979319938834164e-18,1.039642186983656e-16
6257.43,2.1893663218787878e-18,9.695313149261605e-17
6258.68,1.790835523244764e-18,1.0336226974867957e-16
6259.93,-3.325982716581298e-19,1.1124926103687233e-16
6261.18,1.9123709019834742e-18,1.136480412625315e-16
6262.43,3.10912429271039e-18,1.1701664397673518e-16
6263.68,3.041569560152991e-18,1.3040543916060485e-16
6264.93,3.195635487568675e-18,1.2688135496978012e-16
6266.18,3.81229169540402e-18,1.255892693678984e-16
6267.43,5.7763465559285074e-18,1.237004072159913e-16
6268.68,4.129216197683197e-18,1.0890447684522754e-16
6269.93,5.895854573173661e-18,1.1872110922335757e-16
6271.18,2.3987868181234696e-18,1.243404286475736e-16
6272.43,7.067222929398644e-18,1.1856500600318752e-16
6273.68,5.09394087197066e-18,1.3012156258118606e-16
6274.93,3.719691197959983e-18,1.2936452462916282e-16
6276.18,2.4803874627150165e-18,1.1624449653906067e-16
6277.43,4.2649506810175965e-18,1.213410440634345e-16
6278.68,5.30750671080514e-18,1.3785513487413418e-16
6279.93,4.557480717188031e-18,1.3434378414793557e-16
6281.18,5.973718772751367e-18,1.2466874959008013e-16
6282.43,6.430023986210077e-18,1.3240361294984148e-16
6283.68,9.845090302041383e-18,1.640321514020618e-16
6284.93,6.27235689440071e-18,1.6448355697430062e-16
6286.18,6.777196605303114e-18,1.7376498158713327e-16
6287.43,4.955019718119109e-18,1.780618580548408e-16
6288.68,4.918503689453435e-18,1.824362166449564e-16
6289.93,7.411386440804473e-18,1.855120145451046e-16
6291.18,4.009151024944503e-18,1.7336551686383327e-16
6292.43,4.924234247865623e-18,1.7538711279329846e-16
6293.68,9.372816403442768e-18,1.7590758093207244e-16
6294.93,3.2758752288278583e-18,1.7457765203413738e-16
6296.18,3.992710659694172e-18,1.5394562739150317e-16
6297.43,3.0553076498958984e-18,2.020477087479796e-16
6298.68,9.533691677485582e-18,2.1417467288963956e-16
6299.93,1.1224729826061274e-17,1.8950709222007192e-16
6301.18,3.230017091246242e-18,1.740680439192976e-16
6302.43,1.5944158723937845e-18,1.633898757925737e-16
6303.68,6.09347827724264e-18,1.6439372150327125e-16
6304.93,6.962041160170394e-18,1.8758277943087815e-16
6306.18,3.832231534954583e-18,1.819678256202484e-16
6307.43,4.576888081208614e-18,1.9868553028270046e-16
6308.68,5.9825261643234875e-18,1.8276509069776242e-16
6309.93,4.376993207008761e-18,1.9847042794726313e-16
6311.18,4.4065868809510336e-18,1.863385394810889e-16
6312.43,1.1304713881461431e-17,1.9785464529229106e-16
6313.68,8.817373616411951e-18,2.1785429759153298e-16
6314.93,5.523862270369458e-18,2.087139329489028e-16
6316.18,4.563716923276484e-18,2.3722627916004476e-16
6317.43,4.692724564324174e-18,1.9981662475633926e-16
6318.68,5.787316649474683e-18,2.056286157101336e-16
6319.93,4.881104250156433e-18,2.1535056101351388e-16
6321.18,8.496944561651252e-18,2.1686684657682035e-16
6322.43,6.557380549533731e-18,1.912221909629268e-16
6323.68,4.581887469181231e-18,1.9405551128591897e-16
6324.93,6.306423038724565e-18,1.9392602529146892e-16
6326.18,7.530965776915833e-18,2.0198019200921625e-16
6327.43,6.5216848383883876e-18,1.973645438440045e-16
6328.68,7.70724165754769e-18,2.0061806997140884e-16
6329.93,7.107613493366724e-18,2.0112059707730882e-16
6331.18,8.019680562437718e-18,2.0290335833778368e-16
6332.43,6.6240057089550065e-18,2.0720775940419407e-16
6333.68,5.975346797524284e-18,2.163390189079983e-16
6334.93,5.594421838923935e-18,2.2204584046754636e-16
6336.18,6.161599935257803e-18,2.1539818584645997e-16
6337.43,6.0862186957088805e-18,2.1038906552972217e-16
6338.68,5.082328359531273e-18,2.2168394484879325e-16
6339.93,4.319096941234143e-18,2.318349683162897e-16
6341.18,5.10094514806108e-18,2.39950680547155e-16
6342.43,3.819120541546208e-18,2.349142209334872e-16
6343.68,3.667881745738135e-18,2.4244391740594923e-16
6344.93,4.151638056700249e-18,2.324253053379043e-16
6346.18,2.4664821966324633e-18,2.346375593024792e-16
6347.43,2.6998284973409702e-18,2.388047849577557e-16
6348.68,4.67257117090507e-18,2.592009982645732e-16
6349.93,4.324568076442238e-18,2.4227994413645026e-16
6351.18,4.428490228034368e-18,2.2285076303847894e-16
6352.43,5.8470494296868025e-18,2.227094396129578e-16
6353.68,6.3236978098573484e-18,2.2040965669553841e-16
6354.93,6.0097346342652814e-18,2.1696674586708038e-16
6356.18,6.710399537832304e-18,2.1212393938205576e-16
6357.43,5.331667522015348e-18,1.9324324393286554e-16
6358.68,4.4996605755823195e-18,1.8884342273814915e-16
6359.93,6.109820761507385e-18,2.0828638348855558e-16
6361.18,3.3221261706479154e-18,2.0194110456512355e-16
6362.43,5.813005249108951e-18,2.0202198016283234e-16
6363.68,6.183188189529251e-18,2.116374164845347e-16
6364.93,7.342372088739669e-18,2.0800938494439555e-16
6366.18,7.41267492269486e-18,2.0850508275644525e-16
6367.43,2.406716016180521e-18,2.0943822233786547e-16
6368.68,6.486444582575111e-18,1.9539921267810394e-16
6369.93,4.742577463073969e-18,2.2089952142681236e-16
6371.18,6.427433433196981e-18,2.1811261681954392e-16
6372.43,4.64636038603003e-18,2.1687696489796712e-16
6373.68,3.813762264417873e-18,2.2074327368176816e-16
6374.93,5.085293597386732e-18,2.145070743899773e-16
6376.18,4.0073084985750914e-18,2.0977314901909902e-16
6377.43,5.043457837896334e-18,2.2098122477825336e-16
6378.68,4.983410815306382e-18,2.036015697579505e-16
6379.93,5.47332284350625e-18,1.9093784548976355e-16
6381.18,2.5752403783100982e-18,1.8751146538590212e-16
6382.43,7.297659275896981e-18,1.8792462728322254e-16
6383.68,4.475552601069984e-18,1.9637702726840598e-16
6384.93,6.813688339432875e-18,1.980774740366336e-16
6386.18,4.220159105293663e-18,1.9267820163730449e-16
6387.43,6.048895286699585e-18,1.9703998786856158e-16
6388.68,5.8855147241117345e-18,1.8623371515543576e-16
6389.93,4.1678346084504244e-18,2.0772298029802818e-16
6391.18,5.833639696859194e-18,2.1872421668038795e-16
6392.43,4.240784462976761e-18,2.254929080064568e-16
6393.68,6.918430487983393e-18,2.264493674072328e-16
6394.93,5.846310011257948e-18,2.5019942005478817e-16
6396.18,5.0749149110195924e-18,2.556318945520448e-16
6397.43,5.775371339360665e-18,2.487072279147079e-16
6398.68,2.9477093836291765e-18,2.505293863070175e-16
6399.93,5.613297237392952e-18,2.6233214906832965e-16
6401.18,6.098555975956762e-18,2.559692253134908e-16
6402.43,9.045399779760401e-18,2.568736416160384e-16
6403.68,5.932415316180621e-18,2.646227203515132e-16
6404.93,7.050832866380562e-18,2.818803390411113e-16
6406.18,7.951021436890425e-18,2.7641264893425765e-16
6407.43,6.693497971393027e-18,2.985422955358934e-16
6408.68,4.388229989659809e-18,3.0518320429436074e-16
6409.93,6.3239787148364855e-18,2.955192925517008e-16
6411.18,6.973530251265031e-18,3.0340096632418574e-16
6412.43,8.852021412992175e-18,3.07847576510634e-16
6413.68,7.242750102203088e-18,2.929804434068186e-16
6414.93,8.188101386060421e-18,2.8120782922237685e-16
6416.18,5.703069224974948e-18,3.051946963037271e-16
6417.43,5.25221487538108e-18,2.912189594209386e-16
6418.68,7.114595296851258e-18,2.8292190251018846e-16
6419.93,5.942302353940142e-18,2.7733451646594593e-16
6421.18,6.427040280072729e-18,2.679434401546423e-16
6422.43,6.028689821901537e-18,2.674208925918359e-16
6423.68,6.83757726053279e-18,2.774198988447756e-16
6424.93,7.019224612930856e-18,2.6735116382211434e-16
6426.18,6.2138916757171235e-18,2.767212514155862e-16
6427.43,6.753792229501987e-18,2.7310005777590985e-16
6428.68,5.954672459710414e-18,2.7946732684590767e-16
6429.93,6.832745075467934e-18,2.812509608309831e-16
6431.18,5.955727292733374e-18,2.9813810095028176e-16
6432.43,6.5203726935502555e-18,2.936321644428082e-16
6433.68,7.642127135593812e-18,3.0687088866219523e-16
6434.93,5.744803458450379e-18,3.078314893749982e-16
6436.18,4.552415382751062e-18,3.0010020913660184e-16
6437.43,8.184169471862845e-18,3.0210879996273146e-16
6438.68,7.553566924742206e-18,3.029741216092468e-16
6439.93,5.046918091981237e-18,2.960424401267383e-16
6441.18,5.4652436057195166e-18,3.212954826557257e-16
6442.43,6.0365787396001346e-18,3.2908111064543693e-16
6443.68,4.034717994145783e-18,3.3602569201820443e-16
6444.93,5.427795878397646e-18,3.4597736956244063e-16
6446.18,6.708095178771649e-18,3.603396682012377e-16
6447.43,5.613754385673429e-18,3.2904323522629183e-16
6448.68,6.9198835319949164e-18,2.9726825301516913e-16
6449.93,5.398765791688237e-18,3.008775643985604e-16
6451.18,8.17792912835275e-18,3.205092283562855e-16
6452.43,5.244244699270028e-18,3.3132504174797136e-16
6453.68,7.611163053256605e-18,3.3853583042963257e-16
6454.93,7.277489152701179e-18,3.3598681867121157e-16
6456.18,4.6944500513227224e-18,3.2816579339803056e-16
6457.43,6.874505278370187e-18,3.295879963062876e-16
6458.68,9.139324792700585e-18,3.4740574619450333e-16
6459.93,4.052458478732697e-18,3.6993450478901866e-16
6461.18,6.161673981694168e-18,3.5613000729650508e-16
6462.43,7.025129985964683e-18,3.280519670378666e-16
6463.68,5.662262209480748e-18,3.4128397048019637e-16
6464.93,6.863854025977723e-18,3.7345704963123607e-16
6466.18,5.419766514366266e-18,3.8830089236320245e-16
6467.43,3.6410011880584744e-18,4.002661481625111e-16
6468.68,4.5441789824458915e-18,4.0152831541803405e-16
6469.93,6.118588668582268e-18,4.013290214615962e-16
6471.18,7.131415966887776e-18,3.7240029921813066e-16
6472.43,7.122057013243171e-18,3.871705547963429e-16
6473.68,5.604399497574436e-18,4.1756298916071306e-16
6474.93,6.6551294063062e-18,4.323660626534443e-16
6476.18,4.9402520406720345e-18,4.313741524472167e-16
6477.43,6.899423967696792e-18,4.4227195104190996e-16
6478.68,5.943982148894714e-18,3.8437173906038127e-16
6479.93,4.763055926849024e-18,3.628038295445851e-16
6481.18,5.414831599807923e-18,3.682529864279327e-16
6482.43,6.5482563728262525e-18,3.4542076138578427e-16
6483.68,7.004199737416715e-18,3.4969348080369123e-16
6484.93,5.729071896992271e-18,3.248513661401634e-16
6486.18,6.5765754316552796e-18,3.314662851323463e-16
6487.43,7.638141870350566e-18,3.5041829834987894e-16
6488.68,6.278252391632939e-18,3.7323097736864393e-16
6489.93,8.869364294415574e-18,3.6333196232871485e-16
6491.18,4.600738832755658e-18,3.6689864560471543e-16
6492.43,7.195633389034883e-18,3.711786390996429e-16
6493.68,8.61315572470929e-18,3.602380300606401e-16
6494.93,9.116914418651036e-18,3.5023011257280713e-16
6496.18,9.641333190089488e-18,3.512129911681539e-16
6497.43,8.822962605942914e-18,3.7887171296145717e-16
6498.68,5.548757847030659e-18,3.7761649236010553e-16
6499.93,4.911243776999995e-18,3.673337160068457e-16
6501.18,4.475130699212937e-18,3.8863823732409246e-16
6502.43,7.180400214440766e-18,4.175160148820914e-16
6503.68,5.6280462305301045e-18,4.3199595784894045e-16
6504.93,7.737611916513379e-18,4.24004570735882e-16
6506.18,6.443677648485007e-18,4.235920106437293e-16
6507.43,8.788977434360452e-18,4.429646845351805e-16
6508.68,9.434282108247474e-18,4.213128202656712e-16
6509.93,6.439664193278638e-18,4.470598692598343e-16
6511.18,1.0077297720101839e-17,4.714521766412351e-16
6512.43,9.143900103380805e-18,4.436686629763845e-16
6513.68,5.639247032543744e-18,3.9607920666045203e-16
6514.93,8.225365104397864e-18,4.1837693238468004e-16
6516.18,7.78221238123787e-18,4.4287225457153274e-16
6517.43,7.371014550028622e-18,4.4329452289401066e-16
6518.68,9.934493942079508e-18,4.498608230008867e-16
6519.93,1.0636446432267344e-17,4.560462567950494e-16
6521.18,7.480841575067632e-18,4.535935029774561e-16
6522.43,7.844196201280927e-18,4.667114948582151e-16
6523.68,9.78716424265114e-18,4.787474801142825e-16
6524.93,9.34839065884378e-18,4.666829228522138e-16
6526.18,9.654307521082759e-18,4.862928534582529e-16
6527.43,8.553753021566475e-18,4.952650064472496e-16
6528.68,7.037668623644178e-18,4.95591241880494e-16
6529.93,9.181327949110596e-18,5.091590846995641e-16
6531.18,1.0659885210908236e-17,5.097620983721696e-16
6532.43,1.2544690500103795e-17,4.891333398679234e-16
6533.68,8.4951723809746e-18,5.086652781038181e-16
6534.93,4.0462530870814606e-18,5.193179254136689e-16
6536.18,8.061481236374952e-18,5.239948356386085e-16
6537.43,7.130847369195451e-18,5.375650490888989e-16
6538.68,9.336981555760266e-18,5.518042689705086e-16
6539.93,9.605822191698651e-18,5.605840077598046e-16
6541.18,1.1334254495150103e-17,5.396397820191489e-16
6542.43,4.519585267138411e-18,5.490666952595533e-16
6543.68,1.056713338419335e-17,5.105092824683846e-16
6544.93,1.0656489217493572e-17,4.63834935214243e-16
6546.18,8.334725322491944e-18,4.50593948563956e-16
6547.43,1.0013119401876045e-17,4.626590585292849e-16
6548.68,1.1581789446645796e-17,4.538846695483263e-16
6549.93,1.1988686754435923e-17,4.0253561639053984e-16
6551.18,1.232283838347178e-17,3.8563488134949e-16
6552.43,9.532080813085707e-18,3.595512581623261e-16
6553.68,8.101318516903719e-18,3.527578769272732e-16
6554.93,6.19658388798285e-18,3.283411253729599e-16
6556.18,8.195198244447831e-18,3.643329755877447e-16
6557.43,1.1627453787151666e-17,5.893500908903161e-16
6558.68,1.5523022840136224e-17,1.2657678714049552e-15
6559.93,4.2331976410628576e-17,3.0536354352558723e-15
6561.18,1.8674300886821596e-16,5.39864043973461e-15
6562.43,4.613165707525378e-16,5.572919820673865e-15
6563.68,3.996541083494848e-16,3.2169197106857638e-15
6564.93,1.3302735232334922e-16,1.6337568960381845e-15
6566.18,3.749872255636023e-17,9.236857478785499e-16
6567.43,2.0188816772710152e-17,5.568475928658619e-16
6568.68,1.1560388837308602e-17,4.1484643933732383e-16
6569.93,1.030442340929136e-17,3.463396143649721e-16
6571.18,1.3300628302669265e-17,3.411052993819958e-16
6572.43,9.054896020121199e-18,3.2159242880050586e-16
6573.68,6.283896652744004e-18,3.235702357234104e-16
6574.93,7.84361592653816e-18,3.5285647045550187e-16
6576.18,9.47879959407768e-18,3.6981434794353995e-16
6577.43,7.233641338038077e-18,3.6329976318937756e-16
6578.68,6.951966149625723e-18,3.3645426246082576e-16
6579.93,7.944302634635746e-18,3.259917433510125e-16
6581.18,6.902421960070313e-18,3.3494312790256835e-16
6582.43,9.131606149224702e-18,3.365167229963544e-16
6583.68,6.7176069098082e-18,3.5295374545222384e-16
6584.93,9.717941015410302e-18,3.5787914762832214e-16
6586.18,9.44036655360538e-18,3.7621243628021166e-16
6587.43,1.2149742888214165e-17,3.799716677329508e-16
6588.68,8.589430858290996e-18,3.928357821596343e-16
6589.93,5.715768448812602e-18,3.830787097234663e-16
6591.18,9.523814999750021e-18,3.717691950186519e-16
6592.43,9.733476386289084e-18,3.6116539594356506e-16
6593.68,9.098723451154265e-18,3.5181348355352044e-16
6594.93,9.797279372955397e-18,3.192020910265739e-16
6596.18,8.069817372874175e-18,3.3224809730390296e-16
6597.43,7.599888591679924e-18,3.345673912883755e-16
6598.68,9.490190913720844e-18,3.415545433817006e-16
6599.93,1.1741405760662048e-17,3.2249999142404743e-16
6601.18,1.0790265462300197e-17,3.333595674970602e-16
6602.43,8.075402369534586e-18,3.4572074659767357e-16
6603.68,4.716773683800486e-18,3.429846968509004e-16
6604.93,8.024434899959584e-18,3.3842600152587194e-16
6606.18,8.137309558083147e-18,3.3084516206795604e-16
6607.43,8.03523986403312e-18,3.34203393997661e-16
6608.68,6.557159084393416e-18,3.352876633007129e-16
6609.93,7.996454342513487e-18,3.295716832874011e-16
6611.18,1.0590323675410342e-17,3.2543581291580265e-16
6612.43,8.437824947378839e-18,3.464102284218083e-16
6613.68,6.909372671270441e-18,3.432105154141552e-16
6614.93,7.3024088401438e-18,3.3255263545831785e-16
6616.18,6.4743699436691445e-18,3.3252818253094335e-16
6617.43,8.753625881317936e-18,3.3127466817229246e-16
6618.68,8.454331331052332e-18,3.0890881173104293e-16
6619.93,8.338194921882886e-18,2.8437345696920803e-16
6621.18,7.374309992164073e-18,2.888116763667181e-16
6622.43,7.083904601835056e-18,2.9413315143150894e-16
6623.68,8.900488674361454e-18,2.8531298048932386e-16
6624.93,8.440277453366162e-18,2.777373117290256e-16
6626.18,7.669646947090113e-18,2.514500288342759e-16
6627.43,8.029361802521619e-18,2.5146377578204614e-16
6628.68,9.38995188557293e-18,2.583200408836232e-16
6629.93,8.2120267814594e-18,2.715728230671334e-16
6631.18,6.541272620858943e-18,2.8229557093018256e-16
6632.43,1.0618010900901772e-17,2.956260566708083e-16
6633.68,1.0437730418286018e-17,2.8434407719759743e-16
6634.93,7.695640478116051e-18,2.610571200032201e-16
6636.18,8.61561253961005e-18,2.359114577490843e-16
6637.43,4.319250896999404e-18,2.4016552352028827e-16
6638.68,7.704810301257996e-18,2.4658099537486747e-16
6639.93,6.792171498684466e-18,2.5224865952820266e-16
6641.18,7.309647968786675e-18,2.707063044608871e-16
6642.43,7.153987657543989e-18,2.6668625930498227e-16
6643.68,9.17476610105864e-18,2.66841137466768e-16
6644.93,9.292304477510534e-18,2.5872763590744893e-16
6646.18,7.781450307033107e-18,2.487128268794135e-16
6647.43,9.11172711125881e-18,2.5144038962709305e-16
6648.68,8.020407515936826e-18,2.6441743494512273e-16
6649.93,1.015863173042681e-17,2.412039576043757e-16
6651.18,8.251190201257069e-18,2.122367909930599e-16
6652.43,1.0232620828063041e-17,1.79674616649127e-16
6653.68,8.74981019295988e-18,1.8476146852070747e-16
6654.93,9.641187102838699e-18,1.9782384024984238e-16
6656.18,7.399294197398247e-18,1.9845211972555146e-16
6657.43,6.653987425136411e-18,2.0970280478380722e-16
6658.68,4.541749432829881e-18,2.052564063464823e-16
6659.93,7.794116749853997e-18,2.0655392151527049e-16
6661.18,9.168400780893216e-18,2.0703392634316925e-16
6662.43,8.313223106744426e-18,2.1424851546890097e-16
6663.68,1.1117362380187707e-17,2.2126485995578988e-16
6664.93,9.34162797454034e-18,2.231354751891904e-16
6666.18,9.725399156179096e-18,2.348512294902071e-16
6667.43,8.691787405239484e-18,2.4231595169398403e-16
6668.68,7.387145849499428e-18,2.442096592042716e-16
6669.93,7.330594500377923e-18,2.4494830463810087e-16
6671.18,8.515041019348371e-18,2.3871657872334196e-16
6672.43,1.1390882533290406e-17,2.4864311431338677e-16
6673.68,9.556789063558898e-18,2.3178556448129104e-16
6674.93,8.839656457317656e-18,2.3726683105155685e-16
6676.18,1.087049768285986e-17,2.468385039075134e-16
6677.43,1.624871486497936e-17,2.4920134771242436e-16
6678.68,1.7505135001931912e-17,2.4526947938984438e-16
6679.93,1.1955666618226014e-17,2.1728005605467535e-16
6681.18,8.61765859917828e-18,1.8644988973329685e-16
6682.43,1.0128603248449382e-17,1.5669656532658813e-16
6683.68,9.91210311296924e-18,1.821461446372752e-16
6684.93,8.781258573844917e-18,1.9065257586217234e-16
6686.18,9.700464856589903e-18,1.8003423279619207e-16
6687.43,9.839908657895085e-18,1.9932543731006023e-16
6688.68,1.0915669184712934e-17,2.1098740027395135e-16
6689.93,9.224374149131777e-18,2.105044691091965e-16
6691.18,8.968591880487503e-18,2.0472816657391653e-16
6692.43,8.5856935850218e-18,1.9935335826878542e-16
6693.68,1.1727286104980762e-17,2.081687900348661e-16
6694.93,9.585446297460355e-18,2.0275602394672884e-16
6696.18,9.599694396587033e-18,2.0474832575661178e-16
6697.43,1.0327289365035888e-17,2.0890832339985226e-16
6698.68,9.566940984088199e-18,2.1954538302701542e-16
6699.93,1.0994656158821323e-17,2.183708801790112e-16
6701.18,9.911255197249624e-18,2.22123439900958e-16
6702.43,1.100532575403832e-17,2.3052093434114695e-16
6703.68,8.861211646586006e-18,2.227326646274244e-16
6704.93,1.1012193424102495e-17,2.3144093934791e-16
6706.18,8.092565041229983e-18,2.2766534282367654e-16
6707.43,7.570520773666721e-18,2.1562072659615338e-16
6708.68,7.090671642038649e-18,2.1155128523259199e-16
6709.93,8.535927999408773e-18,2.400764363746565e-16
6711.18,7.745183298038981e-18,2.3354572060978297e-16
6712.43,9.331348206979755e-18,2.2950300368496294e-16
6713.68,1.0182740268463785e-17,2.268325123084032e-16
6714.93,1.033078734662398e-17,1.980606285356623e-16
6716.18,9.357985083330139e-18,1.755572671093901e-16
6717.43,1.0101485115376213e-17,1.7431849477695004e-16
6718.68,9.610832638835798e-18,1.5954803024863028e-16
6719.93,9.198599215890408e-18,1.6747103048048837e-16
6721.18,8.816497983629289e-18,1.7166492854488277e-16
6722.43,9.098249914784133e-18,1.70711904072181e-16
6723.68,9.565282840889914e-18,1.7857083721592715e-16
6724.93,1.00141471049643e-17,1.854381012433237e-16
6726.18,9.121323911430076e-18,1.8443842541211344e-16
6727.43,9.750299048792417e-18,1.8800035001509346e-16
6728.68,1.0339758712370305e-17,1.947270483732395e-16
6729.93,9.8518524730427e-18,1.8669651323743153e-16
6731.18,1.0396774430271026e-17,1.8664763364923058e-16
6732.43,8.162142574689947e-18,1.9721013608559474e-16
6733.68,9.01808959109285e-18,1.9737864968420876e-16
6734.93,1.1030471639227837e-17,1.9368954856481888e-16
6736.18,1.0079248460767583e-17,1.9322797179505652e-16
6737.43,1.0493027291216103e-17,1.8961225496056573e-16
6738.68,1.0118227723112167e-17,2.0147147532309746e-16
6739.93,9.988031301423445e-18,2.0589056553426e-16
6741.18,8.572247166164775e-18,2.0066452055515006e-16
6742.43,1.1810160930261751e-17,2.121050806782439e-16
6743.68,8.045421173953785e-18,2.168792632761303e-16
6744.93,1.0319450194537702e-17,2.174151337467609e-16
6746.18,9.782709827759565e-18,2.1224533326921262e-16
6747.43,7.821245786572672e-18,1.890504441896401e-16
6748.68,9.030680705620627e-18,1.7555099302992743e-16
6749.93,1.030075546631033e-17,1.7558285377384319e-16
6751.18,8.865956622121422e-18,1.8410195423644044e-16
6752.43,8.332075176685387e-18,1.990648389442522e-16
6753.68,9.291161725504925e-18,1.9702984804269156e-16
6754.93,9.185999719058738e-18,1.8682925226713295e-16
6756.18,1.0768246940914715e-17,1.979793530236778e-16
6757.43,1.0176947116518924e-17,2.1303911637540588e-16
6758.68,1.1600395890050703e-17,2.0916925968069722e-16
6759.93,1.0111072688422363e-17,1.9463888087822427e-16
6761.18,1.1001420885635468e-17,2.0109496984753944e-16
6762.43,1.0208360003332706e-17,2.1392896747449154e-16
6763.68,1.105664830039332e-17,2.2665332258641176e-16
6764.93,1.1306280515038779e-17,2.155277347924957e-16
6766.18,1.2854820821365654e-17,2.328899794020276e-16
6767.43,1.0619374978629034e-17,2.3646443010515e-16
6768.68,1.1556827886938614e-17,2.290794040696181e-16
6769.93,7.506242538894167e-18,2.2839404533205987e-16
6771.18,9.540577913590142e-18,2.225961271548712e-16
6772.43,1.1092720272678431e-17,2.2922895028079846e-16
6773.68,1.0609374862412437e-17,2.238965536771953e-16
6774.93,1.0982968931650189e-17,2.41448645040667e-16
6776.18,9.750728366227284e-18,2.468507151063605e-16
6777.43,1.0382440732330402e-17,2.4345382415454374e-16
6778.68,1.2449185849923695e-17,2.495829428815145e-16
6779.93,1.1544411755223888e-17,2.4775748918102227e-16
6781.18,1.2020145593159112e-17,2.274490611780751e-16
6782.43,1.0494406870110003e-17,1.8865216620482425e-16
6783.68,9.810378352282551e-18,1.8476579712504215e-16
6784.93,7.89432999179832e-18,1.9011529738268002e-16
6786.18,1.1833716350490953e-17,1.957898474511815e-16
6787.43,9.235938230042425e-18,2.0199207563070938e-16
6788.68,8.425060299063301e-18,2.0189112943734423e-16
6789.93,9.627276200107086e-18,2.0674414991335154e-16
6791.18,1.1449623015227318e-17,2.0167453724387186e-16
6792.43,9.72128673424496e-18,2.080162101644282e-16
6793.68,1.0519686043479168e-17,2.0211979410055776e-16
6794.93,9.911401692930012e-18,2.0706006372734248e-16
6796.18,9.474922749632075e-18,2.1269876312099634e-16
6797.43,1.003249606861322e-17,2.1828313304800005e-16
6798.68,1.1993615864929109e-17,2.158381983734893e-16
6799.93,1.1058840325954869e-17,2.1573604120907664e-16
6801.18,8.408088753231347e-18,2.300375164743376e-16
6802.43,1.0098352519496666e-17,2.2529271791602346e-16
6803.68,1.051543664682149e-17,2.318980000143051e-16
6804.93,9.026132434417803e-18,2.150557710935268e-16
6806.18,9.908591163612728e-18,2.029399233661358e-16
6807.43,1.0283493468917783e-17,2.2408827874842156e-16
6808.68,9.996828228500184e-18,2.300117824298042e-16
6809.93,8.9022390395211e-18,2.3464567497957917e-16
6811.18,9.338702760040422e-18,2.1850333063220015e-16
6812.43,8.849013345960992e-18,2.3226166784305864e-16
6813.68,1.1147263738248869e-17,2.3206058944676574e-16
6814.93,1.1363923806545564e-17,2.194649321713809e-16
6816.18,7.182903611410201e-18,2.0119728989435515e-16
6817.43,8.960041633843932e-18,2.0535354851606007e-16
6818.68,1.0175072349784505e-17,2.1873339361808146e-16
6819.93,1.078561010037849e-17,2.2397385162779443e-16
6821.18,1.1464782309365614e-17,2.2027265254079914e-16
6822.43,9.262989756339378e-18,2.1121821443678404e-16
6823.68,8.355241458531472e-18,2.1847511983270333e-16
6824.93,1.0155972297436737e-17,2.243248990788229e-16
6826.18,1.0950813181671929e-17,2.36843687952956e-16
6827.43,8.982851938779513e-18,2.2515500151799376e-16
6828.68,1.0073381003893861e-17,2.294276412569573e-16
6829.93,9.15288184459598e-18,2.4907694896715334e-16
6831.18,1.0045201195516321e-17,2.3964223059376473e-16
6832.43,1.142098732966417e-17,2.2648249537123723e-16
6833.68,8.936186903122797e-18,2.370796822284124e-16
6834.93,1.2154940830559398e-17,2.5410581556949675e-16
6836.18,1.0188465173129407e-17,2.406096923288157e-16
6837.43,8.869746201568724e-18,2.3531180648268773e-16
6838.68,1.0396264804298754e-17,2.385307350246456e-16
6839.93,1.2205584206578354e-17,2.3824440594615395e-16
6841.18,1.1565425975187628e-17,2.40804871392236e-16
6842.43,1.001310150149501e-17,2.393789241967348e-16
6843.68,1.0723332675911276e-17,2.44606801204482e-16
6844.93,9.780335036996452e-18,2.302181863164294e-16
6846.18,1.2020349758783204e-17,2.377773639779761e-16
6847.43,9.227277285645348e-18,2.3522453228478714e-16
6848.68,9.811188243850585e-18,2.465370099475318e-16
6849.93,9.126689109491464e-18,2.31517148888236e-16
6851.18,9.126076801820669e-18,2.1787258209503067e-16
6852.43,1.1089971667061383e-17,2.101613521383528e-16
6853.68,1.0745322642339908e-17,2.1918059015603756e-16
6854.93,1.0019818508641844e-17,2.272877426196283e-16
6856.18,1.0726074939798555e-17,2.3049318003628173e-16
6857.43,1.1566828040519968e-17,2.2266180997529857e-16
6858.68,1.0276368386373798e-17,2.245541251806918e-16
6859.93,9.141506890589681e-18,2.273544909825597e-16
6861.18,1.1556996623699103e-17,2.1849713921781904e-16
6862.43,1.1306140407448883e-17,2.261753323802785e-16
6863.68,1.2399607843531329e-17,2.3924601916641903e-16
6864.93,1.2617735935226489e-17,2.550696724154547e-16
6866.18,1.266070489299964e-17,2.501725297382181e-16
6867.43,1.2972743741175602e-17,2.2452317935384553e-16
6868.68,1.359255428666147e-17,2.1996264960719824e-16
6869.93,1.1852779687556318e-17,2.2384226189618184e-16
6871.18,9.116935275954471e-18,2.2175781015539557e-16
6872.43,1.474594797219131e-17,2.3138558853832693e-16
6873.68,1.199189428548841e-17,2.421207389994529e-16
6874.93,1.4020994471797314e-17,2.411268332266609e-16
6876.18,1.1413716687768337e-17,2.456354340766167e-16
6877.43,7.877013917305287e-18,2.425942166987222e-16
6878.68,1.272217527003186e-17,2.479551489922262e-16
6879.93,1.4063916041254026e-17,2.5872687806821684e-16
6881.18,1.321014550727498e-17,2.4536071989501763e-16
6882.43,1.2414742776550794e-17,2.49075311648742e-16
6883.68,1.3720324079606225e-17,2.486578097743021e-16
6884.93,1.3705095899573944e-17,2.3404025790354915e-16
6886.18,1.1069362288159873e-17,2.219410649115702e-16
6887.43,1.238642604814145e-17,2.39348255216613e-16
6888.68,1.4484845004095094e-17,2.5386618256784516e-16
6889.93,1.0292463323671715e-17,2.4791905654227234e-16
6891.18,1.1040720681396901e-17,2.524287518316509e-16
6892.43,1.423491205004333e-17,2.391021970158097e-16
6893.68,1.2714923355066369e-17,2.4306269307349207e-16
6894.93,1.0903750029213248e-17,2.5435226264459092e-16
6896.18,1.0562503014300903e-17,2.3798774378141876e-16
6897.43,1.0441660331787045e-17,2.454743438655124e-16
6898.68,1.0064057044548882e-17,2.6848999395523637e-16
6899.93,1.0204442922278382e-17,2.5372926166473437e-16
6901.18,9.91319941549244e-18,2.248907156045117e-16
6902.43,8.340922470486944e-18,2.2238571586596953e-16
6903.68,1.1351275356587893e-17,2.421406834867731e-16
6904.93,1.2927782151464043e-17,2.429755421831394e-16
6906.18,1.2036821896368228e-17,2.605017893371369e-16
6907.43,1.2168053463158715e-17,2.957297135597643e-16
6908.68,1.14148621136993e-17,2.8600082327273675e-16
6909.93,1.1118865571626511e-17,2.828209379074086e-16
6911.18,1.2752815484117076e-17,2.736333593492595e-16
6912.43,1.2832442299094872e-17,2.723260341337182e-16
6913.68,8.020476746608028e-18,2.7766709006717887e-16
6914.93,9.642648210235874e-18,2.8532530785847284e-16
6916.18,1.3466071951612254e-17,2.724573685028134e-16
6917.43,1.049405307638184e-17,2.595257135343746e-16
6918.68,6.934762217824662e-18,2.3609724669779283e-16
6919.93,1.2263930317286687e-17,2.25155636991191e-16
6921.18,1.0680953449504142e-17,2.611822051285411e-16
6922.43,1.1209417484759397e-17,2.926953097043301e-16
6923.68,1.3513553479500712e-17,2.957686125797139e-16
6924.93,1.3093589065206879e-17,3.050582122722589e-16
6926.18,1.0767064979583098e-17,3.0464880956948355e-16
6927.43,8.56985768786922e-18,3.0646710713072963e-16
6928.68,9.260165298025032e-18,3.053189828272044e-16
6929.93,1.2904832920030565e-17,3.056917743717752e-16
6931.18,1.2745949301023977e-17,3.151887125430001e-16
6932.43,1.2507970193649161e-17,3.220299261946955e-16
6933.68,1.334964429694925e-17,3.1619352632109473e-16
6934.93,1.2089472709437035e-17,3.2219856239030796e-16
6936.18,1.3062890090446581e-17,3.1914897034183e-16
6937.43,1.3761345164824612e-17,3.4586871465731155e-16
6938.68,1.4035283220154607e-17,3.346828743136801e-16
6939.93,8.856816257294923e-18,3.200279457944279e-16
6941.18,1.3033644001071342e-17,3.369943180737237e-16
6942.43,1.496420034487227e-17,3.802065577690626e-16
6943.68,1.4020793596299934e-17,3.850783749353072e-16
6944.93,1.5483228082115964e-17,3.84339455168041e-16
6946.18,1.4571683681587382e-17,3.9791199798479864e-16
6947.43,1.3941195690224313e-17,4.062777865433993e-16
6948.68,1.2070117575170625e-17,3.906107962430691e-16
6949.93,1.2163305808514923e-17,3.91690044465174e-16
6951.18,1.2672439756006676e-17,3.9485577337662927e-16
6952.43,9.817215208867208e-18,3.772829097605677e-16
6953.68,1.463540356056259e-17,3.435478447017099e-16
6954.93,1.2289993428880335e-17,3.570401429394091e-16
6956.18,1.1406913034078459e-17,3.687254543251949e-16
6957.43,1.100278937924709e-17,3.617147719574161e-16
6958.68,1.4791925810681532e-17,3.4024338390689976e-16
6959.93,1.4442349850281456e-17,3.681469991814919e-16
6961.18,1.2567167827009358e-17,3.6634275611913054e-16
6962.43,9.382458291827188e-18,3.7965858053712484e-16
6963.68,1.2316430517292249e-17,3.8322588304340774e-16
6964.93,1.3285271968349332e-17,3.9590417954712543e-16
6966.18,1.4414272653203605e-17,4.067777691227991e-16
6967.43,1.6307636876771548e-17,3.9457601522898805e-16
6968.68,1.3051067779068158e-17,4.1135281649400533e-16
6969.93,1.511368546993802e-17,3.7920796007972857e-16
6971.18,1.174065118873583e-17,3.751854079764817e-16
6972.43,1.1707129420452399e-17,3.8851831075495794e-16
6973.68,1.2794074446182912e-17,3.745278985579561e-16
6974.93,1.2983416312929211e-17,3.780077130538886e-16
6976.18,1.3551091445154813e-17,4.166050191326737e-16
6977.43,1.5742622237916788e-17,4.1868349835062565e-16
6978.68,1.403967216662311e-17,3.871356806956221e-16
6979.93,1.374780714648942e-17,4.095053259270989e-16
6981.18,1.0485872436283417e-17,3.991006932394404e-16
6982.43,1.272912593779416e-17,4.11736937111527e-16
6983.68,1.3712144611492783e-17,4.313019592110831e-16
6984.93,1.2783423114717287e-17,4.1193547412625034e-16
6986.18,1.433218850762908e-17,4.253445188077403e-16
6987.43,1.3970644214345765e-17,4.444085661235034e-16
6988.68,1.421879821120558e-17,4.354116876848362e-16
6989.93,1.4687222373141674e-17,4.0981387510118032e-16
6991.18,1.5968233742234907e-17,4.15215659164302e-16
6992.43,1.3951094747052777e-17,3.8234359485334737e-16
6993.68,1.6186026328564933e-17,4.029838821370304e-16
6994.93,1.4165015107821754e-17,4.083022234883173e-16
6996.18,1.466841845688653e-17,4.44630299046917e-16
6997.43,1.3591075973533972e-17,4.3936940367481287e-16
6998.68,1.3675283252712419e-17,4.0997059475736993e-16
6999.93,1.4295422113226207e-17,4.1296755713374946e-16
7001.18,1.1313545925966698e-17,4.2229414281539053e-16
7002.43,1.161963221730449e-17,4.386406196605233e-16
7003.68,1.0888560868052498e-17,4.485717199132088e-16
7004.93,1.3975610720795533e-17,4.164716602926227e-16
7006.18,1.2811868359526051e-17,4.409401446755823e-16
7007.43,1.5460693642868644e-17,4.520543460760332e-16
7008.68,1.3329782533139661e-17,4.543819984409073e-16
7009.93,1.463229280128586e-17,4.421325043008265e-16
7011.18,1.3650611912188273e-17,4.358604849356017e-16
7012.43,1.1703459761944139e-17,4.709254887033198e-16
7013.68,1.181978913514597e-17,4.991547271992777e-16
7014.93,1.3470554938580344e-17,4.7692770486016125e-16
7016.18,1.5246442001460505e-17,4.741715889860686e-16
7017.43,1.5110375850352407e-17,4.692518263194299e-16
7018.68,1.4237585727173568e-17,4.848704572123351e-16
7019.93,1.1499902069046345e-17,5.150086681244866e-16
7021.18,1.364327004456119e-17,5.221921326999628e-16
7022.43,1.464992641966063e-17,4.981324470380516e-16
7023.68,1.2934958851667129e-17,4.653827165084344e-16
7024.93,1.1309962421747275e-17,4.599500627842458e-16
7026.18,1.237720180540199e-17,4.677952555804111e-16
7027.43,1.3155739971746263e-17,5.285452585383545e-16
7028.68,1.534565756859793e-17,5.793163266967641e-16
7029.93,1.482562699558271e-17,5.852275740437948e-16
7031.18,1.4914137669081303e-17,5.4983304015642505e-16
7032.43,1.3063039110162826e-17,5.33525563199322e-16
7033.68,1.5904967107799687e-17,5.343445640027709e-16
7034.93,1.5632186625342442e-17,5.845489894623404e-16
7036.18,1.2975447783109097e-17,6.291934434495612e-16
7037.43,1.2247627818002695e-17,6.146210227262974e-16
7038.68,1.299130952164589e-17,6.052586499301448e-16
7039.93,1.3645960264832906e-17,6.120899191765955e-16
7041.18,1.3601975179273385e-17,6.348177993914044e-16
7042.43,1.4298916072250154e-17,6.457106258104637e-16
7043.68,1.6255533554137372e-17,6.586159920430008e-16
7044.93,1.2731051068960902e-17,6.746249773009571e-16
7046.18,1.1898901691258363e-17,6.78496995082008e-16
7047.43,1.529804240809233e-17,6.793481598081229e-16
7048.68,1.661777280972501e-17,6.9008587904095e-16
7049.93,1.5695392497643918e-17,6.522976344602515e-16
7051.18,1.543064771068755e-17,6.783224621519571e-16
7052.43,1.4891364452765934e-17,6.945582041297345e-16
7053.68,1.5624870430836417e-17,5.564419608231866e-16
7054.93,1.3781310395190185e-17,3.074124418606295e-16
7056.18,1.1688809754418059e-17,2.0082503885230775e-16
7057.43,1.4044276152280015e-17,2.6189413816873873e-16
7058.68,1.4626805964330175e-17,2.9323305497638883e-16
7059.93,1.2241753552524408e-17,2.349411104333692e-16
7061.18,1.2600360477726537e-17,2.0120067104751836e-16
7062.43,1.4739929672154976e-17,2.202466614238033e-16
7063.68,1.6241655390981717e-17,2.3508878922945685e-16
7064.93,1.8240857936597584e-17,2.4192421004529104e-16
7066.18,1.9553591443683677e-17,2.4956549765066307e-16
7067.43,1.5211669172418153e-17,2.597967713432768e-16
7068.68,1.6196756665085347e-17,2.5906278549825703e-16
7069.93,1.4374337790596702e-17,2.5689111279801756e-16
7071.18,1.3025816390677872e-17,2.7671044378352154e-16
7072.43,1.3545443742269371e-17,3.052949460262494e-16
7073.68,1.3405598423652692e-17,3.0310400056361016e-16
7074.93,1.2453659770212286e-17,2.9572805924801443e-16
7076.18,1.2294723554903916e-17,2.873379381990752e-16
7077.43,1.4623430576847958e-17,2.932763033742811e-16
7078.68,1.3582254742082423e-17,3.0482740969619585e-16
7079.93,1.4595461165571437e-17,3.2475995470874874e-16
7081.18,1.4821911247684327e-17,3.374996570649979e-16
7082.43,1.4539451321405888e-17,3.378954087885404e-16
7083.68,1.4297608311796437e-17,3.342221521546517e-16
7084.93,1.365220876214916e-17,3.403446032755398e-16
7086.18,1.5412122214052504e-17,3.3377368204993565e-16
7087.43,1.4807462690981874e-17,2.608061861439843e-16
7088.68,1.405673109514685e-17,1.693224410283257e-16
7089.93,1.3623651208454488e-17,1.7441994377748785e-16
7091.18,1.4445295468097377e-17,2.0158144504507162e-16
7092.43,1.487013881285961e-17,2.1781000323021576e-16
7093.68,1.520296207172097e-17,2.040741436869265e-16
7094.93,1.3847405679791493e-17,1.891590709350808e-16
7096.18,1.2175922820756416e-17,1.923924438733368e-16
7097.43,1.4305852239898893e-17,2.0387723708798788e-16
7098.68,1.455206947016799e-17,2.0360911275369748e-16
7099.93,1.4637286941754055e-17,2.1522455418734547e-16
7101.18,1.4212459351289274e-17,2.1186656806631736e-16
7102.43,1.4946957954143754e-17,2.2114860941945074e-16
7103.68,1.2408443507166541e-17,2.2169426767419336e-16
7104.93,1.4590386185172722e-17,2.283499229203827e-16
7106.18,1.482911952359716e-17,2.4597639493613107e-16
7107.43,1.5412957587168167e-17,2.5008792301291674e-16
7108.68,1.4641480118071268e-17,2.7421219130858266e-16
7109.93,1.2849202731557172e-17,2.8021696058885913e-16
7111.18,1.491005566306542e-17,2.764837684168417e-16
7112.43,1.320478648988767e-17,2.747795237536694e-16
7113.68,1.4067501875319627e-17,2.7959242507541513e-16
7114.93,1.4814339729020374e-17,2.7543677405918376e-16
7116.18,1.3742943829569311e-17,2.8183054896312387e-16
7117.43,1.3085086492210314e-17,2.974009932613957e-16
7118.68,1.3241188552726534e-17,2.8931716054165897e-16
7119.93,1.3556743687413701e-17,3.0229996606887247e-16
7121.18,1.2436625087836943e-17,3.096529707619632e-16
7122.43,1.4040200686037644e-17,3.251575761516953e-16
7123.68,1.4662877710124824e-17,3.1575491994691553e-16
7124.93,1.3248987995153902e-17,2.586732922110834e-16
7126.18,1.0541317056890648e-17,1.6330912446531212e-16
7127.43,9.644009409234066e-18,1.4638481070440057e-16
7128.68,1.2633499280059484e-17,1.6487984304761177e-16
7129.93,1.3315545060784676e-17,1.8072653192804918e-16
7131.18,1.4566407664651333e-17,1.7739334148436799e-16
7132.43,1.354690906990645e-17,1.573581595671481e-16
7133.68,1.3452526692955045e-17,1.6202635309660962e-16
7134.93,1.1827241303975764e-17,1.716785514545887e-16
7136.18,1.16922029476236e-17,1.759271071189057e-16
7137.43,1.5863683816657258e-17,1.8101803086538943e-16
7138.68,1.2602111719434913e-17,1.7177955034163198e-16
7139.93,1.1488185399601685e-17,1.798520770525637e-16
7141.18,1.049778864017395e-17,1.821032220272441e-16
7142.43,1.3424728525889022e-17,1.956772885344848e-16
7143.68,1.4913086884392527e-17,1.9449102846160236e-16
7144.93,1.493330614136008e-17,1.8695456534192323e-16
7146.18,1.3354885514960103e-17,1.8261031172048852e-16
7147.43,1.3135900421756953e-17,2.0354392180407693e-16
7148.68,1.5614498749912963e-17,2.100364687395649e-16
7149.93,1.453313599426382e-17,2.036017530324487e-16
7151.18,1.445145342465847e-17,2.1236527115193904e-16
7152.43,1.541157330265428e-17,2.1418034648542442e-16
7153.68,1.7263155951743455e-17,2.2473919378256164e-16
7154.93,1.574725959987321e-17,2.432212901243198e-16
7156.18,1.465985205063893e-17,2.4638345619598274e-16
7157.43,1.481465059455274e-17,2.315893733003525e-16
7158.68,1.543599993116389e-17,2.0823063414165587e-16
7159.93,1.3505344492651495e-17,1.9197491593798014e-16
7161.18,1.1860690562724607e-17,1.9607441364489293e-16
7162.43,1.111669620891703e-17,2.112340561135898e-16
7163.68,1.2856740871770558e-17,2.1333755740747557e-16
7164.93,1.4121533103881232e-17,2.0884015630965847e-16
7166.18,1.1784716579087e-17,2.1465030011019319e-16
7167.43,1.544952650189242e-17,2.26191309262861e-16
7168.68,1.6527522028056574e-17,2.2345535402470753e-16
7169.93,1.694855053409001e-17,2.1372482426322886e-16
7171.18,1.4101288176248703e-17,2.3749907792083967e-16
7172.43,1.524111881966085e-17,2.4510951113715433e-16
7173.68,1.437273598242719e-17,2.398654122147484e-16
7174.93,1.2885257396069453e-17,2.3698273302567527e-16
7176.18,1.4977975133910775e-17,2.3160714712515963e-16
7177.43,1.4146241001435822e-17,2.2579110579152954e-16
7178.68,1.503022099989002e-17,2.4369763043581284e-16
7179.93,1.64447933500791e-17,2.517565562022443e-16
7181.18,1.7870358432012515e-17,2.617863928760465e-16
7182.43,1.674091093070416e-17,2.6432973494695196e-16
7183.68,1.716016649311379e-17,2.6489261179019052e-16
7184.93,1.49927447298857e-17,2.613164084551671e-16
7186.18,1.6029529693280702e-17,2.687522760429528e-16
7187.43,1.4536802177217954e-17,2.8261857474656375e-16
7188.68,1.7383688768972977e-17,2.8495481651290397e-16
7189.93,1.822183779452761e-17,2.8619296288623387e-16
7191.18,1.7726801454424152e-17,2.7564157189637576e-16
7192.43,1.4152756643003218e-17,2.669871698185275e-16
7193.68,1.819412427290965e-17,2.7223598577876407e-16
7194.93,1.8021928665093082e-17,3.2420211364441164e-16
7196.18,1.9941182135688278e-17,3.3103373567985783e-16
7197.43,1.8910913284900177e-17,2.4588843314635986e-16
7198.68,1.5283058235205082e-17,2.3120321548941947e-16
7199.93,1.6066136338548975e-17,2.4611189416327695e-16
7201.18,1.4914125760078204e-17,2.3336299964275607e-16
7202.43,1.497647494322133e-17,2.212360179108363e-16
7203.68,1.529826990540051e-17,2.44273757701519e-16
7204.93,1.5076118809089157e-17,2.53392627271075e-16
7206.18,1.543082525801919e-17,2.399957841671495e-16
7207.43,1.8630160877109754e-17,2.430773559076594e-16
7208.68,1.835996508275206e-17,2.585341058349861e-16
7209.93,1.7990494001828943e-17,2.472039557789916e-16
7211.18,1.8331719448714582e-17,2.6109855935761755e-16
7212.43,1.734187321163133e-17,2.8251496112213223e-16
7213.68,1.455094433254967e-17,2.893977169825068e-16
7214.93,1.4620082602399666e-17,2.724169172369705e-16
7216.18,1.608291797105554e-17,2.831077829949364e-16
7217.43,1.473107781251381e-17,2.814432981856519e-16
7218.68,1.6801731064037202e-17,2.8787521221028376e-16
7219.93,1.5459736777318954e-17,2.9768081611850047e-16
7221.18,1.851330978310983e-17,2.9883696681106134e-16
7222.43,1.633660808161368e-17,2.9698399830721387e-16
7223.68,1.6749768478706152e-17,2.966670631135739e-16
7224.93,1.7900384107237396e-17,3.139707329018539e-16
7226.18,1.8631268449871357e-17,3.400095960811654e-16
7227.43,1.7411139789460633e-17,3.431087591118465e-16
7228.68,1.882075592812413e-17,3.3428248197382275e-16
7229.93,1.7357631503262692e-17,3.2216421620768045e-16
7231.18,1.7664560909693206e-17,3.035126386322396e-16
7232.43,1.8219839170352232e-17,2.9225627881683956e-16
7233.68,1.791512503148464e-17,3.0254279538844825e-16
7234.93,1.5162126983402574e-17,3.2627924774242656e-16
7236.18,1.7614606666677585e-17,3.3369625768912537e-16
7237.43,1.7984047037302464e-17,3.3360234261529834e-16
7238.68,1.8334086775656233e-17,3.4429318354738388e-16
7239.93,1.908564756079325e-17,3.5465341995115776e-16
7241.18,2.0678346303437437e-17,3.752847728752325e-16
7242.43,2.3429695520236072e-17,4.1949967653780656e-16
7243.68,2.6615421159454595e-17,4.0853449540769804e-16
7244.93,2.348202392006325e-17,4.209775107524013e-16
7246.18,2.3135201383319536e-17,4.2219810360111235e-16
7247.43,2.0200237360099032e-17,3.846455868295177e-16
7248.68,2.053710346860237e-17,4.184041507692474e-16
7249.93,1.9834475858171095e-17,4.072275749616648e-16
7251.18,1.854924480950369e-17,3.886240624191418e-16
7252.43,1.8619296005582365e-17,3.8872739942824657e-16
7253.68,1.94660781310468e-17,3.8652972419914613e-16
7254.93,2.0003242516847776e-17,4.0233253342146917e-16
7256.18,2.0485814103108427e-17,4.1410012339460085e-16
7257.43,2.2876124095731638e-17,3.977994024445316e-16
7258.68,2.2124708859019214e-17,4.033229787856862e-16
7259.93,2.008549919209216e-17,4.06231433858514e-16
7261.18,1.8941216841317074e-17,4.155209606031908e-16
7262.43,1.9765608174519844e-17,4.488516336055608e-16
7263.68,1.8898639007468648e-17,4.804548967166019e-16
7264.93,2.1117397398730784e-17,4.725528424834592e-16
7266.18,2.064929143789815e-17,4.434692080803963e-16
7267.43,2.0628410861041988e-17,4.583465357516298e-16
7268.68,2.1001019120938724e-17,4.900536536370435e-16
7269.93,2.215071981282919e-17,4.583534650408523e-16
7271.18,2.200821068056691e-17,4.665170965532368e-16
7272.43,2.1342683292490747e-17,4.467362770380347e-16
7273.68,2.2318555441400226e-17,4.920214614881713e-16
7274.93,1.8896399640151956e-17,4.632839022641745e-16
7276.18,2.290630448930952e-17,4.638710168875879e-16
7277.43,2.1135772893459547e-17,4.4007757034657937e-16
7278.68,2.0596282683497298e-17,4.293138602707446e-16
7279.93,1.9280287348220465e-17,4.520794440838109e-16
7281.18,2.3930702359385116e-17,4.439692498081267e-16
7282.43,2.7675946369358948e-17,5.333961157890931e-16
7283.68,2.479367814653072e-17,5.121030693691977e-16
7284.93,2.3601730366065203e-17,4.964699291166676e-16
7286.18,2.256783368690444e-17,4.901446920398054e-16
7287.43,2.0764317931918226e-17,4.751640701520606e-16
7288.68,2.508579872615461e-17,4.700330746335092e-16
7289.93,2.2622559998029718e-17,4.987177636436727e-16
7291.18,2.2743906092213783e-17,4.722882957779034e-16
7292.43,2.495969732022761e-17,4.825364300952898e-16
7293.68,2.5808303848245302e-17,4.926740638298013e-16
7294.93,2.4744891548752438e-17,5.189852156794467e-16
7296.18,2.3784579166405686e-17,5.390311283507689e-16
7297.43,2.6027849047467334e-17,5.295793918652285e-16
7298.68,2.48924133984521e-17,5.28201671308255e-16
7299.93,2.346187591116079e-17,5.374185775479303e-16
7301.18,2.5951806497394308e-17,5.628508855280807e-16
7302.43,2.3729625234620292e-17,5.929739322999549e-16
7303.68,2.2368326106554836e-17,5.544604346270044e-16
7304.93,2.4105320036744627e-17,5.593039846267797e-16
7306.18,2.3038430130585128e-17,5.82645146962031e-16
7307.43,2.4452646755182484e-17,5.984220506966854e-16
7308.68,2.6518947214084103e-17,6.046755818483728e-16
7309.93,2.541181262620906e-17,5.858177559733222e-16
7311.18,2.6247709435233293e-17,5.883218546214551e-16
7312.43,2.3938351227835226e-17,6.077528088380866e-16
7313.68,2.5612964483479318e-17,6.16252211209462e-16
7314.93,2.6729381243173397e-17,6.132956684707909e-16
7316.18,2.7241593021184293e-17,6.267144953911193e-16
7317.43,2.5497219368509585e-17,6.132949474821355e-16
7318.68,2.7429968067411104e-17,6.134165654980061e-16
7319.93,2.6227785655029027e-17,6.389282048889595e-16
7321.18,2.711838435987832e-17,6.370883098558701e-16
7322.43,2.6252213414955058e-17,6.391781873970587e-16
7323.68,2.6266947782646725e-17,6.833920067157876e-16
7324.93,2.4633130193949308e-17,6.495624636422766e-16
7326.18,2.4429271167302632e-17,5.959068587325393e-16
7327.43,2.5731483605543583e-17,5.882963911141031e-16
7328.68,2.7314088644554908e-17,6.535854248114805e-16
7329.93,2.680448617947294e-17,6.852302435941063e-16
7331.18,2.7275215103113203e-17,6.881613547326992e-16
7332.43,2.584461378585364e-17,6.391821629977575e-16
7333.68,2.4956358282095938e-17,6.856119792442286e-16
7334.93,2.4479625828493113e-17,6.923984796235991e-16
7336.18,2.3939527519662672e-17,6.97761131382943e-16
7337.43,2.8366844694145383e-17,7.297794522546545e-16
7338.68,2.7213246812361298e-17,7.092962421331937e-16
7339.93,2.7349996498347348e-17,7.390020906767478e-16
7341.18,2.857084420691126e-17,7.496062402075575e-16
7342.43,2.6961794591733995e-17,7.1229611575344585e-16
7343.68,2.4804159525979944e-17,7.07306173185076e-16
7344.93,2.391269855311917e-17,7.008567096128718e-16
7346.18,2.1647441370429823e-17,6.981745470357878e-16
7347.43,2.2440331067206648e-17,7.237790441324098e-16
7348.68,2.2446883573903345e-17,7.235328551410671e-16
7349.93,2.2613096806120138e-17,7.279633626785818e-16
7351.18,2.5282408415458325e-17,7.598906583186491e-16
7352.43,2.383003741639555e-17,7.466251220156872e-16
7353.68,2.1729196819413832e-17,7.19580042612977e-16
7354.93,2.356050707629949e-17,7.515027914551623e-16
7356.18,2.3357609304992146e-17,7.262442681847089e-16
7357.43,2.2424701697674795e-17,7.099776899051795e-16
7358.68,2.4271604227821175e-17,7.532927034594614e-16
7359.93,2.2918282025749368e-17,7.888788290280352e-16
7361.18,2.1842492286060428e-17,7.70759909891918e-16
7362.43,2.4102137700588932e-17,8.070321874831463e-16
7363.68,2.3828351594945773e-17,7.88527466368028e-16
7364.93,2.365284919280073e-17,7.823330618039735e-16
7366.18,2.5053110907206172e-17,7.966909804101933e-16
7367.43,2.3082120357630474e-17,8.212497696977275e-16
7368.68,2.419558770303156e-17,8.079897787658876e-16
7369.93,2.8321228130414074e-17,7.883416516921496e-16
7371.18,2.735471286668414e-17,8.055457757968001e-16
7372.43,2.3498804452983713e-17,8.240355801130947e-16
7373.68,2.1902364475634007e-17,8.282142494643468e-16
7374.93,1.9839807836254025e-17,8.172362035229053e-16
7376.18,1.9744805297765775e-17,8.250525134164899e-16
7377.43,2.3344173748185744e-17,8.283418387723678e-16
7378.68,2.462208338852681e-17,8.224970145646624e-16
7379.93,2.3205514558944977e-17,8.301793758799987e-16
7381.18,2.482791651158815e-17,8.4811723243725e-16
7382.43,2.470704160696054e-17,8.019452302375827e-16
7383.68,2.5708693943375785e-17,8.201703603953224e-16
7384.93,2.4486163080287406e-17,8.60783981460836e-16
7386.18,2.312990400920733e-17,8.6246127093988545e-16
7387.43,2.3444869035573888e-17,8.419760549641359e-16
7388.68,2.6168964931891053e-17,8.993954052312457e-16
7389.93,2.6123511863424797e-17,9.148525238172252e-16
7391.18,2.6854449382921622e-17,8.685509963231685e-16
7392.43,2.4113537821491936e-17,8.431016997780906e-16
7393.68,2.0999502432768367e-17,8.523162065883557e-16
7394.93,1.9421699165709096e-17,8.326292488516213e-16
7396.18,2.106976084524222e-17,8.545225413544337e-16
7397.43,2.1884097550524938e-17,8.782962213905359e-16
7398.68,2.1199270772298573e-17,8.878110467501013e-16
7399.93,2.365290532125939e-17,8.36622576923646e-16
7401.18,2.1582864654290937e-17,8.514937747468047e-16
7402.43,2.5563460319805745e-17,8.907012479852777e-16
7403.68,2.46768937039517e-17,8.558708809311671e-16
7404.93,2.0580059394033896e-17,8.331430222317816e-16
7406.18,1.9183244569218664e-17,8.350297780343435e-16
7407.43,2.1999391085412275e-17,8.368329403643386e-16
7408.68,2.4494544995231557e-17,8.426921932002234e-16
7409.93,2.2425920187809114e-17,8.917735299020726e-16
7411.18,2.190189750131706e-17,9.029460597105243e-16
7412.43,2.3078806606630786e-17,8.530661858287588e-16
7413.68,2.472331987549508e-17,8.808354064112988e-16
7414.93,2.380289966375062e-17,8.957367646819844e-16
7416.18,2.1852484959698553e-17,8.822599548832652e-16
7417.43,2.4018991763906663e-17,8.437447896517027e-16
7418.68,1.9773555019634134e-17,8.176247145980402e-16
7419.93,2.1216684363579847e-17,8.8440021000011655e-16
7421.18,1.9692405595487152e-17,9.158343943624195e-16
7422.43,1.9979668815582627e-17,8.93610139983233e-16
7423.68,2.0002682447988557e-17,8.81446294846757e-16
7424.93,2.3876472144340477e-17,9.463297835417162e-16
7426.18,2.144913863684459e-17,8.918551762660608e-16
7427.43,2.221382860040052e-17,8.995843410227914e-16
7428.68,2.1447634514690293e-17,9.02814744940355e-16
7429.93,2.3047577454237962e-17,9.097900052800507e-16
7431.18,2.410898740872619e-17,9.337775272916512e-16
7432.43,2.3756519754901204e-17,9.917261923908224e-16
7433.68,2.3372605908664222e-17,9.308241903631634e-16
7434.93,2.3137853632859428e-17,8.515004968883982e-16
7436.18,2.037075500968739e-17,8.362599701718988e-16
7437.43,2.206652434997079e-17,8.870942556893765e-16
7438.68,2.257668941541241e-17,9.450268916113088e-16
7439.93,2.2422063543195477e-17,9.252986691738916e-16
7441.18,2.2114918864156002e-17,9.116132302840655e-16
7442.43,2.035693085813709e-17,9.006147237353852e-16
7443.68,1.8353122037150045e-17,8.967082870160256e-16
7444.93,2.1461901546535176e-17,8.972656269698408e-16
7446.18,2.1077422706999817e-17,8.999872687800329e-16
7447.43,1.9897276076628034e-17,8.9382022300101e-16
7448.68,2.3328264616451455e-17,8.845699324902461e-16
7449.93,2.2989540236382036e-17,9.150673561347521e-16
7451.18,2.1232721264628965e-17,9.322115225754953e-16
7452.43,2.3622476121386685e-17,9.537060744182504e-16
7453.68,2.4771470563761307e-17,9.540302479653088e-16
7454.93,2.3481913465608654e-17,9.077220989628578e-16
7456.18,2.2320390336111102e-17,9.131428384076775e-16
7457.43,2.2044299753867446e-17,9.530316258159673e-16
7458.68,2.0723330543207856e-17,9.481985490749154e-16
7459.93,2.1718717891851816e-17,9.055555540509978e-16
7461.18,2.3142662865214487e-17,9.537420585976603e-16
7462.43,2.2127428492685316e-17,9.26466174391312e-16
7463.68,2.4115769227066334e-17,9.275280529464849e-16
7464.93,2.5368968739974882e-17,9.411102675197132e-16
7466.18,2.1184239446641812e-17,9.481759816421872e-16
7467.43,2.236734233986355e-17,9.276486848743278e-16
7468.68,2.3583038930823927e-17,9.522901912579871e-16
7469.93,2.3582556632488175e-17,1.0221993124660354e-15
7471.18,2.5045627313281033e-17,1.0828165774947925e-15
7472.43,2.0869213785173977e-17,9.870913148975427e-16
7473.68,2.2587689704759304e-17,9.268057822326495e-16
7474.93,2.163459253254843e-17,9.471329030664074e-16
7476.18,2.4332590518935197e-17,9.946774439461967e-16
7477.43,2.133784917506197e-17,1.0192704048061347e-15
7478.68,2.4010404402818353e-17,9.708804756587269e-16
7479.93,2.7478827337875775e-17,9.804357492342724e-16
7481.18,2.3282553370222918e-17,9.743071559502303e-16
7482.43,2.6149431954565584e-17,9.853586555758209e-16
7483.68,2.7464340117351828e-17,1.0205451505734945e-15
7484.93,2.792500805181066e-17,1.0175217442965596e-15
7486.18,2.8269454366556206e-17,1.0036045974436053e-15
7487.43,2.684430661994198e-17,1.004438377516517e-15
7488.68,2.7842121699704876e-17,9.504825223786767e-16
7489.93,2.949250621608106e-17,9.931757522205138e-16
7491.18,2.6905162431354046e-17,1.0009946428401009e-15
7492.43,2.753191859921061e-17,9.764783501827648e-16
7493.68,2.396683937644117e-17,9.812795636158478e-16
7494.93,2.4916065297296875e-17,9.860817850691402e-16
7496.18,2.762193477900192e-17,9.78301223932432e-16
7497.43,2.812672035607353e-17,1.0228786534926687e-15
7498.68,2.7613094018927263e-17,1.0451080798668437e-15
7499.93,2.6777752322113094e-17,1.132501987845054e-15
7501.18,2.702476284732475e-17,1.1303723891662255e-15
7502.43,2.9612237425474504e-17,1.1294217357379273e-15
7503.68,2.719733481151788e-17,1.0747583214700485e-15
7504.93,3.055727198831917e-17,1.0450677328019066e-15
7506.18,2.6833491068140644e-17,1.0338071579405666e-15
7507.43,2.7572167395120272e-17,9.891087842438199e-16
7508.68,2.961178080092172e-17,1.0476220178242042e-15
7509.93,3.094089518316332e-17,1.1545502453124198e-15
7511.18,2.7188733488748864e-17,1.1535225928686516e-15
7512.43,2.5963182531646324e-17,1.0839465567781532e-15
7513.68,2.6297369040576637e-17,1.0961480326876255e-15
7514.93,2.96775976953284e-17,1.1267747340261381e-15
7516.18,2.76498595039495e-17,1.1236458430311237e-15
7517.43,2.9720262244360134e-17,1.0917617112506858e-15
7518.68,3.2679053378033914e-17,1.1131321715710236e-15
7519.93,3.0068099087493885e-17,1.0906807777143399e-15
7521.18,2.8705052700272265e-17,1.0944637943908167e-15
7522.43,2.6337137842458205e-17,1.1193967970887264e-15
7523.68,2.9193028479617465e-17,1.1412148683200787e-15
7524.93,3.067284206460835e-17,1.1429548662742134e-15
7526.18,2.9613456554117856e-17,1.1133358186281328e-15
7527.43,3.164053052159724e-17,1.0315658348655855e-15
7528.68,2.975828314250167e-17,1.045853125963421e-15
7529.93,2.8976318672475664e-17,1.109880110269969e-15
7531.18,3.0600294614829804e-17,1.1886375420374007e-15
7532.43,3.599213108984327e-17,1.2107515591799784e-15
7533.68,3.365328936479892e-17,1.1652170123361488e-15
7534.93,3.0231471539441423e-17,1.109262541419911e-15
7536.18,3.3162905062271645e-17,1.089113372282416e-15
7537.43,3.499268786470115e-17,1.1382332579892265e-15
7538.68,3.289744045620688e-17,1.2821641139626824e-15
7539.93,3.367193497302733e-17,1.2899772904399187e-15
7541.18,3.1926005063029493e-17,1.2663200106039947e-15
7542.43,3.281432008596568e-17,1.2558255920408855e-15
7543.68,3.568312586513084e-17,1.2637276510369152e-15
7544.93,3.459815234410544e-17,1.2686542098926201e-15
7546.18,3.6302830859913596e-17,1.2713027182773115e-15
7547.43,3.530690538984376e-17,1.1978342760972848e-15
7548.68,3.698438569799441e-17,1.2114090855354544e-15
7549.93,3.280771956382929e-17,1.2578530916821443e-15
7551.18,3.2625689123927846e-17,1.2784062086014296e-15
7552.43,3.4036609376032515e-17,1.278616359707798e-15
7553.68,3.504876195212996e-17,1.1878976766203213e-15
7554.93,3.38056855011824e-17,1.2499851751208652e-15
7556.18,3.501269085604905e-17,1.2459308385092455e-15
7557.43,3.338224142359891e-17,1.1970652110854355e-15
7558.68,3.6295494832550995e-17,1.1876725430489787e-15
7559.93,3.560844951385058e-17,1.2400150071875623e-15
7561.18,3.9893036195481405e-17,1.2111108335414888e-15
7562.43,3.7829693128089225e-17,1.2237713929301808e-15
7563.68,3.7648791257917644e-17,1.1835851630744235e-15
7564.93,3.734224065492248e-17,1.193879857846413e-15
7566.18,3.561082384052632e-17,1.1128266639829477e-15
7567.43,3.543263852374129e-17,1.1430210652894232e-15
7568.68,3.2806786316690525e-17,1.1528681411836496e-15
7569.93,3.4094872498444034e-17,1.2083347213353358e-15
7571.18,3.518919016133496e-17,1.2755855635267901e-15
7572.43,3.8028998964570493e-17,1.297196916503703e-15
7573.68,4.205556849175904e-17,1.3462673699029715e-15
7574.93,3.694306023008774e-17,1.2787396069789771e-15
7576.18,3.96314605013575e-17,1.280185761098468e-15
7577.43,0.0,0.0
7578.68,0.0,0.0
7579.93,0.0,0.0
7581.18,0.0,0.0
7582.43,0.0,0.0
7583.68,0.0,0.0
7584.93,0.0,0.0
7586.18,0.0,0.0
7587.43,0.0,0.0
7588.68,0.0,0.0
7589.93,0.0,0.0
7591.18,0.0,0.0
7592.43,0.0,0.0
7593.68,0.0,0.0
7594.93,0.0,0.0
7596.18,0.0,0.0
7597.43,0.0,0.0
7598.68,0.0,0.0
7599.93,0.0,0.0
7601.18,0.0,0.0
7602.43,0.0,0.0
7603.68,0.0,0.0
7604.93,0.0,0.0
7606.18,0.0,0.0
7607.43,0.0,0.0
7608.68,0.0,0.0
7609.93,0.0,0.0
7611.18,0.0,0.0
7612.43,0.0,0.0
7613.68,0.0,0.0
7614.93,0.0,0.0
7616.18,0.0,0.0
7617.43,0.0,0.0
7618.68,0.0,0.0
7619.93,0.0,0.0
7621.18,0.0,0.0
7622.43,0.0,0.0
7623.68,0.0,0.0
7624.93,0.0,0.0
7626.18,0.0,0.0
7627.43,0.0,0.0
7628.68,0.0,0.0
7629.93,0.0,0.0
7631.18,0.0,0.0
7632.43,0.0,0.0
7633.68,0.0,0.0
7634.93,0.0,0.0
7636.18,0.0,0.0
7637.43,0.0,0.0
7638.68,0.0,0.0
7639.93,0.0,0.0
7641.18,0.0,0.0
7642.43,0.0,0.0
7643.68,0.0,0.0
7644.93,0.0,0.0
7646.18,0.0,0.0
7647.43,0.0,0.0
7648.68,0.0,0.0
7649.93,0.0,0.0
7651.18,0.0,0.0
7652.43,0.0,0.0
7653.68,0.0,0.0
7654.93,0.0,0.0
7656.18,0.0,0.0
7657.43,0.0,0.0
7658.68,0.0,0.0
7659.93,0.0,0.0
7661.18,0.0,0.0
7662.43,0.0,0.0
7663.68,0.0,0.0
7664.93,0.0,0.0
7666.18,0.0,0.0
7667.43,0.0,0.0
7668.68,0.0,0.0
7669.93,0.0,0.0
7671.18,0.0,0.0
7672.43,0.0,0.0
7673.68,0.0,0.0
7674.93,0.0,0.0
7676.18,0.0,0.0
7677.43,0.0,0.0
7678.68,0.0,0.0
7679.93,0.0,0.0
7681.18,0.0,6.640061650013412e-15
7682.43,2.705687406381248e-17,5.563084008831866e-16
7683.68,2.7306361406039536e-17,5.170529191840428e-16
7684.93,2.8682085079629135e-17,4.992370593061873e-16
7686.18,3.151964580864741e-17,5.39727983625239e-16
7687.43,2.818414265624097e-17,5.423808876345435e-16
7688.68,2.8603470054395296e-17,5.942130591617255e-16
7689.93,2.457793875196241e-17,5.627766190766784e-16
7691.18,2.3843884169776914e-17,5.815432980185493e-16
7692.43,2.1657319694464744e-17,5.582805484161333e-16
7693.68,2.343342250719345e-17,5.696534971248328e-16
7694.93,1.7267461773835783e-17,5.271886094577779e-16
7696.18,1.1291489303527969e-17,5.163616114794578e-16
7697.43,8.287536847380674e-18,4.334239738147464e-16
7698.68,6.52932334938669e-18,2.8944150717495065e-16
7699.93,8.782966925046682e-18,2.497083622323201e-16
7701.18,1.1510542299206321e-17,3.8261416310793197e-16
7702.43,1.3862045603700025e-17,4.817287257892777e-16
7703.68,1.94187281028186e-17,5.285509381995089e-16
7704.93,2.2451860592855595e-17,5.135912182714027e-16
7706.18,2.432934893693219e-17,4.775380882272274e-16
7707.43,2.451284041467657e-17,5.084906185885467e-16
7708.68,2.5103288486969797e-17,5.250597032247362e-16
7709.93,2.6417817758064355e-17,5.355532272132043e-16
7711.18,2.8238787565466957e-17,5.608090483431739e-16
7712.43,2.8825837661699207e-17,5.603696102092328e-16
7713.68,3.214309874618252e-17,5.531112619682693e-16
7714.93,3.2438546559733113e-17,5.552248224953803e-16
7716.18,3.123825362137672e-17,5.540332649325179e-16
7717.43,3.269539410921268e-17,5.740031417651025e-16
7718.68,3.162016646665991e-17,5.670391379169438e-16
7719.93,3.4501949200675804e-17,5.683356246026068e-16
7721.18,3.354079932536635e-17,5.77051718343679e-16
7722.43,3.1250622462781494e-17,5.733534305602695e-16
7723.68,3.4186332590317685e-17,5.933759697661214e-16
7724.93,3.417628281379066e-17,6.147138121959899e-16
7726.18,3.2403613135114056e-17,6.555069279245087e-16
7727.43,3.372989015171415e-17,6.535996994194455e-16
7728.68,3.737916568666058e-17,6.817400704066965e-16
7729.93,3.4533356407190165e-17,6.843761605725622e-16
7731.18,3.679725697450396e-17,6.620839955092312e-16
7732.43,3.751831907043399e-17,6.743044001856586e-16
7733.68,3.5654007271512543e-17,7.028971208525448e-16
7734.93,3.7586137152597537e-17,6.986367817921335e-16
7736.18,3.668797585835301e-17,7.01403620970295e-16
7737.43,3.627697741859663e-17,7.23910386243544e-16
7738.68,3.6721936949501994e-17,7.487819848888832e-16
7739.93,3.8546084936741886e-17,7.533568349409949e-16
7741.18,3.710427947741022e-17,7.267878919732822e-16
7742.43,3.835770187062538e-17,7.056610530915725e-16
7743.68,3.8268135148446403e-17,6.678357303032883e-16
7744.93,3.6572830274188074e-17,6.162141025762495e-16
7746.18,3.693166508744893e-17,6.05157725803804e-16
7747.43,3.5516800782373904e-17,6.391286109694232e-16
7748.68,3.453366433608015e-17,5.911447138232285e-16
7749.93,3.4068728245816783e-17,5.241084423087691e-16
7751.18,3.8042151295364875e-17,4.734889932586343e-16
7752.43,3.590398699859598e-17,5.356975267469251e-16
7753.68,3.524123707256178e-17,5.494171757252511e-16
7754.93,3.9477661434176044e-17,5.710008624214243e-16
7756.18,3.780979430578294e-17,5.963771339557175e-16
7757.43,3.6098955315510935e-17,5.997060407301663e-16
7758.68,3.773521417657597e-17,5.88283518230874e-16
7759.93,3.342705025505795e-17,5.812785673463677e-16
7761.18,3.773282495261887e-17,6.203588249041586e-16
7762.43,3.627954171564545e-17,6.112731398619122e-16
7763.68,3.382763609048439e-17,5.883402027305035e-16
7764.93,3.706982999525848e-17,5.830391753864205e-16
7766.18,3.609745023137608e-17,6.100854843163162e-16
7767.43,3.611726313776524e-17,6.2466093538746965e-16
7768.68,3.6546330120619364e-17,6.225764321756469e-16
7769.93,3.529283818105625e-17,6.502591505945297e-16
7771.18,3.9259240744633323e-17,6.113176374856283e-16
7772.43,4.1884326082852866e-17,6.208697206115402e-16
7773.68,3.946557129796427e-17,6.290987784248548e-16
7774.93,3.989156030835539e-17,6.273358861901632e-16
7776.18,3.898955967997557e-17,6.404683199024604e-16
7777.43,3.608400506608062e-17,6.362685655144243e-16
7778.68,3.7452789879328206e-17,6.422530985898752e-16
7779.93,3.708207822881541e-17,6.741036483560956e-16
7781.18,4.032996777459469e-17,7.429511462490288e-16
7782.43,3.473445684481264e-17,6.273182183639906e-16
7783.68,3.612694875327675e-17,5.568429563666761e-16
7784.93,3.402342105460033e-17,5.587212056355375e-16
7786.18,3.6563181194766193e-17,5.751216037642815e-16
7787.43,3.942427554785195e-17,6.002116448472633e-16
7788.68,3.8176865012205905e-17,6.018445792817643e-16
7789.93,3.494678367987748e-17,7.051301977317248e-16
7791.18,3.6458640525284965e-17,6.003704102502636e-16
7792.43,3.959162001618893e-17,6.184793808145943e-16
7793.68,4.0295325364418055e-17,6.388310699867992e-16
7794.93,3.916270655065359e-17,6.477758166204118e-16
7796.18,4.045936946248138e-17,6.531637544591146e-16
7797.43,3.944115954995512e-17,6.396293985790738e-16
7798.68,3.326673200940313e-17,6.350729220973262e-16
7799.93,2.7024892728809706e-17,5.665613569961458e-16
7801.18,2.895330123442293e-17,5.699795577514108e-16
7802.43,3.534711055427378e-17,6.50640119904973e-16
7803.68,3.990275910017432e-17,6.783065645737318e-16
7804.93,3.911243851845956e-17,7.283910100439829e-16
7806.18,4.269500171957698e-17,7.202862244780866e-16
7807.43,4.568000425848455e-17,7.123595424467684e-16
7808.68,4.065622259078608e-17,7.416103398160898e-16
7809.93,3.813185213291035e-17,7.220721190798626e-16
7811.18,4.0522475823820436e-17,7.2794573760015e-16
7812.43,3.98233632957979e-17,7.074964927083652e-16
7813.68,4.290131904349996e-17,7.239470462041513e-16
7814.93,4.357903735292216e-17,7.496644183154039e-16
7816.18,4.0647902669705656e-17,8.218296285032086e-16
7817.43,4.293853248512463e-17,7.928864043808712e-16
7818.68,4.3993994778217756e-17,7.712173032251081e-16
7819.93,3.9267168663422996e-17,7.441748347546263e-16
7821.18,4.010459597857877e-17,6.606632084109183e-16
7822.43,4.0880601123091066e-17,6.566256327865067e-16
7823.68,4.188937077962906e-17,6.730586705487302e-16
7824.93,4.0873805468789145e-17,6.946961246189209e-16
7826.18,4.260780832134492e-17,7.07573842118678e-16
7827.43,3.9360415173298676e-17,6.552257820714295e-16
7828.68,3.5983183071600934e-17,5.929312745625306e-16
7829.93,3.633514134063267e-17,5.783193477634593e-16
7831.18,3.8232052734646955e-17,5.819815048437745e-16
7832.43,3.955136843869502e-17,5.988087122985056e-16
7833.68,4.161905581271938e-17,6.229952704390342e-16
7834.93,4.30327039583208e-17,6.904463504165985e-16
7836.18,4.053364700191084e-17,6.958539631989396e-16
7837.43,4.0761121859940593e-17,6.403634056678535e-16
7838.68,3.972132319759733e-17,6.614007869296188e-16
7839.93,3.9492101589021675e-17,6.598775460805898e-16
7841.18,3.791422734877862e-17,6.44220059177525e-16
7842.43,3.860212269087192e-17,6.256952127889804e-16
7843.68,3.8103814037114933e-17,6.407158674176114e-16
7844.93,4.069444690501894e-17,6.719241935011624e-16
7846.18,4.196276037684922e-17,7.122276501063251e-16
7847.43,3.8269494550902974e-17,6.867322035034715e-16
7848.68,3.662095040330564e-17,6.8833224180851685e-16
7849.93,3.6707470410615304e-17,6.854385667883436e-16
7851.18,3.710777231770574e-17,6.793481888919105e-16
7852.43,3.562935016863864e-17,6.874400784759928e-16
7853.68,3.783889846063005e-17,6.817114263086813e-16
7854.93,3.365749199577414e-17,6.927844091306393e-16
7856.18,3.650350833230857e-17,7.210291207846878e-16
7857.43,3.8547361074598256e-17,7.293081645062678e-16
7858.68,3.818328667924654e-17,7.157362403995018e-16
7859.93,3.8674754127730356e-17,7.328962981202815e-16
7861.18,3.74128788911048e-17,6.87446501364835e-16
7862.43,3.752334449269023e-17,6.188476831479136e-16
7863.68,3.7740389709907503e-17,6.835012077174024e-16
7864.93,3.447614621286156e-17,6.809289669301161e-16
7866.18,3.018660315498653e-17,6.865293662055664e-16
7867.43,3.027986897832426e-17,7.014110947470385e-16
7868.68,3.2013137275575566e-17,7.320294401890898e-16
7869.93,3.489183605364575e-17,6.660501543613833e-16
7871.18,3.1991227537036044e-17,6.575049686315491e-16
7872.43,3.315124149322287e-17,6.770243719720527e-16
7873.68,3.0478914115726623e-17,6.590199250851653e-16
7874.93,3.208555437838445e-17,6.974652382352041e-16
7876.18,3.4536274426975594e-17,7.530700261273366e-16
7877.43,3.2112401711391066e-17,7.714771065582141e-16
7878.68,3.4825808996825216e-17,7.097022234922406e-16
7879.93,3.5328382312625444e-17,6.963446860199657e-16
7881.18,3.28372301440315e-17,7.230746424901798e-16
7882.43,3.7672688528215713e-17,7.53366786818587e-16
7883.68,3.8923965459856185e-17,7.89710790002233e-16
7884.93,3.3057477239990114e-17,7.303206820421405e-16
7886.18,3.4517981456033685e-17,7.215877774539641e-16
7887.43,3.381892474867657e-17,7.422037497445499e-16
7888.68,3.531255617208124e-17,7.600197180529887e-16
7889.93,3.39239298754662e-17,8.211042695131957e-16
7891.18,3.9856897097075617e-17,8.090614431139613e-16
7892.43,3.589661605128443e-17,8.0808654367815845e-16
7893.68,3.656473151359995e-17,8.454608938524049e-16
7894.93,3.78042897749542e-17,8.607092704572996e-16
7896.18,3.08995201767188e-17,8.443039845940404e-16
7897.43,2.949761812775111e-17,8.259054809793776e-16
7898.68,2.829852888825366e-17,7.55565019446294e-16
7899.93,2.877643998175176e-17,7.45446002217307e-16
7901.18,2.9445097563957925e-17,7.340162299626625e-16
7902.43,3.4854284238544937e-17,7.672052584010134e-16
7903.68,3.466723796687312e-17,7.904980375632823e-16
7904.93,3.552062989682157e-17,7.877556312000981e-16
7906.18,3.2039239796046805e-17,7.780096237648972e-16
7907.43,3.436160055071438e-17,7.236500179252426e-16
7908.68,3.0038890755763747e-17,6.665671338006552e-16
7909.93,2.7202582301846418e-17,6.805034811763067e-16
7911.18,2.991462902150216e-17,6.611340984057622e-16
7912.43,2.9744655627502985e-17,6.417246008964575e-16
7913.68,3.343651081928256e-17,6.599460887502237e-16
7914.93,3.604863313916356e-17,7.068536376664635e-16
7916.18,3.240048710294283e-17,7.070192986165219e-16
7917.43,3.036298271336438e-17,7.164065757994252e-16
7918.68,2.6707985826376307e-17,7.476706765662178e-16
7919.93,2.975670601313935e-17,7.64095098046969e-16
7921.18,3.2391373436685575e-17,7.465191754454756e-16
7922.43,3.220786820020163e-17,7.570454266132055e-16
7923.68,2.946781180313325e-17,7.754458140753044e-16
7924.93,2.902450909081257e-17,7.700104191068434e-16
7926.18,3.1162172246081884e-17,7.804607965826723e-16
7927.43,3.043566639359945e-17,7.836100293518932e-16
7928.68,3.080590066985474e-17,7.744357406541863e-16
7929.93,3.0184292430098094e-17,7.961773587690761e-16
7931.18,3.519877519287707e-17,8.388764660285328e-16
7932.43,3.3773380513317023e-17,8.513625824671397e-16
7933.68,3.244976627440894e-17,8.034081618617431e-16
7934.93,3.485668710212175e-17,8.42706505718858e-16
7936.18,3.6208769405687417e-17,8.73675585065411e-16
7937.43,3.8501722452336994e-17,8.701073867154513e-16
7938.68,3.26361657719758e-17,8.650622408373467e-16
7939.93,3.1664118584002e-17,8.155047106302566e-16
7941.18,2.86034709949543e-17,7.640856954034811e-16
7942.43,3.173707336736477e-17,7.783453161325222e-16
7943.68,2.967357862655979e-17,8.319253153786881e-16
7944.93,3.1163570855595316e-17,7.853900870354328e-16
7946.18,3.304243970691594e-17,7.8511443894579e-16
7947.43,2.4992706358926324e-17,7.072574492921567e-16
7948.68,2.706134595184834e-17,6.975418942295278e-16
7949.93,3.2889838564820087e-17,7.944272770170395e-16
7951.18,3.5338611216323795e-17,8.636697548857763e-16
7952.43,3.602739078593556e-17,8.778789482765744e-16
7953.68,3.273827109982339e-17,8.589392089032502e-16
7954.93,3.557059946197232e-17,8.920898423856543e-16
7956.18,3.5073541009627204e-17,9.005081408741323e-16
7957.43,3.320444260582927e-17,9.504893172526796e-16
7958.68,3.299161406094108e-17,9.21216464372575e-16
7959.93,3.108409192650328e-17,8.752744843200576e-16
7961.18,3.1758481762842486e-17,8.218510830897413e-16
7962.43,3.1557917117069796e-17,8.591491792875031e-16
7963.68,3.230507701567919e-17,8.942856239531555e-16
7964.93,3.6800974693445286e-17,1.006857730384329e-15
7966.18,3.6989127770097347e-17,9.391996362245804e-16
7967.43,3.555541475971547e-17,9.242198179309658e-16
7968.68,3.477203692324323e-17,9.689462140140384e-16
7969.93,3.841612334558764e-17,1.0062995054337772e-15
7971.18,3.929475080361247e-17,1.0437727710126908e-15
7972.43,3.8499984594848416e-17,1.0439002767593791e-15
7973.68,3.898275540260506e-17,1.0231883288632367e-15
7974.93,3.320709581354319e-17,9.941575668409724e-16
7976.18,3.277710801445295e-17,9.547803490187129e-16
7977.43,3.0756097230930755e-17,9.809936948942095e-16
7978.68,3.3875327710826816e-17,9.551627091501383e-16
7979.93,3.469128053203e-17,9.340882439533629e-16
7981.18,3.431433799641349e-17,9.593058538333035e-16
7982.43,3.1898100014486914e-17,9.51485206336307e-16
7983.68,3.199739706582368e-17,9.581657810109652e-16
7984.93,3.388376215586629e-17,1.0291257781372797e-15
7986.18,3.3743215682617305e-17,9.925721505806232e-16
7987.43,3.300316544697192e-17,9.307230992135829e-16
7988.68,3.299066946479706e-17,9.072089293896646e-16
7989.93,3.358253675978543e-17,9.42824635202368e-16
7991.18,3.5900019932582947e-17,9.915394247008813e-16
7992.43,3.5424862692650314e-17,9.863597586784633e-16
7993.68,3.6884905120329964e-17,9.794959107921757e-16
7994.93,3.498268678960087e-17,1.0195321572653472e-15
7996.18,3.5163962113811507e-17,1.0394358017494353e-15
7997.43,3.293229905982852e-17,9.968990626499523e-16
7998.68,3.343369243623245e-17,9.837530278264915e-16
7999.93,3.445163012759757e-17,1.0000725765760489e-15
8001.18,3.61021524637353e-17,1.050587960190674e-15
8002.43,3.347115141325852e-17,1.022282153444377e-15
8003.68,3.5919199169457684e-17,9.954904851493215e-16
8004.93,3.9003150774538777e-17,1.0618517918282642e-15
8006.18,3.759894602784915e-17,1.0782133177998139e-15
8007.43,3.7589067735867956e-17,1.0620647678945268e-15
8008.68,3.912190502623959e-17,1.0761025438160927e-15
8009.93,3.969923603726891e-17,1.0909004843899233e-15
8011.18,3.8373037419074917e-17,1.1413869966263103e-15
8012.43,3.9556526146432694e-17,1.12695116120403e-15
8013.68,3.895862761004548e-17,1.1395952882431293e-15
8014.93,4.051544503971918e-17,1.1592301860869828e-15
8016.18,3.377853247735203e-17,1.1383986557277222e-15
8017.43,4.082916673668554e-17,1.1515150335443626e-15
8018.68,4.469613016879983e-17,1.1883467883873639e-15
8019.93,4.7182510468397004e-17,1.1488482216618515e-15
8021.18,4.198526740122287e-17,1.120132377443645e-15
8022.43,3.9745934016700015e-17,1.1048498981436997e-15
8023.68,4.397265984464098e-17,1.1106720221070798e-15
8024.93,4.341142285583354e-17,1.1520793692512346e-15
8026.18,4.643686069265879e-17,1.1834917723744442e-15
8027.43,4.563945761239854e-17,1.1615944570298371e-15
8028.68,5.0052504193627227e-17,1.1969522828475972e-15
8029.93,4.453710557167992e-17,1.2054603365213447e-15
8031.18,4.444647041734264e-17,1.1991698887677002e-15
8032.43,4.2846047321082186e-17,1.214120335999798e-15
8033.68,4.2755436189164106e-17,1.225950451390832e-15
8034.93,4.433369318702542e-17,1.201108470655644e-15
8036.18,4.6623035089608715e-17,1.2194710295083581e-15
8037.43,4.6528279710577925e-17,1.16551240713751e-15
8038.68,4.477214304151934e-17,1.1438974729714524e-15
8039.93,4.903311349454783e-17,1.14860479918958e-15
8041.18,4.9029164539026956e-17,1.121170025819754e-15
8042.43,4.629272438874136e-17,1.120744135068207e-15
8043.68,4.81023659334701e-17,1.2158019330670677e-15
8044.93,4.5424806046541344e-17,1.2432607072233083e-15
8046.18,4.63146674875783e-17,1.1463959072236318e-15
8047.43,4.56740463313485e-17,1.0353620533851492e-15
8048.68,4.6204737785556093e-17,1.0649747820341034e-15
8049.93,4.9028143830787874e-17,1.1687435511514437e-15
8051.18,4.6010121384738876e-17,1.2165780929668352e-15
8052.43,4.806052752905882e-17,1.240782626642045e-15
8053.68,5.334499056650722e-17,1.2664202501209883e-15
8054.93,5.56645378466618e-17,1.2791918715391304e-15
8056.18,5.0655621916069294e-17,1.2741541850107366e-15
8057.43,5.2669219315906965e-17,1.2602511062811666e-15
8058.68,5.644570250380246e-17,1.1958258741079858e-15
8059.93,5.504405858324701e-17,1.2456533473332701e-15
8061.18,5.529867603111473e-17,1.2837618417151412e-15
8062.43,5.632809189927755e-17,1.240397736301858e-15
8063.68,5.5118932872755455e-17,1.2449033509359955e-15
8064.93,5.28943007674294e-17,1.2589960901349083e-15
8066.18,5.5320817688233335e-17,1.2188524128161944e-15
8067.43,5.356335169207779e-17,1.192686227289914e-15
8068.68,5.592166200210285e-17,1.1702334942259445e-15
8069.93,5.702482606531956e-17,1.1844076002447207e-15
8071.18,5.616551780471406e-17,1.187819423719794e-15
8072.43,5.875948549933992e-17,1.2159260642131502e-15
8073.68,6.013804316396286e-17,1.248308954771623e-15
8074.93,6.136021483908034e-17,1.1724083370164012e-15
8076.18,5.926961122565241e-17,1.1224401086769137e-15
8077.43,6.096725469680121e-17,1.2009806334499184e-15
8078.68,6.105361710464058e-17,1.2055707912722187e-15
8079.93,6.36292382837597e-17,1.2712379783961968e-15
8081.18,6.411292829833109e-17,1.2635674399737858e-15
8082.43,6.561974963726414e-17,1.2472090330367362e-15
8083.68,6.254601752295822e-17,1.3098281987760832e-15
8084.93,6.603033753836218e-17,1.2331999457099086e-15
8086.18,6.555907927095231e-17,1.2723188910322067e-15
8087.43,6.251559061961736e-17,1.2162480703708016e-15
8088.68,6.295309368738514e-17,1.2340103518867074e-15
8089.93,6.044528188947428e-17,1.2183423719269477e-15
8091.18,6.218259112102914e-17,1.2680719700733467e-15
8092.43,6.576727855737613e-17,1.325593725388401e-15
8093.68,6.230978626714833e-17,1.2336571950295311e-15
8094.93,6.143245281623255e-17,1.2751383876753038e-15
8096.18,6.839579333760848e-17,1.2720695312345001e-15
8097.43,6.692657377695178e-17,1.2775233919992692e-15
8098.68,6.147108867675998e-17,1.2798195873150177e-15
8099.93,6.611331249478497e-17,1.2854335007335908e-15
8101.18,6.766946359214301e-17,1.2556670632655614e-15
8102.43,6.84121478696783e-17,1.2615122411365873e-15
8103.68,6.391433794848984e-17,1.2443580818136795e-15
8104.93,6.735798957774316e-17,1.2943863741749868e-15
8106.18,7.037582005189956e-17,1.2952639624925543e-15
8107.43,7.144749092602107e-17,1.2676386545181145e-15
8108.68,7.281120367276386e-17,1.301738220634079e-15
8109.93,7.015655519098363e-17,1.2947878820294386e-15
8111.18,7.217329047981161e-17,1.2767167403138388e-15
8112.43,7.099676093911199e-17,1.299439407390233e-15
8113.68,6.937096987207711e-17,1.3542988793939696e-15
8114.93,6.948932069259587e-17,1.3088035874743776e-15
8116.18,6.949877431062306e-17,1.2375935332120556e-15
8117.43,7.054466523766867e-17,1.201570307586151e-15
8118.68,7.384651482166941e-17,1.297227350071392e-15
8119.93,7.254937033119236e-17,1.3869941983040578e-15
8121.18,7.50321275473783e-17,1.3125775049654603e-15
8122.43,7.058965614636953e-17,1.3247284838468074e-15
8123.68,7.20891482770401e-17,1.3273204477103418e-15
8124.93,7.901933234110209e-17,1.3126290604234988e-15
8126.18,7.239849822498823e-17,1.3418943241256942e-15
8127.43,7.990684481269945e-17,1.3684465579818946e-15
8128.68,8.305614667466636e-17,1.3651232102966896e-15
8129.93,7.99269201802878e-17,1.3284199015338815e-15
8131.18,7.681146499268238e-17,1.2732805118155367e-15
8132.43,7.891552602326252e-17,1.2844228159027207e-15
8133.68,8.361977860010082e-17,1.319111974177203e-15
8134.93,8.153751964700615e-17,1.351914834399961e-15
8136.18,8.335140889557517e-17,1.4305906660440025e-15
8137.43,8.392034111915003e-17,1.4481384542032564e-15
8138.68,8.65935564298564e-17,1.4290994558851633e-15
8139.93,9.11727312408195e-17,1.4117332360357347e-15
8141.18,8.219162097596745e-17,1.3536611607895125e-15
8142.43,8.244152207130349e-17,1.315383843611927e-15
8143.68,7.766507145202118e-17,1.3544696444592437e-15
8144.93,8.036040164674778e-17,1.3285674688986388e-15
8146.18,8.263397391194619e-17,1.3131801121238452e-15
8147.43,8.400512047156491e-17,1.33142807569541e-15
8148.68,8.517729188668525e-17,1.3322722350656512e-15
8149.93,8.09666945039629e-17,1.3269347080542373e-15
8151.18,7.770920138051864e-17,1.4340858892560666e-15
8152.43,9.370201007750553e-17,1.3473550613982652e-15
8153.68,8.86590478034668e-17,1.3070281436466077e-15
8154.93,8.218959201389664e-17,1.318263388667362e-15
8156.18,8.744281024657104e-17,1.3310331915613041e-15
8157.43,8.762132428337041e-17,1.3509131159369712e-15
8158.68,8.510424820281543e-17,1.3144664849607572e-15
8159.93,8.714792410818626e-17,1.3725558981413286e-15
8161.18,9.226874014658967e-17,1.2568796003974308e-15
8162.43,9.980611127519847e-17,1.232941530812942e-15
8163.68,9.705796068119853e-17,1.4118839631122703e-15
8164.93,1.0007261114412469e-16,1.3921813863789612e-15
8166.18,9.840041607239605e-17,1.305851580750604e-15
8167.43,1.0288786009461393e-16,1.4171133415570626e-15
8168.68,9.833003846460766e-17,1.421036518480619e-15
8169.93,1.0066617636708602e-16,1.3237216091129599e-15
8171.18,9.937596644918428e-17,1.3667329519823819e-15
8172.43,9.66657300772175e-17,1.3634081721502874e-15
8173.68,1.0274246609912888e-16,1.3903831998804956e-15
8174.93,9.817019655442085e-17,1.4068298218027857e-15
8176.18,1.0494877038154486e-16,1.4728896786802357e-15
8177.43,1.0342843412419914e-16,1.3942082888169693e-15
8178.68,9.897827332261261e-17,1.3754960570635715e-15
8179.93,1.0488793073502056e-16,1.3071088023157531e-15
8181.18,1.0356027663346377e-16,1.382277408637067e-15
8182.43,8.266306841069677e-17,1.0053835247110067e-15
8183.68,7.4120325553747e-17,7.37284797439085e-16
8184.93,9.263617794443064e-17,9.899766293337221e-16
8186.18,1.0251748297093576e-16,1.1880252975770715e-15
8187.43,1.0221032198387454e-16,1.2260024691078653e-15
8188.68,1.007663921502287e-16,1.3628468313175267e-15
8189.93,1.0387071596394028e-16,1.3762546035049023e-15
8191.18,1.0379361564024769e-16,1.2442803164776332e-15
8192.43,9.564855115720974e-17,1.2417199557658423e-15
8193.68,8.109800631122023e-17,9.973127199765536e-16
8194.93,7.035044122330113e-17,6.988253565886087e-16
8196.18,7.664753904029022e-17,7.619220295682469e-16
8197.43,8.417926342281784e-17,9.747376389572574e-16
8198.68,7.914632043008915e-17,1.0112976711530085e-15
8199.93,7.885128836765544e-17,1.0569053126982537e-15
8201.18,8.51616236810335e-17,1.1234880048280946e-15
8202.43,9.002086419296645e-17,1.3701828600738307e-15
8203.68,9.05527737625707e-17,1.4298911031674328e-15
8204.93,8.988684045674751e-17,1.2499951121881235e-15
8206.18,7.884476064369908e-17,1.2213716154141444e-15
8207.43,7.541027366078732e-17,1.163057840320171e-15
8208.68,7.986849835961504e-17,1.1864971407280553e-15
8209.93,7.895318662512837e-17,1.2644115636144651e-15
8211.18,8.732612248428735e-17,1.2757006204078082e-15
8212.43,8.921064539994412e-17,1.2935254527151285e-15
8213.68,8.708129866705108e-17,1.3859336216229685e-15
8214.93,8.952101572812633e-17,1.3551979582253949e-15
8216.18,8.579834578285189e-17,1.3606142651774474e-15
8217.43,8.412287557814865e-17,1.3488769553319668e-15
8218.68,8.857400265474416e-17,1.3458600309459814e-15
8219.93,8.751560068165876e-17,1.3400655653257845e-15
8221.18,9.178011683729156e-17,1.3134215166307483e-15
8222.43,9.366564590406955e-17,1.4098976720253427e-15
8223.68,8.72391731544152e-17,1.4236506310318946e-15
8224.93,9.172812449575167e-17,1.3748108020254203e-15
8226.18,8.706461462477025e-17,1.2444714125995988e-15
8227.43,8.491063483626918e-17,1.2183432848417878e-15
8228.68,8.82395039627062e-17,1.1775984365177064e-15
8229.93,9.988152441930609e-17,1.3320729230719814e-15
8231.18,9.573707476242875e-17,1.3461537443796567e-15
8232.43,9.302291269270655e-17,1.3381223706003789e-15
8233.68,9.413352424006388e-17,1.374292909193865e-15
8234.93,9.44371619625879e-17,1.3645829353743964e-15
8236.18,9.817409277345772e-17,1.3666807665601308e-15
8237.43,9.703189177359583e-17,1.4355018522558657e-15
8238.68,1.0245072217857006e-16,1.4502272688115984e-15
8239.93,1.0269092370675863e-16,1.4435519109821405e-15
8241.18,1.0176533246228111e-16,1.3940289227575127e-15
8242.43,9.777220644165501e-17,1.3690048697616274e-15
8243.68,9.907210238703621e-17,1.3678817748235028e-15
8244.93,1.0131877713710496e-16,1.3895894604741453e-15
8246.18,1.037540841767889e-16,1.4642741400412257e-15
8247.43,1.0484942358820979e-16,1.4621961741001314e-15
8248.68,1.0480188665892019e-16,1.4290768729074144e-15
8249.93,1.0163277228442102e-16,1.3513624085039684e-15
8251.18,9.272666144648171e-17,1.3549704447069495e-15
8252.43,9.016414290244378e-17,1.340571227744428e-15
8253.68,9.4788224294784e-17,1.3347725806573187e-15
8254.93,9.4462406679961e-17,1.3088644018794447e-15
8256.18,8.860206094996787e-17,1.320614571576226e-15
8257.43,9.095483166436137e-17,1.2915937765722941e-15
8258.68,9.353645871560488e-17,1.3933164572181281e-15
8259.93,9.684627284700903e-17,1.4494859780294968e-15
8261.18,9.925250605443187e-17,1.5115929278338651e-15
8262.43,1.0000410278115699e-16,1.514190328140612e-15
8263.68,9.772395962136495e-17,1.471314681898357e-15
8264.93,1.0404104331615677e-16,1.4753758325374209e-15
8266.18,9.965350224954496e-17,1.4501078614078e-15
8267.43,9.919441232890874e-17,1.3178523651856334e-15
8268.68,1.0024871172007856e-16,1.4735536656266673e-15
8269.93,9.685609539571822e-17,1.4081181570191286e-15
8271.18,8.704805980068532e-17,1.256279029218372e-15
8272.43,8.880318228538554e-17,1.2505564761079607e-15
8273.68,9.109924008219303e-17,1.3921717817779972e-15
8274.93,9.286928537475135e-17,1.4244016546437549e-15
8276.18,9.319535233740652e-17,1.41393725247418e-15
8277.43,9.622229487089127e-17,1.4253794986795433e-15
8278.68,9.330863249913747e-17,1.3993662019897886e-15
8279.93,9.259930533766524e-17,1.3456742281645075e-15
8281.18,9.164209978899662e-17,1.334920980055366e-15
8282.43,8.835647342130194e-17,1.341524739994269e-15
8283.68,9.182473908835334e-17,1.3338221646350211e-15
8284.93,8.952047330542522e-17,1.3558941153657949e-15
8286.18,8.680240094127038e-17,1.261885633421179e-15
8287.43,8.906274084296055e-17,1.2327679627962816e-15
8288.68,8.653332077446599e-17,1.2624640484488002e-15
8289.93,8.172330337169586e-17,1.2113745656918943e-15
8291.18,8.53037001745162e-17,1.1867571471685458e-15
8292.43,8.121420289798992e-17,1.1821441222064329e-15
8293.68,8.373338190101021e-17,1.1857475642236394e-15
8294.93,8.752166440250587e-17,1.2230623340386327e-15
8296.18,8.551363468845993e-17,1.2661977183486776e-15
8297.43,8.521473381447723e-17,1.1762080944157014e-15
8298.68,8.469602320039763e-17,1.1297383204350152e-15
8299.93,8.662005561080806e-17,1.1650833950278655e-15
8301.18,8.35714361792528e-17,1.2638054267544793e-15
8302.43,7.846652951936654e-17,1.1355349368139835e-15
8303.68,7.782269963021515e-17,1.1144729274401533e-15
8304.93,8.248130310686279e-17,1.0990931641710426e-15
8306.18,8.284974048346555e-17,1.105738770225011e-15
8307.43,8.840751798115785e-17,1.162818026359604e-15
8308.68,8.707551161237124e-17,1.2933706713584512e-15
8309.93,8.771248391434683e-17,1.2219528079818062e-15
8311.18,8.56646048111813e-17,1.2490956463465796e-15
8312.43,8.349728831597033e-17,1.1934191678146888e-15
8313.68,8.414320379014945e-17,1.1666889266655475e-15
8314.93,8.390841239909421e-17,1.2969380110080103e-15
8316.18,8.414362454016723e-17,1.184784757714695e-15
8317.43,9.255322561782334e-17,1.2464538642992668e-15
8318.68,9.274820006378636e-17,1.242847863671937e-15
8319.93,9.040634968117432e-17,1.2314448282943455e-15
8321.18,8.697161098093138e-17,1.3118038269176012e-15
8322.43,8.84887359090035e-17,1.267805895877597e-15
8323.68,9.325288783608492e-17,1.2780738231875946e-15
8324.93,9.057881749378533e-17,1.2801608868897442e-15
8326.18,9.366759389747532e-17,1.237275709472831e-15
8327.43,8.437203589724991e-17,1.062024238279223e-15
8328.68,8.894015014684729e-17,1.0425200316630425e-15
8329.93,9.094574598394435e-17,1.1774230169347922e-15
8331.18,9.91129926722931e-17,1.2248979758014304e-15
8332.43,1.0000292434066545e-16,1.2862886820532934e-15
8333.68,9.071932543326703e-17,1.2815091535365196e-15
8334.93,8.526944285784786e-17,1.1881597494425089e-15
8336.18,8.147233286447127e-17,1.1160339257349105e-15
8337.43,8.681934479100325e-17,1.1530471598230916e-15
8338.68,8.665672619567478e-17,1.19966160156661e-15
8339.93,9.187498020442659e-17,1.267297135929778e-15
8341.18,9.320191548934201e-17,1.3142517927715102e-15
8342.43,9.095281733685977e-17,1.3338872865829417e-15
8343.68,8.77998324268486e-17,1.2412976151486649e-15
8344.93,8.793857977595793e-17,1.2119252604035872e-15
8346.18,8.488965340940146e-17,1.1874772438025242e-15
8347.43,8.384536560447746e-17,1.2355610404118723e-15
8348.68,8.567273723155398e-17,1.2367916766546314e-15
8349.93,8.845640144595287e-17,1.1387711754967238e-15
8351.18,8.786683632543589e-17,1.0841538814509796e-15
8352.43,8.770041794788754e-17,1.2426014561667527e-15
8353.68,9.048568947020667e-17,1.191271781015723e-15
8354.93,8.818607282367318e-17,1.2224795329576874e-15
8356.18,8.871044594800248e-17,1.2750091496273768e-15
8357.43,8.885809501430194e-17,1.2617767387668995e-15
8358.68,9.265442490710578e-17,1.252251557541122e-15
8359.93,9.185207859693267e-17,1.2010940188151014e-15
8361.18,9.614470744545454e-17,1.1027000285189874e-15
8362.43,9.481792202095982e-17,1.1426861098055055e-15
8363.68,9.063877637307647e-17,1.1785058789898506e-15
8364.93,9.535820105866254e-17,1.1154637059263534e-15
8366.18,9.638561332445569e-17,1.1955751125768687e-15
8367.43,9.8240506836416e-17,1.2570986858842881e-15
8368.68,9.77961387238978e-17,1.3394646284866424e-15
8369.93,9.743088859443681e-17,1.2815511172385331e-15
8371.18,9.563773289547585e-17,1.2245752660871094e-15
8372.43,9.273256129411589e-17,1.1560165904686562e-15
8373.68,8.653902038860759e-17,1.0487710895040572e-15
8374.93,8.577568895439359e-17,1.0240104931423317e-15
8376.18,9.043720892011076e-17,1.1100840128561454e-15
8377.43,9.346840644841437e-17,1.0887226701167563e-15
8378.68,9.157980005240813e-17,1.0946223886955662e-15
8379.93,9.450579989435207e-17,1.1374090282785993e-15
8381.18,9.47288427595396e-17,1.1653945039478778e-15
8382.43,9.083650975503496e-17,1.032305822610232e-15
8383.68,9.477461827457389e-17,1.0375604726365486e-15
8384.93,9.111613802740236e-17,1.204637612576801e-15
8386.18,8.562058737143011e-17,1.1595317448379098e-15
8387.43,8.312544875629977e-17,1.030825800026618e-15
8388.68,8.318254961878319e-17,9.714033339574406e-16
8389.93,8.622641911420016e-17,1.1101276852835602e-15
8391.18,8.725474502085928e-17,1.161441750079603e-15
8392.43,8.954569103049375e-17,1.1271633873569207e-15
8393.68,8.987950794567268e-17,1.1398803045995561e-15
8394.93,8.948785693455335e-17,1.1008797433581315e-15
8396.18,8.734099179684761e-17,1.1188272241252008e-15
8397.43,9.063111914201862e-17,1.064532951790573e-15
8398.68,9.290262087698814e-17,1.128017924653814e-15
8399.93,9.330411901389424e-17,1.212715510634966e-15
8401.18,9.61887603053473e-17,1.1876579494453683e-15
8402.43,9.4635060993156e-17,1.1291241263407402e-15
8403.68,9.480068301276063e-17,1.1448339960167932e-15
8404.93,9.149761132255636e-17,1.1417762489775657e-15
8406.18,9.743862406687432e-17,1.2110753551184887e-15
8407.43,9.798716112401912e-17,1.2460730416884909e-15
8408.68,9.839861349714787e-17,1.2724825587772593e-15
8409.93,9.975879960188057e-17,1.2287802703358532e-15
8411.18,9.786047701945515e-17,1.1715520184450744e-15
8412.43,9.851624156135462e-17,9.898721916800574e-16
8413.68,1.0266398105321466e-16,1.0878445744401053e-15
8414.93,1.0468360511745144e-16,1.0999138724620243e-15
8416.18,1.0470740269907046e-16,1.2334997942854412e-15
8417.43,9.993856537120407e-17,1.25287703412131e-15
8418.68,9.368775346518405e-17,1.207334251503835e-15
8419.93,8.738584615830785e-17,1.149867427873618e-15
8421.18,8.913811076097729e-17,1.1031260588246796e-15
8422.43,9.734044304197996e-17,1.146830631775108e-15
8423.68,9.588588982421113e-17,1.1585550300627446e-15
8424.93,9.846640851202815e-17,1.1712084139631576e-15
8426.18,9.529126628464647e-17,1.0568100180922648e-15
8427.43,9.916859909780785e-17,9.329111789149425e-16
8428.68,9.453660911514374e-17,1.094966687720391e-15
8429.93,9.291206485814398e-17,1.2380589035714e-15
8431.18,9.551222701291622e-17,1.1964785753003504e-15
8432.43,9.05317589369562e-17,1.1971481494150272e-15
8433.68,7.688288769470475e-17,9.983226938169085e-16
8434.93,7.021348020297028e-17,7.546966454431695e-16
8436.18,7.386710326491531e-17,7.673299565350074e-16
8437.43,8.30993466848874e-17,1.001259015630389e-15
8438.68,8.45377496092921e-17,1.0035432876307826e-15
8439.93,8.986423741113256e-17,1.071584061985373e-15
8441.18,8.313274001195421e-17,1.1420802828974654e-15
8442.43,7.347473877569666e-17,9.875560322741928e-16
8443.68,6.552550649150035e-17,9.009575847753409e-16
8444.93,6.300231285943749e-17,8.147595607057447e-16
8446.18,7.025629299245741e-17,8.475405786297881e-16
8447.43,6.966232737108934e-17,9.701483528829185e-16
8448.68,7.073703679381932e-17,1.0203050620792939e-15
8449.93,7.507412778257306e-17,9.851918802670623e-16
8451.18,6.897954893540861e-17,9.843100302462203e-16
8452.43,6.535863785646597e-17,8.527233982180221e-16
8453.68,6.260735872349818e-17,8.268412008930395e-16
8454.93,6.382271626181269e-17,7.807916986168743e-16
8456.18,6.553291820405424e-17,8.033016679902114e-16
8457.43,6.475307502435462e-17,7.65281714703522e-16
8458.68,6.645800434186084e-17,7.962731786306266e-16
8459.93,6.661867481091112e-17,8.712062781447958e-16
8461.18,6.790167847488255e-17,8.960851205101915e-16
8462.43,6.990638601075509e-17,8.809195832906936e-16
8463.68,6.559765458480876e-17,8.828311825045867e-16
8464.93,6.28036096449565e-17,8.191243730298909e-16
8466.18,6.547231776980168e-17,8.390858420095487e-16
8467.43,6.658638007741357e-17,8.40957484685495e-16
8468.68,6.775027498355339e-17,7.881667841210944e-16
8469.93,6.97346353792333e-17,7.765213622893494e-16
8471.18,6.959566314843227e-17,8.778300742053891e-16
8472.43,6.752785392053765e-17,8.317010928900146e-16
8473.68,6.594150240123677e-17,8.201808225227192e-16
8474.93,6.913728367853567e-17,8.584961421643121e-16
8476.18,6.802262947355207e-17,8.850380036622059e-16
8477.43,7.083926923861235e-17,9.1079009644248e-16
8478.68,6.843676340576427e-17,9.275264015596726e-16
8479.93,6.81265463209193e-17,9.376037874721838e-16
8481.18,6.711862504430475e-17,9.21981315874271e-16
8482.43,7.400146563340822e-17,9.246534852256597e-16
8483.68,6.894846452520957e-17,9.48029194776685e-16
8484.93,6.952677647637712e-17,9.599838535254458e-16
8486.18,7.411451739793818e-17,9.470383340763942e-16
8487.43,7.4572276195773e-17,9.313392297879759e-16
8488.68,7.182355475343891e-17,9.70109641180529e-16
8489.93,7.503596629343789e-17,9.988316402278646e-16
8491.18,7.526530068530399e-17,1.0242750024456418e-15
8492.43,7.838626144364143e-17,1.0070222947045926e-15
8493.68,7.451166729216531e-17,8.94891986558206e-16
8494.93,7.581797306332327e-17,9.222699140736548e-16
8496.18,7.176655830413649e-17,9.173788779404902e-16
8497.43,7.062508712733064e-17,9.817393012143849e-16
8498.68,7.095802908822253e-17,1.0120035843816776e-15
8499.93,7.488968026728084e-17,9.779888934716725e-16
8501.18,7.305042174265685e-17,9.911055182902182e-16
8502.43,7.656475876600956e-17,9.95549290741355e-16
8503.68,7.735232217699752e-17,9.56167062031882e-16
8504.93,7.15241494754111e-17,8.528675601380945e-16
8506.18,7.130030359315245e-17,7.578167603912464e-16
8507.43,7.243634498754065e-17,8.170043676052717e-16
8508.68,7.374062568899014e-17,9.0696298500104e-16
8509.93,7.283038241823756e-17,9.327718891265225e-16
8511.18,6.9607333573509e-17,9.221669090850063e-16
8512.43,7.38777461331984e-17,9.193992822601086e-16
8513.68,7.247979638359151e-17,9.473461376730542e-16
8514.93,7.072256697318837e-17,8.677435177362657e-16
8516.18,7.151604308651042e-17,8.415008244217199e-16
8517.43,6.944860780634175e-17,8.690299335149907e-16
8518.68,6.944745990241438e-17,8.193408261842518e-16
8519.93,6.441888150630315e-17,8.199631199045543e-16
8521.18,5.791345498738705e-17,8.109361687376006e-16
8522.43,6.372643751874499e-17,8.179405498859869e-16
8523.68,7.087315803226286e-17,8.703498913166421e-16
8524.93,7.324367522629422e-17,8.78542881423734e-16
8526.18,7.295777966501976e-17,9.588390912390056e-16
8527.43,7.20775059134546e-17,9.660195038173712e-16
8528.68,7.334203963421407e-17,9.484090275823144e-16
8529.93,7.373003345354057e-17,9.111815020520866e-16
8531.18,7.38468787385947e-17,9.19660161424507e-16
8532.43,7.285785883969295e-17,9.028269912292128e-16
8533.68,7.506901450096315e-17,9.119316282597769e-16
8534.93,7.682659338565115e-17,9.204591734531453e-16
8536.18,7.824432905195798e-17,9.196788360818034e-16
8537.43,7.300409166219699e-17,8.848632928667573e-16
8538.68,7.044738723487385e-17,9.588278311394146e-16
8539.93,7.28217631162504e-17,9.603537789304827e-16
8541.18,7.613748496951538e-17,1.021816692152973e-15
8542.43,7.286191247967678e-17,9.538869688311706e-16
8543.68,7.405702837645173e-17,8.631211449465678e-16
8544.93,7.795076423394533e-17,8.288344993357289e-16
8546.18,7.798492700218054e-17,8.819147922714348e-16
8547.43,7.625038063512471e-17,9.682494518391409e-16
8548.68,7.706453491721596e-17,9.311417127962274e-16
8549.93,7.97632702487967e-17,9.595446023265149e-16
8551.18,7.806196960668328e-17,9.781837429624797e-16
8552.43,8.001544154935056e-17,9.974938058516488e-16
8553.68,8.082988613839806e-17,9.526228147255436e-16
8554.93,7.873486907419021e-17,9.736232480347923e-16
8556.18,8.005383837050583e-17,9.867219132560518e-16
8557.43,8.138954826692613e-17,1.0284583782824175e-15
8558.68,7.802906757797005e-17,1.0090534049976836e-15
8559.93,7.639634289587609e-17,9.114080713762624e-16
8561.18,7.573363347103143e-17,8.839931338415885e-16
8562.43,7.819180414148535e-17,9.18979838067647e-16
8563.68,7.961931389833626e-17,9.16053289814153e-16
8564.93,7.768438355333437e-17,9.892243013957102e-16
8566.18,8.107621071327661e-17,1.0074347869647892e-15
8567.43,7.89747798623165e-17,1.023773151286556e-15
8568.68,8.00857386503927e-17,9.883086300286496e-16
8569.93,7.81998516551994e-17,9.496931623124878e-16
8571.18,7.567451233211076e-17,9.622268259987396e-16
8572.43,7.566451905704168e-17,9.12197297280162e-16
8573.68,7.572056017504934e-17,9.640122471108802e-16
8574.93,7.407917388494108e-17,9.927811570808738e-16
8576.18,7.536358735444355e-17,1.0208669324202723e-15
8577.43,8.12774354613689e-17,1.0348923955811484e-15
8578.68,7.713887580557581e-17,1.0015541546753973e-15
8579.93,7.567167075648589e-17,9.579274799225434e-16
8581.18,7.426477976916512e-17,9.66267317245989e-16
8582.43,7.572841726928004e-17,9.895045008610247e-16
8583.68,7.779532205562599e-17,9.284483575560376e-16
8584.93,7.732142994248209e-17,9.318913621616702e-16
8586.18,8.156689512230691e-17,9.673056281025518e-16
8587.43,8.104421358285684e-17,9.893026472249266e-16
8588.68,8.411284743832483e-17,9.80185166088308e-16
8589.93,8.441067861868094e-17,9.662539871555776e-16
8591.18,8.408135369643255e-17,9.428422218712547e-16
8592.43,8.371039138562123e-17,9.294387545197334e-16
8593.68,7.990774232507283e-17,9.617192036781432e-16
8594.93,8.356595341335929e-17,9.543364842327484e-16
8596.18,8.141154731698144e-17,9.479300528104465e-16
8597.43,8.134059375690019e-17,9.551124041449852e-16
8598.68,7.594184328729924e-17,9.694358898014952e-16
8599.93,8.120667061131243e-17,9.764842344389999e-16
8601.18,8.319539037792672e-17,9.901107767617054e-16
8602.43,8.336798954678237e-17,1.0048433132449336e-15
8603.68,8.092620792935604e-17,9.9729112281001e-16
8604.93,7.857500430815604e-17,9.925554516941578e-16
8606.18,7.763370042977066e-17,1.0008723853204402e-15
8607.43,8.38208647960991e-17,1.0134284465501313e-15
8608.68,8.285047722999673e-17,1.0192761496529047e-15
8609.93,8.411153428305446e-17,1.034914912696126e-15
8611.18,8.00168513729023e-17,9.784217839877567e-16
8612.43,7.563746007542172e-17,9.485484948705588e-16
8613.68,7.84152830214442e-17,9.225534613683802e-16
8614.93,7.783115396486205e-17,9.836373371640035e-16
8616.18,7.166665584553977e-17,9.83642401789337e-16
8617.43,7.295500967339467e-17,9.566537248551346e-16
8618.68,7.763508391871373e-17,9.38255563454851e-16
8619.93,7.787889331205017e-17,9.848220329105332e-16
8621.18,7.988049315253677e-17,9.700354638732606e-16
8622.43,8.11212634138299e-17,1.0046929752362063e-15
8623.68,7.224278190380608e-17,9.692033254074812e-16
8624.93,6.388635967391348e-17,9.167647414940835e-16
8626.18,6.790830367674039e-17,9.78845420048841e-16
8627.43,6.836890394881565e-17,1.0068269812205577e-15
8628.68,6.886798522767322e-17,1.0057839780982646e-15
8629.93,6.78426732133085e-17,9.815024177286255e-16
8631.18,7.017594155352512e-17,9.871213855928082e-16
8632.43,7.622153632089836e-17,1.012701297785874e-15
8633.68,7.575003191970086e-17,1.0090577188736586e-15
8634.93,7.400260236518856e-17,9.98932237811758e-16
8636.18,7.649188725937728e-17,9.935029795439372e-16
8637.43,7.48346046396055e-17,1.0172942200770652e-15
8638.68,7.181159361881612e-17,9.85286230629173e-16
8639.93,6.937199405198736e-17,9.793896566326368e-16
8641.18,7.362051390098865e-17,1.0059247866401729e-15
8642.43,7.316041256650226e-17,1.0301987188118953e-15
8643.68,7.61417997349597e-17,1.0202806504997037e-15
8644.93,7.537122257208704e-17,1.0238889543450513e-15
8646.18,6.763286371476531e-17,9.87799134597208e-16
8647.43,7.10943776830162e-17,9.817435878159333e-16
8648.68,7.24904443092045e-17,9.847853037325216e-16
8649.93,7.141719902564107e-17,1.0182433431430186e-15
8651.18,6.851813470189009e-17,1.0728980066027625e-15
8652.43,7.561805893813443e-17,9.718708563881917e-16
8653.68,7.755120209056286e-17,1.0328627476399992e-15
8654.93,8.184963421569396e-17,1.0300418026065952e-15
8656.18,8.247927839241254e-17,9.898276621927363e-16
8657.43,8.12698841808717e-17,9.977719009555418e-16
8658.68,8.089566436562155e-17,1.008231080837904e-15
8659.93,8.132369515944938e-17,9.69502087991068e-16
8661.18,8.303847791620334e-17,9.569417702316135e-16
8662.43,8.484056456405967e-17,9.414741443152653e-16
8663.68,8.156964085798178e-17,9.31098228098013e-16
8664.93,7.869625902763018e-17,9.619041965499057e-16
8666.18,8.352328747600053e-17,1.0137308760922452e-15
8667.43,7.892275344797753e-17,1.0317027793337601e-15
8668.68,7.34581985236164e-17,1.0065047923642236e-15
8669.93,7.333607069271158e-17,1.011750393548382e-15
8671.18,7.312589692965073e-17,1.0311095051167603e-15
8672.43,7.246515192027808e-17,1.036181697060773e-15
8673.68,7.360968718575719e-17,1.0076660451881287e-15
8674.93,7.588078192636042e-17,9.692509433495026e-16
8676.18,7.664193713408435e-17,9.858453796539842e-16
8677.43,8.363015731164403e-17,1.0455346595924447e-15
8678.68,8.234561506784475e-17,1.035466474388851e-15
8679.93,8.12736489693492e-17,1.0338942755612905e-15
8681.18,7.608683435954641e-17,1.009837118156966e-15
8682.43,7.476956847208326e-17,9.32588157043426e-16
8683.68,7.653130892505283e-17,9.647003039828067e-16
8684.93,8.282717119947703e-17,1.0488326530704143e-15
8686.18,7.873063337480438e-17,1.1038046204969755e-15
8687.43,7.838441512245688e-17,1.0925525705631931e-15
8688.68,7.166976889381063e-17,9.757870259651798e-16
8689.93,7.372480819922132e-17,9.839017920662398e-16
8691.18,7.192628133296605e-17,9.324944493019463e-16
8692.43,7.0130259586804e-17,9.232283876343634e-16
8693.68,6.519798035128068e-17,8.824686283453096e-16
8694.93,6.531703298680938e-17,8.761691758031994e-16
8696.18,6.767563364608534e-17,8.943262739020211e-16
8697.43,7.158400121906053e-17,9.269098581289658e-16
8698.68,7.204687192511799e-17,9.17871753362347e-16
8699.93,7.472252224965413e-17,9.376685642185985e-16
8701.18,7.13969685952787e-17,9.35423497549151e-16
8702.43,6.725261863100284e-17,9.42048361844041e-16
8703.68,7.218244331242981e-17,9.618555868796934e-16
8704.93,7.116582795029921e-17,9.788312185026798e-16
8706.18,7.09650355471572e-17,9.660978290446404e-16
8707.43,6.721207044092665e-17,9.690827402299601e-16
8708.68,6.805988299186012e-17,9.910739961261287e-16
8709.93,6.351129292379384e-17,9.062224366179846e-16
8711.18,6.600802162070914e-17,8.689080147454686e-16
8712.43,6.929074408875886e-17,9.291126476053638e-16
8713.68,6.890498232641033e-17,9.073753941470674e-16
8714.93,6.846645204942595e-17,8.5972487138482235e-16
8716.18,7.241271118106113e-17,8.584504455162059e-16
8717.43,6.902974577146883e-17,8.611127768650066e-16
8718.68,6.525422309222986e-17,8.910789059452895e-16
8719.93,7.061882493800436e-17,8.830671406990991e-16
8721.18,7.178013466350713e-17,8.974192575920007e-16
8722.43,7.553588552921204e-17,9.047408699137156e-16
8723.68,7.106164518309512e-17,9.017836710755751e-16
8724.93,7.102647648933378e-17,9.367476215699146e-16
8726.18,7.51183184283488e-17,9.04678228860296e-16
8727.43,7.941168675842528e-17,9.332570765545546e-16
8728.68,8.234259464118853e-17,9.698402763356984e-16
8729.93,7.804582934911563e-17,1.0147033734050927e-15
8731.18,7.290015728490462e-17,9.342086189173335e-16
8732.43,7.411930101705027e-17,8.908448041062352e-16
8733.68,7.726403097069313e-17,9.296876422504243e-16
8734.93,7.661302667020665e-17,8.986583994311313e-16
8736.18,7.661194828770764e-17,8.906115080308482e-16
8737.43,7.067507088352724e-17,9.246993279996635e-16
8738.68,6.853216526296316e-17,9.221652539376172e-16
8739.93,7.532132457028086e-17,9.435432571300985e-16
8741.18,7.908241202281077e-17,9.648455323984723e-16
8742.43,7.73437787235429e-17,9.663048781997487e-16
8743.68,7.96492218106904e-17,9.935654432522906e-16
8744.93,8.657215138353775e-17,1.0023962782498318e-15
8746.18,8.3814019566444e-17,9.834270864504918e-16
8747.43,7.755389780779884e-17,9.200045334423818e-16
8748.68,7.645701140967164e-17,9.088819938934703e-16
8749.93,7.757460682773252e-17,9.480727150384248e-16
8751.18,8.5110911671492e-17,9.562823672628345e-16
8752.43,9.332816961632626e-17,9.987896950971548e-16
8753.68,8.809374305140443e-17,1.0155233471578458e-15
8754.93,7.954579846632236e-17,9.939717591007802e-16
8756.18,7.558000859318933e-17,9.470164522073293e-16
8757.43,8.353182306382374e-17,9.540345960013426e-16
8758.68,8.494053002605283e-17,1.0292150646845242e-15
8759.93,8.34944075442082e-17,1.0689598222091546e-15
8761.18,8.196939699543812e-17,1.093813213194169e-15
8762.43,7.940911875198431e-17,1.0611446796642713e-15
8763.68,8.063851071098968e-17,1.0106555748017014e-15
8764.93,8.089262355794452e-17,9.65996792471487e-16
8766.18,7.673611021308266e-17,9.67504326026496e-16
8767.43,7.421620593269746e-17,9.603999928023161e-16
8768.68,7.931388175033808e-17,1.0117992227684598e-15
8769.93,8.751012171207039e-17,1.0394214495579316e-15
8771.18,9.124505608445387e-17,1.0911235507639507e-15
8772.43,9.24559997286148e-17,1.0566704052538075e-15
8773.68,9.526301222497715e-17,1.0837639832653416e-15
8774.93,1.0023502122124212e-16,1.1254411582443417e-15
8776.18,1.0008027603222049e-16,1.1538426177177449e-15
8777.43,9.083606947186544e-17,1.0836651136581713e-15
8778.68,8.448606938567081e-17,1.0579555219682736e-15
8779.93,8.485691862741559e-17,1.045387629475704e-15
8781.18,8.66044579126333e-17,1.0662734577615404e-15
8782.43,8.9081285704479e-17,1.0549233886307832e-15
8783.68,8.827570279073057e-17,1.0843505385291839e-15
8784.93,9.247438968226895e-17,1.1214385223199488e-15
8786.18,9.32414401803105e-17,1.1369068123957753e-15
8787.43,8.837189186768599e-17,1.106737996425519e-15
8788.68,8.688765288786739e-17,1.1010685839413345e-15
8789.93,9.357117464853421e-17,1.116037453342618e-15
8791.18,9.61569697085019e-17,1.1496999819246675e-15
8792.43,9.494399700912743e-17,1.1451537826723424e-15
8793.68,9.716613971106624e-17,1.1484584698257065e-15
8794.93,9.786771419319535e-17,1.1267848732964644e-15
8796.18,1.0210246363790416e-16,1.1242421831258135e-15
8797.43,1.0980639875676773e-16,1.1773330370074124e-15
8798.68,1.0592628042781727e-16,1.231881811544235e-15
8799.93,9.611578262528304e-17,1.1408526672820296e-15
8801.18,8.23481108447931e-17,1.001821909150992e-15
8802.43,8.632774652032466e-17,9.492888958775069e-16
8803.68,9.312171601163035e-17,9.892662795118744e-16
8804.93,9.642195001970805e-17,1.0376816391716387e-15
8806.18,9.568927578761366e-17,1.0402819104047628e-15
8807.43,9.130040509346656e-17,9.975504859481372e-16
8808.68,9.95096908986862e-17,1.1035619096643612e-15
8809.93,9.724255130010088e-17,1.1335831330543976e-15
8811.18,1.0532706536619271e-16,1.1593098820921677e-15
8812.43,1.1400693639186003e-16,1.2240911814896833e-15
8813.68,1.1515937710943849e-16,1.2322930729179957e-15
8814.93,1.081148203086684e-16,1.2163430336889112e-15
8816.18,1.17866022282736e-16,1.228775500103362e-15
8817.43,1.2067692115363325e-16,1.2463579744354598e-15
8818.68,1.1834589416584417e-16,1.2751714680324447e-15
8819.93,1.2328436882468423e-16,1.2624632405903709e-15
8821.18,1.1172536695529646e-16,1.210912851834484e-15
8822.43,9.869234664037778e-17,1.119592589687355e-15
8823.68,1.0042337711621141e-16,1.0230490162127767e-15
8824.93,1.0782624598614362e-16,1.040648600551455e-15
8826.18,1.1392198250753032e-16,1.1113196758835354e-15
8827.43,1.0932195338393654e-16,1.1677665976304919e-15
8828.68,1.1101112496036903e-16,1.197383572563343e-15
8829.93,1.204247565985804e-16,1.2207699657194781e-15
8831.18,1.25066310757143e-16,1.2348503391675055e-15
8832.43,1.1252604601851747e-16,1.2898253799033406e-15
8833.68,1.1390509526116232e-16,1.2440340363686495e-15
8834.93,1.1644915030200702e-16,1.2832057467227294e-15
8836.18,1.2607997700250563e-16,1.269706098851052e-15
8837.43,1.235432033440969e-16,1.2355113328827401e-15
8838.68,1.2172969133199846e-16,1.2046635743811225e-15
8839.93,1.2212402401517593e-16,1.2162141103349452e-15
8841.18,1.3299357577977351e-16,1.2995381320594616e-15
8842.43,1.273887936639748e-16,1.2728315147260376e-15
8843.68,1.171727962848186e-16,1.2656430553082086e-15
8844.93,1.0749748701277561e-16,1.1667896994150348e-15
8846.18,1.0956342542862052e-16,1.1744421299971337e-15
8847.43,1.097337820461841e-16,1.1903791789745449e-15
8848.68,1.0762188999533331e-16,1.1732546196617487e-15
8849.93,1.0576689139748044e-16,1.1930560726978089e-15
8851.18,1.2605867451389224e-16,1.2340740514610475e-15
8852.43,1.422905628548318e-16,1.3671970573077098e-15
8853.68,1.4410458628000233e-16,1.3667832245867567e-15
8854.93,1.3274392273601404e-16,1.2940659486463246e-15
8856.18,1.23679252768958e-16,1.2334933964553094e-15
8857.43,1.2184493139098374e-16,1.2670376364573164e-15
8858.68,1.1179837728872437e-16,1.2154542888262366e-15
8859.93,9.943293324658722e-17,1.0710907933691402e-15
8861.18,9.549768450597715e-17,9.568165685201865e-16
8862.43,1.0205659293113524e-16,9.86319949858909e-16
8863.68,1.0463925236068153e-16,9.918606415508353e-16
8864.93,1.0814547464588394e-16,1.0661809760147442e-15
8866.18,1.1648340987097596e-16,1.1459908242003595e-15
8867.43,1.1808679404736797e-16,1.1493105804447811e-15
8868.68,9.941720494218744e-17,1.063357353601253e-15
8869.93,8.913748758398709e-17,1.0178726058839104e-15
8871.18,9.087171679975867e-17,9.173610100057853e-16
8872.43,8.860938456976815e-17,9.0866691498215e-16
8873.68,8.649008233606686e-17,9.116681764399187e-16
8874.93,8.860162707145352e-17,9.106830497684238e-16
8876.18,9.729712996860357e-17,9.68485396504577e-16
8877.43,1.027402358073589e-16,1.0530553340914039e-15
8878.68,1.0744608063036533e-16,1.0322859559560775e-15
8879.93,1.0841757852604207e-16,1.0647659441713125e-15
8881.18,1.1205038296455178e-16,1.0214062640969417e-15
8882.43,9.903097156018799e-17,1.0038759060343538e-15
8883.68,9.439476854119167e-17,9.76531781933806e-16
8884.93,9.359406968317029e-17,9.740627414798782e-16
8886.18,1.0226762008447172e-16,9.658042363954587e-16
8887.43,1.122077356234852e-16,9.869657490912732e-16
8888.68,1.148103451913196e-16,1.0578842215007652e-15
8889.93,1.1069316372412433e-16,1.134151407517154e-15
8891.18,1.1066653903714075e-16,1.1214358499388202e-15
8892.43,1.1274554852372464e-16,1.1177648086000105e-15
8893.68,1.0898774772544544e-16,1.129130798764912e-15
8894.93,9.686167318348037e-17,1.0565224249063644e-15
8896.18,9.469548261195204e-17,1.0577134215486359e-15
8897.43,9.191922577391786e-17,1.009838470352848e-15
8898.68,9.912537791004704e-17,1.0232911689602349e-15
8899.93,1.0833383652473414e-16,1.0674343397063076e-15
8901.18,1.2100797653413758e-16,1.0974763656834185e-15
8902.43,1.2151959435251986e-16,1.1217293288186468e-15
8903.68,1.2356885354666143e-16,1.1570347173152572e-15
8904.93,1.177393078570807e-16,1.13768635497596e-15
8906.18,1.1841431533050935e-16,1.1718961580303183e-15
8907.43,1.154929017102422e-16,1.1954381699627933e-15
8908.68,1.1326203016930986e-16,1.172342755759056e-15
8909.93,1.0677105842070599e-16,1.127155811426618e-15
8911.18,1.0994112769882147e-16,1.1062377965190633e-15
8912.43,1.122822624108439e-16,1.1496107148356178e-15
8913.68,1.2238828932556686e-16,1.1435989070503101e-15
8914.93,1.21437306826776e-16,1.1501297162111502e-15
8916.18,1.1593814038713796e-16,1.1464332440735351e-15
8917.43,1.1773751401422918e-16,1.1762225356754544e-15
8918.68,1.2059217611718923e-16,1.1898449735480754e-15
8919.93,1.278137924504656e-16,1.1784427568007247e-15
8921.18,1.2486900204260506e-16,1.2279357795808833e-15
8922.43,1.21870571413757e-16,1.2023481357809108e-15
8923.68,1.126495935169308e-16,1.171768137045932e-15
8924.93,1.0973323026334698e-16,1.1479502108163409e-15
8926.18,1.1982639000703267e-16,1.138834182315886e-15
8927.43,1.1758846344125018e-16,1.1444149644008332e-15
8928.68,1.1372118401602693e-16,1.142293249199508e-15
8929.93,1.209746922467406e-16,1.1772999121992387e-15
8931.18,1.34154808927419e-16,1.2356739720158393e-15
8932.43,1.3848751633998868e-16,1.2795002727748781e-15
8933.68,1.4179370425500418e-16,1.2610264662327245e-15
8934.93,1.3760368186048462e-16,1.2608128244417862e-15
8936.18,1.258825801046312e-16,1.1787696569881974e-15
8937.43,1.0611619421687619e-16,1.149765773050135e-15
8938.68,1.0434922656072635e-16,1.0498349732466478e-15
8939.93,1.13637771349288e-16,1.106839916768727e-15
8941.18,1.1299621902177503e-16,1.1260151635659317e-15
8942.43,1.0071468197358514e-16,1.0803616250170932e-15
8943.68,9.57737663458441e-17,1.05869810740131e-15
8944.93,1.0784073058212843e-16,1.111155170675611e-15
8946.18,1.1075807294505338e-16,1.127465994993828e-15
8947.43,1.1892594875832629e-16,1.1733669856889494e-15
8948.68,1.1859987703215376e-16,1.1173593219377546e-15
8949.93,1.1629055943801405e-16,1.1271215630774763e-15
8951.18,1.1075202653424317e-16,1.1294417270041963e-15
8952.43,1.140144764086176e-16,1.1251057832222168e-15
8953.68,1.130135836386602e-16,1.1228244454946737e-15
8954.93,1.1968768687957855e-16,1.1118918874489708e-15
8956.18,1.2498951073185503e-16,1.1804026608946767e-15
8957.43,1.2705638593412594e-16,1.2069723736168298e-15
8958.68,1.2914547208728236e-16,1.1855260613101113e-15
8959.93,1.2773035516483958e-16,1.1438899502273049e-15
8961.18,1.1774270969846526e-16,1.1064905273613842e-15
8962.43,1.1932033818269746e-16,1.0945236822112578e-15
8963.68,1.2384083181540893e-16,1.1488016517997459e-15
8964.93,1.1391505031014174e-16,1.1132831772691285e-15
8966.18,1.0719981755832817e-16,1.0776933087969463e-15
8967.43,1.1599373591501833e-16,1.1283512713691457e-15
8968.68,1.181591439797827e-16,1.1725482483010466e-15
8969.93,1.2677268962485596e-16,1.1941068031299234e-15
8971.18,1.2861719221903454e-16,1.1199455128224197e-15
8972.43,1.2076872715980215e-16,1.11041256429651e-15
8973.68,1.2595178854490596e-16,1.1546314994668291e-15
8974.93,1.2679653422315324e-16,1.2466764261972523e-15
8976.18,1.3305978624710562e-16,1.224461132822066e-15
8977.43,1.430860408010814e-16,1.215143248806423e-15
8978.68,1.3675827117876632e-16,1.252086447427857e-15
8979.93,1.1524996306239206e-16,1.110927902570237e-15
8981.18,1.174660309162807e-16,1.1225823897349948e-15
8982.43,1.2970706336798908e-16,1.2517796817746638e-15
8983.68,1.4598330381573968e-16,1.3365199740245773e-15
8984.93,1.461367366416278e-16,1.335749062438022e-15
8986.18,1.4177586435099436e-16,1.2831259012786715e-15
8987.43,1.3964458355892682e-16,1.2023201743425682e-15
8988.68,1.318576084084373e-16,1.1944887128417054e-15
8989.93,1.3008060277265757e-16,1.1946676171332662e-15
8991.18,1.2751333634016546e-16,1.113689787333605e-15
8992.43,1.3462539220733642e-16,1.195212664458616e-15
8993.68,1.3663949119740463e-16,1.2287669540629685e-15
8994.93,1.3512228489230042e-16,1.2866374891198419e-15
8996.18,1.3451565708118286e-16,1.2760143326197252e-15
8997.43,1.3171167856756573e-16,1.2275894059341334e-15
8998.68,1.3174248883819583e-16,1.2230521952674663e-15
8999.93,1.2016257155988628e-16,1.070599202256293e-15
9001.18,1.2959051719157322e-16,1.0148625237610131e-15
9002.43,1.486611794684809e-16,1.1643858329333465e-15
9003.68,1.6304285364170632e-16,1.283387917876025e-15
9004.93,1.5952501476458047e-16,1.371643939449598e-15
9006.18,1.5572330288947514e-16,1.3637659877912547e-15
9007.43,1.4218900469662488e-16,1.3373007546336103e-15
9008.68,1.4737216357564653e-16,1.304049358859792e-15
9009.93,1.4620651668457341e-16,1.2323554405232741e-15
9011.18,1.43344307991102e-16,1.196133732948845e-15
9012.43,1.6249531065328615e-16,1.2526075894218516e-15
9013.68,1.637218200967385e-16,1.2372283639987918e-15
9014.93,1.5177041704421318e-16,1.2237427690623626e-15
9016.18,1.4690525046548022e-16,1.064940555323909e-15
9017.43,1.6590247880420847e-16,1.060588329675529e-15
9018.68,1.55371044195307e-16,1.1741770214285944e-15
9019.93,1.4554693546309675e-16,1.2541758789270566e-15
9021.18,1.352073855055163e-16,1.20207931796107e-15
9022.43,1.3185638789541936e-16,1.1795615156703633e-15
9023.68,1.3704221592473744e-16,1.2065934218693457e-15
9024.93,1.3039776408574486e-16,1.2307177722474797e-15
9026.18,1.2549556875427272e-16,1.1561761705890435e-15
9027.43,1.3119056979217799e-16,1.2085173362562977e-15
9028.68,1.2672498896876252e-16,1.2511777072651602e-15
9029.93,1.3717708459238184e-16,1.2259817820921285e-15
9031.18,1.3771270159607282e-16,1.3180697821339228e-15
9032.43,1.4145808798340958e-16,1.2927327452299903e-15
9033.68,1.4309838315257855e-16,1.240969497050243e-15
9034.93,1.5606146088332493e-16,1.277872724083679e-15
9036.18,1.571607158409954e-16,1.3627033162120497e-15
9037.43,1.5648361542053617e-16,1.365533513524234e-15
9038.68,1.579607989048585e-16,1.3645969163055097e-15
9039.93,1.6083001921630104e-16,1.3498561778369088e-15
9041.18,1.4464754499079603e-16,1.3289483530647163e-15
9042.43,1.3822012988087378e-16,1.3155633183071668e-15
9043.68,1.4723841526566083e-16,1.2860006739254007e-15
9044.93,1.5375461794774923e-16,1.2582415790957976e-15
9046.18,1.5855093621058697e-16,1.337603732088207e-15
9047.43,1.5690822846056848e-16,1.3776343992113764e-15
9048.68,1.607671989006734e-16,1.3777917853464915e-15
9049.93,1.6384823600979418e-16,1.321701610948773e-15
9051.18,1.5134337331037612e-16,1.3153489114637913e-15
9052.43,1.405571297870694e-16,1.2497356165013158e-15
9053.68,1.4367533553667556e-16,1.2178312303065366e-15
9054.93,1.5306160249542788e-16,1.2691910178782308e-15
9056.18,1.457436167080431e-16,1.2834128428315663e-15
9057.43,1.378396268315494e-16,1.2393936532096002e-15
9058.68,1.437937596478627e-16,1.2687790938396827e-15
9059.93,1.4377490549461776e-16,1.261177189379652e-15
9061.18,1.3836123949818292e-16,1.1895614729925072e-15
9062.43,1.3865989340383895e-16,1.2222120755124644e-15
9063.68,1.4178794195573958e-16,1.2410049453415274e-15
9064.93,1.3504064735833271e-16,1.2405394200123119e-15
9066.18,1.3016998537816338e-16,1.2393840226827652e-15
9067.43,1.3491363595392442e-16,1.2225183095218774e-15
9068.68,1.2243114498593297e-16,1.1607271056326875e-15
9069.93,1.1816613298141754e-16,1.102348267906647e-15
9071.18,1.2914176119273993e-16,1.197667694946601e-15
9072.43,1.399614736648603e-16,1.2238867551588256e-15
9073.68,1.3718314655041159e-16,1.2628407775732533e-15
9074.93,1.3352495904387654e-16,1.1678043607031703e-15
9076.18,1.395983474320353e-16,1.1885413190664324e-15
9077.43,1.5411408898996277e-16,1.3371679148575672e-15
9078.68,1.4991827930791023e-16,1.3156624997413383e-15
9079.93,1.347473693341363e-16,1.2335735469401813e-15
9081.18,1.4299443965829513e-16,1.1954963673494043e-15
9082.43,1.5885240096265721e-16,1.1585718400911459e-15
9083.68,1.5990796120639635e-16,1.2710556151746106e-15
9084.93,1.4238214523038199e-16,1.1792509460143558e-15
9086.18,1.3206215533722897e-16,1.1156528756505485e-15
9087.43,1.414840282150004e-16,1.1131952366154015e-15
9088.68,1.5123612330642127e-16,1.1528265796886662e-15
9089.93,1.466955880616678e-16,1.1857984624772417e-15
9091.18,1.509746533125696e-16,1.1793733245995575e-15
9092.43,1.8027595346537054e-16,1.2098187766069454e-15
9093.68,1.6101696487128258e-16,1.1654673602901889e-15
9094.93,1.444375698302108e-16,1.1287775809579929e-15
9096.18,1.627659356086723e-16,1.2293136160112686e-15
9097.43,1.648122609290263e-16,1.2940854910847527e-15
9098.68,1.5265601770527993e-16,1.2498225705017039e-15
9099.93,1.5046574985959258e-16,1.180058438618616e-15
9101.18,1.6228963447335822e-16,1.1563562226596743e-15
9102.43,1.7078975236432047e-16,1.1916910807434068e-15
9103.68,1.5761094045822513e-16,1.17870257479206e-15
9104.93,1.511616021637239e-16,1.119811895299443e-15
9106.18,1.3856039846558698e-16,1.1613267681436619e-15
9107.43,1.4708642384402134e-16,1.1753641494194353e-15
9108.68,1.6342910945614244e-16,1.207631244475811e-15
9109.93,1.6958720042243802e-16,1.2517351323095666e-15
9111.18,1.8172417600966313e-16,1.3541987162358674e-15
9112.43,1.742532504896066e-16,1.270516185833934e-15
9113.68,1.7584454628604955e-16,1.2638832577000957e-15
9114.93,1.7584540940094167e-16,1.2421484773403905e-15
9116.18,1.6690778908312362e-16,1.2661915583800537e-15
9117.43,1.5999678519962246e-16,1.2072680640397448e-15
9118.68,1.5980444956354795e-16,1.1040505410830894e-15
9119.93,1.8542646728273633e-16,1.1881285737892885e-15
9121.18,1.8927031614062474e-16,1.2958175511926952e-15
9122.43,1.7465920409251163e-16,1.284636729232095e-15
9123.68,1.6872405112212857e-16,1.2242355998800497e-15
9124.93,1.6838454863722199e-16,1.1530545269720503e-15
9126.18,1.6689020946942892e-16,1.1655241233479001e-15
9127.43,1.7092793765506705e-16,1.2472923736200917e-15
9128.68,1.6119876344747166e-16,1.2242648081596877e-15
9129.93,1.5612802905389848e-16,1.204901623413513e-15
9131.18,1.6872142818881453e-16,1.0918972761987504e-15
9132.43,1.8019965703127686e-16,1.186049245476606e-15
9133.68,1.8512428787456778e-16,1.2258726059929282e-15
9134.93,1.84750742618636e-16,1.2058583701127205e-15
9136.18,1.6594586220567035e-16,1.1308217790112163e-15
9137.43,1.5809579870745078e-16,1.095141852315509e-15
9138.68,1.5809086074501694e-16,1.1348449840160891e-15
9139.93,1.631837730278288e-16,1.1003474254792388e-15
9141.18,1.6033162544432976e-16,1.1651356690669813e-15
9142.43,1.6512461968067442e-16,1.2353201315106837e-15
9143.68,1.832291585177518e-16,1.270621902139033e-15
9144.93,1.8515678806693875e-16,1.3873595076058772e-15
9146.18,1.820102726871528e-16,1.3651084559059445e-15
9147.43,1.8479347377489365e-16,1.2830293813576207e-15
9148.68,1.7493080539744012e-16,1.269958028454466e-15
9149.93,1.6722344644380777e-16,1.2360196998637686e-15
9151.18,1.6258520445491774e-16,1.2099836099843332e-15
9152.43,1.724448987381547e-16,1.1810427475797225e-15
9153.68,1.9051606643030684e-16,1.230044369473262e-15
9154.93,1.794191709560167e-16,1.2479690750594444e-15
9156.18,1.905609329442099e-16,1.216292750278855e-15
9157.43,1.942787590760293e-16,1.2823758628764406e-15
9158.68,1.9362797581074832e-16,1.3042200778997293e-15
9159.93,1.8535608198850585e-16,1.2514735983119175e-15
9161.18,1.938008776245633e-16,1.2166045233680125e-15
9162.43,1.7340968805903094e-16,1.196221065183682e-15
9163.68,1.7871472993882382e-16,1.1925534834571918e-15
9164.93,1.984419591063438e-16,1.242988036506108e-15
9166.18,1.975417816695999e-16,1.2793636185036591e-15
9167.43,1.9157791461036025e-16,1.2542685205989872e-15
9168.68,1.8962548246190656e-16,1.2068814621162388e-15
9169.93,1.921993190700548e-16,1.1995321190403491e-15
9171.18,1.9444022372742252e-16,1.1419027377730168e-15
9172.43,1.8747808423597223e-16,1.2105997330559338e-15
9173.68,1.6621152250631154e-16,1.0409910226413787e-15
9174.93,1.68651029693924e-16,1.0723772199918278e-15
9176.18,1.8246677910956235e-16,1.1281341135518657e-15
9177.43,1.864101516968282e-16,1.1390573321066729e-15
9178.68,1.901904849955164e-16,1.1639012621004863e-15
9179.93,1.9342770381628745e-16,1.1696068687070417e-15
9181.18,2.04734453430126e-16,1.1836394829056302e-15
9182.43,1.9915760728617095e-16,1.1708104781341833e-15
9183.68,1.8827971433652938e-16,1.1402781732902745e-15
9184.93,1.7933373816812628e-16,1.1245081380898918e-15
9186.18,1.863517327573075e-16,1.1223926139856625e-15
9187.43,2.0610080782827568e-16,1.179348493841388e-15
9188.68,2.269881819896717e-16,1.2385077681332836e-15
9189.93,2.3694509562310903e-16,1.2781240514449175e-15
9191.18,2.239273410226529e-16,1.277921627920108e-15
9192.43,1.9593154876422985e-16,1.1725727974601776e-15
9193.68,1.8666190623399393e-16,1.1774119245800242e-15
9194.93,1.8732761115884019e-16,1.1537456784592458e-15
9196.18,2.016510397008474e-16,1.1395831842653607e-15
9197.43,2.2036664318233577e-16,1.1900438524319665e-15
9198.68,2.2336362054089454e-16,1.2077427321289546e-15
9199.93,2.035232022547172e-16,1.2417314237814423e-15
9201.18,1.9811136545082585e-16,1.2638922064659831e-15
9202.43,2.0509772103230628e-16,1.2148381156383594e-15
9203.68,2.1288484543292365e-16,1.2339475814051915e-15
9204.93,2.069321651412407e-16,1.2537002965397894e-15
9206.18,1.9525568993017716e-16,1.2023555303402814e-15
9207.43,1.85245872532229e-16,1.1540925634541025e-15
9208.68,1.644807262779306e-16,1.079357124393522e-15
9209.93,1.655922596479961e-16,1.080176437475991e-15
9211.18,1.751324578478188e-16,1.1083247795104664e-15
9212.43,1.7653456595076748e-16,1.1481817976247167e-15
9213.68,1.723446569185844e-16,1.1262740488990718e-15
9214.93,1.7195374646744527e-16,1.1571165488937734e-15
9216.18,1.7843807476282697e-16,1.1604435576221637e-15
9217.43,1.889687893258517e-16,1.1648092311491388e-15
9218.68,1.7382897310334253e-16,1.1143272613178842e-15
9219.93,1.7149162889153297e-16,1.0702392984903022e-15
9221.18,1.8022942028204556e-16,1.095245468673614e-15
9222.43,1.7134447162596534e-16,1.1445774666980186e-15
9223.68,1.6076586425507702e-16,1.0762669568830338e-15
9224.93,1.662915661017725e-16,1.0813227865027809e-15
9226.18,1.7112296696944205e-16,1.0864684472489493e-15
9227.43,1.836255988657995e-16,1.0827086975856853e-15
9228.68,1.8291670265864289e-16,1.1068727135503295e-15
9229.93,1.781957746882765e-16,1.026743480439409e-15
9231.18,1.5618217506267128e-16,9.721487864332986e-16
9232.43,1.5641384108141252e-16,9.558942219730116e-16
9233.68,1.6108879689978334e-16,1.0538722671876628e-15
9234.93,1.5854774033697938e-16,1.0298739670191033e-15
9236.18,1.545907622443681e-16,1.0742555253927555e-15
9237.43,1.581719295912077e-16,1.1039931238897736e-15
9238.68,1.5097639960803639e-16,1.0461611055256232e-15
9239.93,1.5923281992956942e-16,1.070321739237641e-15
9241.18,1.7739803758935737e-16,1.1156768685729664e-15
9242.43,1.786986899714495e-16,1.1399160249061308e-15
9243.68,1.7584164479774074e-16,1.1331631657115613e-15
9244.93,1.7066741885273586e-16,1.0597773239529088e-15
9246.18,1.654758469764388e-16,1.013403425877128e-15
9247.43,1.6044337799131752e-16,1.027132730357204e-15
9248.68,1.4843296523757918e-16,1.05633071485725e-15
9249.93,1.5779726848229467e-16,1.0110437785320335e-15
9251.18,1.6214631613877782e-16,1.0297852878303446e-15
9252.43,1.5528362344387017e-16,1.0397591470018666e-15
9253.68,1.5780377767271292e-16,1.010046195378761e-15
9254.93,1.7723108851243387e-16,1.0470176009718942e-15
9256.18,1.8232106107902042e-16,1.1092576028399774e-15
9257.43,1.7604174757984762e-16,1.1172751624834376e-15
9258.68,1.7485616528227294e-16,1.1767713971203541e-15
9259.93,1.654439234232043e-16,1.126166773023066e-15
9261.18,1.6304306250391423e-16,1.0819434583289622e-15
9262.43,1.5924654325542608e-16,1.0269130394517578e-15
9263.68,1.7466271202555158e-16,1.0296564844952328e-15
9264.93,1.823621994598898e-16,1.145458009183909e-15
9266.18,1.831765024665989e-16,1.1592775603044339e-15
9267.43,1.8722464509053216e-16,1.1950117715014925e-15
9268.68,1.8616093550204888e-16,1.1205089830522659e-15
9269.93,1.753664061485893e-16,1.0952310932693593e-15
9271.18,1.7141804330422367e-16,1.0771536729160327e-15
9272.43,1.7207551897405885e-16,1.1790548068341685e-15
9273.68,1.7221921339988517e-16,1.194980514216812e-15
9274.93,1.6163513358441937e-16,1.1272674665037564e-15
9276.18,1.5065526223073962e-16,9.713706065739946e-16
9277.43,1.448828602962539e-16,1.1331487683872736e-15
9278.68,1.5765696223099132e-16,9.076414427359278e-16
9279.93,1.5303358320354214e-16,1.0242720757771278e-15
9281.18,1.603648747220597e-16,1.0921643790529567e-15
9282.43,1.726067970062438e-16,1.0622867922070933e-15
9283.68,1.6967658890892456e-16,1.08473927928627e-15
9284.93,1.5635172478847075e-16,1.0770037179550038e-15
9286.18,1.555919341260932e-16,9.470945689823696e-16
9287.43,1.5422959185379953e-16,1.0570421294911669e-15
9288.68,1.5933031741535908e-16,1.0555542921748035e-15
9289.93,1.538303174042232e-16,1.0125140926426485e-15
9291.18,1.6667977654694612e-16,9.97789514254486e-16
9292.43,1.6445533924037817e-16,1.0046355642027053e-15
9293.68,1.6420653508070695e-16,1.0445296351214606e-15
9294.93,1.6281169417568955e-16,1.0226596550911864e-15
9296.18,1.6348958794559165e-16,1.0450459742934382e-15
9297.43,1.5361126706009816e-16,1.0184891886631394e-15
9298.68,1.513968652974841e-16,1.0171543223524006e-15
9299.93,1.4348909047997545e-16,9.608856744025608e-16
9301.18,1.4531759030216257e-16,9.912471463323182e-16
9302.43,1.473874284434679e-16,1.0138459404030034e-15
9303.68,1.4578795449553282e-16,9.773039568319364e-16
9304.93,1.4614052030378336e-16,1.0153126884527083e-15
9306.18,1.6974406826376305e-16,1.0355071708168488e-15
9307.43,1.6145892752533872e-16,9.483380986920843e-16
9308.68,1.5506521972208477e-16,9.405919186212968e-16
9309.93,1.7031295897872357e-16,9.052664515699417e-16
9311.18,1.7753820164188e-16,1.0289188916425971e-15
9312.43,1.7493093197779224e-16,1.0690869685444752e-15
9313.68,1.9792444771684411e-16,1.0269329639965174e-15
9314.93,1.8941562990785513e-16,1.0946314854711885e-15
9316.18,1.576479462153274e-16,7.152556638442929e-16
9317.43,1.4961500670491648e-16,8.519152908051125e-16
9318.68,1.3237257375872495e-16,9.049148511117768e-16
9319.93,1.5728504488889766e-16,9.578890681361233e-16
9321.18,1.508486754106555e-16,1.0052822368214915e-15
9322.43,1.4342228541632635e-16,9.837699617338325e-16
9323.68,1.3512837361819144e-16,8.9177335272977e-16
9324.93,1.6016867529408719e-16,7.957779268038857e-16
9326.18,1.6363316246199182e-16,7.910388625015023e-16
9327.43,1.5796257824884706e-16,9.072885593346925e-16
9328.68,1.5979248784172345e-16,9.286831015610569e-16
9329.93,1.4742592690764477e-16,1.0279226613741936e-15
9331.18,1.5550466395790598e-16,9.489840647082896e-16
9332.43,1.7678351832514216e-16,9.060156029822676e-16
9333.68,1.5923858678325275e-16,7.560492107808076e-16
9334.93,1.4981500190738915e-16,7.762060998564795e-16
9336.18,1.5685801739499101e-16,8.805141573918738e-16
9337.43,1.4773551259994782e-16,1.0397831831597817e-15
9338.68,1.5260257464422118e-16,9.278804064777147e-16
9339.93,1.6426537564993838e-16,9.747911423575228e-16
9341.18,1.7999631161268392e-16,1.0888934898759055e-15
9342.43,1.4462400389958197e-16,8.821736891567357e-16
9343.68,9.308671905809133e-17,5.590311301753477e-16
9344.93,1.0618868297604156e-16,7.208058757603164e-16
9346.18,1.7272995820929973e-16,7.590446047730792e-16
9347.43,1.7070266469491416e-16,1.0420873336362206e-15
9348.68,1.558687383707286e-16,1.0094117390196157e-15
